Fecha_Diaria,Temperatura_Tt,Viento_Wt,Irradiancia_It
2019-01-01,33.65384615384615,21.45384615384615,467.84615384615387
2019-01-02,33.07692307692308,18.93846153846154,471.3076923076923
2019-01-03,33.44615384615385,10.561538461538463,466.84615384615387
2019-01-04,34.107692307692304,7.761538461538462,466.53846153846155
2019-01-05,33.95384615384615,4.407692307692307,469.2307692307692
2019-01-06,32.86153846153846,6.507692307692308,442.46153846153845
2019-01-07,31.823076923076922,5.615384615384615,423.46153846153845
2019-01-08,30.96153846153846,5.384615384615385,425.3076923076923
2019-01-09,30.553846153846152,7.315384615384615,385.7692307692308
2019-01-10,28.4,4.338461538461538,383.0769230769231
2019-01-11,30.707692307692305,5.092307692307693,413.0769230769231
2019-01-12,32.16153846153846,9.315384615384614,443.9230769230769
2019-01-13,32.73076923076923,11.723076923076924,455.84615384615387
2019-01-14,33.184615384615384,14.038461538461538,466.7692307692308
2019-01-15,33.223076923076924,11.692307692307692,460.0
2019-01-16,33.23076923076923,13.607692307692307,456.61538461538464
2019-01-17,33.223076923076924,14.007692307692308,448.46153846153845
2019-01-18,33.50769230769231,13.523076923076925,459.2307692307692
2019-01-19,33.96153846153846,11.86153846153846,465.0769230769231
2019-01-20,33.753846153846155,3.523076923076923,466.6923076923077
2019-01-21,33.42307692307692,11.515384615384615,446.53846153846155
2019-01-22,33.54615384615385,18.584615384615383,484.53846153846155
2019-01-23,33.36153846153846,23.515384615384615,487.53846153846155
2019-01-24,34.26153846153846,9.330769230769231,483.3076923076923
2019-01-25,33.1,3.3615384615384616,468.38461538461536
2019-01-26,33.10769230769231,5.5307692307692315,469.84615384615387
2019-01-27,32.91538461538461,4.8769230769230765,475.61538461538464
2019-01-28,32.63076923076923,5.7153846153846155,427.46153846153845
2019-01-29,32.36153846153846,3.0307692307692307,459.0769230769231
2019-01-30,32.03846153846154,5.838461538461539,457.6923076923077
2019-01-31,32.93846153846154,13.346153846153847,431.7692307692308
2019-02-01,33.353846153846156,11.73076923076923,492.84615384615387
2019-02-02,32.96923076923077,7.93076923076923,489.15384615384613
2019-02-03,33.02307692307692,9.36923076923077,499.9230769230769
2019-02-04,33.276923076923076,6.938461538461539,496.3076923076923
2019-02-05,33.96153846153846,8.961538461538462,500.0769230769231
2019-02-06,33.62307692307692,13.5,491.0769230769231
2019-02-07,33.86923076923077,15.284615384615384,491.46153846153845
2019-02-08,33.47692307692308,17.384615384615383,487.0769230769231
2019-02-09,33.169230769230765,18.153846153846153,484.0
2019-02-10,32.99230769230769,20.584615384615386,499.61538461538464
2019-02-11,33.43076923076923,16.76153846153846,478.38461538461536
2019-02-12,33.776923076923076,7.415384615384616,494.0
2019-02-13,33.107692307692304,5.630769230769231,470.2307692307692
2019-02-14,33.13076923076923,5.0,458.38461538461536
2019-02-15,33.792307692307695,5.084615384615384,461.2307692307692
2019-02-16,33.49230769230769,4.723076923076923,451.46153846153845
2019-02-17,33.96923076923077,5.638461538461538,469.46153846153845
2019-02-18,33.715384615384615,7.56923076923077,470.46153846153845
2019-02-19,33.73846153846154,10.738461538461538,453.2307692307692
2019-02-20,32.26923076923077,5.684615384615385,396.7692307692308
2019-02-21,34.207692307692305,12.961538461538462,491.0
2019-02-22,34.23076923076923,13.053846153846154,488.46153846153845
2019-02-23,33.823076923076925,11.330769230769231,475.15384615384613
2019-02-24,33.715384615384615,16.946153846153848,520.3846153846154
2019-02-25,33.65384615384615,19.95384615384615,511.9230769230769
2019-02-26,33.76923076923077,21.023076923076925,511.38461538461536
2019-02-27,33.46153846153846,12.038461538461538,488.53846153846155
2019-02-28,33.707692307692305,5.023076923076923,492.3076923076923
2019-03-01,33.92307692307692,4.3769230769230765,447.15384615384613
2019-03-02,30.56153846153846,5.584615384615384,398.38461538461536
2019-03-03,31.838461538461537,4.323076923076924,471.15384615384613
2019-03-04,32.46923076923077,4.361538461538462,445.6923076923077
2019-03-05,31.62307692307692,6.130769230769231,425.46153846153845
2019-03-06,32.284615384615385,10.038461538461538,462.3076923076923
2019-03-07,33.41538461538461,16.384615384615383,473.0
2019-03-08,33.776923076923076,14.26923076923077,488.6923076923077
2019-03-09,34.853846153846156,11.838461538461539,507.0769230769231
2019-03-10,33.784615384615385,6.2846153846153845,466.61538461538464
2019-03-11,33.93076923076923,12.461538461538462,478.84615384615387
2019-03-12,33.9,16.13076923076923,497.3076923076923
2019-03-13,33.7,12.546153846153846,494.46153846153845
2019-03-14,33.53846153846154,7.438461538461539,462.6923076923077
2019-03-15,33.746153846153845,6.084615384615384,446.84615384615387
2019-03-16,34.62307692307692,10.161538461538461,477.3076923076923
2019-03-17,34.52307692307692,10.492307692307692,459.9230769230769
2019-03-18,34.830769230769235,7.846153846153846,469.0769230769231
2019-03-19,32.753846153846155,6.300000000000001,453.7692307692308
2019-03-20,29.66923076923077,7.207692307692308,379.61538461538464
2019-03-21,31.753846153846155,5.538461538461538,459.61538461538464
2019-03-22,30.684615384615384,4.676923076923076,429.2307692307692
2019-03-23,31.43846153846154,8.592307692307692,434.9230769230769
2019-03-24,32.84615384615385,5.315384615384615,466.0769230769231
2019-03-25,33.92307692307692,5.815384615384615,503.84615384615387
2019-03-26,33.892307692307696,6.369230769230769,474.7692307692308
2019-03-27,33.76153846153846,6.699999999999999,493.6923076923077
2019-03-28,33.03846153846154,6.392307692307692,456.38461538461536
2019-03-29,30.807692307692307,5.546153846153846,445.7692307692308
2019-03-30,30.700000000000003,6.246153846153846,429.38461538461536
2019-03-31,32.56153846153846,5.6923076923076925,461.9230769230769
2019-04-01,29.299999999999997,6.8769230769230765,327.61538461538464
2019-04-02,31.176923076923078,6.6692307692307695,372.6923076923077
2019-04-03,33.169230769230765,14.930769230769231,537.5384615384615
2019-04-04,33.800000000000004,12.015384615384615,544.4615384615385
2019-04-05,33.746153846153845,8.061538461538461,523.0
2019-04-06,34.37692307692308,5.576923076923077,516.2307692307693
2019-04-07,35.07692307692308,6.623076923076923,523.3846153846154
2019-04-08,33.44615384615385,7.338461538461539,465.15384615384613
2019-04-09,32.91538461538461,5.561538461538461,429.6923076923077
2019-04-10,30.146153846153844,5.607692307692308,415.15384615384613
2019-04-11,29.315384615384616,4.4,338.53846153846155
2019-04-12,32.53076923076923,5.0307692307692315,502.53846153846155
2019-04-13,33.36923076923077,5.684615384615385,477.6923076923077
2019-04-14,32.146153846153844,5.184615384615385,411.3076923076923
2019-04-15,30.6,3.784615384615385,398.84615384615387
2019-04-16,32.169230769230765,8.692307692307692,521.0
2019-04-17,32.7,6.638461538461538,482.61538461538464
2019-04-18,30.907692307692308,6.53076923076923,429.0
2019-04-19,31.415384615384617,6.776923076923078,463.0
2019-04-20,28.50769230769231,4.6230769230769235,340.15384615384613
2019-04-21,29.484615384615385,6.1923076923076925,330.6923076923077
2019-04-22,28.446153846153848,4.861538461538462,315.46153846153845
2019-04-23,29.569230769230767,5.023076923076923,434.7692307692308
2019-04-24,31.153846153846153,3.569230769230769,492.0
2019-04-25,30.823076923076922,4.6000000000000005,416.0769230769231
2019-04-26,31.23846153846154,3.784615384615385,400.9230769230769
2019-04-27,32.99230769230769,5.661538461538461,484.6923076923077
2019-04-28,34.284615384615385,5.269230769230769,478.84615384615387
2019-04-29,34.87692307692308,6.3076923076923075,498.0
2019-04-30,34.784615384615385,5.8538461538461535,489.84615384615387
2019-05-01,35.26153846153846,8.053846153846154,510.53846153846155
2019-05-02,35.97692307692308,7.461538461538462,540.2307692307693
2019-05-03,35.05384615384615,7.476923076923077,468.84615384615387
2019-05-04,33.34615384615385,7.315384615384615,459.46153846153845
2019-05-05,35.607692307692304,6.7153846153846155,474.84615384615387
2019-05-06,34.41538461538461,5.823076923076924,417.2307692307692
2019-05-07,32.41538461538461,6.492307692307692,444.2307692307692
2019-05-08,30.10769230769231,7.523076923076923,315.3076923076923
2019-05-09,28.83076923076923,5.446153846153846,310.0769230769231
2019-05-10,27.49230769230769,4.753846153846154,282.7692307692308
2019-05-11,27.807692307692307,2.5307692307692307,275.3076923076923
2019-05-12,28.623076923076926,4.338461538461538,357.15384615384613
2019-05-13,30.292307692307695,5.776923076923077,426.0769230769231
2019-05-14,28.96153846153846,4.846153846153846,353.15384615384613
2019-05-15,29.346153846153847,4.246153846153846,382.61538461538464
2019-05-16,30.307692307692307,3.8923076923076922,470.53846153846155
2019-05-17,28.27692307692308,4.638461538461538,302.38461538461536
2019-05-18,28.73076923076923,4.6923076923076925,371.0769230769231
2019-05-19,27.676923076923078,4.3769230769230765,271.53846153846155
2019-05-20,28.54615384615385,4.007692307692308,390.38461538461536
2019-05-21,28.076923076923077,2.9846153846153842,304.3076923076923
2019-05-22,30.576923076923077,4.776923076923077,495.0
2019-05-23,26.83076923076923,4.1230769230769235,201.46153846153845
2019-05-24,29.069230769230767,4.2153846153846155,399.38461538461536
2019-05-25,28.307692307692307,3.4846153846153842,296.3076923076923
2019-05-26,27.623076923076926,4.8076923076923075,317.0769230769231
2019-05-27,26.861538461538462,4.3307692307692305,253.76923076923077
2019-05-28,27.77692307692308,5.553846153846154,322.46153846153845
2019-05-29,27.72307692307692,3.130769230769231,382.3076923076923
2019-05-30,25.915384615384617,2.323076923076923,144.84615384615384
2019-05-31,27.107692307692307,4.092307692307693,331.0
2019-06-01,26.884615384615383,4.746153846153846,295.15384615384613
2019-06-02,27.569230769230767,2.707692307692308,334.84615384615387
2019-06-03,28.692307692307693,3.784615384615385,379.0
2019-06-04,30.86923076923077,3.9153846153846152,482.0
2019-06-05,29.161538461538463,2.923076923076923,399.3076923076923
2019-06-06,28.26923076923077,4.9692307692307685,264.0
2019-06-07,26.338461538461537,5.923076923076923,202.30769230769232
2019-06-08,29.123076923076926,5.9692307692307685,494.53846153846155
2019-06-09,30.03846153846154,4.815384615384615,465.0769230769231
2019-06-10,28.700000000000003,4.8307692307692305,300.0769230769231
2019-06-11,29.22307692307692,3.646153846153846,392.53846153846155
2019-06-12,29.207692307692305,4.461538461538462,409.84615384615387
2019-06-13,30.6,4.992307692307692,506.2307692307692
2019-06-14,30.700000000000003,4.1230769230769235,479.38461538461536
2019-06-15,30.73076923076923,3.576923076923077,462.46153846153845
2019-06-16,31.715384615384615,4.246153846153846,508.84615384615387
2019-06-17,33.13846153846154,6.638461538461538,530.9230769230769
2019-06-18,33.76153846153846,4.553846153846154,510.61538461538464
2019-06-19,33.8,6.492307692307692,437.0769230769231
2019-06-20,33.96153846153846,6.576923076923077,461.7692307692308
2019-06-21,34.46923076923077,6.092307692307693,453.7692307692308
2019-06-22,34.746153846153845,10.876923076923077,435.7692307692308
2019-06-23,35.00769230769231,5.423076923076923,471.61538461538464
2019-06-24,30.45384615384615,6.776923076923077,308.61538461538464
2019-06-25,28.23076923076923,5.946153846153846,242.23076923076923
2019-06-26,33.8,18.53846153846154,537.0769230769231
2019-06-27,34.62307692307692,10.992307692307692,488.15384615384613
2019-06-28,34.676923076923075,8.623076923076923,503.15384615384613
2019-06-29,34.15384615384615,5.484615384615385,448.61538461538464
2019-06-30,32.723076923076924,5.4,451.46153846153845
2019-07-01,32.26153846153846,6.6,472.84615384615387
2019-07-02,29.95384615384615,3.4000000000000004,385.7692307692308
2019-07-03,33.223076923076924,5.246153846153846,504.9230769230769
2019-07-04,34.85384615384615,12.53076923076923,537.8461538461538
2019-07-05,33.42307692307692,4.892307692307692,484.53846153846155
2019-07-06,33.63076923076923,6.6923076923076925,477.53846153846155
2019-07-07,35.37692307692308,6.730769230769231,519.9230769230769
2019-07-08,30.092307692307692,7.423076923076923,354.53846153846155
2019-07-09,28.26923076923077,3.923076923076923,309.7692307692308
2019-07-10,32.13076923076923,5.653846153846154,496.53846153846155
2019-07-11,33.276923076923076,5.892307692307692,488.9230769230769
2019-07-12,33.669230769230765,5.607692307692308,510.46153846153845
2019-07-13,33.06153846153846,6.523076923076923,488.61538461538464
2019-07-14,32.207692307692305,5.523076923076923,438.46153846153845
2019-07-15,31.653846153846153,6.461538461538462,482.6923076923077
2019-07-16,32.176923076923075,4.861538461538462,487.61538461538464
2019-07-17,32.2,3.0,374.7692307692308
2019-07-18,34.98461538461539,8.107692307692307,526.8461538461538
2019-07-19,33.823076923076925,5.3538461538461535,446.2307692307692
2019-07-20,35.9,6.746153846153846,506.0
2019-07-21,36.65384615384615,8.6,542.4615384615385
2019-07-22,34.184615384615384,4.93076923076923,517.8461538461538
2019-07-23,30.700000000000003,3.5846153846153843,367.2307692307692
2019-07-24,31.45384615384615,5.815384615384615,387.3076923076923
2019-07-25,31.930769230769233,6.0307692307692315,417.0
2019-07-26,32.09230769230769,6.038461538461538,464.84615384615387
2019-07-27,34.23076923076923,7.038461538461538,501.46153846153845
2019-07-28,35.16153846153846,6.0307692307692315,516.9230769230769
2019-07-29,33.42307692307692,4.984615384615385,463.0
2019-07-30,33.892307692307696,6.238461538461538,471.7692307692308
2019-07-31,33.746153846153845,6.130769230769231,455.2307692307692
2019-08-01,33.13076923076923,7.138461538461538,467.0769230769231
2019-08-02,32.16153846153846,7.007692307692308,441.84615384615387
2019-08-03,31.915384615384614,4.769230769230769,444.6923076923077
2019-08-04,32.94615384615385,4.653846153846154,469.7692307692308
2019-08-05,32.93846153846154,5.615384615384615,461.38461538461536
2019-08-06,33.169230769230765,4.7,415.9230769230769
2019-08-07,29.892307692307693,6.046153846153846,342.0
2019-08-08,31.46153846153846,5.861538461538462,467.61538461538464
2019-08-09,33.04615384615385,8.876923076923077,492.6923076923077
2019-08-10,35.40769230769231,5.323076923076924,518.6153846153846
2019-08-11,35.753846153846155,7.253846153846154,508.3076923076923
2019-08-12,34.94615384615385,5.746153846153846,499.6923076923077
2019-08-13,34.23076923076923,7.338461538461539,461.2307692307692
2019-08-14,32.83846153846154,5.123076923076923,371.46153846153845
2019-08-15,33.261538461538464,8.876923076923077,360.61538461538464
2019-08-16,26.746153846153845,3.7384615384615385,206.6153846153846
2019-08-17,28.107692307692307,4.769230769230769,357.46153846153845
2019-08-18,31.915384615384614,4.815384615384615,508.15384615384613
2019-08-19,33.69230769230769,6.1692307692307695,518.8461538461538
2019-08-20,32.9,6.0,507.61538461538464
2019-08-21,33.65384615384615,5.961538461538462,481.46153846153845
2019-08-22,33.95384615384615,6.476923076923077,500.6923076923077
2019-08-23,33.63846153846154,7.3307692307692305,462.0
2019-08-24,34.48461538461539,7.130769230769231,492.53846153846155
2019-08-25,34.16153846153846,5.2153846153846155,489.0769230769231
2019-08-26,35.284615384615385,5.815384615384615,466.15384615384613
2019-08-27,36.76923076923077,7.961538461538462,503.2307692307692
2019-08-28,34.830769230769235,10.292307692307693,460.38461538461536
2019-08-29,34.42307692307692,4.8769230769230765,475.0769230769231
2019-08-30,34.86153846153846,7.3307692307692305,484.0
2019-08-31,33.96153846153846,7.06923076923077,451.2307692307692
2019-09-01,31.43846153846154,6.415384615384616,455.53846153846155
2019-09-02,31.053846153846152,4.461538461538462,409.9230769230769
2019-09-03,33.38461538461539,7.453846153846154,462.0769230769231
2019-09-04,34.13076923076923,4.7384615384615385,464.0
2019-09-05,31.861538461538462,6.915384615384616,393.0
2019-09-06,33.42307692307692,4.438461538461538,453.9230769230769
2019-09-07,34.253846153846155,4.976923076923077,488.7692307692308
2019-09-08,33.184615384615384,8.623076923076923,470.46153846153845
2019-09-09,34.51538461538461,6.43076923076923,509.61538461538464
2019-09-10,35.746153846153845,5.992307692307692,512.1538461538462
2019-09-11,34.44615384615385,6.6230769230769235,460.0
2019-09-12,33.09230769230769,5.876923076923077,403.6923076923077
2019-09-13,31.03076923076923,5.615384615384615,357.84615384615387
2019-09-14,33.33846153846154,5.123076923076923,444.61538461538464
2019-09-15,33.16153846153846,6.076923076923077,446.38461538461536
2019-09-16,30.22307692307692,4.3,402.2307692307692
2019-09-17,29.799999999999997,3.9923076923076923,406.6923076923077
2019-09-18,26.876923076923074,7.7153846153846155,249.30769230769232
2019-09-19,25.623076923076926,5.1923076923076925,203.92307692307693
2019-09-20,28.307692307692307,2.5923076923076924,349.15384615384613
2019-09-21,25.715384615384615,3.053846153846154,162.23076923076923
2019-09-22,28.092307692307692,4.246153846153846,410.2307692307692
2019-09-23,28.0,6.8307692307692305,357.46153846153845
2019-09-24,27.692307692307693,2.8923076923076922,314.0769230769231
2019-09-25,29.04615384615385,3.2,419.0
2019-09-26,27.023076923076925,4.269230769230769,269.3076923076923
2019-09-27,30.22307692307692,2.9846153846153842,451.53846153846155
2019-09-28,30.792307692307695,5.6461538461538465,492.6923076923077
2019-09-29,29.638461538461538,3.5999999999999996,480.0769230769231
2019-09-30,29.107692307692307,5.923076923076923,407.9230769230769
2019-10-01,28.876923076923074,3.7769230769230764,432.9230769230769
2019-10-02,27.72307692307692,4.107692307692307,376.0
2019-10-03,27.846153846153847,5.123076923076923,383.53846153846155
2019-10-04,28.86923076923077,3.1923076923076925,449.3076923076923
2019-10-05,28.284615384615385,3.9615384615384617,351.0
2019-10-06,29.023076923076925,3.4076923076923076,415.15384615384613
2019-10-07,29.384615384615383,4.553846153846154,445.7692307692308
2019-10-08,28.446153846153848,4.484615384615385,411.61538461538464
2019-10-09,28.45384615384615,3.292307692307692,353.7692307692308
2019-10-10,27.076923076923077,4.046153846153846,233.6153846153846
2019-10-11,28.015384615384615,2.207692307692308,304.84615384615387
2019-10-12,26.96923076923077,4.438461538461539,267.0
2019-10-13,28.76923076923077,4.423076923076923,412.2307692307692
2019-10-14,28.299999999999997,2.6384615384615384,376.84615384615387
2019-10-15,29.76923076923077,4.315384615384615,477.2307692307692
2019-10-16,27.823076923076922,4.5,331.7692307692308
2019-10-17,28.46923076923077,3.5153846153846158,373.9230769230769
2019-10-18,28.846153846153847,5.384615384615385,433.15384615384613
2019-10-19,26.653846153846153,3.4692307692307693,214.30769230769232
2019-10-20,28.299999999999997,2.769230769230769,423.53846153846155
2019-10-21,26.784615384615385,4.338461538461538,276.53846153846155
2019-10-22,26.446153846153848,3.5076923076923077,305.15384615384613
2019-10-23,28.00769230769231,4.130769230769231,427.38461538461536
2019-10-24,27.476923076923075,6.5307692307692315,291.9230769230769
2019-10-25,28.77692307692308,2.1153846153846154,419.9230769230769
2019-10-26,28.792307692307695,4.546153846153846,374.2307692307692
2019-10-27,29.215384615384615,4.676923076923076,432.2307692307692
2019-10-28,30.1,3.4615384615384617,463.9230769230769
2019-10-29,29.946153846153848,3.6000000000000005,388.0
2019-10-30,28.86923076923077,3.8846153846153846,344.6923076923077
2019-10-31,29.946153846153848,4.092307692307693,426.38461538461536
2019-11-01,30.676923076923078,5.461538461538462,424.15384615384613
2019-11-02,29.415384615384614,4.084615384615384,417.46153846153845
2019-11-03,30.746153846153845,5.407692307692307,452.38461538461536
2019-11-04,30.161538461538463,5.261538461538462,349.0769230769231
2019-11-05,30.569230769230767,4.676923076923076,324.6923076923077
2019-11-06,32.86923076923077,4.815384615384615,467.6923076923077
2019-11-07,32.95384615384615,5.300000000000001,422.15384615384613
2019-11-08,34.19230769230769,6.623076923076923,469.38461538461536
2019-11-09,31.26153846153846,6.584615384615384,354.61538461538464
2019-11-10,30.807692307692307,4.1923076923076925,396.2307692307692
2019-11-11,29.838461538461537,3.276923076923077,360.15384615384613
2019-11-12,29.392307692307693,5.3076923076923075,365.6923076923077
2019-11-13,26.976923076923075,6.699999999999999,242.0
2019-11-14,27.99230769230769,3.9923076923076923,373.2307692307692
2019-11-15,28.76923076923077,3.253846153846154,426.53846153846155
2019-11-16,28.638461538461538,3.5,408.0769230769231
2019-11-17,29.73076923076923,3.9615384615384617,428.46153846153845
2019-11-18,28.823076923076922,4.869230769230769,392.15384615384613
2019-11-19,28.653846153846153,4.2153846153846155,405.53846153846155
2019-11-20,29.984615384615385,3.4615384615384617,431.38461538461536
2019-11-21,29.823076923076922,4.0,409.7692307692308
2019-11-22,29.0,5.661538461538461,386.15384615384613
2019-11-23,29.53846153846154,5.846153846153846,406.0769230769231
2019-11-24,30.96153846153846,4.3769230769230765,454.2307692307692
2019-11-25,32.34615384615385,6.4692307692307685,444.0769230769231
2019-11-26,33.723076923076924,7.238461538461538,454.84615384615387
2019-11-27,34.892307692307696,10.26923076923077,433.0
2019-11-28,33.830769230769235,6.0,400.2307692307692
2019-11-29,31.22307692307692,6.615384615384615,353.7692307692308
2019-11-30,31.930769230769233,5.815384615384615,431.9230769230769
2019-12-01,32.66153846153846,6.3076923076923075,455.7692307692308
2019-12-02,33.0923076923077,6.184615384615385,440.2307692307692
2019-12-03,32.36153846153846,6.361538461538462,419.7692307692308
2019-12-04,30.215384615384615,3.8615384615384616,358.53846153846155
2019-12-05,32.40769230769231,5.392307692307692,412.46153846153845
2019-12-06,33.63846153846154,5.015384615384615,434.84615384615387
2019-12-07,30.46153846153846,8.161538461538461,393.7692307692308
2019-12-08,29.623076923076926,5.4,417.46153846153845
2019-12-09,31.815384615384616,9.13076923076923,455.46153846153845
2019-12-10,32.84615384615385,11.523076923076925,454.3076923076923
2019-12-11,33.07692307692308,10.23076923076923,437.84615384615387
2019-12-12,32.56153846153846,10.36923076923077,416.3076923076923
2019-12-13,32.76923076923077,4.576923076923077,448.46153846153845
2019-12-14,31.53846153846154,6.507692307692308,391.15384615384613
2019-12-15,30.26153846153846,4.746153846153846,368.0
2019-12-16,33.15384615384615,6.823076923076924,436.84615384615387
2019-12-17,33.746153846153845,6.107692307692307,438.84615384615387
2019-12-18,30.884615384615383,7.3307692307692305,354.61538461538464
2019-12-19,32.92307692307692,3.4538461538461536,415.0769230769231
2019-12-20,33.107692307692304,5.246153846153846,410.9230769230769
2019-12-21,34.30769230769231,7.7846153846153845,415.9230769230769
2019-12-22,34.73846153846154,10.73076923076923,398.7692307692308
2019-12-23,33.73846153846154,4.9692307692307685,422.84615384615387
2019-12-24,33.09230769230769,8.461538461538462,397.0
2019-12-25,30.307692307692307,5.315384615384616,326.9230769230769
2019-12-26,32.45384615384615,4.823076923076924,378.2307692307692
2019-12-27,32.05384615384615,5.1,278.7692307692308
2019-12-28,32.88461538461539,6.176923076923076,382.61538461538464
2019-12-29,33.90769230769231,5.815384615384615,414.61538461538464
2019-12-30,33.56153846153846,8.26923076923077,433.15384615384613
2019-12-31,30.76153846153846,6.176923076923076,361.84615384615387
2020-01-01,31.823076923076922,9.007692307692308,452.0769230769231
2020-01-02,32.292307692307695,8.007692307692308,469.46153846153845
2020-01-03,32.753846153846155,7.123076923076923,471.84615384615387
2020-01-04,33.06153846153846,8.023076923076923,472.53846153846155
2020-01-05,32.300000000000004,10.338461538461539,425.38461538461536
2020-01-06,32.53846153846154,8.584615384615384,448.7692307692308
2020-01-07,33.02307692307692,8.115384615384615,426.53846153846155
2020-01-08,33.41538461538461,11.523076923076925,456.6923076923077
2020-01-09,33.46153846153846,20.96923076923077,478.15384615384613
2020-01-10,33.03846153846154,17.43076923076923,467.53846153846155
2020-01-11,33.830769230769235,23.523076923076925,462.38461538461536
2020-01-12,33.684615384615384,24.73076923076923,464.9230769230769
2020-01-13,33.46923076923077,24.73846153846154,474.15384615384613
2020-01-14,33.40769230769231,22.576923076923077,473.3076923076923
2020-01-15,34.41538461538461,13.538461538461538,442.3076923076923
2020-01-16,35.04615384615385,14.0,436.9230769230769
2020-01-17,35.13076923076923,20.915384615384614,455.9230769230769
2020-01-18,34.792307692307695,22.523076923076925,455.6923076923077
2020-01-19,34.96153846153846,17.476923076923075,451.6923076923077
2020-01-20,34.13076923076923,6.230769230769231,423.2307692307692
2020-01-21,30.361538461538462,5.038461538461538,366.46153846153845
2020-01-22,27.83076923076923,7.561538461538461,298.9230769230769
2020-01-23,29.176923076923078,4.407692307692307,380.0
2020-01-24,30.284615384615385,4.3307692307692305,374.61538461538464
2020-01-25,32.07692307692308,7.3076923076923075,459.2307692307692
2020-01-26,31.93846153846154,9.492307692307692,454.38461538461536
2020-01-27,30.861538461538462,5.1692307692307695,404.2307692307692
2020-01-28,31.700000000000003,4.6230769230769235,410.84615384615387
2020-01-29,31.26153846153846,5.4692307692307685,383.9230769230769
2020-01-30,33.51538461538461,6.7846153846153845,459.9230769230769
2020-01-31,34.323076923076925,9.63076923076923,478.9230769230769
2020-02-01,35.01538461538461,4.538461538461538,478.15384615384613
2020-02-02,34.23846153846154,9.846153846153847,428.61538461538464
2020-02-03,35.13076923076923,9.653846153846153,477.9230769230769
2020-02-04,35.3,11.3,498.61538461538464
2020-02-05,34.42307692307692,12.123076923076923,507.3076923076923
2020-02-06,34.107692307692304,9.723076923076924,515.1538461538462
2020-02-07,34.30769230769231,6.1461538461538465,511.38461538461536
2020-02-08,34.65384615384615,11.676923076923078,508.0
2020-02-09,34.169230769230765,16.284615384615385,515.8461538461538
2020-02-10,34.63846153846154,16.43076923076923,508.0
2020-02-11,35.099999999999994,14.746153846153845,508.84615384615387
2020-02-12,34.58461538461539,19.53846153846154,503.3076923076923
2020-02-13,34.73846153846154,16.892307692307693,492.61538461538464
2020-02-14,34.76923076923077,16.03846153846154,467.84615384615387
2020-02-15,35.4,13.776923076923076,493.15384615384613
2020-02-16,35.23846153846154,17.123076923076923,490.0
2020-02-17,35.44615384615385,10.284615384615384,488.15384615384613
2020-02-18,36.04615384615385,17.246153846153845,501.6923076923077
2020-02-19,36.01538461538461,18.423076923076923,465.38461538461536
2020-02-20,35.176923076923075,16.153846153846153,483.0
2020-02-21,34.87692307692308,7.992307692307692,488.6923076923077
2020-02-22,32.99230769230769,7.015384615384615,453.7692307692308
2020-02-23,33.99230769230769,7.561538461538461,464.46153846153845
2020-02-24,33.99230769230769,9.576923076923077,482.9230769230769
2020-02-25,33.207692307692305,6.992307692307692,436.0769230769231
2020-02-26,33.184615384615384,7.707692307692308,460.46153846153845
2020-02-27,33.03846153846154,5.153846153846154,411.6923076923077
2020-02-28,34.59230769230769,8.353846153846153,513.4615384615385
2020-02-29,34.284615384615385,15.461538461538462,496.3076923076923
2020-03-01,35.07692307692308,11.007692307692308,508.0769230769231
2020-03-02,35.37692307692308,10.5,506.3076923076923
2020-03-03,35.69230769230769,11.976923076923075,515.8461538461538
2020-03-04,35.84615384615385,12.646153846153847,522.6153846153846
2020-03-05,35.676923076923075,9.784615384615385,533.2307692307693
2020-03-06,35.5,6.561538461538461,531.2307692307693
2020-03-07,33.784615384615385,5.992307692307692,475.0769230769231
2020-03-08,35.11538461538461,14.676923076923078,506.2307692307692
2020-03-09,35.05384615384615,19.223076923076924,520.3076923076923
2020-03-10,34.823076923076925,14.76923076923077,423.6923076923077
2020-03-11,33.86923076923077,8.615384615384615,395.0769230769231
2020-03-12,33.93076923076923,6.8538461538461535,469.46153846153845
2020-03-13,33.69230769230769,7.246153846153846,460.6923076923077
2020-03-14,34.63076923076923,8.753846153846153,490.61538461538464
2020-03-15,34.6,10.330769230769231,525.6923076923077
2020-03-16,34.76153846153846,14.161538461538461,528.1538461538462
2020-03-17,34.8,11.36153846153846,528.4615384615385
2020-03-18,34.65384615384615,16.16923076923077,516.3076923076923
2020-03-19,34.58461538461539,17.06153846153846,511.84615384615387
2020-03-20,34.107692307692304,12.86153846153846,454.6923076923077
2020-03-21,33.76153846153846,11.284615384615384,507.15384615384613
2020-03-22,34.63846153846154,15.8,536.3076923076923
2020-03-23,35.01538461538461,10.215384615384616,522.6153846153846
2020-03-24,35.61538461538461,6.161538461538461,496.3076923076923
2020-03-25,35.66153846153846,9.461538461538462,509.46153846153845
2020-03-26,35.16153846153846,5.3076923076923075,492.6923076923077
2020-03-27,35.08461538461539,5.9692307692307685,519.0769230769231
2020-03-28,35.169230769230765,16.95384615384615,544.9230769230769
2020-03-29,36.07692307692308,17.546153846153846,544.0769230769231
2020-03-30,35.63846153846154,6.515384615384615,503.3076923076923
2020-03-31,33.46923076923077,7.361538461538462,469.3076923076923
2020-04-01,31.638461538461538,8.330769230769231,403.7692307692308
2020-04-02,29.16923076923077,4.838461538461538,409.15384615384613
2020-04-03,31.138461538461538,5.492307692307692,446.7692307692308
2020-04-04,31.676923076923078,5.8307692307692305,448.9230769230769
2020-04-05,32.90769230769231,5.576923076923077,478.15384615384613
2020-04-06,32.53076923076923,4.992307692307692,387.0769230769231
2020-04-07,33.53846153846154,6.084615384615384,465.53846153846155
2020-04-08,34.36153846153846,6.092307692307693,472.84615384615387
2020-04-09,34.223076923076924,2.6846153846153844,459.2307692307692
2020-04-10,34.83076923076923,6.276923076923077,500.53846153846155
2020-04-11,33.44615384615385,4.484615384615385,437.7692307692308
2020-04-12,33.96923076923077,3.8461538461538463,491.3076923076923
2020-04-13,33.90769230769231,4.3,486.3076923076923
2020-04-14,33.80769230769231,5.223076923076923,478.53846153846155
2020-04-15,32.37692307692308,5.261538461538462,487.0769230769231
2020-04-16,34.46153846153846,8.207692307692309,531.0
2020-04-17,34.784615384615385,9.292307692307691,491.0769230769231
2020-04-18,33.784615384615385,7.576923076923077,468.0769230769231
2020-04-19,30.50769230769231,5.6461538461538465,395.3076923076923
2020-04-20,32.42307692307692,5.5,466.6923076923077
2020-04-21,30.45384615384615,4.638461538461538,467.7692307692308
2020-04-22,29.5,4.353846153846154,457.0
2020-04-23,30.5,5.015384615384615,409.2307692307692
2020-04-24,31.907692307692308,2.976923076923077,527.3076923076923
2020-04-25,32.23076923076923,5.730769230769231,518.6153846153846
2020-04-26,33.0,5.130769230769231,502.84615384615387
2020-04-27,33.823076923076925,4.8,521.6923076923077
2020-04-28,33.15384615384615,6.515384615384615,472.0769230769231
2020-04-29,32.47692307692308,5.953846153846154,437.9230769230769
2020-04-30,30.976923076923075,5.56923076923077,354.53846153846155
2020-05-01,30.50769230769231,6.084615384615384,450.53846153846155
2020-05-02,32.55384615384615,7.661538461538461,486.0769230769231
2020-05-03,31.946153846153848,6.384615384615385,371.53846153846155
2020-05-04,31.692307692307693,6.523076923076923,433.46153846153845
2020-05-05,33.292307692307695,5.584615384615384,439.84615384615387
2020-05-06,32.11538461538461,6.6692307692307695,407.2307692307692
2020-05-07,32.2,4.538461538461538,420.0
2020-05-08,32.46153846153846,4.607692307692307,457.0769230769231
2020-05-09,34.11538461538461,5.730769230769231,511.15384615384613
2020-05-10,34.276923076923076,3.769230769230769,518.8461538461538
2020-05-11,31.915384615384614,5.984615384615385,487.61538461538464
2020-05-12,30.284615384615385,5.038461538461538,441.46153846153845
2020-05-13,28.576923076923077,5.06923076923077,387.61538461538464
2020-05-14,30.415384615384614,5.046153846153846,471.3076923076923
2020-05-15,30.569230769230767,3.207692307692308,475.61538461538464
2020-05-16,32.392307692307696,2.930769230769231,470.61538461538464
2020-05-17,31.523076923076925,4.753846153846154,386.61538461538464
2020-05-18,30.146153846153844,5.06923076923077,412.7692307692308
2020-05-19,29.353846153846156,5.361538461538462,349.6923076923077
2020-05-20,30.353846153846156,3.576923076923077,447.6923076923077
2020-05-21,31.884615384615383,3.3923076923076922,504.15384615384613
2020-05-22,30.03076923076923,4.153846153846154,426.6923076923077
2020-05-23,31.676923076923078,3.3615384615384616,466.0
2020-05-24,31.53846153846154,4.653846153846154,441.38461538461536
2020-05-25,30.23846153846154,5.415384615384616,311.84615384615387
2020-05-26,31.246153846153845,4.853846153846154,431.0769230769231
2020-05-27,29.72307692307692,4.353846153846154,395.0
2020-05-28,27.384615384615383,4.461538461538462,273.7692307692308
2020-05-29,27.06153846153846,3.523076923076923,209.76923076923077
2020-05-30,25.676923076923078,4.776923076923077,163.07692307692307
2020-05-31,27.346153846153847,3.076923076923077,334.61538461538464
2020-06-01,29.03846153846154,5.3076923076923075,465.2307692307692
2020-06-02,29.22307692307692,3.423076923076923,447.2307692307692
2020-06-03,28.584615384615386,4.038461538461538,410.0769230769231
2020-06-04,30.284615384615385,3.0615384615384613,478.6923076923077
2020-06-05,30.73076923076923,4.892307692307693,467.84615384615387
2020-06-06,29.584615384615386,4.076923076923077,414.7692307692308
2020-06-07,31.12307692307692,3.476923076923077,478.3076923076923
2020-06-08,31.96923076923077,2.9384615384615387,495.84615384615387
2020-06-09,30.96153846153846,5.323076923076924,450.38461538461536
2020-06-10,24.915384615384614,3.284615384615385,115.23076923076923
2020-06-11,28.43846153846154,3.7,468.0
2020-06-12,27.623076923076926,5.092307692307693,342.3076923076923
2020-06-13,29.715384615384615,4.338461538461538,472.6923076923077
2020-06-14,29.576923076923077,5.046153846153846,419.61538461538464
2020-06-15,29.03846153846154,4.084615384615384,324.6923076923077
2020-06-16,30.73846153846154,6.1,462.3076923076923
2020-06-17,28.03846153846154,5.546153846153846,364.84615384615387
2020-06-18,29.553846153846152,6.176923076923076,464.9230769230769
2020-06-19,30.207692307692305,4.7153846153846155,477.61538461538464
2020-06-20,30.53846153846154,3.5153846153846158,446.84615384615387
2020-06-21,31.13076923076923,5.4692307692307685,437.61538461538464
2020-06-22,32.646153846153844,8.2,490.7692307692308
2020-06-23,33.93846153846154,8.353846153846153,503.38461538461536
2020-06-24,34.58461538461539,11.684615384615386,535.7692307692307
2020-06-25,35.52307692307692,9.846153846153847,534.1538461538462
2020-06-26,34.223076923076924,5.953846153846154,435.0769230769231
2020-06-27,33.06923076923077,8.069230769230769,458.2307692307692
2020-06-28,29.49230769230769,6.546153846153846,439.6923076923077
2020-06-29,30.96923076923077,2.353846153846154,443.46153846153845
2020-06-30,33.51538461538461,6.261538461538462,502.9230769230769
2020-07-01,30.361538461538462,5.1461538461538465,442.9230769230769
2020-07-02,28.984615384615385,4.915384615384616,386.84615384615387
2020-07-03,29.307692307692307,4.769230769230769,455.53846153846155
2020-07-04,29.13076923076923,5.730769230769231,416.61538461538464
2020-07-05,29.715384615384615,4.253846153846154,402.53846153846155
2020-07-06,32.246153846153845,4.530769230769231,495.3076923076923
2020-07-07,30.49230769230769,5.046153846153846,420.7692307692308
2020-07-08,28.653846153846153,6.561538461538461,350.0
2020-07-09,30.676923076923078,2.4461538461538463,509.38461538461536
2020-07-10,32.08461538461539,6.584615384615384,508.0
2020-07-11,27.423076923076923,6.007692307692308,286.3076923076923
2020-07-12,27.9,4.423076923076923,365.61538461538464
2020-07-13,31.77692307692308,3.0615384615384613,526.3076923076923
2020-07-14,30.476923076923075,4.107692307692307,435.84615384615387
2020-07-15,32.19230769230769,4.353846153846154,509.0769230769231
2020-07-16,30.376923076923074,3.853846153846154,425.2307692307692
2020-07-17,32.62307692307692,3.276923076923077,490.9230769230769
2020-07-18,32.03846153846154,3.430769230769231,473.53846153846155
2020-07-19,32.54615384615385,4.861538461538462,482.53846153846155
2020-07-20,30.853846153846156,5.707692307692308,422.3076923076923
2020-07-21,27.753846153846155,3.0846153846153848,282.7692307692308
2020-07-22,28.76923076923077,3.3153846153846156,375.84615384615387
2020-07-23,29.83076923076923,2.5307692307692307,476.6923076923077
2020-07-24,26.73076923076923,4.1,290.61538461538464
2020-07-25,27.66923076923077,4.2153846153846155,359.7692307692308
2020-07-26,27.576923076923077,3.4692307692307693,312.15384615384613
2020-07-27,28.72307692307692,4.723076923076923,371.0769230769231
2020-07-28,29.823076923076922,4.0,437.2307692307692
2020-07-29,30.72307692307692,5.176923076923076,489.2307692307692
2020-07-30,29.86923076923077,5.207692307692308,440.0
2020-07-31,29.569230769230767,4.638461538461538,421.0769230769231
2020-08-01,31.161538461538463,4.569230769230769,471.2307692307692
2020-08-02,32.292307692307695,4.507692307692308,488.6923076923077
2020-08-03,31.876923076923074,4.8,459.15384615384613
2020-08-04,30.707692307692305,4.253846153846154,391.3076923076923
2020-08-05,31.700000000000003,3.715384615384615,431.0769230769231
2020-08-06,29.96923076923077,4.315384615384615,400.0769230769231
2020-08-07,30.753846153846155,4.038461538461538,400.9230769230769
2020-08-08,33.66153846153846,4.907692307692307,494.9230769230769
2020-08-09,33.838461538461544,6.846153846153846,465.15384615384613
2020-08-10,32.83846153846154,7.676923076923076,472.6923076923077
2020-08-11,31.76923076923077,5.4,444.38461538461536
2020-08-12,33.69230769230769,4.430769230769231,473.0769230769231
2020-08-13,34.23076923076923,8.261538461538462,495.9230769230769
2020-08-14,30.661538461538463,6.376923076923077,378.53846153846155
2020-08-15,29.638461538461538,4.584615384615384,423.84615384615387
2020-08-16,29.16923076923077,2.353846153846154,372.0
2020-08-17,28.376923076923074,5.661538461538461,340.2307692307692
2020-08-18,29.04615384615385,4.246153846153846,402.46153846153845
2020-08-19,27.023076923076925,4.638461538461539,313.9230769230769
2020-08-20,28.153846153846153,4.93076923076923,428.9230769230769
2020-08-21,28.5,3.3846153846153846,404.7692307692308
2020-08-22,26.876923076923074,5.3076923076923075,285.38461538461536
2020-08-23,28.423076923076923,3.1769230769230767,406.2307692307692
2020-08-24,28.338461538461537,3.753846153846154,389.6923076923077
2020-08-25,27.346153846153847,5.153846153846154,318.61538461538464
2020-08-26,27.107692307692307,4.0,322.2307692307692
2020-08-27,29.46923076923077,5.053846153846154,457.38461538461536
2020-08-28,30.146153846153844,5.207692307692308,443.84615384615387
2020-08-29,29.415384615384614,5.161538461538461,459.0769230769231
2020-08-30,27.423076923076923,3.7,403.9230769230769
2020-08-31,28.976923076923075,3.1384615384615384,397.0
2020-09-01,29.346153846153847,4.646153846153846,440.84615384615387
2020-09-02,25.884615384615383,7.538461538461538,243.23076923076923
2020-09-03,29.138461538461538,4.776923076923077,501.3076923076923
2020-09-04,29.315384615384616,3.6846153846153844,460.0769230769231
2020-09-05,30.076923076923077,3.0153846153846158,467.3076923076923
2020-09-06,29.307692307692307,4.615384615384615,432.9230769230769
2020-09-07,27.299999999999997,6.653846153846154,353.46153846153845
2020-09-08,26.807692307692307,6.992307692307692,373.46153846153845
2020-09-09,28.06153846153846,2.6769230769230767,413.61538461538464
2020-09-10,29.807692307692307,3.0461538461538464,489.3076923076923
2020-09-11,29.307692307692307,4.469230769230769,439.53846153846155
2020-09-12,28.49230769230769,4.3307692307692305,423.2307692307692
2020-09-13,28.23076923076923,4.3769230769230765,358.9230769230769
2020-09-14,30.00769230769231,3.7923076923076926,400.84615384615387
2020-09-15,29.338461538461537,5.484615384615385,378.3076923076923
2020-09-16,27.146153846153844,7.0,322.3076923076923
2020-09-17,28.576923076923077,3.376923076923077,432.15384615384613
2020-09-18,27.353846153846156,4.092307692307693,279.61538461538464
2020-09-19,28.053846153846152,3.930769230769231,398.6923076923077
2020-09-20,29.184615384615384,4.269230769230769,424.53846153846155
2020-09-21,29.73076923076923,4.461538461538462,425.2307692307692
2020-09-22,30.361538461538462,4.415384615384616,457.0769230769231
2020-09-23,29.576923076923077,4.361538461538462,407.9230769230769
2020-09-24,27.923076923076923,3.946153846153846,225.46153846153845
2020-09-25,29.015384615384615,4.346153846153846,368.0769230769231
2020-09-26,29.253846153846155,4.8076923076923075,415.9230769230769
2020-09-27,28.53846153846154,6.338461538461539,380.46153846153845
2020-09-28,29.207692307692305,4.515384615384615,447.2307692307692
2020-09-29,29.684615384615384,5.115384615384615,459.3076923076923
2020-09-30,28.653846153846153,6.430769230769231,319.15384615384613
2020-10-01,28.799999999999997,3.523076923076923,426.84615384615387
2020-10-02,28.27692307692308,3.8846153846153846,372.6923076923077
2020-10-03,26.923076923076923,3.5461538461538464,308.53846153846155
2020-10-04,26.77692307692308,3.838461538461538,297.15384615384613
2020-10-05,28.346153846153847,3.5384615384615383,415.61538461538464
2020-10-06,28.73846153846154,3.707692307692308,366.61538461538464
2020-10-07,28.73076923076923,5.838461538461539,419.2307692307692
2020-10-08,27.807692307692307,4.423076923076923,337.38461538461536
2020-10-09,29.615384615384617,3.1384615384615384,441.38461538461536
2020-10-10,30.77692307692308,4.092307692307693,493.84615384615387
2020-10-11,31.846153846153847,3.223076923076923,481.2307692307692
2020-10-12,29.13076923076923,5.56923076923077,374.53846153846155
2020-10-13,28.26923076923077,5.5307692307692315,295.9230769230769
2020-10-14,26.653846153846153,4.0,299.61538461538464
2020-10-15,30.23076923076923,2.6769230769230767,490.7692307692308
2020-10-16,31.315384615384616,3.6923076923076925,484.0769230769231
2020-10-17,29.799999999999997,5.707692307692308,419.7692307692308
2020-10-18,29.50769230769231,4.961538461538462,411.84615384615387
2020-10-19,27.923076923076923,6.884615384615385,329.38461538461536
2020-10-20,29.407692307692308,5.661538461538461,439.84615384615387
2020-10-21,30.0,4.3,457.53846153846155
2020-10-22,30.015384615384615,4.038461538461538,420.3076923076923
2020-10-23,29.72307692307692,3.5923076923076924,405.0
2020-10-24,26.95384615384615,7.338461538461539,242.84615384615384
2020-10-25,26.653846153846153,3.376923076923077,241.23076923076923
2020-10-26,29.83076923076923,6.176923076923076,462.0769230769231
2020-10-27,30.66923076923077,5.876923076923077,475.46153846153845
2020-10-28,29.915384615384614,4.153846153846154,434.3076923076923
2020-10-29,25.96153846153846,4.138461538461538,217.46153846153845
2020-10-30,26.384615384615383,4.823076923076923,303.84615384615387
2020-10-31,26.715384615384615,6.953846153846154,329.9230769230769
2020-11-01,25.200000000000003,4.884615384615385,149.76923076923077
2020-11-02,28.5,3.7615384615384615,427.3076923076923
2020-11-03,28.63076923076923,6.0307692307692315,399.84615384615387
2020-11-04,29.084615384615383,4.6230769230769235,394.7692307692308
2020-11-05,26.892307692307693,6.915384615384616,284.46153846153845
2020-11-06,27.307692307692307,3.8153846153846156,356.15384615384613
2020-11-07,28.04615384615385,3.3076923076923075,365.53846153846155
2020-11-08,28.246153846153845,3.3,356.53846153846155
2020-11-09,28.76923076923077,4.461538461538462,380.7692307692308
2020-11-10,28.084615384615386,2.8846153846153846,363.6923076923077
2020-11-11,26.99230769230769,4.453846153846154,296.3076923076923
2020-11-12,27.607692307692307,3.7,367.3076923076923
2020-11-13,24.592307692307692,2.8,108.84615384615384
2020-11-14,25.584615384615386,5.1692307692307695,185.07692307692307
2020-11-15,27.884615384615383,5.2846153846153845,371.84615384615387
2020-11-16,28.638461538461538,5.153846153846154,407.15384615384613
2020-11-17,26.523076923076925,3.646153846153846,229.0
2020-11-18,26.83076923076923,3.5538461538461537,322.3076923076923
2020-11-19,28.00769230769231,4.276923076923077,384.38461538461536
2020-11-20,28.646153846153844,3.230769230769231,420.0
2020-11-21,27.661538461538463,4.0,351.3076923076923
2020-11-22,28.846153846153847,4.2384615384615385,414.84615384615387
2020-11-23,30.023076923076925,3.5999999999999996,442.0
2020-11-24,29.884615384615383,5.846153846153846,420.46153846153845
2020-11-25,29.984615384615385,6.184615384615385,398.9230769230769
2020-11-26,30.838461538461537,8.746153846153847,441.6923076923077
2020-11-27,29.376923076923074,4.861538461538462,407.0769230769231
2020-11-28,28.26153846153846,4.1,299.0769230769231
2020-11-29,30.092307692307692,4.153846153846154,422.3076923076923
2020-11-30,30.799999999999997,5.007692307692308,420.15384615384613
2020-12-01,28.346153846153847,4.2615384615384615,312.9230769230769
2020-12-02,28.515384615384615,2.930769230769231,355.2307692307692
2020-12-03,29.515384615384615,6.6692307692307695,402.0
2020-12-04,30.430769230769233,9.438461538461539,454.2307692307692
2020-12-05,30.930769230769233,8.5,443.6923076923077
2020-12-06,32.03846153846154,6.638461538461538,449.6923076923077
2020-12-07,31.907692307692308,5.56923076923077,404.61538461538464
2020-12-08,31.015384615384615,5.015384615384615,363.0769230769231
2020-12-09,29.43846153846154,6.553846153846154,320.15384615384613
2020-12-10,31.27692307692308,5.984615384615385,416.53846153846155
2020-12-11,32.43846153846154,9.646153846153847,439.9230769230769
2020-12-12,32.43846153846154,10.830769230769231,461.3076923076923
2020-12-13,32.54615384615385,10.415384615384616,465.3076923076923
2020-12-14,32.88461538461539,5.130769230769231,450.0
2020-12-15,32.34615384615385,5.084615384615384,423.46153846153845
2020-12-16,31.423076923076923,6.038461538461538,401.61538461538464
2020-12-17,33.01538461538461,7.376923076923077,401.84615384615387
2020-12-18,33.52307692307692,11.123076923076923,436.46153846153845
2020-12-19,33.40769230769231,12.946153846153846,428.6923076923077
2020-12-20,33.37692307692308,11.507692307692308,445.7692307692308
2020-12-21,33.03076923076923,6.707692307692308,438.53846153846155
2020-12-22,33.66153846153846,7.838461538461539,430.53846153846155
2020-12-23,33.83846153846154,11.246153846153845,420.6923076923077
2020-12-24,33.86923076923077,11.83076923076923,440.2307692307692
2020-12-25,32.684615384615384,10.169230769230769,412.84615384615387
2020-12-26,29.87692307692308,6.4692307692307685,374.38461538461536
2020-12-27,29.692307692307693,7.223076923076923,384.46153846153845
2020-12-28,29.676923076923078,5.023076923076923,416.7692307692308
2020-12-29,30.915384615384614,5.953846153846154,424.15384615384613
2020-12-30,32.16153846153846,9.746153846153847,443.2307692307692
2020-12-31,32.88461538461539,11.753846153846155,461.0
2021-01-01,32.95384615384615,13.884615384615385,440.53846153846155
2021-01-02,33.40769230769231,13.507692307692308,449.0769230769231
2021-01-03,33.05384615384615,15.376923076923077,462.0
2021-01-04,32.23076923076923,11.561538461538463,478.53846153846155
2021-01-05,32.26923076923077,7.823076923076924,482.0769230769231
2021-01-06,31.592307692307692,4.476923076923077,470.7692307692308
2021-01-07,31.63076923076923,4.053846153846154,409.53846153846155
2021-01-08,32.6,5.484615384615385,383.0769230769231
2021-01-09,30.853846153846156,6.261538461538462,379.2307692307692
2021-01-10,32.207692307692305,7.6,422.2307692307692
2021-01-11,33.38461538461539,10.069230769230769,409.3076923076923
2021-01-12,33.676923076923075,15.046153846153846,458.46153846153845
2021-01-13,33.45384615384615,7.3076923076923075,460.84615384615387
2021-01-14,32.8,6.230769230769231,473.9230769230769
2021-01-15,32.9,4.607692307692307,482.9230769230769
2021-01-16,32.00769230769231,7.4,447.38461538461536
2021-01-17,33.26923076923077,4.538461538461538,475.6923076923077
2021-01-18,33.03076923076923,11.576923076923077,475.46153846153845
2021-01-19,33.276923076923076,19.607692307692307,493.3076923076923
2021-01-20,33.8,15.646153846153847,474.53846153846155
2021-01-21,33.838461538461544,13.953846153846154,462.61538461538464
2021-01-22,33.815384615384616,9.307692307692308,485.84615384615387
2021-01-23,33.88461538461539,4.430769230769231,486.0769230769231
2021-01-24,34.26923076923077,9.384615384615385,478.53846153846155
2021-01-25,33.86153846153846,18.107692307692307,464.9230769230769
2021-01-26,33.99230769230769,17.43076923076923,491.0
2021-01-27,33.84615384615385,13.13846153846154,486.9230769230769
2021-01-28,33.80769230769231,12.215384615384616,500.0769230769231
2021-01-29,33.56153846153846,13.423076923076923,481.3076923076923
2021-01-30,33.58461538461539,19.63076923076923,500.0
2021-01-31,34.40769230769231,11.192307692307692,476.3076923076923
2021-02-01,34.87692307692308,7.892307692307692,466.7692307692308
2021-02-02,32.95384615384615,7.361538461538462,441.6923076923077
2021-02-03,33.98461538461539,3.9153846153846152,483.0769230769231
2021-02-04,34.52307692307692,4.138461538461538,488.61538461538464
2021-02-05,34.50769230769231,3.784615384615385,478.2307692307692
2021-02-06,34.93846153846154,6.4692307692307685,484.38461538461536
2021-02-07,34.54615384615385,9.592307692307692,496.84615384615387
2021-02-08,34.753846153846155,7.6461538461538465,490.53846153846155
2021-02-09,34.16153846153846,11.63076923076923,487.0
2021-02-10,34.23076923076923,8.36923076923077,480.84615384615387
2021-02-11,34.63076923076923,11.015384615384615,511.61538461538464
2021-02-12,33.98461538461539,7.276923076923077,480.0769230769231
2021-02-13,33.353846153846156,5.8076923076923075,433.0769230769231
2021-02-14,31.638461538461538,5.446153846153846,357.6923076923077
2021-02-15,33.723076923076924,3.838461538461538,435.6923076923077
2021-02-16,33.13846153846154,7.092307692307693,453.0
2021-02-17,33.14615384615385,5.461538461538462,446.84615384615387
2021-02-18,34.19230769230769,12.646153846153847,525.2307692307693
2021-02-19,33.80769230769231,5.276923076923077,519.5384615384615
2021-02-20,33.84615384615385,6.423076923076923,478.84615384615387
2021-02-21,33.207692307692305,7.238461538461538,459.61538461538464
2021-02-22,33.892307692307696,15.207692307692307,494.53846153846155
2021-02-23,34.4,8.553846153846154,478.53846153846155
2021-02-24,35.253846153846155,17.015384615384615,506.0
2021-02-25,34.94615384615385,19.076923076923077,463.9230769230769
2021-02-26,34.669230769230765,18.276923076923076,469.0
2021-02-27,34.03076923076923,20.200000000000003,502.3076923076923
2021-02-28,34.43846153846154,20.6,531.3076923076923
2021-03-01,34.315384615384616,19.200000000000003,541.0
2021-03-02,33.830769230769235,15.315384615384614,543.1538461538462
2021-03-03,34.65384615384615,10.184615384615386,542.2307692307693
2021-03-04,33.784615384615385,5.453846153846154,536.0
2021-03-05,33.76923076923077,6.43076923076923,514.5384615384615
2021-03-06,34.03076923076923,5.515384615384615,497.7692307692308
2021-03-07,34.36153846153846,6.092307692307693,443.2307692307692
2021-03-08,34.61538461538461,9.423076923076923,402.7692307692308
2021-03-09,33.51538461538461,14.26923076923077,424.7692307692308
2021-03-10,34.30769230769231,15.346153846153847,515.8461538461538
2021-03-11,32.46923076923077,5.423076923076923,433.3076923076923
2021-03-12,31.892307692307693,5.323076923076924,451.38461538461536
2021-03-13,33.26153846153846,6.5307692307692315,455.0769230769231
2021-03-14,33.83846153846154,9.353846153846153,467.2307692307692
2021-03-15,34.215384615384615,11.346153846153847,477.15384615384613
2021-03-16,31.96153846153846,6.161538461538461,399.84615384615387
2021-03-17,32.215384615384615,7.161538461538461,409.6923076923077
2021-03-18,31.846153846153847,6.476923076923077,372.6923076923077
2021-03-19,31.49230769230769,4.684615384615385,462.2307692307692
2021-03-20,33.37692307692308,9.192307692307692,494.61538461538464
2021-03-21,34.184615384615384,8.653846153846153,516.5384615384615
2021-03-22,32.792307692307695,11.46923076923077,435.84615384615387
2021-03-23,30.384615384615383,6.607692307692308,416.7692307692308
2021-03-24,31.407692307692308,8.069230769230769,454.46153846153845
2021-03-25,33.12307692307692,7.300000000000001,444.0
2021-03-26,33.792307692307695,17.415384615384617,514.6923076923077
2021-03-27,33.43846153846154,16.63076923076923,486.2307692307692
2021-03-28,34.42307692307692,17.515384615384615,473.9230769230769
2021-03-29,35.23076923076923,16.184615384615384,474.6923076923077
2021-03-30,35.184615384615384,13.86153846153846,465.84615384615387
2021-03-31,35.169230769230765,12.607692307692307,428.2307692307692
2021-04-01,34.52307692307692,8.938461538461539,428.84615384615387
2021-04-02,33.41538461538461,8.315384615384614,411.9230769230769
2021-04-03,30.99230769230769,5.184615384615385,416.7692307692308
2021-04-04,32.4923076923077,8.307692307692308,417.38461538461536
2021-04-05,32.23076923076923,6.684615384615385,427.61538461538464
2021-04-06,29.4,4.2,329.6923076923077
2021-04-07,26.86923076923077,3.4076923076923076,193.6153846153846
2021-04-08,29.646153846153844,8.215384615384615,396.15384615384613
2021-04-09,27.815384615384616,3.6153846153846154,236.15384615384616
2021-04-10,29.00769230769231,3.5615384615384613,375.7692307692308
2021-04-11,31.200000000000003,4.776923076923077,461.7692307692308
2021-04-12,32.02307692307692,3.6384615384615384,473.15384615384613
2021-04-13,30.746153846153845,4.6230769230769235,458.0
2021-04-14,30.54615384615385,4.915384615384616,326.53846153846155
2021-04-15,32.2,6.015384615384615,453.6923076923077
2021-04-16,29.26923076923077,5.8076923076923075,281.9230769230769
2021-04-17,30.46153846153846,3.9692307692307693,382.61538461538464
2021-04-18,31.27692307692308,4.9692307692307685,458.9230769230769
2021-04-19,31.876923076923074,5.976923076923077,498.61538461538464
2021-04-20,33.63846153846154,4.661538461538461,516.6153846153846
2021-04-21,33.107692307692304,4.2153846153846155,499.46153846153845
2021-04-22,34.07692307692308,5.176923076923076,506.3076923076923
2021-04-23,34.76923076923077,5.246153846153846,513.6923076923077
2021-04-24,32.84615384615385,5.6923076923076925,481.2307692307692
2021-04-25,32.823076923076925,7.084615384615384,475.84615384615387
2021-04-26,33.03076923076923,5.046153846153846,456.46153846153845
2021-04-27,30.115384615384617,6.938461538461539,336.53846153846155
2021-04-28,25.63076923076923,6.230769230769231,212.23076923076923
2021-04-29,28.299999999999997,3.423076923076923,439.15384615384613
2021-04-30,28.138461538461538,4.984615384615385,388.6923076923077
2021-05-01,29.03846153846154,4.907692307692307,461.38461538461536
2021-05-02,27.45384615384615,4.046153846153846,319.0
2021-05-03,26.46923076923077,3.023076923076923,211.3846153846154
2021-05-04,26.576923076923077,3.930769230769231,308.38461538461536
2021-05-05,28.9,3.223076923076923,455.38461538461536
2021-05-06,28.06153846153846,4.853846153846154,414.46153846153845
2021-05-07,27.384615384615383,2.9692307692307693,376.2307692307692
2021-05-08,28.96153846153846,4.992307692307692,471.0
2021-05-09,28.153846153846153,10.207692307692307,387.84615384615387
2021-05-10,30.6,3.276923076923077,461.3076923076923
2021-05-11,31.930769230769233,5.946153846153846,515.1538461538462
2021-05-12,32.107692307692304,2.8846153846153846,506.53846153846155
2021-05-13,32.91538461538462,5.976923076923077,513.9230769230769
2021-05-14,34.04615384615384,8.507692307692308,545.5384615384615
2021-05-15,33.92307692307692,7.923076923076923,537.0
2021-05-16,32.40769230769231,7.323076923076924,436.6923076923077
2021-05-17,29.092307692307692,5.1461538461538465,305.3076923076923
2021-05-18,28.976923076923075,6.4692307692307685,352.7692307692308
2021-05-19,31.215384615384615,3.876923076923077,490.84615384615387
2021-05-20,33.03846153846154,4.130769230769231,503.0769230769231
2021-05-21,34.146153846153844,6.261538461538462,471.46153846153845
2021-05-22,32.176923076923075,5.515384615384615,436.15384615384613
2021-05-23,31.923076923076923,5.1923076923076925,375.6923076923077
2021-05-24,31.646153846153844,6.053846153846154,464.7692307692308
2021-05-25,30.430769230769233,6.130769230769231,376.2307692307692
2021-05-26,34.13846153846154,5.992307692307692,513.0769230769231
2021-05-27,32.49230769230769,5.56923076923077,486.2307692307692
2021-05-28,29.807692307692307,4.592307692307693,388.2307692307692
2021-05-29,26.715384615384615,4.292307692307693,236.53846153846155
2021-05-30,28.76923076923077,5.476923076923077,416.0
2021-05-31,30.338461538461537,5.153846153846154,482.0769230769231
2021-06-01,27.76153846153846,4.069230769230769,274.15384615384613
2021-06-02,28.923076923076923,4.061538461538461,312.15384615384613
2021-06-03,30.49230769230769,4.8076923076923075,465.7692307692308
2021-06-04,30.338461538461537,5.553846153846154,440.53846153846155
2021-06-05,30.253846153846155,4.092307692307693,350.9230769230769
2021-06-06,30.16923076923077,2.430769230769231,407.53846153846155
2021-06-07,28.253846153846155,4.992307692307692,266.2307692307692
2021-06-08,28.86923076923077,4.530769230769231,397.7692307692308
2021-06-09,26.638461538461538,4.230769230769231,241.6153846153846
2021-06-10,29.26153846153846,2.946153846153846,445.3076923076923
2021-06-11,29.884615384615383,3.753846153846154,469.7692307692308
2021-06-12,28.715384615384615,5.638461538461538,369.53846153846155
2021-06-13,28.607692307692307,4.746153846153846,357.53846153846155
2021-06-14,27.45384615384615,3.984615384615385,349.0769230769231
2021-06-15,28.076923076923077,2.9000000000000004,398.2307692307692
2021-06-16,30.023076923076925,4.2384615384615385,490.7692307692308
2021-06-17,31.54615384615385,4.1692307692307695,486.84615384615387
2021-06-18,29.49230769230769,3.230769230769231,368.0
2021-06-19,31.553846153846152,5.269230769230769,466.3076923076923
2021-06-20,32.53846153846154,4.815384615384615,464.53846153846155
2021-06-21,30.9,4.184615384615385,425.6923076923077
2021-06-22,29.907692307692308,4.93076923076923,383.7692307692308
2021-06-23,29.192307692307693,4.553846153846154,385.84615384615387
2021-06-24,27.54615384615385,5.9692307692307685,292.15384615384613
2021-06-25,29.623076923076926,3.930769230769231,447.15384615384613
2021-06-26,28.353846153846156,4.838461538461538,336.15384615384613
2021-06-27,29.1,2.9384615384615387,433.0
2021-06-28,30.884615384615383,3.4846153846153842,468.6923076923077
2021-06-29,33.42307692307692,4.223076923076923,517.6923076923077
2021-06-30,33.184615384615384,5.338461538461539,498.53846153846155
2021-07-01,28.807692307692307,5.538461538461538,396.46153846153845
2021-07-02,28.076923076923077,3.2615384615384615,364.3076923076923
2021-07-03,29.22307692307692,4.769230769230769,433.2307692307692
2021-07-04,28.56153846153846,2.9846153846153842,379.0769230769231
2021-07-05,29.792307692307695,4.4,456.7692307692308
2021-07-06,30.45384615384615,3.769230769230769,492.38461538461536
2021-07-07,32.63076923076923,4.246153846153846,496.6923076923077
2021-07-08,33.76153846153846,9.953846153846154,504.9230769230769
2021-07-09,33.53846153846154,10.815384615384614,491.15384615384613
2021-07-10,28.584615384615386,5.076923076923077,239.6153846153846
2021-07-11,28.076923076923077,6.276923076923077,264.53846153846155
2021-07-12,33.38461538461539,3.3307692307692305,522.5384615384615
2021-07-13,33.7,6.1692307692307695,505.53846153846155
2021-07-14,33.99230769230769,6.723076923076923,502.3076923076923
2021-07-15,33.715384615384615,4.530769230769231,476.46153846153845
2021-07-16,33.13846153846154,4.015384615384615,473.0
2021-07-17,32.97692307692308,5.615384615384615,444.6923076923077
2021-07-18,35.16153846153846,8.892307692307693,525.6153846153846
2021-07-19,32.94615384615385,5.3307692307692305,495.15384615384613
2021-07-20,35.95384615384615,9.146153846153847,507.46153846153845
2021-07-21,36.392307692307696,16.684615384615384,524.3076923076923
2021-07-22,36.46153846153846,12.100000000000001,519.1538461538462
2021-07-23,34.53846153846154,5.761538461538462,464.53846153846155
2021-07-24,29.376923076923074,8.023076923076923,316.84615384615387
2021-07-25,25.77692307692308,6.323076923076924,166.6153846153846
2021-07-26,28.299999999999997,3.076923076923077,434.9230769230769
2021-07-27,27.576923076923077,3.276923076923077,340.0769230769231
2021-07-28,28.876923076923074,4.0,441.7692307692308
2021-07-29,31.299999999999997,5.815384615384615,512.4615384615385
2021-07-30,29.23076923076923,4.769230769230769,416.0769230769231
2021-07-31,31.13076923076923,4.046153846153846,527.9230769230769
2021-08-01,32.292307692307695,4.130769230769231,528.3076923076923
2021-08-02,29.615384615384617,2.8615384615384616,382.6923076923077
2021-08-03,29.4,5.346153846153846,369.0
2021-08-04,28.284615384615385,4.707692307692308,300.7692307692308
2021-08-05,32.44615384615385,5.884615384615385,529.7692307692307
2021-08-06,32.323076923076925,5.746153846153846,515.3076923076923
2021-08-07,30.384615384615383,5.915384615384616,430.0
2021-08-08,29.515384615384615,4.7846153846153845,471.6923076923077
2021-08-09,31.284615384615385,5.007692307692308,498.84615384615387
2021-08-10,30.846153846153847,6.561538461538461,463.15384615384613
2021-08-11,27.907692307692308,4.823076923076924,327.2307692307692
2021-08-12,29.161538461538463,3.7,449.0769230769231
2021-08-13,27.515384615384615,5.592307692307693,328.38461538461536
2021-08-14,27.746153846153845,3.646153846153846,366.6923076923077
2021-08-15,28.53076923076923,3.230769230769231,354.2307692307692
2021-08-16,28.053846153846152,3.0076923076923077,378.9230769230769
2021-08-17,27.284615384615385,3.2615384615384615,371.9230769230769
2021-08-18,28.553846153846152,3.353846153846154,458.0769230769231
2021-08-19,27.684615384615384,3.923076923076923,376.53846153846155
2021-08-20,26.907692307692308,4.076923076923077,380.9230769230769
2021-08-21,28.823076923076922,2.646153846153846,474.15384615384613
2021-08-22,29.861538461538462,4.292307692307692,469.53846153846155
2021-08-23,28.392307692307693,4.507692307692308,387.61538461538464
2021-08-24,27.22307692307692,5.661538461538461,275.7692307692308
2021-08-25,27.16923076923077,3.630769230769231,311.84615384615387
2021-08-26,28.607692307692307,4.523076923076923,410.2307692307692
2021-08-27,28.715384615384615,4.1923076923076925,468.3076923076923
2021-08-28,29.76153846153846,4.730769230769231,466.0
2021-08-29,31.1,5.699999999999999,511.38461538461536
2021-08-30,27.623076923076926,4.9692307692307685,298.84615384615387
2021-08-31,25.04615384615385,4.961538461538462,143.3846153846154
2021-09-01,27.853846153846156,3.207692307692308,404.84615384615387
2021-09-02,29.976923076923075,4.453846153846154,489.15384615384613
2021-09-03,31.138461538461538,3.9846153846153842,494.0
2021-09-04,30.307692307692307,5.076923076923077,487.38461538461536
2021-09-05,27.476923076923075,4.084615384615384,336.38461538461536
2021-09-06,28.623076923076926,2.5384615384615383,455.38461538461536
2021-09-07,27.153846153846153,4.653846153846154,360.38461538461536
2021-09-08,28.415384615384614,4.276923076923077,380.7692307692308
2021-09-09,29.738461538461536,2.5384615384615383,475.53846153846155
2021-09-10,31.292307692307695,4.053846153846154,526.1538461538462
2021-09-11,28.746153846153845,3.6538461538461537,389.38461538461536
2021-09-12,28.45384615384615,3.553846153846154,392.9230769230769
2021-09-13,29.215384615384615,4.030769230769231,418.0769230769231
2021-09-14,28.246153846153845,4.153846153846154,407.38461538461536
2021-09-15,28.638461538461538,2.3846153846153846,391.2307692307692
2021-09-16,30.084615384615386,3.5,477.3076923076923
2021-09-17,31.553846153846152,4.023076923076923,507.15384615384613
2021-09-18,31.930769230769233,4.207692307692308,499.0
2021-09-19,28.553846153846152,4.007692307692308,436.84615384615387
2021-09-20,29.33076923076923,4.2,440.6923076923077
2021-09-21,29.33076923076923,4.5,415.53846153846155
2021-09-22,27.415384615384614,4.684615384615385,363.7692307692308
2021-09-23,26.930769230769233,3.8846153846153846,297.53846153846155
2021-09-24,28.72307692307692,2.630769230769231,412.46153846153845
2021-09-25,30.807692307692307,2.8923076923076922,489.7692307692308
2021-09-26,31.084615384615386,3.246153846153846,498.7692307692308
2021-09-27,31.76923076923077,4.076923076923077,498.0
2021-09-28,28.715384615384615,6.615384615384615,387.46153846153845
2021-09-29,27.415384615384614,3.9384615384615387,322.38461538461536
2021-09-30,27.307692307692307,3.4538461538461536,407.15384615384613
2021-10-01,28.023076923076925,3.076923076923077,448.2307692307692
2021-10-02,29.892307692307693,3.946153846153846,493.3076923076923
2021-10-03,29.86923076923077,4.853846153846154,468.0
2021-10-04,29.253846153846155,4.4,441.2307692307692
2021-10-05,28.484615384615385,3.3538461538461535,368.7692307692308
2021-10-06,29.26153846153846,3.4692307692307693,426.9230769230769
2021-10-07,30.53846153846154,5.130769230769231,490.6923076923077
2021-10-08,29.884615384615383,4.653846153846154,461.2307692307692
2021-10-09,28.423076923076923,3.6692307692307695,391.7692307692308
2021-10-10,27.523076923076925,2.630769230769231,248.0
2021-10-11,28.153846153846153,3.8307692307692305,370.7692307692308
2021-10-12,28.50769230769231,3.746153846153846,408.2307692307692
2021-10-13,27.153846153846153,4.353846153846154,315.84615384615387
2021-10-14,29.384615384615383,4.161538461538462,436.53846153846155
2021-10-15,27.646153846153844,4.584615384615384,374.6923076923077
2021-10-16,26.907692307692308,5.8538461538461535,344.3076923076923
2021-10-17,26.569230769230767,4.3,287.53846153846155
2021-10-18,28.26153846153846,2.9076923076923076,457.2307692307692
2021-10-19,28.946153846153848,4.353846153846154,454.84615384615387
2021-10-20,28.484615384615385,4.1692307692307695,435.2307692307692
2021-10-21,28.00769230769231,2.9846153846153842,435.38461538461536
2021-10-22,28.053846153846152,2.6076923076923078,413.7692307692308
2021-10-23,28.430769230769233,3.3076923076923075,409.61538461538464
2021-10-24,27.707692307692305,4.707692307692308,364.7692307692308
2021-10-25,29.49230769230769,5.246153846153846,470.2307692307692
2021-10-26,29.176923076923078,3.8461538461538463,436.9230769230769
2021-10-27,27.86923076923077,4.923076923076923,366.53846153846155
2021-10-28,27.692307692307693,4.2615384615384615,355.3076923076923
2021-10-29,26.338461538461537,7.053846153846154,241.15384615384616
2021-10-30,27.323076923076922,4.0,358.9230769230769
2021-10-31,26.6,3.146153846153846,314.6923076923077
2021-11-01,26.9,3.9153846153846152,342.7692307692308
2021-11-02,27.646153846153844,4.9,361.0769230769231
2021-11-03,26.715384615384615,5.638461538461538,377.46153846153845
2021-11-04,28.49230769230769,3.1692307692307695,457.61538461538464
2021-11-05,29.0,2.7,453.3076923076923
2021-11-06,29.546153846153842,3.4384615384615387,463.15384615384613
2021-11-07,29.846153846153847,3.6923076923076925,465.38461538461536
2021-11-08,26.923076923076923,3.1692307692307695,332.3076923076923
2021-11-09,28.53846153846154,3.6846153846153844,437.0769230769231
2021-11-10,28.96923076923077,5.238461538461538,449.15384615384613
2021-11-11,28.884615384615383,2.769230769230769,479.6923076923077
2021-11-12,29.46153846153846,4.9692307692307685,462.2307692307692
2021-11-13,29.884615384615383,4.615384615384615,472.0
2021-11-14,29.161538461538463,3.476923076923077,446.7692307692308
2021-11-15,29.684615384615384,5.153846153846154,440.0769230769231
2021-11-16,30.215384615384615,3.6692307692307695,467.6923076923077
2021-11-17,30.930769230769233,6.269230769230769,488.84615384615387
2021-11-18,29.77692307692308,4.730769230769231,462.84615384615387
2021-11-19,29.807692307692307,6.1,431.9230769230769
2021-11-20,29.292307692307695,3.230769230769231,451.0769230769231
2021-11-21,28.50769230769231,5.038461538461538,431.0
2021-11-22,27.56153846153846,4.3307692307692305,292.46153846153845
2021-11-23,26.661538461538463,3.646153846153846,341.61538461538464
2021-11-24,26.907692307692308,4.176923076923077,323.53846153846155
2021-11-25,27.95384615384615,6.838461538461539,413.7692307692308
2021-11-26,26.592307692307692,5.038461538461538,313.84615384615387
2021-11-27,27.638461538461538,5.238461538461538,395.3076923076923
2021-11-28,28.976923076923075,5.638461538461538,431.61538461538464
2021-11-29,29.16923076923077,5.230769230769231,419.61538461538464
2021-11-30,28.607692307692307,2.623076923076923,333.3076923076923
2021-12-01,28.107692307692307,4.4,411.9230769230769
2021-12-02,28.96153846153846,3.1384615384615384,441.7692307692308
2021-12-03,30.76923076923077,6.984615384615385,456.2307692307692
2021-12-04,30.138461538461538,4.446153846153846,417.9230769230769
2021-12-05,30.83076923076923,4.553846153846154,416.38461538461536
2021-12-06,31.23846153846154,6.661538461538461,450.7692307692308
2021-12-07,31.23076923076923,8.015384615384615,450.61538461538464
2021-12-08,31.384615384615383,12.392307692307693,453.3076923076923
2021-12-09,31.892307692307693,12.738461538461538,458.53846153846155
2021-12-10,31.815384615384616,10.738461538461538,463.53846153846155
2021-12-11,31.392307692307693,11.538461538461538,430.7692307692308
2021-12-12,30.484615384615385,8.015384615384615,403.61538461538464
2021-12-13,30.53076923076923,4.1923076923076925,452.7692307692308
2021-12-14,31.353846153846156,4.907692307692307,440.38461538461536
2021-12-15,31.184615384615388,4.853846153846154,413.2307692307692
2021-12-16,31.46153846153846,6.376923076923077,426.53846153846155
2021-12-17,32.41538461538461,12.03076923076923,405.3076923076923
2021-12-18,32.63846153846154,10.946153846153846,402.9230769230769
2021-12-19,32.84615384615385,7.553846153846154,445.84615384615387
2021-12-20,31.430769230769233,7.392307692307692,413.6923076923077
2021-12-21,29.515384615384615,7.107692307692308,380.46153846153845
2021-12-22,27.653846153846153,4.676923076923076,319.3076923076923
2021-12-23,28.93846153846154,3.6769230769230767,387.2307692307692
2021-12-24,30.26923076923077,4.038461538461538,402.15384615384613
2021-12-25,31.107692307692307,5.176923076923076,435.0
2021-12-26,31.73846153846154,4.8,430.2307692307692
2021-12-27,31.4,4.853846153846154,424.53846153846155
2021-12-28,32.46923076923077,8.623076923076923,443.9230769230769
2021-12-29,33.36923076923077,7.723076923076923,454.0769230769231
2021-12-30,32.37692307692308,5.292307692307692,432.0
2021-12-31,32.69230769230769,11.36923076923077,461.0
2022-01-01,33.46153846153846,6.961538461538462,456.2307692307692
2022-01-02,33.16153846153846,6.0,458.61538461538464
2022-01-03,32.76153846153846,9.276923076923076,462.84615384615387
2022-01-04,32.892307692307696,15.161538461538461,472.0
2022-01-05,32.776923076923076,12.546153846153846,475.7692307692308
2022-01-06,33.04615384615385,6.038461538461538,476.53846153846155
2022-01-07,32.04615384615385,5.369230769230769,455.0769230769231
2022-01-08,32.84615384615385,10.146153846153847,426.53846153846155
2022-01-09,32.92307692307692,16.846153846153847,468.53846153846155
2022-01-10,32.80769230769231,11.553846153846154,444.0769230769231
2022-01-11,31.807692307692307,8.292307692307691,349.15384615384613
2022-01-12,32.03846153846154,6.976923076923077,459.46153846153845
2022-01-13,30.83846153846154,5.876923076923077,431.84615384615387
2022-01-14,29.1,3.4923076923076923,429.53846153846155
2022-01-15,31.86923076923077,5.661538461538461,466.0
2022-01-16,31.853846153846156,5.076923076923077,455.2307692307692
2022-01-17,32.146153846153844,4.053846153846154,450.38461538461536
2022-01-18,32.36153846153846,4.569230769230769,427.9230769230769
2022-01-19,33.56153846153846,10.899999999999999,476.15384615384613
2022-01-20,34.56153846153846,8.784615384615385,458.6923076923077
2022-01-21,34.63076923076923,8.561538461538461,465.53846153846155
2022-01-22,33.699999999999996,9.661538461538461,460.15384615384613
2022-01-23,32.838461538461544,5.138461538461538,469.53846153846155
2022-01-24,33.161538461538456,6.800000000000001,464.7692307692308
2022-01-25,33.48461538461539,4.2615384615384615,467.38461538461536
2022-01-26,32.707692307692305,4.361538461538462,456.0
2022-01-27,33.93076923076923,8.107692307692307,486.0769230769231
2022-01-28,32.73076923076923,4.230769230769231,494.9230769230769
2022-01-29,31.869230769230764,3.8307692307692305,465.53846153846155
2022-01-30,32.315384615384616,6.615384615384615,457.38461538461536
2022-01-31,32.315384615384616,5.007692307692308,483.53846153846155
2022-02-01,32.83846153846154,5.261538461538462,474.2307692307692
2022-02-02,33.86923076923077,4.415384615384616,485.9230769230769
2022-02-03,34.815384615384616,5.676923076923076,496.53846153846155
2022-02-04,34.34615384615385,9.569230769230769,466.38461538461536
2022-02-05,33.51538461538461,10.053846153846154,483.7692307692308
2022-02-06,33.58461538461539,5.892307692307692,494.46153846153845
2022-02-07,32.73846153846154,6.5307692307692315,429.61538461538464
2022-02-08,30.638461538461538,6.0307692307692315,409.61538461538464
2022-02-09,29.930769230769233,4.530769230769231,442.0
2022-02-10,31.72307692307692,8.676923076923076,482.46153846153845
2022-02-11,32.669230769230765,12.853846153846153,503.84615384615387
2022-02-12,33.207692307692305,10.930769230769231,492.61538461538464
2022-02-13,33.53076923076923,9.915384615384616,483.0
2022-02-14,33.107692307692304,10.507692307692308,477.3076923076923
2022-02-15,33.246153846153845,17.66923076923077,502.3076923076923
2022-02-16,33.823076923076925,18.184615384615384,499.46153846153845
2022-02-17,34.43076923076923,14.884615384615385,496.6923076923077
2022-02-18,34.02307692307692,14.86153846153846,500.7692307692308
2022-02-19,33.207692307692305,11.7,425.2307692307692
2022-02-20,33.56923076923077,16.853846153846153,508.6923076923077
2022-02-21,33.44615384615385,16.9,510.2307692307692
2022-02-22,33.753846153846155,17.06923076923077,492.3076923076923
2022-02-23,34.107692307692304,16.06153846153846,496.61538461538464
2022-02-24,33.95384615384615,15.546153846153846,513.1538461538462
2022-02-25,33.86153846153846,18.107692307692307,485.6923076923077
2022-02-26,33.93846153846154,12.476923076923075,478.0
2022-02-27,33.43076923076923,10.423076923076923,391.0769230769231
2022-02-28,28.515384615384615,3.576923076923077,347.2307692307692
2022-03-01,29.26923076923077,3.9384615384615387,429.61538461538464
2022-03-02,30.0,6.615384615384615,401.2307692307692
2022-03-03,30.838461538461537,5.9692307692307685,474.84615384615387
2022-03-04,31.292307692307695,6.584615384615384,472.15384615384613
2022-03-05,30.253846153846155,4.630769230769231,458.15384615384613
2022-03-06,29.284615384615385,3.0153846153846158,413.61538461538464
2022-03-07,29.26923076923077,3.623076923076923,472.7692307692308
2022-03-08,31.6,7.861538461538462,503.84615384615387
2022-03-09,32.223076923076924,8.138461538461538,505.0
2022-03-10,30.746153846153845,7.607692307692308,460.0
2022-03-11,29.83076923076923,4.3,475.0769230769231
2022-03-12,29.9,3.8615384615384616,440.0
2022-03-13,27.96153846153846,6.376923076923077,381.6923076923077
2022-03-14,31.623076923076926,11.86153846153846,512.4615384615385
2022-03-15,31.823076923076922,11.146153846153847,511.3076923076923
2022-03-16,31.623076923076926,3.1923076923076925,494.9230769230769
2022-03-17,31.984615384615385,6.246153846153846,488.2307692307692
2022-03-18,33.30769230769231,6.107692307692307,499.38461538461536
2022-03-19,34.0,9.86153846153846,507.61538461538464
2022-03-20,33.43076923076923,5.915384615384616,424.15384615384613
2022-03-21,34.315384615384616,8.161538461538461,503.15384615384613
2022-03-22,34.53846153846154,12.553846153846154,516.1538461538462
2022-03-23,34.86923076923077,12.915384615384616,502.0769230769231
2022-03-24,34.80769230769231,10.86153846153846,516.5384615384615
2022-03-25,34.09230769230769,7.384615384615385,512.6153846153846
2022-03-26,32.23076923076923,7.092307692307693,438.53846153846155
2022-03-27,29.246153846153845,4.630769230769231,391.84615384615387
2022-03-28,30.746153846153845,11.676923076923078,390.0769230769231
2022-03-29,33.15384615384615,10.838461538461539,477.46153846153845
2022-03-30,30.96153846153846,5.6,367.38461538461536
2022-03-31,32.73076923076923,11.415384615384616,450.84615384615387
2022-04-01,30.43846153846154,6.4,397.46153846153845
2022-04-02,30.99230769230769,7.984615384615385,421.0
2022-04-03,30.584615384615383,5.053846153846154,406.3076923076923
2022-04-04,28.069230769230767,4.161538461538462,330.53846153846155
2022-04-05,28.923076923076923,4.430769230769231,423.53846153846155
2022-04-06,30.069230769230767,3.8461538461538463,464.84615384615387
2022-04-07,29.246153846153845,5.661538461538461,439.2307692307692
2022-04-08,29.384615384615383,6.06923076923077,448.7692307692308
2022-04-09,30.753846153846155,5.161538461538461,509.61538461538464
2022-04-10,31.0,5.176923076923076,506.0
2022-04-11,32.23076923076923,6.4,496.84615384615387
2022-04-12,33.207692307692305,11.192307692307692,528.0
2022-04-13,32.96923076923077,3.523076923076923,522.2307692307693
2022-04-14,32.23076923076923,5.138461538461538,503.46153846153845
2022-04-15,31.76923076923077,5.392307692307692,496.61538461538464
2022-04-16,30.584615384615386,5.730769230769231,464.15384615384613
2022-04-17,27.853846153846156,6.199999999999999,413.15384615384613
2022-04-18,27.946153846153848,4.484615384615385,430.46153846153845
2022-04-19,26.607692307692307,4.646153846153846,252.23076923076923
2022-04-20,26.638461538461538,3.784615384615385,397.53846153846155
2022-04-21,26.192307692307693,3.4076923076923076,303.0769230769231
2022-04-22,25.323076923076922,7.523076923076923,311.61538461538464
2022-04-23,27.123076923076926,4.253846153846154,487.61538461538464
2022-04-24,28.838461538461537,4.976923076923077,490.3076923076923
2022-04-25,27.053846153846152,6.092307692307693,334.3076923076923
2022-04-26,28.638461538461538,6.884615384615385,459.38461538461536
2022-04-27,28.607692307692307,5.584615384615384,470.0769230769231
2022-04-28,27.076923076923077,4.115384615384615,270.84615384615387
2022-04-29,28.292307692307695,4.269230769230769,379.0769230769231
2022-04-30,29.26153846153846,3.230769230769231,417.15384615384613
2022-05-01,29.107692307692307,2.946153846153846,354.3076923076923
2022-05-02,29.415384615384614,2.8230769230769233,447.7692307692308
2022-05-03,31.176923076923078,4.369230769230769,527.8461538461538
2022-05-04,31.646153846153844,4.2,516.3076923076923
2022-05-05,28.77692307692308,4.407692307692307,430.3076923076923
2022-05-06,24.73076923076923,4.030769230769231,143.07692307692307
2022-05-07,26.715384615384615,2.8076923076923075,243.23076923076923
2022-05-08,29.930769230769233,4.184615384615385,500.53846153846155
2022-05-09,29.423076923076923,4.838461538461538,440.0
2022-05-10,26.76923076923077,5.023076923076923,304.61538461538464
2022-05-11,26.54615384615385,3.946153846153846,290.3076923076923
2022-05-12,28.715384615384615,2.9615384615384617,446.84615384615387
2022-05-13,29.27692307692308,4.430769230769231,422.7692307692308
2022-05-14,28.823076923076922,2.3692307692307693,450.38461538461536
2022-05-15,28.384615384615383,3.630769230769231,386.7692307692308
2022-05-16,29.161538461538463,3.9615384615384617,397.46153846153845
2022-05-17,27.176923076923078,4.7384615384615385,281.0769230769231
2022-05-18,28.192307692307693,4.069230769230769,420.15384615384613
2022-05-19,28.54615384615385,3.8615384615384616,370.2307692307692
2022-05-20,28.646153846153844,4.2846153846153845,438.3076923076923
2022-05-21,29.707692307692305,3.230769230769231,527.6153846153846
2022-05-22,31.1,5.476923076923077,535.7692307692307
2022-05-23,29.984615384615385,3.43076923076923,507.15384615384613
2022-05-24,28.246153846153845,3.3923076923076922,415.6923076923077
2022-05-25,28.292307692307695,4.053846153846154,337.9230769230769
2022-05-26,27.715384615384615,2.3076923076923075,372.9230769230769
2022-05-27,28.799999999999997,3.4000000000000004,411.7692307692308
2022-05-28,29.707692307692305,5.199999999999999,496.0
2022-05-29,29.176923076923078,3.569230769230769,496.61538461538464
2022-05-30,28.884615384615383,4.9,451.38461538461536
2022-05-31,27.984615384615385,4.292307692307692,422.7692307692308
2022-06-01,29.484615384615385,4.984615384615385,527.1538461538462
2022-06-02,27.53846153846154,3.7,417.6923076923077
2022-06-03,26.123076923076926,4.592307692307693,275.7692307692308
2022-06-04,26.72307692307692,2.161538461538462,281.53846153846155
2022-06-05,28.407692307692308,3.376923076923077,467.38461538461536
2022-06-06,27.83076923076923,3.4076923076923076,439.38461538461536
2022-06-07,26.923076923076923,4.469230769230769,337.3076923076923
2022-06-08,27.176923076923078,3.146153846153846,426.84615384615387
2022-06-09,27.053846153846152,2.9615384615384617,409.61538461538464
2022-06-10,28.22307692307692,3.5384615384615383,445.61538461538464
2022-06-11,27.976923076923075,5.823076923076924,408.0
2022-06-12,26.692307692307693,3.0846153846153848,365.61538461538464
2022-06-13,28.77692307692308,4.530769230769231,486.0769230769231
2022-06-14,26.346153846153847,3.5076923076923077,271.61538461538464
2022-06-15,26.846153846153847,3.792307692307692,382.61538461538464
2022-06-16,27.53076923076923,4.1692307692307695,419.53846153846155
2022-06-17,26.569230769230767,4.584615384615384,287.61538461538464
2022-06-18,27.307692307692307,4.776923076923077,416.53846153846155
2022-06-19,26.069230769230767,4.592307692307693,354.15384615384613
2022-06-20,27.53846153846154,4.1230769230769235,433.9230769230769
2022-06-21,28.192307692307693,3.9615384615384617,444.38461538461536
2022-06-22,28.00769230769231,3.2538461538461543,397.61538461538464
2022-06-23,29.323076923076922,5.023076923076923,459.84615384615387
2022-06-24,27.00769230769231,4.346153846153846,335.3076923076923
2022-06-25,26.23846153846154,4.792307692307692,346.9230769230769
2022-06-26,26.76153846153846,4.584615384615384,351.7692307692308
2022-06-27,26.707692307692305,3.053846153846154,391.7692307692308
2022-06-28,27.407692307692308,3.7384615384615385,429.61538461538464
2022-06-29,29.03076923076923,3.9846153846153842,510.61538461538464
2022-06-30,27.46923076923077,6.453846153846154,374.84615384615387
2022-07-01,28.16923076923077,4.246153846153846,449.61538461538464
2022-07-02,29.13076923076923,5.199999999999999,488.38461538461536
2022-07-03,29.523076923076925,4.153846153846154,480.0
2022-07-04,29.376923076923074,3.6538461538461537,415.2307692307692
2022-07-05,28.123076923076926,4.084615384615384,445.6923076923077
2022-07-06,29.023076923076925,4.4,457.0769230769231
2022-07-07,29.107692307692307,2.769230769230769,445.61538461538464
2022-07-08,29.36923076923077,3.646153846153846,463.61538461538464
2022-07-09,30.13076923076923,4.3,496.84615384615387
2022-07-10,28.93846153846154,5.230769230769231,448.46153846153845
2022-07-11,27.376923076923074,6.392307692307692,390.9230769230769
2022-07-12,28.138461538461538,4.176923076923076,463.15384615384613
2022-07-13,29.138461538461538,4.1230769230769235,485.0769230769231
2022-07-14,29.73076923076923,4.923076923076923,509.3076923076923
2022-07-15,29.95384615384615,2.946153846153846,513.4615384615385
2022-07-16,29.54615384615385,3.8,464.15384615384613
2022-07-17,29.692307692307693,5.684615384615385,450.15384615384613
2022-07-18,28.784615384615385,4.092307692307693,394.3076923076923
2022-07-19,30.176923076923078,5.707692307692308,491.61538461538464
2022-07-20,29.815384615384616,5.423076923076923,479.53846153846155
2022-07-21,28.123076923076926,3.853846153846154,367.46153846153845
2022-07-22,28.04615384615385,5.869230769230769,346.9230769230769
2022-07-23,29.26153846153846,5.130769230769231,526.4615384615385
2022-07-24,28.45384615384615,3.776923076923077,456.2307692307692
2022-07-25,27.646153846153844,4.015384615384615,326.46153846153845
2022-07-26,27.476923076923075,4.007692307692308,422.0769230769231
2022-07-27,27.04615384615385,5.8538461538461535,373.61538461538464
2022-07-28,25.9,5.792307692307692,304.9230769230769
2022-07-29,29.13076923076923,3.838461538461538,517.0
2022-07-30,31.03076923076923,7.800000000000001,534.9230769230769
2022-07-31,30.49230769230769,4.1,525.8461538461538
2022-08-01,29.092307692307692,3.715384615384615,431.15384615384613
2022-08-02,29.0,4.7153846153846155,435.84615384615387
2022-08-03,28.476923076923075,3.5615384615384613,426.84615384615387
2022-08-04,28.946153846153848,4.607692307692307,434.15384615384613
2022-08-05,28.146153846153844,4.923076923076923,399.46153846153845
2022-08-06,26.915384615384614,3.776923076923077,379.0769230769231
2022-08-07,28.1,4.130769230769231,411.46153846153845
2022-08-08,30.192307692307693,4.907692307692307,497.53846153846155
2022-08-09,30.684615384615384,3.523076923076923,518.7692307692307
2022-08-10,29.069230769230767,2.646153846153846,377.61538461538464
2022-08-11,28.846153846153847,4.315384615384615,451.3076923076923
2022-08-12,26.823076923076922,4.430769230769231,311.38461538461536
2022-08-13,26.946153846153848,3.4000000000000004,367.7692307692308
2022-08-14,27.069230769230767,4.461538461538462,350.84615384615387
2022-08-15,28.215384615384615,5.023076923076923,444.9230769230769
2022-08-16,27.346153846153847,2.769230769230769,464.7692307692308
2022-08-17,29.83846153846154,4.769230769230769,548.6153846153846
2022-08-18,30.423076923076923,5.123076923076923,539.3076923076923
2022-08-19,30.376923076923074,3.6153846153846154,548.8461538461538
2022-08-20,28.392307692307693,5.792307692307692,422.53846153846155
2022-08-21,26.700000000000003,2.9538461538461536,294.61538461538464
2022-08-22,26.846153846153847,4.776923076923077,312.38461538461536
2022-08-23,27.299999999999997,3.5153846153846158,397.7692307692308
2022-08-24,29.9,4.223076923076923,512.5384615384615
2022-08-25,28.53846153846154,4.153846153846154,428.9230769230769
2022-08-26,27.846153846153847,3.8153846153846156,402.84615384615387
2022-08-27,28.22307692307692,3.7,497.15384615384613
2022-08-28,27.861538461538462,6.046153846153846,458.3076923076923
2022-08-29,27.346153846153847,3.161538461538462,367.53846153846155
2022-08-30,29.36923076923077,3.3846153846153846,506.3076923076923
2022-08-31,29.207692307692305,4.707692307692307,483.3076923076923
2022-09-01,27.04615384615385,4.030769230769231,340.0769230769231
2022-09-02,28.884615384615383,3.746153846153846,502.0769230769231
2022-09-03,29.56923076923077,4.015384615384615,481.2307692307692
2022-09-04,28.423076923076923,3.661538461538462,369.84615384615387
2022-09-05,28.569230769230767,3.276923076923077,444.46153846153845
2022-09-06,29.23076923076923,3.423076923076923,419.9230769230769
2022-09-07,28.06153846153846,3.4153846153846152,371.3076923076923
2022-09-08,26.323076923076922,4.815384615384615,297.6923076923077
2022-09-09,28.415384615384614,3.9538461538461536,456.6923076923077
2022-09-10,29.446153846153848,4.569230769230769,477.6923076923077
2022-09-11,29.0,3.646153846153846,421.0769230769231
2022-09-12,26.715384615384615,4.607692307692307,335.0
2022-09-13,27.384615384615383,4.415384615384616,432.3076923076923
2022-09-14,27.976923076923075,2.8923076923076922,445.53846153846155
2022-09-15,28.66923076923077,5.4,479.53846153846155
2022-09-16,28.13076923076923,4.338461538461538,447.9230769230769
2022-09-17,27.96153846153846,4.030769230769231,439.84615384615387
2022-09-18,26.715384615384615,5.546153846153846,368.0
2022-09-19,24.299999999999997,3.630769230769231,146.92307692307693
2022-09-20,28.33076923076923,3.476923076923077,488.46153846153845
2022-09-21,27.53076923076923,2.169230769230769,427.15384615384613
2022-09-22,26.73846153846154,2.753846153846154,393.0
2022-09-23,27.876923076923074,5.5307692307692315,424.2307692307692
2022-09-24,27.700000000000003,4.553846153846154,418.0769230769231
2022-09-25,27.638461538461538,2.730769230769231,354.0769230769231
2022-09-26,29.353846153846156,3.446153846153846,491.3076923076923
2022-09-27,27.115384615384617,6.584615384615384,376.61538461538464
2022-09-28,27.615384615384617,4.007692307692308,439.0769230769231
2022-09-29,26.484615384615385,5.638461538461538,357.7692307692308
2022-09-30,26.33076923076923,3.430769230769231,367.2307692307692
2022-10-01,25.22307692307692,4.561538461538461,230.46153846153845
2022-10-02,28.615384615384617,3.253846153846154,476.0
2022-10-03,29.96923076923077,3.3230769230769233,500.53846153846155
2022-10-04,29.661538461538463,5.6,470.84615384615387
2022-10-05,26.253846153846155,4.476923076923077,294.0
2022-10-06,26.36923076923077,4.6692307692307695,325.38461538461536
2022-10-07,25.753846153846155,2.623076923076923,220.46153846153845
2022-10-08,27.83076923076923,4.838461538461539,412.0
2022-10-09,26.853846153846156,7.5307692307692315,327.2307692307692
2022-10-10,28.346153846153847,3.215384615384615,434.2307692307692
2022-10-11,28.99230769230769,3.1923076923076925,473.38461538461536
2022-10-12,28.361538461538462,4.461538461538462,459.84615384615387
2022-10-13,26.807692307692307,5.453846153846154,308.84615384615387
2022-10-14,27.5,3.4000000000000004,391.38461538461536
2022-10-15,28.361538461538462,3.1769230769230767,455.0769230769231
2022-10-16,27.553846153846152,4.607692307692307,397.2307692307692
2022-10-17,26.569230769230767,3.469230769230769,321.0
2022-10-18,27.200000000000003,3.123076923076923,406.7692307692308
2022-10-19,27.72307692307692,3.9000000000000004,418.0
2022-10-20,27.092307692307692,5.06923076923077,395.6923076923077
2022-10-21,26.45384615384615,4.153846153846154,323.53846153846155
2022-10-22,27.346153846153847,4.446153846153846,387.6923076923077
2022-10-23,27.49230769230769,3.076923076923077,409.3076923076923
2022-10-24,26.353846153846156,4.753846153846154,246.23076923076923
2022-10-25,26.200000000000003,3.5999999999999996,299.0
2022-10-26,26.584615384615386,3.753846153846154,391.15384615384613
2022-10-27,26.807692307692307,4.1461538461538465,383.2307692307692
2022-10-28,27.676923076923078,3.253846153846154,435.46153846153845
2022-10-29,27.676923076923078,5.1923076923076925,455.53846153846155
2022-10-30,28.015384615384615,3.630769230769231,477.6923076923077
2022-10-31,28.6,1.9846153846153847,487.38461538461536
2022-11-01,29.415384615384614,3.946153846153846,469.53846153846155
2022-11-02,30.076923076923077,4.230769230769231,445.84615384615387
2022-11-03,28.069230769230767,3.730769230769231,379.0769230769231
2022-11-04,25.692307692307693,6.115384615384615,271.3076923076923
2022-11-05,24.66923076923077,3.661538461538462,174.3846153846154
2022-11-06,25.176923076923078,5.138461538461538,187.6153846153846
2022-11-07,26.984615384615385,5.992307692307692,355.61538461538464
2022-11-08,27.22307692307692,5.592307692307693,412.3076923076923
2022-11-09,26.692307692307693,6.092307692307693,391.2307692307692
2022-11-10,26.73846153846154,2.707692307692308,380.3076923076923
2022-11-11,26.96153846153846,2.923076923076923,413.0769230769231
2022-11-12,25.861538461538462,5.176923076923076,307.38461538461536
2022-11-13,26.03076923076923,3.8230769230769233,347.3076923076923
2022-11-14,27.207692307692305,3.93076923076923,396.9230769230769
2022-11-15,28.46153846153846,4.592307692307693,425.2307692307692
2022-11-16,28.26153846153846,3.023076923076923,377.3076923076923
2022-11-17,27.56153846153846,4.469230769230769,311.0769230769231
2022-11-18,25.9,4.938461538461539,278.2307692307692
2022-11-19,29.407692307692308,7.061538461538461,456.84615384615387
2022-11-20,30.069230769230767,8.476923076923077,454.2307692307692
2022-11-21,29.107692307692307,8.607692307692307,445.61538461538464
2022-11-22,28.26153846153846,4.984615384615385,453.61538461538464
2022-11-23,27.607692307692307,3.284615384615385,441.6923076923077
2022-11-24,27.184615384615384,3.3615384615384616,409.0
2022-11-25,28.384615384615383,2.9923076923076923,439.2307692307692
2022-11-26,27.215384615384615,4.7615384615384615,338.6923076923077
2022-11-27,26.176923076923078,3.7538461538461543,358.7692307692308
2022-11-28,27.138461538461538,3.6000000000000005,379.61538461538464
2022-11-29,26.96923076923077,3.6384615384615384,398.0
2022-11-30,28.215384615384615,6.961538461538462,457.46153846153845
2022-12-01,28.46923076923077,9.807692307692308,453.2307692307692
2022-12-02,27.799999999999997,9.953846153846154,435.53846153846155
2022-12-03,28.23076923076923,11.538461538461538,436.38461538461536
2022-12-04,28.623076923076926,10.015384615384615,458.61538461538464
2022-12-05,27.930769230769233,3.5461538461538464,459.46153846153845
2022-12-06,28.27692307692308,8.569230769230769,474.15384615384613
2022-12-07,27.95384615384615,7.361538461538462,473.61538461538464
2022-12-08,28.03846153846154,8.23076923076923,449.53846153846155
2022-12-09,28.49230769230769,8.253846153846153,453.53846153846155
2022-12-10,28.93846153846154,7.699999999999999,455.0
2022-12-11,28.930769230769233,5.9,447.0
2022-12-12,28.307692307692307,5.56923076923077,413.6923076923077
2022-12-13,28.6,4.138461538461538,433.0769230769231
2022-12-14,29.73846153846154,4.361538461538462,410.84615384615387
2022-12-15,29.77692307692308,5.153846153846154,407.0
2022-12-16,30.415384615384614,4.8769230769230765,435.7692307692308
2022-12-17,30.861538461538462,6.346153846153846,435.15384615384613
2022-12-18,30.13076923076923,10.46923076923077,417.61538461538464
2022-12-19,30.00769230769231,5.876923076923077,436.61538461538464
2022-12-20,30.430769230769233,4.861538461538462,454.61538461538464
2022-12-21,30.26923076923077,5.56923076923077,451.0
2022-12-22,30.823076923076922,3.9153846153846152,447.0
2022-12-23,30.54615384615385,5.1,457.9230769230769
2022-12-24,30.53076923076923,11.669230769230769,472.9230769230769
2022-12-25,30.146153846153844,9.546153846153846,464.7692307692308
2022-12-26,29.423076923076923,4.961538461538462,466.15384615384613
2022-12-27,29.815384615384616,3.869230769230769,445.2307692307692
2022-12-28,29.253846153846155,2.576923076923077,438.38461538461536
2022-12-29,30.946153846153848,8.576923076923077,453.61538461538464
2022-12-30,30.746153846153845,7.261538461538462,463.2307692307692
2022-12-31,31.092307692307692,5.653846153846154,452.38461538461536
2023-01-01,30.569230769230767,3.9384615384615387,438.61538461538464
2023-01-02,29.73846153846154,4.707692307692308,433.53846153846155
2023-01-03,29.684615384615384,6.415384615384616,433.3076923076923
2023-01-04,29.76923076923077,4.523076923076923,444.3076923076923
2023-01-05,31.184615384615384,8.792307692307691,457.53846153846155
2023-01-06,30.884615384615383,5.338461538461539,452.6923076923077
2023-01-07,30.430769230769233,4.1,422.38461538461536
2023-01-08,28.615384615384617,4.438461538461539,329.38461538461536
2023-01-09,28.930769230769233,2.7384615384615385,413.84615384615387
2023-01-10,26.576923076923077,6.1692307692307695,325.61538461538464
2023-01-11,27.423076923076923,4.7,424.6923076923077
2023-01-12,29.115384615384617,6.892307692307692,431.0
2023-01-13,28.638461538461538,3.753846153846154,424.53846153846155
2023-01-14,28.22307692307692,4.015384615384615,423.15384615384613
2023-01-15,28.54615384615385,5.7846153846153845,436.6923076923077
2023-01-16,28.36923076923077,2.792307692307692,462.38461538461536
2023-01-17,29.361538461538462,3.284615384615385,464.38461538461536
2023-01-18,29.338461538461537,4.223076923076923,456.53846153846155
2023-01-19,29.63076923076923,3.9923076923076923,462.0769230769231
2023-01-20,30.43846153846154,9.884615384615385,485.15384615384613
2023-01-21,31.084615384615386,10.176923076923078,476.15384615384613
2023-01-22,30.95384615384615,8.63076923076923,476.38461538461536
2023-01-23,30.792307692307695,5.176923076923076,458.0769230769231
2023-01-24,31.76923076923077,10.507692307692308,380.38461538461536
2023-01-25,31.72307692307692,9.069230769230769,472.6923076923077
2023-01-26,31.592307692307692,15.446153846153846,491.0769230769231
2023-01-27,31.26153846153846,16.907692307692308,497.46153846153845
2023-01-28,30.54615384615385,18.484615384615385,498.0769230769231
2023-01-29,30.715384615384615,19.72307692307692,502.9230769230769
2023-01-30,31.200000000000003,11.23076923076923,502.61538461538464
2023-01-31,30.9,14.7,500.7692307692308
2023-02-01,31.00769230769231,11.761538461538462,505.53846153846155
2023-02-02,31.315384615384616,17.307692307692307,499.2307692307692
2023-02-03,31.392307692307693,7.815384615384615,504.46153846153845
2023-02-04,31.623076923076926,8.315384615384614,484.6923076923077
2023-02-05,32.4,7.1,478.9230769230769
2023-02-06,32.55384615384615,6.184615384615385,468.0769230769231
2023-02-07,32.95384615384615,18.161538461538463,469.38461538461536
2023-02-08,32.87692307692308,18.5,495.53846153846155
2023-02-09,32.80769230769231,17.707692307692305,490.6923076923077
2023-02-10,33.09230769230769,15.138461538461538,485.0
2023-02-11,33.04615384615384,15.569230769230769,493.6923076923077
2023-02-12,33.41538461538461,13.2,495.46153846153845
2023-02-13,33.284615384615385,13.192307692307692,486.46153846153845
2023-02-14,33.353846153846156,9.915384615384616,481.0
2023-02-15,33.52307692307692,12.592307692307692,481.9230769230769
2023-02-16,32.85384615384615,15.761538461538462,489.84615384615387
2023-02-17,32.46923076923077,16.053846153846152,514.4615384615385
2023-02-18,31.946153846153848,19.276923076923076,519.1538461538462
2023-02-19,32.44615384615385,16.192307692307693,530.3076923076923
2023-02-20,32.4,18.015384615384615,525.0769230769231
2023-02-21,32.246153846153845,11.623076923076923,514.8461538461538
2023-02-22,32.207692307692305,13.861538461538462,505.84615384615387
2023-02-23,32.57692307692308,15.407692307692306,516.0769230769231
2023-02-24,32.49230769230769,17.138461538461538,524.3076923076923
2023-02-25,32.7,15.646153846153847,517.2307692307693
2023-02-26,33.03076923076923,11.192307692307692,514.6923076923077
2023-02-27,33.34615384615385,6.93076923076923,514.1538461538462
2023-02-28,33.61538461538461,5.938461538461539,501.2307692307692
2023-03-01,33.5,6.707692307692308,500.38461538461536
2023-03-02,34.223076923076924,14.069230769230769,515.7692307692307
2023-03-03,34.276923076923076,6.761538461538462,511.53846153846155
2023-03-04,32.784615384615385,4.869230769230769,472.2307692307692
2023-03-05,31.253846153846155,5.461538461538462,473.0
2023-03-06,32.53076923076923,7.5,485.3076923076923
2023-03-07,31.715384615384615,6.7153846153846155,472.0769230769231
2023-03-08,27.799999999999997,5.9,356.38461538461536
2023-03-09,26.46153846153846,5.892307692307692,305.61538461538464
2023-03-10,29.1,4.207692307692308,459.15384615384613
2023-03-11,29.815384615384616,6.453846153846154,426.6923076923077
2023-03-12,29.115384615384617,3.9153846153846152,455.7692307692308
2023-03-13,28.930769230769233,4.3307692307692305,388.61538461538464
2023-03-14,29.569230769230767,5.300000000000001,444.84615384615387
2023-03-15,29.346153846153847,4.353846153846154,442.0
2023-03-16,27.76923076923077,4.469230769230769,361.6923076923077
2023-03-17,29.03846153846154,5.946153846153846,443.15384615384613
2023-03-18,30.0,3.876923076923077,482.9230769230769
2023-03-19,31.569230769230767,7.023076923076923,508.9230769230769
2023-03-20,31.784615384615385,5.184615384615385,506.38461538461536
2023-03-21,32.57692307692308,15.838461538461539,516.4615384615385
2023-03-22,32.47692307692308,19.492307692307694,527.6923076923077
2023-03-23,33.330769230769235,15.646153846153847,527.8461538461538
2023-03-24,33.315384615384616,14.176923076923078,513.0
2023-03-25,33.34615384615385,9.492307692307692,513.6153846153846
2023-03-26,34.06153846153846,9.6,498.84615384615387
2023-03-27,34.37692307692308,11.069230769230769,517.6923076923077
2023-03-28,34.23076923076923,11.2,513.0
2023-03-29,33.90769230769231,8.138461538461538,517.8461538461538
2023-03-30,34.323076923076925,10.346153846153847,500.6923076923077
2023-03-31,35.03846153846154,15.8,484.9230769230769
2023-04-01,34.96923076923077,11.653846153846153,498.61538461538464
2023-04-02,34.34615384615385,7.730769230769231,504.38461538461536
2023-04-03,35.284615384615385,6.9,497.46153846153845
2023-04-04,35.61538461538461,10.86923076923077,502.38461538461536
2023-04-05,34.36923076923077,9.700000000000001,466.15384615384613
2023-04-06,33.776923076923076,13.830769230769231,472.61538461538464
2023-04-07,29.830769230769228,7.592307692307693,461.46153846153845
2023-04-08,29.584615384615386,3.5923076923076924,463.84615384615387
2023-04-09,31.623076923076926,5.707692307692308,493.84615384615387
2023-04-10,31.569230769230767,5.592307692307693,489.38461538461536
2023-04-11,29.707692307692305,4.076923076923077,430.0
2023-04-12,30.146153846153844,3.6538461538461537,435.2307692307692
2023-04-13,32.176923076923075,4.130769230769231,502.2307692307692
2023-04-14,32.76153846153846,8.276923076923076,522.6923076923077
2023-04-15,31.807692307692307,5.992307692307692,469.0
2023-04-16,29.376923076923074,5.323076923076924,384.38461538461536
2023-04-17,27.523076923076925,2.1307692307692307,391.46153846153845
2023-04-18,28.54615384615385,4.1230769230769235,482.0769230769231
2023-04-19,30.73076923076923,8.569230769230769,523.7692307692307
2023-04-20,30.338461538461537,8.553846153846154,511.53846153846155
2023-04-21,28.184615384615384,8.023076923076923,424.53846153846155
2023-04-22,28.246153846153845,4.569230769230769,466.3076923076923
2023-04-23,28.476923076923075,4.446153846153846,487.61538461538464
2023-04-24,29.176923076923078,5.1461538461538465,519.7692307692307
2023-04-25,30.361538461538462,3.353846153846154,527.7692307692307
2023-04-26,30.492307692307694,5.053846153846154,496.9230769230769
2023-04-27,29.515384615384615,2.8461538461538463,495.0
2023-04-28,28.661538461538463,5.884615384615385,419.61538461538464
2023-04-29,29.96153846153846,4.315384615384615,404.3076923076923
2023-04-30,26.930769230769233,6.223076923076923,254.6153846153846
2023-05-01,30.892307692307693,3.1153846153846154,499.46153846153845
2023-05-02,31.376923076923074,2.4692307692307693,540.4615384615385
2023-05-03,32.94615384615385,2.7615384615384615,559.1538461538462
2023-05-04,32.7,4.2,533.3076923076923
2023-05-05,33.42307692307692,5.976923076923077,540.5384615384615
2023-05-06,33.4,5.8307692307692305,532.9230769230769
2023-05-07,31.484615384615385,3.3,454.9230769230769
2023-05-08,33.62307692307692,4.184615384615385,532.2307692307693
2023-05-09,32.62307692307692,4.515384615384615,474.3076923076923
2023-05-10,29.246153846153845,5.199999999999999,295.6923076923077
2023-05-11,31.66923076923077,3.3230769230769233,488.15384615384613
2023-05-12,31.984615384615385,3.4615384615384617,521.8461538461538
2023-05-13,32.823076923076925,6.461538461538462,487.46153846153845
2023-05-14,31.700000000000003,6.9692307692307685,418.0769230769231
2023-05-15,29.084615384615386,4.93076923076923,250.15384615384616
2023-05-16,27.638461538461538,4.8,302.46153846153845
2023-05-17,29.76153846153846,4.015384615384615,436.46153846153845
2023-05-18,31.976923076923075,2.5923076923076924,528.7692307692307
2023-05-19,31.015384615384615,4.946153846153846,469.38461538461536
2023-05-20,29.384615384615383,5.738461538461538,395.2307692307692
2023-05-21,27.315384615384616,7.007692307692308,287.2307692307692
2023-05-22,28.9,3.5307692307692307,470.0
2023-05-23,29.26153846153846,4.046153846153846,466.3076923076923
2023-05-24,28.146153846153847,4.476923076923077,415.7692307692308
2023-05-25,27.153846153846153,3.707692307692308,303.84615384615387
2023-05-26,27.63076923076923,4.6923076923076925,308.9230769230769
2023-05-27,29.553846153846152,4.923076923076923,484.15384615384613
2023-05-28,29.415384615384614,5.492307692307692,443.7692307692308
2023-05-29,27.49230769230769,3.8307692307692305,348.0
2023-05-30,26.523076923076925,4.0,266.7692307692308
2023-05-31,28.884615384615383,3.246153846153846,400.84615384615387
2023-06-01,28.06153846153846,5.707692307692308,357.0
2023-06-02,29.299999999999997,3.6846153846153844,433.2307692307692
2023-06-03,31.1,4.1692307692307695,488.7692307692308
2023-06-04,29.299999999999997,3.923076923076923,405.7692307692308
2023-06-05,28.54615384615385,5.1,379.2307692307692
2023-06-06,28.815384615384616,3.792307692307692,422.7692307692308
2023-06-07,29.707692307692305,4.792307692307692,453.9230769230769
2023-06-08,27.253846153846155,5.384615384615385,322.0
2023-06-09,28.430769230769233,4.030769230769231,376.61538461538464
2023-06-10,27.346153846153847,3.9000000000000004,389.84615384615387
2023-06-11,29.246153846153845,3.3153846153846156,484.61538461538464
2023-06-12,30.72307692307692,4.384615384615385,510.6923076923077
2023-06-13,30.93846153846154,3.023076923076923,492.15384615384613
2023-06-14,30.700000000000003,3.0846153846153848,428.61538461538464
2023-06-15,30.184615384615384,3.946153846153846,425.9230769230769
2023-06-16,30.46153846153846,4.923076923076923,474.46153846153845
2023-06-17,28.592307692307692,4.6923076923076925,395.53846153846155
2023-06-18,30.123076923076926,3.207692307692308,510.2307692307692
2023-06-19,31.684615384615384,4.815384615384615,523.5384615384615
2023-06-20,32.815384615384616,2.8,521.3076923076923
2023-06-21,32.4,4.846153846153846,490.3076923076923
2023-06-22,29.46923076923077,3.723076923076923,380.38461538461536
2023-06-23,28.46923076923077,3.8076923076923075,417.3076923076923
2023-06-24,29.415384615384614,3.0999999999999996,478.46153846153845
2023-06-25,28.653846153846153,3.6538461538461537,413.6923076923077
2023-06-26,27.26923076923077,3.861538461538461,330.46153846153845
2023-06-27,29.5,3.7615384615384615,440.2307692307692
2023-06-28,29.846153846153847,3.9923076923076923,456.6923076923077
2023-06-29,31.292307692307695,2.8230769230769233,500.2307692307692
2023-06-30,31.838461538461537,2.5999999999999996,506.7692307692308
2023-07-01,29.700000000000003,3.6076923076923078,401.61538461538464
2023-07-02,27.592307692307692,5.176923076923076,275.0
2023-07-03,27.815384615384616,3.253846153846154,368.61538461538464
2023-07-04,29.246153846153845,5.061538461538461,426.38461538461536
2023-07-05,30.361538461538462,2.6153846153846154,493.3076923076923
2023-07-06,29.376923076923074,4.769230769230769,446.2307692307692
2023-07-07,28.23846153846154,3.4692307692307693,421.38461538461536
2023-07-08,28.684615384615384,4.6692307692307695,449.0
2023-07-09,30.0,3.2846153846153845,489.0769230769231
2023-07-10,31.853846153846156,5.43076923076923,525.9230769230769
2023-07-11,30.623076923076926,3.9615384615384617,475.15384615384613
2023-07-12,30.215384615384615,3.7615384615384615,499.46153846153845
2023-07-13,31.699999999999996,1.9538461538461538,517.7692307692307
2023-07-14,31.138461538461538,3.5999999999999996,487.46153846153845
2023-07-15,30.792307692307695,3.930769230769231,480.15384615384613
2023-07-16,30.930769230769233,3.715384615384615,446.6923076923077
2023-07-17,32.07692307692308,4.046153846153846,518.3846153846154
2023-07-18,31.515384615384615,3.1923076923076925,488.9230769230769
2023-07-19,33.13846153846154,2.9076923076923076,533.0769230769231
2023-07-20,34.43846153846154,5.092307692307693,536.0
2023-07-21,34.669230769230765,3.5999999999999996,513.3076923076923
2023-07-22,32.44615384615385,4.453846153846154,442.0
2023-07-23,31.50769230769231,2.715384615384615,345.9230769230769
2023-07-24,34.23076923076923,7.453846153846154,508.61538461538464
2023-07-25,33.7,5.6461538461538465,497.84615384615387
2023-07-26,29.876923076923074,4.138461538461538,417.9230769230769
2023-07-27,29.792307692307695,2.5153846153846158,436.61538461538464
2023-07-28,31.63076923076923,2.715384615384615,486.3076923076923
2023-07-29,33.146153846153844,5.007692307692308,520.1538461538462
2023-07-30,32.46923076923077,4.084615384615384,487.3076923076923
2023-07-31,31.815384615384616,3.6076923076923078,483.0
2023-08-01,31.576923076923077,3.9615384615384617,498.53846153846155
2023-08-02,31.54615384615385,2.6384615384615384,509.61538461538464
2023-08-03,32.607692307692304,7.130769230769231,525.6153846153846
2023-08-04,32.93846153846154,4.253846153846154,481.2307692307692
2023-08-05,33.853846153846156,6.507692307692308,495.9230769230769
2023-08-06,34.37692307692308,4.923076923076923,495.0769230769231
2023-08-07,32.146153846153844,4.992307692307692,413.38461538461536
2023-08-08,31.415384615384614,3.8461538461538463,482.7692307692308
2023-08-09,31.553846153846152,7.007692307692308,478.15384615384613
2023-08-10,29.46153846153846,4.7846153846153845,328.38461538461536
2023-08-11,32.184615384615384,3.4153846153846152,506.53846153846155
2023-08-12,31.976923076923075,5.1692307692307695,524.0
2023-08-13,32.57692307692308,3.6538461538461537,488.0769230769231
2023-08-14,29.569230769230767,5.615384615384615,374.0769230769231
2023-08-15,30.53076923076923,5.5,484.9230769230769
2023-08-16,28.746153846153845,4.523076923076923,296.0769230769231
2023-08-17,31.284615384615385,4.730769230769231,450.2307692307692
2023-08-18,30.63076923076923,4.776923076923077,435.6923076923077
2023-08-19,30.523076923076925,3.8076923076923075,447.84615384615387
2023-08-20,29.592307692307692,6.261538461538462,423.61538461538464
2023-08-21,28.653846153846153,5.315384615384615,398.9230769230769
2023-08-22,27.092307692307692,3.1076923076923078,289.38461538461536
2023-08-23,29.623076923076926,2.9538461538461536,457.53846153846155
2023-08-24,30.407692307692308,2.9615384615384617,503.84615384615387
2023-08-25,29.392307692307693,3.1769230769230767,468.6923076923077
2023-08-26,31.138461538461538,2.169230769230769,470.15384615384613
2023-08-27,30.653846153846153,4.6923076923076925,488.53846153846155
2023-08-28,32.08461538461539,4.3769230769230765,509.61538461538464
2023-08-29,31.03076923076923,3.823076923076923,469.0769230769231
2023-08-30,33.292307692307695,2.5999999999999996,501.7692307692308
2023-08-31,33.66153846153846,4.415384615384616,520.0769230769231
2023-09-01,33.94615384615385,5.776923076923077,515.0769230769231
2023-09-02,31.6,6.269230769230769,395.46153846153845
2023-09-03,30.353846153846153,5.084615384615384,442.0769230769231
2023-09-04,29.584615384615383,3.9692307692307693,424.38461538461536
2023-09-05,31.715384615384615,3.838461538461538,497.0
2023-09-06,32.52307692307692,2.069230769230769,508.9230769230769
2023-09-07,32.13846153846154,4.846153846153846,449.0769230769231
2023-09-08,30.73846153846154,3.5615384615384613,416.2307692307692
2023-09-09,30.123076923076926,6.046153846153846,390.46153846153845
2023-09-10,29.569230769230767,3.276923076923077,415.61538461538464
2023-09-11,30.661538461538463,3.792307692307692,449.61538461538464
2023-09-12,29.73076923076923,5.584615384615384,383.7692307692308
2023-09-13,30.384615384615383,3.3,458.15384615384613
2023-09-14,32.57692307692308,5.415384615384616,521.7692307692307
2023-09-15,30.43846153846154,3.446153846153846,472.46153846153845
2023-09-16,29.807692307692307,4.2,449.15384615384613
2023-09-17,31.12307692307692,4.8076923076923075,436.0769230769231
2023-09-18,30.246153846153845,3.769230769230769,391.84615384615387
2023-09-19,31.36923076923077,5.253846153846154,482.7692307692308
2023-09-20,32.50769230769231,3.9692307692307693,498.84615384615387
2023-09-21,32.0,5.153846153846154,478.0
2023-09-22,33.738461538461536,5.461538461538462,487.7692307692308
2023-09-23,31.823076923076922,5.315384615384615,398.46153846153845
2023-09-24,30.792307692307695,5.823076923076924,431.46153846153845
2023-09-25,31.430769230769233,5.730769230769231,494.15384615384613
2023-09-26,28.592307692307692,5.323076923076924,367.2307692307692
2023-09-27,30.207692307692305,4.546153846153846,490.3076923076923
2023-09-28,30.015384615384615,6.084615384615384,434.3076923076923
2023-09-29,30.36923076923077,3.930769230769231,489.15384615384613
2023-09-30,32.184615384615384,4.230769230769231,486.46153846153845
2023-10-01,29.0,6.384615384615385,276.9230769230769
2023-10-02,29.153846153846153,5.207692307692308,322.84615384615387
2023-10-03,28.9,5.507692307692308,411.0
2023-10-04,26.915384615384614,3.769230769230769,244.30769230769232
2023-10-05,28.584615384615386,4.369230769230769,419.38461538461536
2023-10-06,29.192307692307693,4.007692307692308,432.38461538461536
2023-10-07,31.092307692307692,5.376923076923077,463.84615384615387
2023-10-08,28.50769230769231,7.130769230769231,367.84615384615387
2023-10-09,29.507692307692306,3.5076923076923077,426.46153846153845
2023-10-10,30.638461538461538,3.5461538461538455,443.38461538461536
2023-10-11,29.4,4.423076923076923,431.9230769230769
2023-10-12,30.523076923076925,4.176923076923076,490.0769230769231
2023-10-13,31.207692307692305,4.107692307692307,494.61538461538464
2023-10-14,28.569230769230767,5.776923076923077,335.46153846153845
2023-10-15,29.115384615384617,3.769230769230769,425.0
2023-10-16,28.13076923076923,3.5,363.61538461538464
2023-10-17,29.361538461538462,3.8,456.9230769230769
2023-10-18,31.138461538461538,3.1692307692307695,494.9230769230769
2023-10-19,31.00769230769231,5.115384615384615,461.0769230769231
2023-10-20,28.36923076923077,6.261538461538462,348.7692307692308
2023-10-21,27.984615384615385,4.6692307692307695,414.46153846153845
2023-10-22,28.73076923076923,2.8846153846153846,329.0
2023-10-23,30.72307692307692,5.6923076923076925,465.38461538461536
2023-10-24,28.53076923076923,5.476923076923077,355.46153846153845
2023-10-25,26.93846153846154,4.492307692307692,348.6923076923077
2023-10-26,27.346153846153847,5.223076923076923,392.6923076923077
2023-10-27,26.799999999999997,5.292307692307692,365.0769230769231
2023-10-28,27.592307692307692,6.207692307692308,407.0
2023-10-29,28.63076923076923,5.630769230769231,448.2307692307692
2023-10-30,28.26153846153846,4.7615384615384615,419.3076923076923
2023-10-31,28.284615384615385,3.3153846153846156,385.9230769230769
2023-11-01,26.93846153846154,4.4,341.7692307692308
2023-11-02,27.576923076923077,4.753846153846154,384.2307692307692
2023-11-03,27.853846153846156,3.3307692307692305,403.46153846153845
2023-11-04,29.092307692307692,2.661538461538462,425.38461538461536
2023-11-05,28.284615384615385,3.430769230769231,412.61538461538464
2023-11-06,27.353846153846156,4.338461538461538,326.38461538461536
2023-11-07,28.576923076923077,3.4615384615384617,373.15384615384613
2023-11-08,30.353846153846156,5.315384615384615,444.7692307692308
2023-11-09,30.97692307692308,4.2153846153846155,470.2307692307692
2023-11-10,30.73846153846154,4.3307692307692305,434.3076923076923
2023-11-11,30.76923076923077,5.938461538461539,440.84615384615387
2023-11-12,29.746153846153845,5.8307692307692305,358.53846153846155
2023-11-13,30.06153846153846,4.346153846153846,411.46153846153845
2023-11-14,30.784615384615385,3.8076923076923075,434.38461538461536
2023-11-15,28.23846153846154,4.838461538461538,302.38461538461536
2023-11-16,29.423076923076923,3.9923076923076923,400.84615384615387
2023-11-17,29.284615384615385,4.846153846153846,421.3076923076923
2023-11-18,27.54615384615385,6.292307692307692,383.61538461538464
2023-11-19,26.46923076923077,3.5461538461538464,266.0
2023-11-20,28.6,4.276923076923077,419.3076923076923
2023-11-21,28.323076923076922,2.8307692307692305,412.15384615384613
2023-11-22,27.784615384615385,3.023076923076923,348.6923076923077
2023-11-23,29.407692307692308,4.707692307692308,434.46153846153845
2023-11-24,29.784615384615385,4.476923076923077,450.53846153846155
2023-11-25,29.084615384615386,4.792307692307692,418.2307692307692
2023-11-26,29.484615384615385,3.069230769230769,427.6923076923077
2023-11-27,30.607692307692307,5.115384615384615,465.3076923076923
2023-11-28,31.13076923076923,4.523076923076923,464.46153846153845
2023-11-29,30.56153846153846,4.63076923076923,448.46153846153845
2023-11-30,30.115384615384617,4.646153846153846,440.7692307692308
2023-12-01,30.799999999999997,8.107692307692307,468.15384615384613
2023-12-02,30.907692307692308,8.492307692307692,467.84615384615387
2023-12-03,31.03846153846154,6.046153846153846,466.0769230769231
2023-12-04,31.792307692307695,8.1,461.53846153846155
2023-12-05,31.4,2.7846153846153845,466.46153846153845
2023-12-06,31.246153846153845,4.0,456.0769230769231
2023-12-07,31.684615384615384,5.638461538461538,454.38461538461536
2023-12-08,31.976923076923075,8.5,454.84615384615387
2023-12-09,32.95384615384615,6.823076923076924,453.0769230769231
2023-12-10,32.48461538461539,4.8,451.3076923076923
2023-12-11,32.43846153846154,3.4153846153846152,448.9230769230769
2023-12-12,33.107692307692304,9.323076923076924,451.61538461538464
2023-12-13,33.41538461538461,15.815384615384614,447.3076923076923
2023-12-14,33.330769230769235,15.753846153846153,429.53846153846155
2023-12-15,32.57692307692308,7.346153846153846,382.0769230769231
2023-12-16,30.792307692307695,5.5076923076923086,375.46153846153845
2023-12-17,31.123076923076926,2.838461538461538,434.7692307692308
2023-12-18,30.384615384615383,3.9692307692307693,391.0769230769231
2023-12-19,29.692307692307693,4.223076923076923,384.3076923076923
2023-12-20,30.976923076923075,5.199999999999999,432.61538461538464
2023-12-21,31.83076923076923,5.938461538461539,439.46153846153845
2023-12-22,32.815384615384616,10.561538461538463,440.7692307692308
2023-12-23,33.11538461538461,9.646153846153847,450.53846153846155
2023-12-24,32.707692307692305,4.769230769230769,429.7692307692308
2023-12-25,32.669230769230765,5.707692307692308,421.53846153846155
2023-12-26,31.430769230769233,4.869230769230769,422.9230769230769
2023-12-27,29.699999999999996,5.1,379.6923076923077
2023-12-28,30.799999999999997,6.707692307692308,406.9230769230769
2023-12-29,29.215384615384615,6.738461538461538,360.3076923076923
2023-12-30,30.746153846153845,6.684615384615385,422.7692307692308
2023-12-31,31.353846153846156,5.3076923076923075,427.0
