Real,Simple,Expansiva,Deslizante
47347.96,34852.9899817884,34852.9899817884,34852.9899817884
32553.34,28514.79828639984,28514.79828639984,28514.79828639984
18036.72,15951.05073849678,15951.05073849678,15951.05073849678
3534.93,4364.311840592921,4364.311840592921,4364.311840592921
13684.4,798.277495572269,798.277495572269,798.277495572269
43071.07,10107.635119089484,10107.635119089484,10107.635119089484
52841.97,24208.825645346642,24208.825645346642,24208.825645346642
44546.22,34037.44334217787,34037.44334217787,34037.44334217787
50353.5,41331.380227849484,41331.380227849484,41331.380227849484
55794.65,44464.52144557953,44464.52144557953,44464.52144557953
58345.99,44697.696859354975,44697.696859354975,44697.696859354975
34347.99,42425.483110275265,42425.483110275265,42425.483110275265
27369.95,40883.6232292223,37514.94474148989,37514.94474148989
11653.59,32852.123411092754,30666.700159868,30666.700159868
5588.93,19853.825191373824,18356.08416716099,18356.08416716099
882.78,7365.196828099787,6390.645550571978,6390.645550571978
18686.83,2543.4596223559975,859.8246901914478,859.8246901914478
23866.95,9809.923527610303,8359.852827872932,8359.852827872932
38807.48,22843.28875158727,21818.302967357635,21818.302967357635
58003.22,33230.8076928091,32198.024309712648,32198.024309712648
54356.04,40436.7152638793,39374.15396796107,39374.15396796107
49708.28,44264.9754683423,42890.59898032188,42890.59898032188
52328.33,44414.243238186835,43187.01193680048,43187.01193680048
47216.08,43198.987165349725,41375.271389399764,41375.271389399764
49575.95,40262.41644912004,42953.25763669491,42953.25763669491
46917.95,32589.309017214775,33668.26823324442,33668.26823324442
35034.04,18588.75209058702,17799.71844489634,17799.71844489634
5661.15,6730.506820558309,5710.320968815982,5710.320968815982
8639.64,4982.295188646913,5126.379513810426,5126.379513810426
42485.21,14742.402653118073,15635.834589205086,15635.834589205086
49520.51,27785.827956702113,28202.124412907957,28202.124412907957
58106.04,36383.35318032503,36242.03930865645,36242.03930865645
55987.95,42702.1135912323,42919.16895033479,42919.16895033479
57071.11,45326.44459871769,45658.2699616313,45658.2699616313
54205.65,45249.77689315558,45410.367679617404,45410.367679617404
51560.69,43211.247977821826,43126.900380280014,43126.900380280014
47003.56,41106.525340259075,46525.66552021026,46525.66552021026
21155.15,32819.04198694706,38001.29416212559,38001.29416212559
814.02,17812.502184686662,20927.497245588303,20927.497245588303
0.0,5488.525013075024,7217.268215298951,7217.268215298951
5392.58,4009.4670627617834,4289.414079985171,4289.414079985171
13301.56,14237.327224513292,13606.92676467806,13606.92676467806
40908.43,27268.00448629737,25863.560642290115,25863.560642290115
47171.04,35872.200410064455,34239.25083534479,34239.25083534479
51381.3,42405.34558447122,40833.05557866454,40833.05557866454
54484.68,45274.94687078953,44423.273864936826,44423.273864936826
56932.06,45003.757921335695,44283.306868796346,44283.306868796346
41457.51,42927.26564047217,42697.864565569165,42697.864565569165
41052.48,37408.321597964765,37881.09806378007,37881.09806378007
35871.72,29056.07823090136,29106.420115790366,29106.420115790366
35772.96,14202.95874309361,13958.500834743976,13958.500834743976
13996.74,3929.364631640911,3817.5452596949785,3817.5452596949785
11228.42,5115.54324411571,6252.627471742928,6252.627471742928
29896.24,16330.597560845017,18397.900986028315,18397.900986028315
56362.81,28510.13439220011,31049.492604907155,31049.492604907155
58617.62,35820.706541378495,38299.995649229284,38299.995649229284
59864.86,42130.01180889368,44084.05805320859,44084.05805320859
57153.49,44411.8312118113,46277.40046942949,46277.40046942949
57609.04,43973.75705186605,45876.49467112064,45876.49467112064
57726.73,41412.941452522275,42743.98636911154,42743.98636911154
54952.77,38931.927263407706,55857.82258183956,55857.82258183956
50344.71,31272.477689651252,44486.22582371712,44486.22582371712
39095.01,15672.529228861331,20870.88216250181,20870.88216250181
12739.29,4569.735443702042,4868.192351331264,4868.192351331264
10204.36,6128.137484043687,8522.911599722207,8522.911599722207
28268.82,18275.657559695243,24931.893264098166,24931.893264098166
48549.4,30867.187792202232,39619.420387551785,39619.420387551785
54712.76,37697.33252790212,45450.89744121075,45450.89744121075
55367.06,43467.40903814554,50313.57734746337,50313.57734746337
51570.3,45470.98093762398,52595.91388883591,52595.91388883591
55642.78,44933.905637500284,51745.49127745628,51745.49127745628
51865.68,42389.634609471555,50305.93218866348,50305.93218866348
49678.06,39147.91361242056,47020.05760159254,47020.05760159254
37108.03,30633.74994995713,38302.81675527811,38302.81675527811
10755.54,15290.60704293847,20103.433258440495,20103.433258440495
4225.79,4172.1037299953405,5637.184952272922,5637.184952272922
6997.75,4270.729076464474,5144.568604708314,5144.568604708314
25522.08,14944.498624639511,17202.294244856836,17202.294244856836
45671.03,26982.1426979959,30222.962561993,30222.962561993
49647.02,34608.84660167813,37617.14519345284,37617.14519345284
46852.16,41072.27456572652,43445.65063061714,43445.65063061714
47515.59,43738.968474850655,46503.420848164555,46503.420848164555
54586.61,43247.95708963632,46022.497522063255,46022.497522063255
18214.39,40874.106337954996,43954.078775883914,43954.078775883914
8395.9,36757.53758563518,24525.142643476127,24525.142643476127
10110.18,27804.08024269104,20318.358315848112,20318.358315848112
3487.06,12989.053405026792,10099.975488131344,10099.975488131344
1708.26,2850.068214323968,2805.062214182913,2805.062214182913
3492.96,3510.914718286991,3042.9024869686364,3042.9024869686364
18892.03,14152.77701675594,12942.35078553319,12942.35078553319
46271.93,26226.77901088655,26173.810911679862,26173.810911679862
52903.64,34132.73575060129,34558.93888153672,34558.93888153672
54201.92,41247.95112995148,41065.902956852915,41065.902956852915
55982.15,43999.135428578855,43000.95787029743,43000.95787029743
53283.04,43565.44922701597,43095.918383891585,43095.918383891585
52019.45,41043.00607287526,39778.75306105614,39778.75306105614
50124.79,39584.007981116774,47355.94288730145,47355.94288730145
34032.91,31471.81526780963,37389.58883632183,37389.58883632183
8238.8,16453.03394928813,18879.057796282767,18879.057796282767
5743.95,4583.59880649805,4687.773260846734,4687.773260846734
10285.76,3936.987599798143,5107.847915167213,5107.847915167213
24017.71,14866.4859731704,17716.372320705654,17716.372320705654
26722.88,28069.29894446015,31316.09291538417,31316.09291538417
35365.44,36396.66756591797,38942.81418565631,38942.81418565631
55648.13,43005.08725945234,45272.17593488932,45272.17593488932
58258.48,45670.93599453449,48142.56450661659,48142.56450661659
62941.01,45329.6554882288,47676.69994358301,47676.69994358301
59574.02,43042.367539112565,45524.87139571667,45524.87139571667
55780.25,40956.613076967,58979.67937537432,58979.67937537432
47721.03,33506.832272740605,47081.25746441364,47081.25746441364
37212.37,17701.797892534138,21203.20343803823,21203.20343803823
12912.96,5504.522054402828,4348.910087374597,4348.910087374597
11785.27,6002.880471957028,11178.073128339649,11178.073128339649
37735.1,18002.45601543367,30139.87114778757,30139.87114778757
49927.73,31130.779823383687,46303.35001398802,46303.35001398802
54830.93,38334.0611801362,51894.149287033084,51894.149287033084
56087.05,43830.20481972098,54442.437786192895,54442.437786192895
54014.85,45922.01829212189,56170.83799826622,56170.83799826622
53270.47,45461.464046356676,54903.47829647541,54903.47829647541
51833.97,43045.41634045124,54618.07961723804,54618.07961723804
48681.37,40597.105369746685,47922.7420708561,47922.7420708561
46594.42,32681.317210525274,41097.44840260267,41097.44840260267
33924.54,16519.02313168049,23296.058905833364,23296.058905833364
6280.27,4520.147075852752,7338.288744259626,7338.288744259626
12105.73,5160.753301688134,4921.448446487188,4921.448446487188
39518.68,17001.268248235585,17030.511656012535,17030.511656012535
52047.86,29600.142618650792,30589.90509931326,30589.90509931326
56156.99,36704.00989630938,37560.24066720128,37560.24066720128
55957.46,42367.26644167543,42267.4432829082,42267.4432829082
55823.47,44663.457662549015,45228.55877953529,45228.55877953529
55342.63,44115.32949276209,44944.8581668663,44944.8581668663
53436.95,41657.204469140765,42793.04891521096,42793.04891521096
51468.24,39135.90365069151,52343.658381619454,52343.658381619454
48578.89,31595.61203912854,43011.32379484892,43011.32379484892
37816.01,15946.06652719438,20382.25771858871,20382.25771858871
12333.96,4492.905649967492,4596.865916374028,4596.865916374028
13522.27,5227.538452784419,8674.537366551458,8674.537366551458
40339.63,16912.579003217816,25997.051830017568,25997.051830017568
51502.77,29333.42267166555,40731.7929225564,40731.7929225564
55946.77,36245.416145582196,45573.93008257389,45573.93008257389
54127.49,41706.54488067865,48369.96263481736,48369.96263481736
56436.08,43799.27299348116,50158.941371717454,50158.941371717454
56017.78,43293.457555184366,49040.301427378654,49040.301427378654
52600.36,40750.53340268374,47231.335675120354,47231.335675120354
37213.31,37526.206010231974,49189.85478114605,49189.85478114605
35516.85,29440.58417947769,41383.31019090414,41383.31019090414
24629.18,14313.137213496268,20376.210286059977,20376.210286059977
11652.5,3681.102716494426,4183.724390667378,4183.724390667378
10149.45,4149.442742197216,5845.465359421223,5845.465359421223
33496.28,15036.981504740716,21889.81858458161,21889.81858458161
51090.08,26956.93991680324,36057.972751886846,36057.972751886846
54795.93,34212.82660399556,41090.39370785952,41090.39370785952
54825.66,40328.76454103708,44913.31658035874,44913.31658035874
54393.58,42682.28480480432,47219.93547365904,47219.93547365904
47170.38,42186.41849290133,46388.39999361038,46388.39999361038
54517.38,39623.49574731589,44088.14113145709,44088.14113145709
55146.35,35172.19948194742,46271.56529522181,46271.56529522181
27018.3,26753.19122480929,34429.18729950189,34429.18729950189
7287.03,12305.582576066554,15285.387417861819,15285.387417861819
2691.08,3077.4894979779424,4289.550600678027,4289.550600678027
3376.09,4790.359637029767,7627.157847046107,7627.157847046107
14390.14,15632.080511354208,19844.161648902893,19844.161648902893
9920.78,27030.846334570648,31421.49267913163,31421.49267913163
37619.77,34236.688298523426,38148.70177722931,38148.70177722931
49655.53,40595.835679062606,44542.049762152434,44542.049762152434
36021.89,43045.076727137566,47231.62125904322,47231.62125904322
39572.69,42505.05296597242,46609.18723992109,46609.18723992109
38300.73,39738.115240681174,44506.74927374125,44506.74927374125
35318.21,35705.932678325174,35669.57089830875,35669.57089830875
52889.54,27176.50185371518,28637.798124204277,28637.798124204277
43193.29,12549.59667156309,15001.83345639646,15001.83345639646
16718.09,2947.141663023084,4718.126200756431,4718.126200756431
1083.54,4476.24192454949,4801.150078223348,4801.150078223348
0.0,15481.030736423432,15602.602654613554,15602.602654613554
0.0,27207.81767455399,28244.035783209205,28244.035783209205
0.0,34649.30689691186,35915.58987012863,35915.58987012863
0.0,41227.92166292906,42058.38813288808,42058.38813288808
0.0,43779.71435400724,44188.8133235085,44188.8133235085
0.0,43255.532782076596,43919.03299745798,43919.03299745798
0.0,40531.34388264418,41432.704631832836,41432.704631832836
0.0,37962.72875481248,2798.590265012085,2798.590265012085
0.0,30272.76415297389,3254.2948905466496,3254.2948905466496
239.79,14953.143327169419,1454.0056795664132,1454.0056795664132
1825.32,4222.2565120165045,1082.5502408975362,1082.5502408975362
7359.39,5647.066541928202,4689.555265932977,4689.555265932977
33269.53,17525.21826563418,13516.430429499746,13516.430429499746
46084.74,29975.714421532153,26256.639897415636,26256.639897415636
55721.41,36910.93474463463,37148.10061484575,37148.10061484575
57315.32,42879.90887942552,41106.903545994755,41106.903545994755
56199.33,44924.78238893747,42362.45010740876,42362.45010740876
54669.19,44421.38283625841,43729.08109633207,43729.08109633207
51557.56,41809.83363894224,42925.5482776928,42925.5482776928
53577.32,38795.21746768474,47901.30783967256,47901.30783967256
32925.56,30227.055288347005,39300.03336225152,39300.03336225152
9328.24,14906.408868927658,19068.25714517951,19068.25714517951
4278.21,4003.654561602026,3832.5265967160462,3832.5265967160462
1900.1,4414.678328150958,7601.378591549695,7601.378591549695
29122.77,15229.886690960824,24074.037752239703,24074.037752239703
25471.84,27236.32975593388,39166.19870196819,39166.19870196819
46466.65,34744.981370313166,45053.04430348277,45053.04430348277
56266.55,41205.19072636604,48677.80666669488,48677.80666669488
53944.26,43792.48072720766,50699.17353196144,50699.17353196144
52742.12,43282.89095003843,49928.78388534307,49928.78388534307
43261.93,40870.35515453577,47614.06058342099,47614.06058342099
45608.22,36862.19251563787,39259.01347689867,39259.01347689867
33112.93,28737.821963565944,29400.86485874653,29400.86485874653
18873.39,13690.920276747942,12446.295370762347,12446.295370762347
3437.38,3566.2967734903095,2430.3900971396265,2430.3900971396265
9306.31,5293.819490368217,7127.147191424668,7127.147191424668
40598.54,16866.692613449693,20377.698023928402,20377.698023928402
40935.78,28923.03471526921,32363.552996570466,32363.552996570466
43749.72,36024.2506935358,39123.49618701577,39123.49618701577
22194.37,42059.07121875763,44354.6989902699,44354.6989902699
30473.28,44283.11776592851,46846.22189589739,46846.22189589739
48298.7,43754.100563520195,46089.501685154435,46089.501685154435
56807.96,41025.41178768158,42890.2284930706,42890.2284930706
53768.01,38179.10874652982,47083.11761915445,47083.11761915445
43624.42,29372.528372886776,36221.36534818649,36221.36534818649
8533.1,14515.538065151572,18146.77816639781,18146.77816639781
626.74,3330.796166288853,4911.246539729237,4911.246539729237
2947.93,2069.328562528193,4482.153801195919,4482.153801195919
8895.91,11562.143947357834,15067.351811240314,15067.351811240314
44855.48,24158.59181923926,27744.366188117267,27744.366188117267
56603.64,33069.65731622815,36296.73248912692,36296.73248912692
57624.36,40730.25694416046,43322.56781910539,43322.56781910539
57511.22,44214.53131353497,46970.94488534451,46970.94488534451
57512.92,43988.738630089756,46336.04551391363,46336.04551391363
56386.61,42116.14555166602,45712.08323487997,45712.08323487997
52826.9,40581.72243033409,56281.8143669939,56281.8143669939
48889.16,33407.5648448503,45818.64463052988,45818.64463052988
26630.9,18067.982088761924,21575.436996415854,21575.436996415854
1961.52,5975.0471347992125,4431.290918609798,4431.290918609798
8965.29,6133.02183745414,9573.04420613259,9573.04420613259
22202.23,17851.218102445604,28055.78001903057,28055.78001903057
34995.73,31127.06337314427,44048.71125389099,44048.71125389099
50024.12,38560.197336137295,49577.781947933436,49577.781947933436
52403.06,44158.4565243566,52641.70379754901,52641.70379754901
51838.92,46204.58428758383,54542.237789506915,54542.237789506915
52583.92,45861.96848347664,53462.46813261509,53462.46813261509
55963.96,43469.415844089985,52213.21213598848,52213.21213598848
54633.35,38175.97890110493,48313.791364583965,48313.791364583965
48989.32,29630.0845492661,37712.912288666965,37712.912288666965
29008.04,14091.357177129388,17201.798332234026,17201.798332234026
10633.21,3544.600113837123,3917.037247240841,3917.037247240841
3702.58,4801.179987350404,7751.134073127359,7751.134073127359
6854.09,16151.780538279116,22335.167416075466,22335.167416075466
30338.85,28005.47479694247,35488.71137180805,35488.71137180805
14267.86,34993.48955335259,41682.633016002175,41682.633016002175
22008.61,41154.09050038457,46599.6973633492,46599.6973633492
38585.12,43469.82106452107,48817.067421512606,48817.067421512606
40204.75,42910.69405446172,47956.98898614645,47956.98898614645
32762.959999999995,40340.02580977917,46139.648678312304,46139.648678312304
32873.66,36854.62840092421,34765.61287911892,34765.61287911892
19045.72,28343.65633176088,28548.499118918775,28548.499118918775
22484.96,15194.442445777655,18352.47384608209,18352.47384608209
10281.74,4651.438495525717,7717.163576059639,7717.163576059639
1030.03,1623.8403159098327,1482.963985825777,1482.963985825777
3812.89,9105.216253629327,6749.0832828921075,6749.0832828921075
23038.27,21529.110653036834,19313.450239168404,19313.450239168404
43199.85,30642.80952102363,30187.011791270972,30187.011791270972
55357.33,38479.450411568876,37695.105745152236,37695.105745152236
60898.78,42208.44704738379,41718.16891818762,41718.16891818762
59415.46,42522.643391923906,42374.062567191126,42374.062567191126
43696.33,40745.350440407994,41126.16502381921,41126.16502381921
42951.45,39519.41584440112,42494.463205373286,42494.463205373286
50746.99,31677.41639605999,33025.12937971473,33025.12937971473
36293.72,19324.57836405456,19063.12435305238,19063.12435305238
9696.98,7198.718767660558,6481.694722195565,6481.694722195565
12415.59,1988.607687844634,1735.3545665192603,1735.3545665192603
32134.68,8774.768640181423,8762.685352850556,8762.685352850556
43730.35,21856.021271007656,21699.824231791496,21699.824231791496
46151.14,32501.576864262817,32299.3390655905,32299.3390655905
43115.13,39966.92199228525,40114.19453391194,40114.19453391194
43083.91,43973.61811914682,44363.417018401626,44363.417018401626
40612.19,44208.19829708338,44463.89624834299,44463.89624834299
50099.45,43094.042792181965,43478.12615373731,43478.12615373731
58085.04,39970.495650563236,43777.630363218785,43777.630363218785
53238.03,31895.384465942978,35841.19139898062,35841.19139898062
25839.54,18151.420834765435,20517.157529719472,20517.157529719472
2213.86,6129.9214187510315,6655.462891152203,6655.462891152203
1509.65,3507.7578581666944,4133.511307986826,4133.511307986826
3142.71,12851.318980499505,14581.601537956298,14581.601537956298
3040.15,26262.702766913175,28466.142890352607,28466.142890352607
9356.83,35562.341853758095,37616.90206119418,37616.90206119418
18094.21,42482.10977108836,44106.341317676306,44106.341317676306
33936.76,45496.96907460451,47258.39668143272,47258.39668143272
32356.9,45455.86814516544,47085.18617297411,47085.18617297411
42159.33,43483.297538286446,45257.05542394638,45257.05542394638
27685.92,37941.16716863632,37848.75375489473,37848.75375489473
37827.32,29716.52385608077,31476.411625270845,31476.411625270845
20855.99,17264.05176817596,22162.470186829567,22162.470186829567
10548.14,5941.846556550562,10716.93420738101,10716.93420738101
4415.15,1267.7446612003446,2198.2151919047533,2198.2151919047533
38275.56,7673.569093753546,4744.248446403444,4744.248446403444
43647.0,20357.849941289423,16194.381748123766,16194.381748123766
57002.38,30332.82168010354,28358.13813811958,28358.13813811958
58015.94,38171.04678957224,35781.7204766655,35781.7204766655
57336.37,42344.0530998373,40847.8171800828,40847.8171800828
56534.45,42854.8778345108,41806.036144616606,41806.036144616606
57317.93,41629.58387270927,41999.17963904262,41999.17963904262
55725.17,41822.15234004736,50807.66454871178,50807.66454871178
51469.7,34326.00660001993,40804.00706261873,40804.00706261873
41283.72,21342.138086889983,23123.267125153543,23123.267125153543
14824.35,8202.10919734478,8495.205135151744,8495.205135151744
14952.45,3542.0163511836527,5174.273674333543,5174.273674333543
46040.26,12019.083047991395,14089.178634907006,14089.178634907006
56558.05,26335.775588365195,27033.424308360816,27033.424308360816
58853.9,36639.27496763229,36257.16753808379,36257.16753808379
59414.73,43367.153644251826,43557.572513684034,43557.572513684034
58069.52,46493.51803267717,47446.81260416269,47446.81260416269
59114.45,46663.31697103023,47516.13231257439,47516.13231257439
56225.37,45044.696762602325,46314.36429122925,46314.36429122925
50674.42,42951.8451540494,48194.03907909155,48194.03907909155
44724.19,34904.375791692735,43163.81789117336,43163.81789117336
41073.01,19275.689483854174,26838.563451155424,26838.563451155424
14873.84,6263.7845409455895,11661.137369051874,11661.137369051874
13859.85,4780.896775153279,5439.725860255808,5439.725860255808
44219.54,15362.657165207267,14219.663472959995,14219.663472959995
54617.08,28508.976619539855,26095.36602508426,26095.36602508426
58990.06,36817.38671368599,32807.30603141427,32807.30603141427
58946.3,43000.830515304806,36684.57475258589,36684.57475258589
57594.21,45778.369578921796,39339.964941303726,39339.964941303726
57427.08,45513.216484270095,39281.91807936072,39281.91807936072
55733.21,43411.13742761493,37843.28906793833,37843.28906793833
48344.84,39108.76545953512,53896.58656930447,53896.58656930447
49826.85,31293.246201555132,40834.610853271486,40834.610853271486
12869.7,15792.235203447342,18073.452564581632,18073.452564581632
1485.47,4670.452017038762,4645.845971171409,4645.845971171409
11373.61,5897.815015065223,9913.478573585748,9913.478573585748
35565.85,17752.064522200228,25567.680261235237,25567.680261235237
54649.95,30278.98139215946,39601.513503739836,39601.513503739836
60340.94,37201.3581572175,46020.22442840695,46020.22442840695
56019.19,42909.16965379238,50825.197086030246,50825.197086030246
60824.87,44953.4642769742,53098.21741672992,53098.21741672992
62697.4,44446.267229969504,52168.42563024759,52168.42563024759
53855.89,41923.00591648221,50258.98450729012,50258.98450729012
40606.66,36791.1515852046,51943.41637296915,51943.41637296915
22472.69,27288.00886824548,37325.058447481395,37325.058447481395
6321.65,11672.851133942007,13838.40121745348,13838.40121745348
1449.36,2126.9914298722147,2760.414641161263,2760.414641161263
6466.54,4938.539100573659,12022.072995886505,12022.072995886505
37531.92,16566.046068276763,28556.111474159956,28556.111474159956
46725.65,28062.07251343906,41744.27283243417,41744.27283243417
56999.22,35419.1292349267,47929.07894654989,47929.07894654989
58096.69,41741.05422443867,50986.39763275981,50986.39763275981
49433.84,44395.26348504305,53159.309220769406,53159.309220769406
55231.69,43674.843306441304,52026.68338269472,52026.68338269472
53911.5,40681.38736017108,49885.89226752281,49885.89226752281
30967.13,37818.06506091356,45556.092665121556,45556.092665121556
27189.8,28558.892058165668,34076.066638123986,34076.066638123986
2641.43,13183.12504720211,15832.678132091165,15832.678132091165
298.14,2173.3346574358643,4195.2664192795755,4195.2664192795755
1655.94,1606.944553554505,4051.2833992238343,4051.2833992238343
1634.39,11700.626100061536,13707.2747803846,13707.2747803846
3415.13,24710.770263715982,25359.78095425427,25359.78095425427
9630.85,33440.129130541085,33501.44091138601,33501.44091138601
34448.05,41328.42404832363,41352.50186041474,41352.50186041474
52167.73,44628.0221006608,44956.28924226522,44956.28924226522
63196.79,44456.702620880606,44702.15042485476,44702.15042485476
57988.11,42358.33229598045,43250.365256769655,43250.365256769655
51109.79,39336.52249726057,49676.775369627474,49676.775369627474
50745.44,30466.11990572095,38744.67683182239,38744.67683182239
24187.96,15450.325640662908,21358.555303212404,21358.555303212404
8626.52,3500.331228956431,6560.619119634628,6560.619119634628
2807.88,1600.7152542370557,3575.086197602749,3575.086197602749
16386.99,11172.231200458109,12982.166587319374,12982.166587319374
44053.06,24428.32776400447,26875.44236962676,26875.44236962676
61765.41,33904.56191471815,36771.650834363696,36771.650834363696
60447.34,41607.466555656196,43696.87957940817,43696.87957940817
57522.93,45205.86643539429,47704.79522680521,47704.79522680521
56522.79,45012.093884489535,47395.35346865654,47395.35346865654
56354.08,43309.859334537985,47152.2327877295,47152.2327877295
39055.32,42125.921012160776,49315.04087965727,49315.04087965727
26995.6,33655.81445866227,39865.130619995594,39865.130619995594
24004.76,18850.792706403732,20583.389844370486,20583.389844370486
3171.84,5795.992286432684,6070.381994886845,6070.381994886845
1624.91,2632.589785795212,3998.772137812674,3998.772137812674
22313.82,11723.952324734031,13878.890457003712,13878.890457003712
52840.44,25051.676423528195,25876.68206577301,25876.68206577301
49809.24,34793.45345235586,34163.964738490584,34163.964738490584
52153.93,41701.149660081865,41034.43083670497,41034.43083670497
58215.65,45211.05325691223,44984.21471883058,44984.21471883058
56101.28,45020.23688553333,44698.754291718,44698.754291718
44797.83,43530.912868560554,43465.46783931852,43465.46783931852
15806.99,40604.491959319115,41751.87553956985,41751.87553956985
6433.32,31687.485158962012,31770.89110140681,31770.89110140681
3048.54,16620.220180671215,15052.767734963298,15052.767734963298
805.38,4350.880712923407,3456.5211114923654,3456.5211114923654
2396.15,2296.774931256473,3056.5236823165415,3056.5236823165415
15590.75,11736.864384327531,13247.163382661938,13247.163382661938
23958.73,24635.762032300234,25453.213207936882,25453.213207936882
40835.06,33997.874531892536,33815.008199447395,33815.008199447395
42429.97,41141.0848541677,41237.735715845825,41237.735715845825
52025.6,44625.606215043066,44478.4378729558,44478.4378729558
56393.88,44303.38264672518,44160.86083224773,44160.86083224773
51583.14,42686.201935638186,42109.13330858707,42109.13330858707
49764.3,39446.57264786005,44802.0739239192,44802.0739239192
48431.83,30030.423038971425,32935.13185159087,32935.13185159087
27451.43,14345.306891672015,14674.781976085305,14674.781976085305
1317.48,2770.531644590795,2870.3784412164987,2870.3784412164987
8018.52,2782.393025495112,3844.5847989726067,3844.5847989726067
24723.04,13746.128666052222,14574.011373357773,14574.011373357773
45928.16,26764.315490453242,26888.467312054632,26888.467312054632
49286.83,35350.04108104706,35354.417461702826,35354.417461702826
49260.17,42713.772361921074,42998.66933967233,42998.66933967233
56528.38,45767.5251083374,46513.616966059206,46513.616966059206
54623.24,45277.67149578333,45938.52813025713,45938.52813025713
56440.31,43186.91931498766,44667.30532702327,44667.30532702327
37921.26,42129.54098134518,49210.926243562695,49210.926243562695
25418.89,33123.23131646037,39158.39531423807,39158.39531423807
7066.75,17399.17348573327,19812.446396496296,19812.446396496296
1758.45,4260.605319361091,5257.034640925526,5257.034640925526
14620.07,1997.024695084691,3654.2136876626314,3654.2136876626314
45510.09,11880.653959867954,13633.990665422081,13633.990665422081
54345.67,25246.122412196994,25822.012040755748,25822.012040755748
56757.24,34835.750746877195,34580.41942362666,34580.41942362666
57560.87,41981.23030356645,41899.3989319396,41899.3989319396
55782.45,45603.4532854104,46126.72021693945,46126.72021693945
56817.35,45198.00129978895,45736.820977387426,45736.820977387426
56123.68,43694.19354683637,44703.35064917922,44703.35064917922
55350.63,43536.16529719591,52298.61330665112,52298.61330665112
52084.1,36099.965166274305,45446.56737146139,45446.56737146139
40792.24,19877.889496117234,25049.908890600203,25049.908890600203
6905.99,6072.12540755108,7612.6297297810015,7612.6297297810015
7263.26,5065.9336504343155,6149.112465405315,6149.112465405315
36315.42,16867.061171079873,20230.74194016218,20230.74194016218
53056.58,30883.456427699923,34033.0592430377,34033.0592430377
56966.26,39055.68544230461,39646.990813834665,39646.990813834665
59886.93,44567.497605224846,43418.39280295253,43418.39280295253
60174.63,46906.5495699811,45863.280625824926,45863.280625824926
60722.28,46509.62650962353,45393.965900263785,45393.965900263785
58002.02,44344.90809280634,42906.101556242706,42906.101556242706
55859.16,42207.459081380366,55276.497210640904,55276.497210640904
51535.11,33326.165708349945,41281.33357498884,41281.33357498884
35653.41,16392.67154202461,16828.79292541623,16828.79292541623
1332.66,3648.7321165215967,4290.683770669251,4290.683770669251
2629.9,3442.885443986207,11004.768068447112,11004.768068447112
9969.14,14866.305553597509,27152.003384224176,27152.003384224176
36878.68,27707.838460686206,40252.96130572796,40252.96130572796
47208.93,35763.24242500782,45934.04755006194,45934.04755006194
47907.16,42244.438340148925,47991.409567335846,47991.409567335846
51403.02,45205.75837661266,49522.205000998976,49522.205000998976
54335.44,44586.85942334652,47946.453254938126,47946.453254938126
38457.91,42433.336668154,46370.141918758156,46370.141918758156
30325.9,37987.23108354568,37459.11694381237,37459.11694381237
6428.9,28749.640892806052,28299.57992658496,28299.57992658496
6793.03,13656.220865309537,12904.14428774476,12904.14428774476
2963.42,2858.9454361964763,2198.1428311134873,2198.1428311134873
2331.32,2049.158715570718,2332.333024084568,2332.333024084568
9944.75,11669.832241730392,12974.453891780973,12974.453891780973
27564.37,24167.30791774988,25468.7119246155,25468.7119246155
50733.27,32722.94685614586,33721.57980500698,33721.57980500698
60503.65,40209.94233291507,40870.37059150457,40870.37059150457
53112.78,43374.33955322981,43751.4299679172,43751.4299679172
55676.07,43188.987868807315,43387.03260082841,43387.03260082841
57425.55,41042.56226002216,40987.64138426185,40987.64138426185
49824.18,39509.601791484354,51799.574697659016,51799.574697659016
53156.97,31368.711753171683,38927.31932821989,38927.31932821989
37111.05,16107.805438210964,17297.019344676733,17297.019344676733
9330.42,4343.091797351539,3771.8535204553605,3771.8535204553605
8052.54,4368.675196306259,6458.798320623189,6458.798320623189
21983.89,15741.9598904863,19623.611745987535,19623.611745987535
31665.61,28937.441266404985,32928.23538577795,32928.23538577795
34960.34,37026.62324808955,40464.21622380256,40464.21622380256
40845.95,43348.046536115406,46949.27524038673,46949.27524038673
57244.91,45762.73192952394,49975.063917815685,49975.063917815685
57923.62,45295.16929992199,49304.3044678545,49304.3044678545
57449.69,42983.45234767437,48058.452322849036,48058.452322849036
57007.99,38839.29001361847,48339.578820970055,48339.578820970055
16272.62,29717.598655033707,37754.25249112248,37754.25249112248
0.0,14836.416687562465,19655.55855292618,19655.55855292618
0.0,3307.689918421805,5337.73428977698,5337.73428977698
3599.37,1249.6284134989976,3133.59323147282,3133.59323147282
11122.3,10179.183539872169,12384.404703587294,12384.404703587294
8488.87,23108.07714785099,25076.07841196418,25076.07841196418
18725.2,32464.964233503342,34562.454651181695,34562.454651181695
29549.32,40065.324949922564,41923.523054937126,41923.523054937126
62515.99,43656.2301813066,46260.404366776944,46260.404366776944
52478.76,43573.569072606566,45967.063367090224,45967.063367090224
42412.9,41885.91088044763,45365.542581454516,45365.542581454516
29020.81,38139.563091697695,39865.802128138545,39865.802128138545
36320.61,29176.06785978913,30562.608679226636,30562.608679226636
15778.7,14606.824580170512,16257.985918835997,16257.985918835997
7041.85,3323.409576716423,4419.770115829706,4419.770115829706
1214.08,1812.684132118821,1831.9079823318123,1831.9079823318123
1727.09,11218.849881433844,10584.99154058665,10584.99154058665
3066.44,24258.13325332582,23858.12279920757,23858.12279920757
7712.1,33558.31070445776,33680.54448268533,33680.54448268533
12761.95,41234.62516663194,41125.933469287156,41125.933469287156
20023.44,44662.762998952865,44699.51070318937,44699.51070318937
31854.98,44509.31566980481,44593.02649238348,44593.02649238348
34465.5,42755.93072372317,43175.88574153542,43175.88574153542
45115.59,39939.54838735461,35066.008573548796,35066.008573548796
43992.56,31283.904905807973,29168.878091568946,29168.878091568946
28518.55,16627.242071855664,19133.66165237844,19133.66165237844
14362.44,4196.9480840685965,7525.156628461778,7525.156628461778
2121.22,1189.7426226472855,1139.9878249780834,1139.9878249780834
6679.2,10013.29304905802,7723.885411162973,7723.885411162973
16057.3,23522.67360786736,21744.22095407009,21744.22095407009
31348.36,33521.85630262852,32908.22135572434,32908.22135572434
46070.96,41462.81829872608,40018.59338611245,40018.59338611245
46761.39,45502.05555582523,43540.78095086813,43540.78095086813
46607.3,45447.92582471609,44036.82864715457,44036.82864715457
51712.11,44137.77098616004,42721.19368467331,42721.19368467331
44110.17,42132.852211153506,46608.46170238733,46608.46170238733
51545.14,33970.87141421318,38030.8057872355,38030.8057872355
33844.55,19147.915763447283,22442.224724348187,22442.224724348187
10941.44,6016.154335506856,7812.630132787376,7812.630132787376
2368.11,3507.8533744111655,4029.1569164705274,4029.1569164705274
3664.0,13609.818301897049,13374.680463462471,13374.680463462471
9617.5,27525.018439147472,27400.335971743465,27400.335971743465
16358.47,36857.40705530882,37199.34363278866,37199.34363278866
43650.65,43333.61297028422,43636.62909016848,43636.62909016848
55894.38,46250.26999675751,47107.41540805101,47107.41540805101
41877.02,46054.59098020553,46954.91359324217,46954.91359324217
51666.71,44168.015867288115,45712.777898476124,45712.777898476124
42897.86,38370.384367730614,43149.9246192503,43149.9246192503
14781.89,29840.965120847224,34802.954906654355,34802.954906654355
4902.79,16290.366890522242,22239.236303067803,22239.236303067803
1663.33,4384.822748079896,8681.376908541917,8681.376908541917
14708.96,278.6942107239366,1234.5657911890744,1234.5657911890744
45485.22,7647.073466423601,5656.638909802139,5656.638909802139
55578.05,20946.403673130273,18034.578417892455,18034.578417892455
58389.62,30863.307324169276,29556.88244320035,29556.88244320035
58623.48,38665.08382067204,37260.24247471809,37260.24247471809
59060.4,42676.31455711961,42391.44459406376,42391.44459406376
59886.6,43121.945113294125,43126.27904228568,43126.27904228568
57971.37,41729.05969967842,43364.7879287827,43364.7879287827
54782.85,42917.575083305834,52378.576805052755,52378.576805052755
50992.36,36619.604410134554,45050.578247716425,45050.578247716425
40236.07,21190.716859897373,25042.692107684612,25042.692107684612
11513.27,7408.801440916657,8724.373690712155,8724.373690712155
11777.82,6547.457174108625,6076.650851436853,6076.650851436853
41073.0,18720.408208647965,18027.461975274087,18027.461975274087
54618.36,33367.37855581284,30866.126500596998,30866.126500596998
59398.47,41427.14346382141,37297.113674705026,37297.113674705026
59892.18,46343.169675016405,41849.91572844028,41849.91572844028
57555.29,48121.84037599802,44506.85733252287,44506.85733252287
57753.8,47828.013111793996,44143.694922938346,44143.694922938346
58433.39,45712.48459606886,42143.78930355072,42143.78930355072
55180.4,44690.40289159536,54048.40143900156,54048.40143900156
49367.2,36565.397494181394,44512.38376735449,44512.38376735449
36729.0,19467.0847415632,21566.676516619922,21566.676516619922
9505.02,5201.421031190157,5937.842592767179,5937.842592767179
11910.68,3549.5814307078717,7879.16395073533,7879.16395073533
42058.98,14878.208421355486,23951.155621322392,23951.155621322392
55888.91,28379.113119481204,37839.86977934837,37839.86977934837
59529.27,36694.49300504207,42649.24969156503,42649.24969156503
59144.4,42643.341191755535,44787.501425368784,44787.501425368784
57597.48,45735.74038957119,45799.03968014955,45799.03968014955
56887.66,45242.691324474814,44222.01438416242,44222.01438416242
55758.65,43274.62059400201,42209.4272949028,42209.4272949028
53538.22,42524.8971893692,52873.00747885704,52873.00747885704
50478.58,34672.10344059229,42617.951237316134,42617.951237316134
38251.42,17778.691363765,19985.772682220937,19985.772682220937
10178.58,4520.331354667842,5247.670672130435,5247.670672130435
4244.03,4714.575215526372,8731.042461235225,8731.042461235225
20011.67,17166.87990880072,25076.58783193469,25076.58783193469
42071.87,30700.530277000664,38832.984011862274,38832.984011862274
45212.64,38253.40687738061,43874.79450410962,43874.79450410962
31951.42,43809.61190333724,45879.78660471797,45879.78660471797
40652.52,46116.199922699925,46969.40890694856,46969.40890694856
42519.91,45518.2334991312,45397.1922267437,45397.1922267437
17772.86,43116.24887180567,43160.41018031001,43160.41018031001
26856.38,35384.58129874468,23588.07425582409,23588.07425582409
26987.95,25936.69521161735,20605.34700287223,20605.34700287223
4964.18,11393.1602739197,10487.90169010818,10487.90169010818
293.61,2362.6623261357845,3056.5183758585154,3056.5183758585154
2918.4,2955.1877006065847,2791.017467003465,2791.017467003465
20980.51,12646.570744775534,12462.260090936721,12462.260090936721
14879.51,24626.81052001536,25803.31015305042,25803.31015305042
26889.5,32525.453995759486,34755.262391536235,34755.262391536235
45753.85,39644.06550824642,41320.466290905475,41320.466290905475
46292.09,42474.50320471048,43221.289726028444,43221.289726028444
49475.17,42466.78472030878,43106.54673691273,43106.54673691273
44687.6,39439.04326632619,40083.212537523505,40083.212537523505
35214.41,38320.16790821314,41558.828526198864,41558.828526198864
44602.08,29446.33252073586,31432.97585430026,31432.97585430026
25855.3,14262.557020401358,14873.670917337835,14873.670917337835
4241.62,2796.357693398893,2735.4525802008807,2735.4525802008807
1642.53,2288.3728785799444,2609.1159451085327,2609.1159451085327
5665.47,13012.8774719432,13354.508204478621,13354.508204478621
21951.9,26281.570602033138,26224.11806338906,26224.11806338906
31719.09,35091.96583659172,34977.69367502451,34977.69367502451
25737.49,42486.96083853483,42435.127356535195,42435.127356535195
27269.16,45496.359314336776,45846.32311559439,45846.32311559439
27174.4,45105.317739093305,45254.8788113451,45254.8788113451
28601.71,42939.94711034417,43511.75173103333,43511.75173103333
31912.31,37590.50098529815,29252.147030915618,29252.147030915618
32417.949999999997,28666.40089777589,24275.119707872866,24275.119707872866
9341.9,15129.684361647367,14239.85502815485,14239.85502815485
1092.04,4219.584951602966,4993.226492180825,4993.226492180825
5762.78,1317.7252245382965,1105.5908816471697,1105.5908816471697
10214.85,9172.409519588351,8466.444132649898,8466.444132649898
16032.14,22040.18623845339,21479.540616587998,21479.540616587998
19263.53,31437.14383587718,31540.832025708554,31540.832025708554
48143.79,39186.6565448749,38533.811697210076,38533.811697210076
52756.34,42814.070207479,41537.52550925016,41537.52550925016
55806.48,43078.254632338285,41980.73632056475,41980.73632056475
52397.01,41366.51862808823,39906.266282614466,39906.266282614466
49218.35,41059.61625130773,47809.17229136944,47809.17229136944
53354.45,32744.415820509195,36875.38340548038,36875.38340548038
42822.33,18093.11540359497,18983.521693796516,18983.521693796516
11054.77,5123.63269817397,4915.879559991359,4915.879559991359
7794.66,2834.744610760212,3586.8906546846033,3586.8906546846033
34888.39,13155.614439173341,14038.628350939154,14038.628350939154
49770.15,27310.444572780132,27600.97411452353,27600.97411452353
53339.18,36868.46764345646,36861.28559372068,36861.28559372068
54012.93,43617.823002923724,43904.12474483609,43904.12474483609
53098.24,46618.67325725078,47589.78980921984,47589.78980921984
46368.58,46344.22710737943,47068.95420027733,47068.95420027733
37817.56,44503.067556681635,46221.009222390654,46221.009222390654
45972.18,41569.91998828411,38782.25041388989,38782.25041388989
49816.1,32608.96027850151,33141.697790391445,33141.697790391445
20278.82,16321.647978181243,21490.425609215497,21490.425609215497
1899.38,3593.1365969840435,8165.4907777220005,8165.4907777220005
0.0,2992.5760390484334,-171.07441790044308,-171.07441790044308
1677.95,14235.948510237038,6475.317324458659,6475.317324458659
9103.72,27571.998924079537,20660.221567726134,20660.221567726134
13366.84,36180.40721070886,31936.54521363616,31936.54521363616
39552.33,42857.49054148078,38684.84314074039,38684.84314074039
47420.61,45822.17969638586,42466.302315033674,42466.302315033674
42845.96,45305.30366994142,42809.50086471319,42809.50086471319
45518.26,43257.58589892745,41369.5404147315,41369.5404147315
42031.94,40859.45665456056,43163.71755087614,43163.71755087614
44641.35,32133.22570353925,35468.02197436929,35468.02197436929
37044.27,16243.461660813093,21276.610083940624,21276.610083940624
9269.14,3290.113482223302,7364.957555083334,7364.957555083334
0.0,1899.5571212758123,3269.635378295034,3269.635378295034
1280.11,12868.866954786778,12614.693404196501,12614.693404196501
6338.26,26675.159277129173,27112.247400692104,27112.247400692104
19485.54,35890.62057308912,37188.360229485035,37188.360229485035
33851.72,42954.5813567698,43577.59812146425,43577.59812146425
26972.27,46253.65841140985,46718.55044540882,46718.55044540882
20481.85,45762.27653894424,46641.05686201572,46641.05686201572
19732.62,43888.02398637414,45142.10789499402,45142.10789499402
16415.07,35772.64353900909,25347.338757398724,25347.338757398724
12316.19,26694.86070856452,22253.2704373312,22253.2704373312
7093.89,12941.514294786155,12790.895790171326,12790.895790171326
3012.79,2707.9294296349585,5095.356030568331,5095.356030568331
2039.33,1050.363196131885,1740.9794120270014,1740.9794120270014
8014.57,9992.089407595991,8039.407405399084,8039.407405399084
15490.11,23307.06932383239,20343.01887351155,20343.01887351155
37962.27,32203.683888400195,31409.571479973198,31409.571479973198
47514.19,40183.02025932193,38845.480238108634,38845.480238108634
58088.66,43389.066421468255,42231.40953847885,42231.40953847885
57091.87,43707.13744517803,42284.38921541214,42284.38921541214
57095.48,41487.31676821709,40337.470991442206,40337.470991442206
55228.77,40128.12253901482,49871.04190353394,49871.04190353394
49046.01,32337.717299656866,37461.21251232743,37461.21251232743
34033.09,17897.874411032797,17399.557480332256,17399.557480332256
953.56,5702.789657661021,4357.7202549138665,4357.7202549138665
3500.33,4372.084836790711,5722.493501122743,5722.493501122743
14130.93,14935.128384575844,17493.925600248574,17493.925600248574
42727.12,28536.68597854197,30469.88266686678,30469.88266686678
49642.52,37268.4472236371,38411.122528402804,38411.122528402804
48438.56,43427.47359985113,45036.18713354945,45036.18713354945
42262.62,45850.506534140106,48118.266717720035,48118.266717720035
60216.85,45637.538112528324,47548.480480701925,47548.480480701925
59841.21,43531.1560008192,46590.624284934995,46590.624284934995
57212.52,40840.05238477468,49936.47149580717,49936.47149580717
51487.58,31636.280733441115,38980.56143362284,38980.56143362284
26869.67,16310.523712537288,20397.932030787466,20397.932030787466
2654.38,3840.204317872003,5689.493603468537,5689.493603468537
2731.12,1228.7475011660158,2738.653821606487,2738.653821606487
10751.81,9961.676649432182,11114.03961693257,11114.03961693257
15318.67,22957.032196972967,23529.076090678573,23529.076090678573
51654.2,32826.21631819844,33561.479142304655,33561.479142304655
45088.56,40591.82978565812,41477.487278331515,41477.487278331515
43339.72,44666.9772914362,46406.268285000326,46406.268285000326
43972.02,44497.402189130786,46152.64660604477,46152.64660604477
48955.25,43302.036650596856,46063.34760075927,46063.34760075927
43229.22,40422.142765328885,43966.177500183585,43966.177500183585
30283.59,31403.464229190347,34810.8817901349,34810.8817901349
11422.75,16945.428872831464,20034.499474248885,20034.499474248885
4944.61,4708.777186524868,6391.478182076812,6391.478182076812
10375.41,1537.4574505123496,2213.8166609069704,2213.8166609069704
25150.44,9799.153347438276,10386.526151165664,10386.526151165664
55435.83,22847.082386670707,23822.911073367,23822.911073367
58610.29,32939.29597392559,34337.047891956565,34337.047891956565
55186.11,40582.32447211743,41609.04884495855,41609.04884495855
59470.54,44519.26865544081,45695.15659858703,45695.15659858703
58835.79,44444.98596155882,45581.60997455358,45581.60997455358
57029.49,43224.161002225876,44701.32840626597,44701.32840626597
54847.2,42448.52664545655,50814.91220556498,50814.91220556498
51376.82,35056.14435048342,41796.41891305208,41796.41891305208
39890.2,19549.240289534926,21468.476169198155,21468.476169198155
10149.09,6190.848722591698,6202.936833975315,6202.936833975315
15226.65,5027.720398972035,5189.650824882835,5189.650824882835
37289.68,16478.041838749647,16936.786099922658,16936.786099922658
43045.79,30523.296508547664,29398.408451085685,29398.408451085685
36707.29,38932.44054262042,36552.46903280854,36552.46903280854
6796.34,44590.12048300624,42526.10899142027,42526.10899142027
37707.73,46906.29485999584,45856.032968971725,45856.032968971725
52891.48,46589.99908769846,45453.15123865604,45453.15123865604
52078.36,44480.61448555708,43635.00820844412,43635.00820844412
55381.05,40644.57404881716,46284.64040779829,46284.64040779829
47604.1,31162.265450879335,38524.73861879587,38524.73861879587
8234.52,14445.350027244687,21111.436447365282,21111.436447365282
266.35,2599.3535095562042,5942.250329765827,5942.250329765827
3280.15,2971.5991280657054,5547.332145731598,5547.332145731598
20368.07,14175.961414277554,18394.400653352142,18394.400653352142
49414.21,26583.2668610847,32714.263561193944,32714.263561193944
41340.7,34691.29159281492,40782.804385967254,40782.804385967254
49123.48,41697.91561511755,46112.26735489726,46112.26735489726
44921.44,44794.8185485816,48747.770868554115,48747.770868554115
47343.54,44134.864976782796,48234.77723976374,48234.77723976374
48357.96,42022.62067617058,46440.816221182344,46440.816221182344
46934.12,34913.757609483,38560.98462154627,38560.98462154627
30956.46,25572.53518792391,28584.8801951462,28584.8801951462
13583.36,12018.92095981896,12983.976571911573,12983.976571911573
0.0,2770.005822840929,2528.4659840004147,2528.4659840004147
8960.77,2260.322941453606,2523.4523459762336,2523.4523459762336
28984.66,11294.091597002745,12251.95165201187,12251.95165201187
46101.14,23755.8258661896,24465.13335687399,24465.13335687399
53511.2,32203.87492088914,32694.415478554965,32694.415478554965
57809.24,39435.73975500226,40146.666197789906,40146.666197789906
51195.48,42277.44257945061,43333.987316777704,43333.987316777704
51110.26,42362.33818938494,43172.667133539915,43172.667133539915
54453.84,39796.35120549202,41019.76185709953,41019.76185709953
56167.86,35248.504418742654,43615.65796804905,43615.65796804905
50930.35,26016.486973741055,32057.644374656677,32057.644374656677
36194.05,11489.87867233634,13882.939766882955,13882.939766882955
8058.59,1782.7750050622224,2568.0651858180763,2568.0651858180763
5030.04,2852.5608023804425,3973.7681075933574,3973.7681075933574
31079.23,13430.56325534135,14718.375975986122,14718.375975986122
55679.41,25939.60315061569,26640.298742328883,26640.298742328883
56853.28,34448.82312381983,34831.81817907452,34831.81817907452
51216.91,41414.78617029428,42345.19929477096,42345.19929477096
49053.96,44203.605798864366,45700.62900402784,45700.62900402784
52534.63,43845.47584110975,45266.61090763569,45266.61090763569
42751.54,41247.345228925944,43428.6699649334,43428.6699649334
28130.96,38817.2305851984,41091.057497518064,41091.057497518064
32493.13,29852.745457665325,32814.271963586805,32814.271963586805
22914.03,14809.363399734497,17216.47503032386,17216.47503032386
3442.48,2947.5941591711344,3624.6528572146594,3624.6528572146594
2676.02,753.2430335199833,405.0409763270616,405.0409763270616
5763.98,9737.722894895673,10305.206129130424,10305.206129130424
10534.42,22935.850746153592,24254.69852776706,24254.69852776706
21631.45,32599.70581570387,34352.928673613074,34352.928673613074
31248.54,40189.88585119724,41407.002078775164,41407.002078775164
36823.67,43883.70549435139,45187.3497913146,45187.3497913146
57506.08,43760.88897055149,44870.56003601551,44870.56003601551
57414.09,42327.184352177384,43479.82807954788,43479.82807954788
57714.63,39348.818042912484,48821.06559643269,48821.06559643269
44418.49,30260.717528443933,37707.625126851795,37707.625126851795
38382.68,15252.48737809956,20604.689002076982,20604.689002076982
10146.54,3347.2437741436065,6518.287091933489,6518.287091933489
2798.59,1536.7695405900479,3847.596455105096,3847.596455105096
10123.74,11004.540373157262,12907.285710896253,12907.285710896253
23212.38,24301.001715692877,26372.432600409986,26372.432600409986
12342.5,33839.71892725945,36279.57043905973,36279.57043905973
20319.62,41387.92198533416,43266.24217918396,43266.24217918396
20617.35,44953.18641153574,47216.76317656994,47216.76317656994
33414.76,44674.83470855713,46786.797284488675,46786.797284488675
51524.39,43165.88644499302,46727.70456790924,46727.70456790924
52135.35,40627.50462056279,45217.12770413637,45217.12770413637
47045.71,31568.435255550146,37498.65873940229,37498.65873940229
36137.59,15890.72306441307,23651.788414939045,23651.788414939045
4568.33,3313.415586632043,9001.294579644798,9001.294579644798
4231.16,1625.2281958863139,4150.526224445104,4150.526224445104
18369.65,11601.819851614237,12740.504699944258,12740.504699944258
40603.64,24966.327352635264,26924.998898727892,26924.998898727892
47354.28,34417.933749244214,37402.22785452962,37402.22785452962
39335.07,41788.766035767796,43550.75709195733,43550.75709195733
49002.68,45406.45440802574,47034.24417592287,47034.24417592287
54396.34,44996.49482751369,46932.27527849197,46932.27527849197
45856.8,43514.10586877584,46193.184086122514,46193.184086122514
52267.26,40101.748477814195,42341.45197059393,42341.45197059393
49259.03,30785.81952963948,33042.06373449206,33042.06373449206
36714.35,15110.270443755984,16830.763068559765,16830.763068559765
8184.799999999999,3118.8586447499692,3675.479076999873,3675.479076999873
11908.91,2044.9603424614668,1653.9612188822032,1653.9612188822032
32072.14,12004.298291119932,11576.828363932073,11576.828363932073
41503.24,24859.241100046038,24777.986685128213,24777.986685128213
55594.78,33976.55993721724,34312.06701719046,34312.06701719046
50636.85,41244.56271529913,41453.57541365504,41453.57541365504
53382.68,44660.81794088364,45206.051679019925,45206.051679019925
44893.44,44231.64319345355,44745.82160959959,44745.82160959959
38720.76,42617.09448554754,43402.415540241,43402.415540241
33909.29,38695.2901093781,37012.59490268946,37012.59490268946
2080.98,29558.24089645505,29498.380190677643,29498.380190677643
298.3,14488.089204998016,15032.761423394084,15032.761423394084
0.0,2959.5751765836776,2908.3615853625533,2908.3615853625533
4672.54,1363.9435091356934,282.59976383119823,282.59976383119823
17278.92,10652.02754242599,10314.003271727264,10314.003271727264
14623.66,23560.575225521923,24255.700001118184,24255.700001118184
52510.18,32879.10337331891,33956.65010670304,33956.65010670304
44528.23,40297.77482616425,41148.53705085754,41148.53705085754
38294.25,43747.644051318166,44405.20489295244,44405.20489295244
53972.51,43535.60184783459,44290.26894172668,44290.26894172668
56049.55,41923.26448570967,42269.176082656384,42269.176082656384
56732.95,37985.278306992055,45201.89913441181,45201.89913441181
30219.44,28883.778503602145,34226.37640336275,34226.37640336275
15065.71,15346.959697555303,17931.677513470055,17931.677513470055
1470.58,4286.658098648489,5439.806421936751,5439.806421936751
16081.21,1265.9751986512542,2290.3647299608588,2290.3647299608588
42759.37,8890.29891470611,9447.457711243032,9447.457711243032
43238.82,21737.941967009305,21746.646487793325,21746.646487793325
46336.65,31378.00480839133,31469.034683803915,31469.034683803915
44907.47,38842.73631690383,39385.42295518756,39385.42295518756
47687.11,42438.82065132141,43764.045830671785,43764.045830671785
50400.76,42639.76367423534,43932.864521505835,43932.864521505835
35153.89,41229.96320205331,43554.712815213206,43554.712815213206
44296.28,38389.14414406895,35526.647722642425,35526.647722642425
37418.21,29782.219736065865,27646.899096713663,27646.899096713663
23059.35,16535.110382794737,13320.604761744142,13320.604761744142
6751.48,4814.249793468863,1994.9546940492094,1994.9546940492094
12024.42,601.3065976935625,101.34755943655968,101.34755943655968
42907.26,7646.934051299095,9959.757641247808,9959.757641247808
53522.46,20799.308656644822,23829.52388487816,23829.52388487816
54289.65,30990.3207738626,33421.137799670694,33421.137799670694
57296.8,38616.60787938714,41111.6233992064,41111.6233992064
59790.82,42561.1586290884,44382.65920001507,44382.65920001507
58886.26,42919.219120483394,44449.81773279428,44449.81773279428
57559.57,41752.608795588014,42461.66350590825,42461.66350590825
55239.3,40294.98845329523,47592.8154551053,47592.8154551053
50714.98,31819.868744177817,39804.9071454513,39804.9071454513
27344.67,16882.51357685208,22554.260455060004,22554.260455060004
1906.45,4565.894532901644,9355.767905414104,9355.767905414104
0.0,3014.8641275689006,4672.362341928184,4672.362341928184
2406.12,13345.103231235147,11999.821570166945,11999.821570166945
8247.34,26760.09733872771,22848.664675973057,22848.664675973057
23666.09,35845.722149324414,31046.594314014314,31046.594314014314
50710.04,42377.22328655362,37348.88926807165,37348.88926807165
58986.66,45166.162551631925,40858.457110830546,40858.457110830546
49790.62,44778.81041193247,40808.75778976798,40808.75778976798
37970.42,42830.93509589672,39709.417915675636,39709.417915675636
36574.12,40147.480497894285,39958.00714280128,39958.00714280128
40433.81,30914.40562052965,31620.515729050636,31620.515729050636
28267.86,14991.017930128573,18286.768317991497,18286.768317991497
4205.36,2672.6221875499186,5769.063459165693,5769.063459165693
3151.62,935.4436466854811,1298.1400527742505,1298.1400527742505
12324.34,10406.347219109237,9327.141976389288,9327.141976389288
24677.44,23518.41686371982,23138.817941601872,23138.817941601872
44494.03,33055.17358024835,33768.39241290331,33768.39241290331
36560.4,40810.59478905558,40858.19468236089,40858.19468236089
31483.99,44696.61627153873,44418.88976579666,44418.88976579666
25377.94,44409.15675696611,44406.62895332456,44406.62895332456
15782.22,43051.375010409356,43139.987070583105,43139.987070583105
19161.9,35631.19459386349,22863.617309880257,22863.617309880257
20022.31,26820.984602930544,20077.20970768571,20077.20970768571
8719.97,13567.621347672939,10295.249284252226,10295.249284252226
2423.43,3132.799192389995,3575.727555416003,3575.727555416003
1356.82,819.4792074131966,2807.7067599010466,2807.7067599010466
6825.47,9104.455982915759,10989.315662674904,10989.315662674904
47644.36,22278.764591310024,23683.99957996845,23683.99957996845
40224.07,31259.171022542716,33675.438705253604,33675.438705253604
38237.88,38817.09937096357,40553.94360497236,40553.94360497236
43049.34,41996.74445721388,42819.63909397483,42819.63909397483
48613.33,42403.99870894313,42519.94192238331,42519.94192238331
51672.81,40420.68397177696,40089.55713170171,40089.55713170171
52416.26,37512.25099043369,42786.48434422731,42786.48434422731
46391.47,28455.744162242412,31545.88570337057,31545.88570337057
19261.07,14351.712268914878,14469.8793706733,14469.8793706733
1893.76,3659.1178196893634,3119.664261559397,3119.664261559397
9131.24,2599.592300167382,3054.7590438202024,3054.7590438202024
33227.42,11936.34475444734,12694.19475834459,12694.19475834459
46495.21,24475.763639516234,24875.918815217017,24875.918815217017
54646.36,33502.753053734305,33485.9807871294,33485.9807871294
60079.62,40597.981417726274,41075.97557899713,41075.97557899713
56609.88,43557.93914169312,44524.243218637705,44524.243218637705
51270.38,43298.38194823265,44170.52051547646,44170.52051547646
55210.87,41468.37174825311,42902.13425526023,42902.13425526023
47335.72,39212.72572594166,46535.76901629209,46535.76901629209
40052.55,30326.440423124433,36377.240140678885,36377.240140678885
21378.18,15546.279909123778,18612.650447915792,18612.650447915792
1486.02,3503.8826965917647,4938.448408381939,4938.448408381939
12315.25,836.197444627285,1990.8035966569184,1990.8035966569184
40598.97,9481.879257242977,10388.642945512831,10388.642945512831
53836.57,22683.78820104718,22643.960821534394,22643.960821534394
57189.23,32635.61606438279,32476.217783761025,32476.217783761025
58467.03,40190.63068494201,40332.79358989477,40332.79358989477
56747.06,43988.37586132288,44838.50517029524,44838.50517029524
55080.31,43879.19018097639,44662.86719849229,44662.86719849229
54864.39,42609.44546750545,43894.1794776845,43894.1794776845
53295.11,39087.740308024884,45605.06644865036,45605.06644865036
41409.8,30046.473627284766,36235.26247935176,36235.26247935176
15587.33,15347.856971367002,18833.489793996214,18833.489793996214
2444.61,3736.982372739017,5976.965178173035,5976.965178173035
5755.22,1601.0944247832895,2950.284533390403,2950.284533390403
25219.67,10366.817966056466,11052.860979943573,11052.860979943573
23869.53,23119.732059297563,22532.43451079309,22532.43451079309
40220.21,32642.58585579753,31556.560367298127,31556.560367298127
49936.58,40008.262194740775,38952.605083119866,38952.605083119866
53606.54,43556.39544481278,43026.41343185425,43026.41343185425
56853.06,43399.2471023941,42906.85410847187,42906.85410847187
56059.1,41930.03359652996,41808.7569103682,41808.7569103682
56995.94,38119.34066256523,47341.55563237667,47341.55563237667
43307.85,28934.577708691955,35467.37748092174,35467.37748092174
31658.99,13907.390960657,16808.93519467175,16808.93519467175
3337.55,2734.805192321688,4072.879718579799,4072.879718579799
6754.63,1780.1516851761937,4160.641298253536,4160.641298253536
28371.46,11461.573060414195,14433.776159884334,14433.776159884334
38385.99,24319.925509824752,26912.765100951194,26912.765100951194
57825.46,33383.03550142169,35682.163605610134,35682.163605610134
56314.11,40903.181868696214,43200.09476786137,43200.09476786137
54487.85,44205.41964269876,46807.42879329443,46807.42879329443
60175.18,43934.9871047163,46364.98211193561,46364.98211193561
52699.12,42169.30275374055,45535.86251750469,45535.86251750469
42351.58,37324.39079858064,44516.58262286901,44516.58262286901
27292.66,28485.56645634949,33965.5418007338,33965.5418007338
7298.18,14959.217774393559,17368.451988193392,17368.451988193392
2370.27,3859.3816159759463,4640.363917625099,4640.363917625099
1950.43,780.3136879378557,2159.436079054773,2159.436079054773
9439.96,8535.974169761539,10508.84483272165,10508.84483272165
15623.94,21599.514808506967,22930.648487666844,22930.648487666844
39263.25,31066.042965085508,32473.960127073526,32473.960127073526
40114.95,38726.98606557369,40368.40281768203,40368.40281768203
48050.38,42347.53413630247,44554.82771307945,44554.82771307945
53928.37,42675.48096080423,44558.702392249106,44558.702392249106
60316.82,41094.148750520944,43472.49551936626,43472.49551936626
56659.07,35920.56829256773,47095.61384540081,47095.61384540081
35461.73,27065.241830685736,35035.49740470886,35035.49740470886
13930.49,13680.288064484595,17928.949029234052,17928.949029234052
4572.4,3377.116238399297,5464.865928762704,5464.865928762704
0.0,1375.727222790718,3353.473555866331,3353.473555866331
871.25,9833.57585824877,11237.00761598885,11237.00761598885
4134.71,22829.27391353488,23388.263920496105,23388.263920496105
21631.15,32073.554100629688,33123.60566295385,33123.60566295385
47397.67,39580.12172422052,40911.13190762997,40911.13190762997
33403.01,42758.59746008396,45163.73122904539,45163.73122904539
33087.11,42916.92673061609,44959.62362752676,44959.62362752676
36636.18,41089.22821671486,44914.97605450511,44914.97605450511
31362.92,35819.795760219095,34030.42723985672,34030.42723985672
13451.89,27138.949497479796,26809.906648193002,26809.906648193002
10653.17,14164.146344279647,15651.459696065784,15651.459696065784
2624.09,3408.0991995982827,4980.322151071728,4980.322151071728
1006.3,286.64039041548966,-102.02292682170868,-102.02292682170868
5531.1,8022.514537475407,6241.133683658242,6241.133683658242
21763.3,21587.580102000833,19811.93118766248,19811.93118766248
38903.43,31211.410970686076,30637.800224646926,30637.800224646926
48856.17,39018.38972567558,38217.998330187795,38217.998330187795
54304.51,42565.75884579182,41957.928199157715,41957.928199157715
48472.4,43047.9788772726,42557.70074807644,42557.70074807644
50901.98,41541.90960839033,41469.85369725824,41469.85369725824
39748.53,38896.375924253465,43979.15999094724,43979.15999094724
47488.12,30474.033281853794,33854.86259365558,33854.86259365558
36862.53,16692.415024522543,17628.948907129765,17628.948907129765
4932.67,4749.525960113108,4626.908669691831,4626.908669691831
2547.74,2296.658671585172,2256.4911963534355,2256.4911963534355
5877.25,11753.883642433286,11169.911795895398,11169.911795895398
11866.94,25283.763531003,24001.91044512689,24001.91044512689
36933.81,34933.48219637156,33807.37075913191,33807.37075913191
52948.38,41607.66337700844,41229.0485616517,41229.0485616517
48408.27,44577.85195204973,45193.20812097549,45193.20812097549
53673.91,44325.76625149012,44870.27445209265,44870.27445209265
50835.92,42606.76715341806,43836.53783617258,43836.53783617258
54756.05,39924.16158869982,45665.286063952444,45665.286063952444
50096.93,30733.160169808863,35692.54882637262,35692.54882637262
38178.78,15681.436359860896,19832.37359360039,19832.37359360039
6792.83,3391.472136981189,5888.967219914496,5888.967219914496
2199.01,489.6230228325725,1156.6790474967659,1156.6790474967659
4862.85,8946.053386781812,8169.424310335219,8169.424310335219
12871.2,22274.191389302014,21068.081720480917,21068.081720480917
34648.16,32325.703478685617,32085.550555011032,32085.550555011032
55170.08,40071.47272274852,39913.2090593338,39913.2090593338
44447.08,44093.10025768518,44782.1293602252,44782.1293602252
37789.25,44058.99999359846,44736.44365105152,44736.44365105152
44293.86,42943.2467624259,44588.81219990015,44588.81219990015
23762.51,37065.883318998815,38527.86460497856,38527.86460497856
18736.68,28158.960718512535,30187.23176807642,30187.23176807642
15048.07,14481.295009103418,17051.276308674216,17051.276308674216
1666.14,3536.5198254790903,5220.7249606788155,5220.7249606788155
1741.65,837.7585080975294,1192.773092585504,1192.773092585504
5874.69,9078.083851336241,8864.756520199775,8864.756520199775
14215.88,22344.402582662104,22193.467620186806,22193.467620186806
30855.66,32027.997676069735,32632.887580146788,32632.887580146788
37468.91,39604.863325970175,39999.99183870434,39999.99183870434
44169.57,43043.30147572517,43695.1892313242,43695.1892313242
44700.38,43238.760515471695,43836.01297923327,43836.01297923327
54749.94,41607.049757498506,42611.278607550856,42611.278607550856
52723.13,39221.25465120554,46333.15108226299,46333.15108226299
45992.46,30078.505337551833,35020.2649757421,35020.2649757421
18016.2,15431.11047374487,18194.445596441627,18194.445596441627
1884.76,3825.0391844411192,5414.608947202116,5414.608947202116
4659.97,2049.41583758235,3298.347657864094,3298.347657864094
19283.14,11106.584525811077,11579.652364412546,11579.652364412546
39889.1,23916.82380270362,23757.46218488276,23757.46218488276
44279.38,33359.5134202075,33472.71271244287,33472.71271244287
56851.85,40734.24740059614,40974.7476560688,40974.7476560688
56656.77,44246.08061852693,45190.25194144964,45190.25194144964
55429.05,43997.73838290214,44733.06295488357,44733.06295488357
52821.77,42585.94654174447,44617.75651640654,44617.75651640654
47088.46,37167.24245616198,43211.77283476114,43211.77283476114
31716.0,27732.2906192708,32171.441849433184,32171.441849433184
6317.32,12813.35175572753,14446.054338946342,14446.054338946342
213.45,2517.059993675798,3016.0344427663085,3016.0344427663085
2872.0,3029.0000493453445,3855.808440103233,3855.808440103233
16347.55,13363.122997881472,14286.13313100636,14286.13313100636
34330.39,25590.03685130477,26117.62999334097,26117.62999334097
49992.61,33962.697539231776,34209.18733860016,34209.18733860016
50553.44,40936.2285596621,41619.83156766772,41619.83156766772
48743.88,43727.27497098207,44898.67847469091,44898.67847469091
53752.68,43295.52610900402,44553.17595741749,44553.17595741749
51460.58,41085.14899770856,42657.95614197016,42657.95614197016
48619.14,37521.01147022963,43800.61600976706,43800.61600976706
24578.72,28243.939302154184,33022.16162246227,33022.16162246227
10788.21,13184.563579732478,15877.080643233061,15877.080643233061
1311.58,2064.2594478973747,3196.386961322874,3196.386961322874
17259.71,1184.3454724293947,1942.7897996255756,1942.7897996255756
47709.53,10967.49743689239,11337.777253905833,11337.777253905833
55760.49,24152.916803582906,24058.899874706865,24058.899874706865
57186.28,33246.6421635592,33518.6029614532,33518.6029614532
57109.82,40718.48625544786,41265.25597198009,41265.25597198009
52518.36,43939.506277333494,45230.727673652174,45230.727673652174
57817.06,43767.00972868204,44969.85833784342,44969.85833784342
48817.93,42005.582121853826,43865.289190568925,43865.289190568925
54811.08,38409.354995474816,42765.34341545105,42765.34341545105
40682.57,29160.131119120717,33934.88012144804,33934.88012144804
8166.23,13820.434515387416,17393.18394183755,17393.18394183755
703.54,2596.198096651733,5235.081824071258,5235.081824071258
1013.2799999999999,2646.533227866888,2702.879128809869,2702.879128809869
4712.04,13449.165767560005,11514.635711054802,11514.635711054802
9591.16,26299.12050594151,23302.02722389698,23302.02722389698
30253.0,34861.70800992012,32109.75379247367,32109.75379247367
26391.14,41752.902097995284,39273.52808681607,39273.52808681607
34768.1,44488.529791311026,42866.90323320866,42866.90323320866
30063.13,43986.1760932684,42675.04100719333,42675.04100719333
33157.88,41893.0736339724,41089.4173195827,41089.4173195827
48280.69,38867.385296840665,33873.78831740856,33873.78831740856
42721.86,29497.00244121194,27264.508012863396,27264.508012863396
9948.75,13558.217339240015,15068.222070356607,15068.222070356607
4313.04,2056.107763558626,4260.662243183553,4260.662243183553
4107.01,1790.2720654426514,2082.110372697413,2082.110372697413
20290.57,12149.048817968369,11845.661246022284,11845.661246022284
38587.46,24989.179855327606,25638.287026920916,25638.287026920916
55548.82,33806.772576590774,34980.69616545677,34980.69616545677
46764.0,41507.20730252028,41561.96609010816,41561.96609010816
47624.81,44932.54718424559,44086.60129381895,44086.60129381895
57605.09,44509.188314812185,43995.87822816133,43995.87822816133
55192.87,42751.5311876142,41930.323039695024,41930.323039695024
54645.91,39654.88682337761,46615.92547680378,46615.92547680378
38423.47,30191.338001778124,35194.23575491428,35194.23575491428
3958.72,14015.707346697747,15827.008905298113,15827.008905298113
0.0,2020.4112204165756,2859.4095100711284,2859.4095100711284
6925.59,1917.861989439726,3020.4523102757335,3020.4523102757335
23922.15,13030.480440431833,13514.440990145205,13514.440990145205
32606.9,26378.134630761742,25731.885228018164,25731.885228018164
44771.84,35231.581641691926,34483.57559983849,34483.57559983849
55714.81,42465.765880367755,42305.21368632793,42305.21368632793
34169.95,45568.612046821116,46271.95893792629,46271.95893792629
54499.04,45025.539484317305,45712.26847850561,45712.26847850561
32094.45,43132.19526057959,44746.832731056216,44746.832731056216
6742.24,36223.16761429429,30912.27724845588,30912.27724845588
5459.12,27810.119956735372,23721.079179034234,23721.079179034234
3971.71,14615.52331209123,12061.394814670979,12061.394814670979
459.99,3778.08474939391,2534.5182405819,2534.5182405819
4426.3,714.583074772954,-3.72416872382164,-3.72416872382164
26461.32,8455.286098636687,8573.224540294706,8573.224540294706
33078.71,21455.912406213283,22343.763878077865,22343.763878077865
28836.28,30515.67064595878,31472.467479741572,31472.467479741572
47993.0,38086.266956903935,38989.57276416182,38989.57276416182
43118.95,41489.250248559714,41587.904056940075,41587.904056940075
51635.58,42036.09329069376,42161.14817497015,42161.14817497015
52464.81,40137.1068548584,39527.73251134396,39527.73251134396
37769.08,36351.908074872495,42155.24739364505,42155.24739364505
4867.16,27258.257970119117,30728.57924931645,30728.57924931645
22595.48,13975.577981482744,14351.03979596138,14351.03979596138
876.16,3683.4194678281247,3429.378096283227,3429.378096283227
2616.78,1520.3248271669447,2571.1656045211853,2571.1656045211853
5426.55,9756.778868072926,11249.316668988466,11249.316668988466
14233.67,22710.06964043498,23753.78625668645,23753.78625668645
27629.41,32065.555821168422,32578.966248116492,32578.966248116492
37546.62,39508.000205971,40357.909538137916,40357.909538137916
47616.02,42654.35932823896,43880.81878118515,43880.81878118515
49678.73,42831.097184069156,43977.06056318998,43977.06056318998
54881.59,41052.812407307625,42754.50280410886,42754.50280410886
54035.65,35865.068530477285,44060.412476243975,44060.412476243975
25044.59,27053.656385598777,32640.482568798066,32640.482568798066
19279.99,12761.37162252426,16036.635223163963,16036.635223163963
1405.25,2248.954096335173,3837.5035719393195,3837.5035719393195
7153.16,1832.3604784798622,2951.4934410098194,2951.4934410098194
42766.91,12246.6451939857,12719.463146654665,12719.463146654665
43002.38,25702.00118603587,25766.012506800293,25766.012506800293
51480.81,34535.45539274454,35096.03347787142,35096.03347787142
50651.69,41890.58828199506,42632.72055721879,42632.72055721879
53989.27,44709.63735472441,46296.33391166687,46296.33391166687
46489.14,44432.6595419693,45746.291557748315,45746.291557748315
49946.41,42309.41254184246,44980.39792829394,44980.39792829394
42121.38,38383.83768604278,43523.05931068182,43523.05931068182
26839.03,29103.014334548116,33772.19762571335,33772.19762571335
18304.9,12924.81052973032,15462.43208344698,15462.43208344698
1754.79,1815.33012505278,2399.665222762823,2399.665222762823
3532.41,4178.707858211547,4205.5889273563025,4205.5889273563025
25538.44,16811.97434790492,17380.340383793115,17380.340383793115
49099.74,29643.2310578233,30481.761414361,30481.761414361
46803.91,37376.27059148669,38028.91475855708,38028.91475855708
58630.79,43229.15872087598,44144.06155094743,44144.06155094743
53515.29,45546.768735964295,46682.13463600159,46682.13463600159
52538.58,44656.920106260775,45737.137435247896,45737.137435247896
55713.33,42056.55113360047,43602.79511379361,43602.79511379361
53541.5,38118.669154422285,47433.135449802874,47433.135449802874
48990.66,28738.063166203498,35660.59044170737,35660.59044170737
31584.39,12221.344002116919,15276.534316253066,15276.534316253066
3091.94,1124.2734731414914,2701.4840127542616,2701.4840127542616
8182.9,3106.284268849045,4786.431893279851,4786.431893279851
42782.64,15268.227297415733,17021.533129032254,17021.533129032254
56349.0,27806.10634484649,29397.657828477622,29397.657828477622
58378.0,35665.622893537286,36993.52252773285,36993.52252773285
56161.81,42030.48195253372,43917.56648542166,43917.56648542166
53046.72,44759.19002458334,46958.850020287035,46958.850020287035
54372.03,43839.7950365901,46096.888274726865,46096.888274726865
49529.01,41444.16658116937,44992.07599519372,44992.07599519372
52408.29,35573.53751538277,42652.11324927807,42652.11324927807
43905.49,25900.985643532873,32751.343160259723,32751.343160259723
18288.11,10306.119804721475,14709.801704626381,14709.801704626381
111.03,877.9505859982967,2457.641171130389,2457.641171130389
1858.24,3642.33108092621,3779.1011773085593,3779.1011773085593
7188.69,14967.180355864464,15855.561508721114,15855.561508721114
19226.55,26670.84078510642,28240.276881305574,28240.276881305574
17018.3,34548.26421760917,35899.369475158455,35899.369475158455
22147.32,41016.412034869194,42565.91707472205,42565.91707472205
33699.12,43872.93820861101,45489.73685472012,45489.73685472012
41858.16,43137.667666020396,44723.29907211542,44723.29907211542
36803.54,40398.73646138072,42670.54113078713,42670.54113078713
27231.52,34413.58824252606,33816.43225981951,33816.43225981951
16863.58,25216.00488606155,25802.549882336854,25802.549882336854
9032.47,10070.337472839356,12069.424932880402,12069.424932880402
804.56,485.5428390157223,1876.775049753636,1876.775049753636
1872.29,2741.8285307219626,3275.55545583114,3275.55545583114
13908.97,14141.474261160194,15236.437754596769,15236.437754596769
20085.65,26720.11365990579,28857.2848058933,28857.2848058933
19015.58,35047.576832797524,37315.0900248766,37315.0900248766
36387.43,41846.782023773194,43097.805553327795,43097.805553327795
51358.29,44847.790507030484,45332.233462018965,45332.233462018965
41652.32,44293.74225970745,44766.37593356132,44766.37593356132
49305.28,41538.663985699415,42227.78185081005,42227.78185081005
53276.88,35632.83863104105,40226.8728284502,40226.8728284502
44243.21,26168.483227821587,29625.291370452644,29625.291370452644
6466.66,10932.431397444903,13102.025001972317,13102.025001972317
0.0,962.2706864394247,1986.8280947847663,1986.8280947847663
925.77,2907.6133747808635,2937.19639587149,2937.19639587149
4472.11,14302.698928153515,13674.251244871914,13674.251244871914
12488.79,26987.929631676077,26206.122417006492,26206.122417006492
18971.35,35380.27438444853,34757.39269323111,34757.39269323111
27770.38,42072.802402508256,41747.91209782958,41747.91209782958
41764.77,44965.2272472024,45006.883907518386,45006.883907518386
41434.55,44398.52840394497,44337.946019876006,44337.946019876006
36811.03,41799.71856513381,42837.534400060176,42837.534400060176
31533.86,37281.962289824485,35129.60116653443,35129.60116653443
14665.11,28189.259629031418,27394.664815329314,27394.664815329314
6248.56,13483.536178600789,15216.561692451834,15216.561692451834
938.49,2445.7469866673646,4501.307220238745,4501.307220238745
2284.34,1131.9562595528364,721.069496102035,721.069496102035
5235.19,10413.987553856372,8128.212427682876,8128.212427682876
10802.66,23499.450617923736,21452.981311761738,21452.981311761738
26287.05,32756.54541874647,31654.21656156957,31654.21656156957
37606.73,40289.32308574438,38856.10473188758,38856.10473188758
43541.57,43734.50719086647,42292.25435101747,42292.25435101747
44726.15,43539.69264456749,42513.74012016654,42513.74012016654
53079.71,42120.41773278236,41297.14874952793,41297.14874952793
54558.75,37591.39632948875,43655.72462057829,43655.72462057829
44334.62,28375.583842488526,32709.49739707589,32709.49739707589
24999.06,13281.090945660173,16124.24195074439,16124.24195074439
502.06,2206.7445995739104,3843.6250536777825,3843.6250536777825
3080.41,2849.308426015675,3038.8686140581967,3038.8686140581967
13185.77,14353.546373770832,12921.81672259301,12921.81672259301
21455.07,27711.97556832552,25700.959190641643,25700.959190641643
26569.0,36195.81716481686,34824.07653921962,34824.07653921962
39890.23,42778.42238726973,41881.82008371472,41881.82008371472
54435.61,45320.31612210274,45398.24965910673,45398.24965910673
56118.37,44701.49435368061,44712.315668811796,44712.315668811796
58225.38,42469.107984113696,43909.92518586397,43909.92518586397
40050.63,36301.12816599369,46305.43400477648,46305.43400477648
35140.92,27152.578411312104,34871.340678453445,34871.340678453445
7062.9,12133.783585442901,18033.28750137627,18033.28750137627
417.73,1587.1746205700933,4977.5570040348175,4977.5570040348175
3494.97,1598.5868821632862,2547.454420439154,2547.454420439154
10225.08,11725.725646525323,10896.622453873753,10896.622453873753
30813.55,24570.139477916957,23601.35969710052,23601.35969710052
29644.85,33317.3627768898,33579.09272370934,33579.09272370934
48267.21,40606.699445858,41175.69453822493,41175.69453822493
53457.78,43806.327688224315,45513.98061422586,45513.98061422586
40752.85,43486.80558944702,45148.00095783472,45148.00095783472
57249.74,41630.57183871269,45080.008828740116,45080.008828740116
54144.76,37548.57417802811,47492.745304837226,47492.745304837226
43836.38,28421.039926751255,35932.2347817409,35932.2347817409
21935.93,12610.484900576472,16732.472028946282,16732.472028946282
2286.88,1951.4803306566178,3841.5620475187898,3841.5620475187898
12449.14,4883.121347379983,5970.326799182296,5970.326799182296
36092.91,17692.950579788685,18782.52271187067,18782.52271187067
34244.6,30570.302078554032,32095.221815966368,32095.221815966368
36251.46,38254.42185807943,39795.888096427916,39795.888096427916
56592.36,43856.814294695854,45940.45775135756,45940.45775135756
56436.74,46075.46176202774,48276.18690857887,48276.18690857887
44892.36,45222.61554654598,47444.01851280928,47444.01851280928
51170.09,42439.15640539288,46121.42147739768,46121.42147739768
52208.42,37774.2780989027,44085.96837809801,44085.96837809801
44858.33,28191.34169019878,33613.07721053004,33613.07721053004
29305.06,11757.356960414052,14843.184833572208,14843.184833572208
2741.27,882.910194631666,2043.7316562257706,2043.7316562257706
9407.04,3320.531064439863,4341.899291511476,4341.899291511476
36463.83,15754.655832516552,17641.609151169658,17641.609151169658
51354.32,28411.250958908797,30813.567481063605,30813.567481063605
55301.77,36331.67792725563,38411.58563746691,38411.58563746691
57091.62,42561.74523390293,44548.37891936183,44548.37891936183
56675.3,45246.45794486284,47095.1352993679,47095.1352993679
54835.34,44321.38215234995,46094.80428393841,46094.80428393841
53778.5,41711.61978417277,44189.31502499461,44189.31502499461
45462.86,36836.158067750934,45343.386671979424,45343.386671979424
38451.56,27387.787645727396,34689.10340248704,34689.10340248704
7593.28,11506.984763391614,15558.75683915913,15558.75683915913
0.0,1114.1125708319246,2837.5256771712006,2837.5256771712006
2865.64,2648.49082847327,3705.037495421469,3705.037495421469
8035.08,13714.363243497013,15063.056474670768,15063.056474670768
8779.43,25941.515405126214,27201.02154903829,27201.02154903829
15395.85,34129.698526989225,35201.51042646289,35201.51042646289
20875.05,40905.51671022773,42265.2010631895,42265.2010631895
33203.63,43907.67910690307,45705.63830040455,45705.63830040455
35443.69,43246.23200837254,44997.80696986198,44997.80696986198
31969.53,40975.85525858044,43615.82777470589,43615.82777470589
54692.57,35182.650309827324,30930.135891740323,30930.135891740323
46273.98,25915.20502142191,23637.136801923512,23637.136801923512
21067.82,11333.986513254047,11622.32689985901,11622.32689985901
905.71,1406.992873480916,2380.8219903118907,2380.8219903118907
2735.94,1659.8340207013487,1732.6453784942628,1732.6453784942628
8490.48,11597.825535936356,11600.126609098614,11600.126609098614
15088.12,24502.201378213165,25001.905706484915,25001.905706484915
36295.79,33313.7273707366,33995.72879322887,33995.72879322887
28710.95,40584.88314969659,40507.011360567805,40507.011360567805
34394.39,43789.57085858822,42798.47115050316,42798.47115050316
34504.18,43611.44367556572,42755.938442207575,42755.938442207575
39264.87,41402.49062464237,40421.05831827044,40421.05831827044
45985.21,36172.35683147788,35203.94946753383,35203.94946753383
31317.65,27140.769130177498,27479.332729973794,27479.332729973794
26019.08,12203.817253661751,14092.337424648404,14092.337424648404
861.95,1663.2677814495564,3102.9112911655006,3102.9112911655006
11977.51,2357.204875258505,1965.8048728956283,1965.8048728956283
31080.07,13398.457254661918,12502.858354079128,12502.858354079128
33647.69,26463.275302575825,26248.161142300367,26248.161142300367
54466.82,34992.73700112343,35216.831618000266,35216.831618000266
52331.39,41809.78346879363,41725.532352306844,41725.532352306844
47428.63,44571.3684251523,44152.14666335821,44152.14666335821
37680.34,44090.383351175784,43859.70872634649,43859.70872634649
49273.51,41823.769362529514,41762.43828547358,41762.43828547358
52049.82,34807.46250154495,38657.45409884095,38657.45409884095
44014.3,25381.81915684223,28742.756004719733,28742.756004719733
19376.99,10986.573671091199,12512.668547753692,12512.668547753692
1298.95,1791.108556189686,1694.7104748757183,1694.7104748757183
10848.79,3332.139664980024,3432.4109782478213,3432.4109782478213
7097.62,13722.151194258333,14853.93571753323,14853.93571753323
23780.71,25690.923231298326,26902.705986154677,26902.705986154677
41193.39,33886.052989122865,34833.55869730711,34833.55869730711
51738.28,40463.28614643216,41486.734022644756,41486.734022644756
47984.13,43239.14643969178,44409.35743756056,44409.35743756056
48995.95,42821.14033919096,43639.982771641015,43639.982771641015
51711.13,40257.82009165883,41482.46184152841,41482.46184152841
50763.9,32915.164132443664,41137.88554238319,41137.88554238319
29983.41,23735.960416960716,29971.44224041581,29971.44224041581
4899.37,10373.72215035379,14011.028015529215,14011.028015529215
39.99,1913.6317775823175,3192.0747405686975,3192.0747405686975
2100.64,3126.8554769954085,3833.187491942942,3833.187491942942
0.0,12877.21931971997,13863.822045830488,13863.822045830488
0.0,24938.42117228091,25879.57456780255,25879.57456780255
0.0,33241.162039633986,34417.90287530661,34417.90287530661
0.0,39858.72427794218,41479.13131550908,41479.13131550908
0.0,42624.82840691805,44681.163865766524,44681.163865766524
0.0,42461.13478972673,44088.2067385745,44088.2067385745
0.0,39733.59606806398,42722.0581549263,42722.0581549263
0.0,34223.92964380741,10133.627115312218,10133.627115312218
0.0,25033.5669295007,9718.85602458626,9718.85602458626
596.72,10873.976420639157,4550.906201004088,4550.906201004088
0.0,1463.6470313946902,2519.856014650315,2519.856014650315
2740.76,2440.843337045908,4818.389313134551,4818.389313134551
12575.42,12644.399921037555,12870.593965671658,12870.593965671658
17039.02,25276.583410888314,25930.510775990486,25930.510775990486
28106.99,34000.45636492491,37706.749078872206,37706.749078872206
33514.78,40905.11148979664,42019.13578046322,42019.13578046322
49976.49,43885.689144842625,43217.65431987524,43217.65431987524
50073.12,43604.64369080782,43007.055472974775,43007.055472974775
38785.77,41221.696705259084,41248.56474946141,41248.56474946141
39295.71,36817.16287763834,33529.470587490796,33529.470587490796
33293.4,27839.06427324176,25351.605149651765,25351.605149651765
25409.72,13375.023936018348,12444.772899714113,12444.772899714113
1445.76,2378.117626339644,2300.0181419210135,2300.0181419210135
4155.63,1218.0897214230895,-203.30294951975344,-203.30294951975344
33952.59,10796.913142751455,7687.389040074795,7687.389040074795
48839.69,24123.463067106008,21155.771421768666,21155.771421768666
56550.09,33358.34021057844,29950.35920027256,29950.35920027256
51315.24,40618.99885075211,37578.332794638874,37578.332794638874
50713.05,43813.613937499525,40918.294661154745,40918.294661154745
45981.68,43588.18788206339,41618.31488548279,41618.31488548279
43128.11,42117.29560584187,39495.66606789708,39495.66606789708
48974.44,37563.91080653429,37873.14416560411,37873.14416560411
44333.0,28868.37047911525,28900.11660545945,28900.11660545945
9102.79,15014.356697338224,14089.403435765207,14089.403435765207
526.77,3806.96948884882,2701.2061473158,2701.2061473158
4817.78,1324.5324453753233,918.3163297981024,918.3163297981024
9960.4,9822.603067861199,10300.833607716859,10300.833607716859
19788.8,22916.560324012637,23608.66717220783,23608.66717220783
38846.59,32586.105846188068,33115.25426283121,33115.25426283121
55144.46,39886.68448768735,40825.73459620953,40825.73459620953
56708.57,43368.31913539648,44311.610551097394,44311.610551097394
53010.69,43288.31704457283,44168.23970333576,44168.23970333576
51299.89,41947.554556121824,42491.52632205844,42491.52632205844
47832.7,35146.82110523462,41836.52415800333,41836.52415800333
47875.73,26113.934768933654,31058.49235771954,31058.49235771954
18136.14,11932.954410173892,15110.594620100856,15110.594620100856
1050.36,2057.2418983604016,3317.575849724561,3317.575849724561
9494.07,2160.824441436529,2643.8375471895934,2643.8375471895934
31141.84,12004.889719987214,12438.41865743041,12438.41865743041
41593.9,24585.65363156438,25240.235138219596,25240.235138219596
50930.48,33271.819859677555,34425.45155305147,34425.45155305147
39527.49,40204.713059732916,41682.312698899506,41682.312698899506
49311.55,43100.72699967384,45053.33374664783,45053.33374664783
55328.13,42834.84836748838,44618.38171364307,44618.38171364307
54466.94,40777.30882507324,43327.07541399598,43327.07541399598
50175.56,34426.84088024378,43740.30377265215,43740.30377265215
35031.86,25236.416418061854,32143.99105965853,32143.99105965853
2390.73,11421.506407884955,14615.74714813888,14615.74714813888
0.0,2072.2770235696435,2799.015746464729,2799.015746464729
2077.83,2477.8529873467983,4145.716161447019,4145.716161447019
15978.67,12191.489869261683,15416.034344087242,15416.034344087242
43413.42,24693.067919740675,28105.323040784002,28105.323040784002
54095.37,33351.52864809394,36526.96330110311,36526.96330110311
55181.76,40238.589487771984,43363.390883105996,43363.390883105996
45492.81,43121.54375210524,46436.30862629175,46436.30862629175
53040.15,42940.00499897719,45750.77599718571,45750.77599718571
26705.5,40645.87461343884,44477.17590075612,44477.17590075612
36982.4,34706.45841466427,28537.789721811412,28537.789721811412
24496.75,25461.302179589868,22108.32308913052,22108.32308913052
10614.31,11218.998462258578,10284.068094785809,10284.068094785809
247.1,1628.4598288242519,1573.78883899644,1573.78883899644
4902.15,2364.456391353905,1761.5453137153386,1761.5453137153386
10238.99,12508.591258368491,12639.976264664829,12639.976264664829
27164.01,25163.735309693217,27122.02672042906,27122.02672042906
18505.34,33910.2427192378,35992.68209233284,35992.68209233284
32863.66,40828.86444163442,42365.591530560254,42365.591530560254
41971.13,43770.79178603888,44242.17506541967,44242.17506541967
31890.23,43478.68574385643,44298.36949110627,44298.36949110627
53368.07,41187.68134450078,41205.03635667801,41205.03635667801
44915.21,34989.45664525271,41013.201145358085,41013.201145358085
46840.59,25928.776046621202,29922.56493794203,29922.56493794203
12092.33,12189.858374621272,14001.07985394597,14001.07985394597
606.58,2375.2241594995558,3315.28394226253,3315.28394226253
1118.11,1650.2823962542413,3598.6719563132524,3598.6719563132524
3355.64,10790.388129000366,13144.36860740006,13144.36860740006
11863.36,23583.90627424717,25114.40068701863,25114.40068701863
16234.710000000001,32481.574411935806,33776.207378360035,33776.207378360035
15366.85,39593.38979890704,40615.94619017124,40615.94619017124
15340.24,42589.114979591366,43838.35939849138,43838.35939849138
28614.11,42540.91304450273,43263.34774753332,43263.34774753332
25060.06,40613.785014538764,42513.58960972071,42513.58960972071
27797.83,33146.668494346144,26260.028312067985,26260.028312067985
32255.34,24523.187937301398,21370.302836471797,21370.302836471797
16823.44,11403.93624295503,11237.942517412006,11237.942517412006
354.66,2008.2145678460597,3407.897071788013,3407.897071788013
4420.77,1155.6809509825707,1336.5375830516218,1336.5375830516218
21873.15,10410.795960556268,9473.870364865661,9473.870364865661
23912.53,23775.513790277244,22997.718257875444,22997.718257875444
34765.92,32881.59258453846,32441.862809689046,32441.862809689046
45679.24,40337.35907341838,39241.569702150824,39241.569702150824
51284.26,43331.941918411256,41452.22467888474,41452.22467888474
35930.54,43496.81646371603,41843.86443666935,41843.86443666935
48323.84,41262.50819153309,39754.20056217432,39754.20056217432
23248.01,34767.7894917202,37545.077704594136,37545.077704594136
15737.0,26424.146445901395,28526.474423678515,28526.474423678515
13985.04,14151.55460178882,15332.910126323104,15332.910126323104
1085.75,3954.7504856354744,4327.343194740414,4327.343194740414
4541.53,731.403581905365,1006.940932509005,1006.940932509005
23568.15,8137.47460896492,8250.306308380663,8250.306308380663
21475.53,21333.20394119501,21152.17074879527,21152.17074879527
36161.55,31016.11787835419,30685.353807045816,30685.353807045816
39205.19,38434.6561873436,38296.622671545745,38296.622671545745
38482.32,41776.088425138,42074.84780087471,42074.84780087471
31380.87,42197.10473455548,42444.91439475655,42444.91439475655
33631.82,40764.430533849,41257.09753396749,41257.09753396749
43725.44,34895.545845537185,29791.40280288279,29791.40280288279
27411.97,26238.443570438623,22374.990936346054,22374.990936346054
18066.14,13023.477845458388,10197.918231136202,10197.918231136202
546.15,2973.1462017829717,1781.1025059734284,1781.1025059734284
5033.71,1501.1053186014294,1941.9238821567594,1941.9238821567594
8120.670000000001,10479.949721553325,11895.63939733386,11895.63939733386
38786.17,23637.48413372159,25155.106044132113,25155.106044132113
47885.05,32888.600968375205,33892.0849846828,33892.0849846828
54959.86,40203.624753432276,40634.74841817379,40634.74841817379
53172.94,43160.48350591183,43022.16054694891,43022.16054694891
56283.55,43159.016993875506,43125.50333460331,43125.50333460331
50604.54,41455.56292338848,40377.75376153469,40377.75376153469
45544.94,34609.22480741382,40552.27255309939,40552.27255309939
24978.19,25694.521974650623,29821.578217651248,29821.578217651248
17630.86,12364.468823188245,14527.021240320206,14527.021240320206
1017.8300000000002,2805.060766967088,3519.8886624171582,3519.8886624171582
12366.84,2065.3371412819624,2447.7451093168556,2447.7451093168556
32119.12,11114.245121579766,11423.860545627474,11423.860545627474
50428.4,23710.622562291024,24065.94492134452,24065.94492134452
53620.3,32482.747621564864,33121.12802946091,33121.12802946091
50016.95,39541.0854893589,40700.849518589974,40700.849518589974
42712.91,42389.48795826793,44110.65980969906,44110.65980969906
56029.42,42352.037871950866,43996.843038711544,43996.843038711544
54686.56,40394.773019640445,42525.039981330636,42525.039981330636
52275.44,35517.640251345634,44847.50492310763,44847.50492310763
45024.81,26165.747025101184,32865.12133882523,32865.12133882523
18911.6,11990.291171551942,14521.593216164709,14521.593216164709
1842.37,2363.6227950385214,2948.367937232405,2948.367937232405
6433.68,3285.3444236736,5503.89492754519,5503.89492754519
27396.69,13579.854180639088,17453.083240036965,17453.083240036965
49408.8,25921.993428453206,29895.50007238746,29895.50007238746
51555.1,34384.40851224542,37845.137644952534,37845.137644952534
54068.51,41095.40686347842,44464.309187258485,44464.309187258485
58064.41,43836.75781297803,47295.60749473333,47295.60749473333
54233.17,43422.32537075519,46538.732914302345,46538.732914302345
46279.71,41118.4233839643,45010.30705535054,45010.30705535054
50692.78,36633.61345932364,41845.948427457806,41845.948427457806
45839.7,27089.898529106973,31490.40523749113,31490.40523749113
19797.62,11929.832283233403,14300.012895581722,14300.012895581722
1169.83,1680.4385148116946,2265.481783465594,2265.481783465594
4054.7700000000004,3314.9944990974664,4431.745344378948,4431.745344378948
24468.0,14686.619236725866,17334.453994024992,17334.453994024992
38688.44,27409.19100297332,30837.421457107066,30837.421457107066
52324.95,35722.944217946526,38860.63548223138,38860.63548223138
52443.52,42340.116672792436,45333.05548060775,45333.05548060775
52770.75,45087.31051498413,47792.99434806347,47792.99434806347
52717.02,44469.8240443635,47099.83585636854,47099.83585636854
50502.07,41995.44003334999,44605.65007362246,44605.65007362246
44366.9,36936.691327083114,43501.82576009273,43501.82576009273
25526.79,27426.64828506887,32902.424773938656,32902.424773938656
11027.52,11867.723568874002,15000.538680638074,15000.538680638074
938.14,1396.8339007924496,2351.477277427167,2351.477277427167
12681.17,2927.7692319853604,4015.8936658367516,4015.8936658367516
43240.28,14240.000714547932,16598.637368662952,16598.637368662952
53522.68,26824.803323088287,29837.72721664071,29837.72721664071
57438.64,35097.3108870399,37858.050669356584,37858.050669356584
55049.28,41678.06753247857,44303.75699321866,44303.75699321866
48952.67,44500.51273834467,46977.76802555561,46977.76802555561
51397.8,43848.10784429073,46156.00414675951,46156.00414675951
54836.69,41509.252700886726,44266.7622974813,44266.7622974813
52904.91,37341.02799170851,46072.629078252314,46072.629078252314
45858.23,27733.803442213535,35023.59550176144,35023.59550176144
26477.37,11883.205883773267,15269.060893731117,15269.060893731117
1035.49,1313.0265971587598,2546.992758590877,2546.992758590877
17397.31,3655.7858464542032,4952.787422779203,4952.787422779203
42731.28,15748.098980017305,17834.16411116004,17834.16411116004
52362.88,28316.47761856139,30428.127595874666,30428.127595874666
55874.62,36340.67382082582,37835.32745127797,37835.32745127797
56230.25,42493.28227725982,44319.69566350817,44319.69566350817
55690.62,45079.468534832,47020.7677021575,47020.7677021575
52494.61,44246.68266031027,46135.35720098495,46135.35720098495
48897.68,41642.90597678661,44535.29994754314,44535.29994754314
51384.78,34504.56601816892,41292.23593420625,41292.23593420625
37046.69,25096.89516439557,31640.11489056766,31640.11489056766
20856.96,9899.482066933811,13890.582031251191,13890.582031251191
1016.58,700.7785654205084,1570.7004804252088,1570.7004804252088
6121.87,3936.2746048015356,4683.813678348661,4683.813678348661
16452.36,15748.816799066662,18725.461886309982,18725.461886309982
31694.16,27644.948249781133,32073.318686855437,32073.318686855437
55671.06,35351.63108883381,39370.823441941735,39370.823441941735
58766.1,41235.46262218952,44921.57535866857,44921.57535866857
54753.19,43812.95014784097,47122.520482025146,47122.520482025146
44874.22,42996.002603311535,46105.147053036686,46105.147053036686
49343.87,40088.21411541581,43495.62395787596,43495.62395787596
45904.59,32160.344598484637,40279.07293845892,40279.07293845892
12594.34,23102.10111130297,30541.41758030176,30541.41758030176
6757.65,8164.914785823524,13430.297932440042,13430.297932440042
251.84,-330.00717743173243,1239.8471641409396,1239.8471641409396
9125.47,3761.777039068937,4101.716458709836,4101.716458709836
37229.83,15922.638997414111,18065.654965714813,18065.654965714813
46229.3,27768.708358299136,32070.046049469114,32070.046049469114
49669.38,35392.052791645525,39943.62760636091,39943.62760636091
37865.03,41048.84896556735,45700.478493582006,45700.478493582006
41518.85,43599.39512141466,47928.32253507852,47928.32253507852
54850.6,42749.11916123867,46986.23520294428,46986.23520294428
49111.6,39466.07725794315,44343.64997984886,44343.64997984886
50742.11,32699.14305025101,40686.77100304126,40686.77100304126
31238.35,23324.115596633554,29850.148187664152,29850.148187664152
4385.85,8382.723661965727,12215.070803919434,12215.070803919434
0.0,-73.08632879972458,997.0887695755065,997.0887695755065
3383.52,4261.049132214189,5185.190023303926,5185.190023303926
6594.62,16344.166656423211,18947.59021928549,18947.59021928549
14175.32,27966.998152199983,32041.371879916787,32041.371879916787
29622.16,35578.18790223479,39739.184250770806,39739.184250770806
29337.96,41180.66138293743,45248.31809960365,45248.31809960365
42767.32,43792.76631113052,47638.1461139965,47638.1461139965
47968.86,42892.23529901505,46556.13037814379,46556.13037814379
52595.67,39674.221626803876,44178.358636386394,44178.358636386394
37000.94,31146.496587246656,41006.763929367065,41006.763929367065
8943.6,22190.7256286031,29909.21195992708,29909.21195992708
3753.64,7815.952457917035,13920.136108025312,13920.136108025312
97.36,31.36068452939391,3200.9534096570314,3200.9534096570314
2475.21,4461.3553801649805,5076.15195897162,5076.15195897162
4972.02,16454.944274177553,16461.23676858604,16461.23676858604
5159.96,28196.754277385473,29364.175043143034,29364.175043143034
5838.06,35665.88146276474,37741.79871654034,37741.79871654034
10618.18,41206.68039385557,43937.005488387345,43937.005488387345
15887.72,43657.41496866226,46577.98140748501,46577.98140748501
16304.89,42943.78319709182,45939.554688682554,45939.554688682554
13269.78,39513.98203138232,44317.04436411619,44317.04436411619
8920.44,31198.852996564507,22688.81100477159,22688.81100477159
7535.64,23025.21921779871,19955.342557467222,19955.342557467222
2992.92,9844.608466890455,10919.345671952367,10919.345671952367
0.0,1021.3344587023556,4298.970046079755,4298.970046079755
3281.77,1613.5424105021357,1829.44964504987,1829.44964504987
4241.81,11905.721667583584,8729.721635591985,8729.721635591985
6662.51,25637.941624743937,22079.739611769914,22079.739611769914
10484.12,34496.53107590675,33129.340496864315,33129.340496864315
11691.54,41386.2740889144,39754.43983519077,39754.43983519077
18877.93,44170.11143580318,41835.312355952265,41835.312355952265
16844.81,44173.43424333811,41621.13213228941,41621.13213228941
16675.07,41671.44507286191,39967.126532121896,39967.126532121896
10377.11,34554.53934542775,22527.064375270606,22527.064375270606
6558.24,26736.802952803373,19052.148668233156,19052.148668233156
2232.53,13897.814251135587,9635.162568597496,9635.162568597496
94.27,2791.9562276688216,3937.141969486177,3937.141969486177
3512.89,404.75056835144755,2437.6729695779086,2437.6729695779086
6677.08,10415.374951427579,8759.813111842572,8759.813111842572
28021.04,25404.74691475749,20460.08126718998,20460.08126718998
26047.84,35153.55548287511,30696.06513377428,30696.06513377428
23105.13,42141.38885490179,37443.10880716324,37443.10880716324
36827.72,44822.80577302218,39824.61629537105,39824.61629537105
34084.19,44854.27403392792,39639.8898081851,39639.8898081851
44465.75,43069.94182463765,37734.05707668543,37734.05707668543
21668.7,37351.28971672058,34102.602787497046,34102.602787497046
19464.21,28660.133488441705,24693.388236843348,24693.388236843348
9641.84,13234.387361356019,9815.869655031263,9815.869655031263
362.06,1479.932068671733,930.4869324837625,930.4869324837625
2465.23,3521.3375666609404,3718.330655182302,3718.330655182302
7306.79,17208.88197129369,14628.229867037535,14628.229867037535
45894.11,31976.74886926353,26188.394987956883,26188.394987956883
54583.29,40297.01841469288,34034.298059784174,34034.298059784174
52661.74,45910.79175655961,40210.382286525964,40210.382286525964
56824.39,47892.47789351702,43068.94228090763,43068.94228090763
52987.26,47106.8982695961,42335.107376415726,42335.107376415726
44385.21,44504.889119000436,39772.38145218253,39772.38145218253
43555.05,36896.207876396176,36238.09130388498,36238.09130388498
42547.2,27426.582677951454,26149.72345148325,26149.72345148325
15539.75,11845.880258017181,10466.534030852616,10466.534030852616
54.2,1066.5435514642297,725.3778576140105,725.3778576140105
3513.95,3814.70895787999,2803.1769743677974,2803.1769743677974
7703.94,16844.117976195812,13982.096241559982,13982.096241559982
11818.16,30296.28430456698,26411.903000019192,26411.903000019192
26271.5,38344.280453484054,34709.074980876445,34709.074980876445
29521.13,44109.52905173421,41589.08498505354,41589.08498505354
36800.84,46417.85373008728,44597.57267969608,44597.57267969608
51071.88,45557.42796292305,43988.17132148623,43988.17132148623
49627.3,42811.46907823563,41434.22131401777,41434.22131401777
53097.08,35466.94910503745,39774.70085674524,39774.70085674524
16491.12,26571.65247168124,29116.50238604009,29116.50238604009
2234.4,11713.909611716866,13667.52362090528,13667.52362090528
0.0,1018.620929029882,2784.338083564341,2784.338083564341
4828.42,2388.5708662459256,3807.8872648847105,3807.8872648847105
13932.12,14565.084946147203,14871.784712712168,14871.784712712168
27964.55,28455.935194731355,28032.485633106233,28032.485633106233
36354.48,36935.757390470506,36746.59277475357,36746.59277475357
44196.22,43367.48167983889,43272.50958851814,43272.50958851814
26895.35,45875.12849938154,46146.98123849392,46146.98123849392
31279.85,45275.81134104252,45494.182701735495,45494.182701735495
36709.89,42759.54683366537,43947.75733715892,43947.75733715892
50505.32,36824.32563116312,32345.26211815953,32345.26211815953
46505.98,27576.118665128946,25078.777951883672,25078.777951883672
11530.45,12539.692891265153,11481.08635379225,11481.08635379225
0.0,1418.6801060809196,1054.8148320105672,1054.8148320105672
3268.22,2590.7063949999215,1870.9075543925167,1870.9075543925167
13567.73,14855.378109305799,14209.248343070447,14209.248343070447
21134.88,28980.028004091382,28757.5581281811,28757.5581281811
31913.36,37632.420074083806,37315.792406957145,37315.792406957145
40420.25,43923.79144309163,43120.77190366507,43120.77190366507
20416.51,46347.97829079867,45071.17116410017,45071.17116410017
35804.26,45702.83649056673,44619.230746927264,44619.230746927264
55115.4,43316.70177096009,41984.49908171058,41984.49908171058
50380.79,34974.24351249695,40823.249244232175,40823.249244232175
35819.81,26205.83876270473,30279.583433942793,30279.583433942793
11772.84,10472.93844328493,12689.103453071117,12689.103453071117
87.23,-127.12054366439581,1512.84706299752,1512.84706299752
3264.06,3720.7315862365067,5896.404944446087,5896.404944446087
7375.31,17819.0262336272,19744.51601527691,19744.51601527691
13897.75,31460.779764736293,32797.499696981904,32797.499696981904
21623.89,39250.681372987034,40366.96332034111,40366.96332034111
15124.48,44326.5998478055,45330.97148981929,45330.97148981929
30369.23,46388.45402300119,47482.17869969129,47482.17869969129
35197.92,45334.193957056996,46383.80749539137,46383.80749539137
30236.15,42197.42119241595,44343.360536683795,44343.360536683795
33347.57,33790.74514373064,27812.13641078532,27812.13641078532
10996.32,24811.814872639774,21245.49108445406,21245.49108445406
1424.12,9632.41285852939,8778.994510391354,8778.994510391354
0.0,-101.4314979544282,1507.367421477586,1507.367421477586
1440.28,3684.113649019003,5147.038519716859,5147.038519716859
5148.95,17022.002026959657,17282.828911104203,17282.828911104203
17449.83,30288.90543347895,30512.895850816367,30512.895850816367
30967.71,38201.673735678196,38112.3863081193,38112.3863081193
41181.33,43787.03533646226,42633.43065778375,42633.43065778375
29154.38,46088.52143763542,44368.2873820591,44368.2873820591
27059.41,45221.859135074614,44129.38485285759,44129.38485285759
57170.88,41965.17199676871,40848.46167353034,40848.46167353034
52770.17,33854.4728101933,39389.90353538275,39389.90353538275
19627.19,25139.85624857545,29517.078219140767,29517.078219140767
2683.73,11553.191470262409,14431.396937067508,14431.396937067508
0.0,1591.203187022507,3167.0586502175033,3167.0586502175033
2395.48,1459.1167634561657,1650.81979573071,1650.81979573071
27025.32,11871.465104187726,10203.588422739804,10203.588422739804
50279.07,25723.07650769472,22770.069278931616,22770.069278931616
46162.34,34786.58400123835,32009.353676997423,32009.353676997423
44879.64,41691.57102093935,39309.33027671337,39309.33027671337
50510.41,44443.5580419445,43107.92834562063,43107.92834562063
52577.55,44275.63469530106,42825.53987529993,42825.53987529993
46750.88,42167.38085112452,42269.19151962519,42269.19151962519
40990.46,35801.80397307873,39344.379914381505,39344.379914381505
17606.1,26964.625597646234,30118.88265907824,30118.88265907824
3385.08,11723.592450398803,13837.45570311427,13837.45570311427
0.0,936.8170545037091,1512.2869904731215,1512.2869904731215
12347.94,3889.8956792475283,2627.73099986434,2627.73099986434
39848.41,17443.2633982569,15861.638850376903,15861.638850376903
50247.71,31440.310344102978,30383.966287370324,30383.966287370324
54919.37,39538.31841270089,38657.29586991072,38657.29586991072
54366.95,44984.78588667631,44928.24798843384,44928.24798843384
53866.81,47072.54329552412,47144.16311228752,47144.16311228752
55150.42,46220.04441184044,46365.52240584373,46365.52240584373
48632.15,43335.50013972044,43966.88760074854,43966.88760074854
32576.270000000004,36505.50591446638,41286.38918227196,41286.38918227196
37205.46,27095.334271746873,31538.692075908184,31538.692075908184
8658.77,11350.031312704086,14183.061455116569,14183.061455116569
52.71,693.0118404912948,1477.678753631711,1477.678753631711
4734.87,3585.0343591859937,3640.320898144841,3640.320898144841
18605.25,16576.87510189235,17527.740280412436,17527.740280412436
38220.37,29780.71270198643,31809.834714455603,31809.834714455603
44908.57,37753.48064268231,39720.17748293161,39720.17748293161
52956.54,43541.64928036332,45725.154488214255,45725.154488214255
56663.34,45930.38512921333,47939.67642563343,47939.67642563343
53604.94,45019.38785224914,47057.45365851879,47057.45365851879
53642.76,42210.40368317962,44574.251279076336,44574.251279076336
51182.06,34967.17338078499,43457.00452117204,43457.00452117204
31616.68,25944.973286138178,32887.369870113136,32887.369870113136
5395.0,10746.48828415513,15300.996122943163,15300.996122943163
302.28,588.1760085104406,2364.854375705868,2364.854375705868
5457.07,3131.8049551180006,3664.1140911236407,3664.1140911236407
36695.1,15513.487928143144,16469.144355855584,16469.144355855584
50662.52,28539.607424888014,30557.22696597755,30557.22696597755
54818.26,36590.55203484654,38849.35105803609,38849.35105803609
53799.98,42621.38982211709,45433.73539114356,45433.73539114356
54421.71,45151.80617064476,48096.99457470894,48096.99457470894
53118.31,44379.99632289648,47306.930511350634,47306.930511350634
51468.84,41620.1788994658,45583.724839279654,45583.724839279654
49207.15,33717.99070976019,41752.323211665156,41752.323211665156
40055.41,24475.483844456674,31911.448561604022,31911.448561604022
9771.45,9677.461792739927,14485.243013874888,14485.243013874888
331.44,521.6764413370192,1707.0725924555957,1707.0725924555957
2966.8,4160.018030638099,3977.9790232397613,3977.9790232397613
7858.0,16539.085402261615,17819.109207334517,17819.109207334517
13396.41,28935.081339799166,31968.81812654078,31968.81812654078
17765.52,36757.57617805719,39818.24854573965,39818.24854573965
20522.16,42437.74778198957,45814.44191577315,45814.44191577315
37197.47,44887.34773958921,48057.52996396303,48057.52996396303
42576.33,44087.133869242665,47183.264954266546,47183.264954266546
23213.23,40993.48041771173,44811.722029421326,44811.722029421326
17573.28,32423.377039546966,25964.043731473685,25964.043731473685
17682.7,23717.748653014896,20224.38383863628,20224.38383863628
7839.49,9974.224010637701,9769.191155801414,9769.191155801414
529.29,812.9291085878015,2635.4171631126105,2635.4171631126105
2764.33,2426.4054295672477,3269.432285674214,3269.432285674214
34689.63,13621.69704939127,13365.91901885599,13365.91901885599
51993.95,26910.553755170105,27769.785086873173,27769.785086873173
46802.1,35467.81743453264,36538.59505709648,36538.59505709648
56561.07,42009.44136405468,42152.90483362913,42152.90483362913
45095.96,44668.99953434944,43912.18670179367,43912.18670179367
39844.22,44334.81231520891,44287.07348918438,44287.07348918438
48380.79,41599.724915801286,41448.80924953699,41448.80924953699
49559.68,36500.44258869886,40136.111170370576,40136.111170370576
41544.42,27459.444125291706,31895.52146904111,31895.52146904111
18941.15,12253.39500859499,16296.647807204126,16296.647807204126
290.91,1089.1263896077871,2569.089332217127,2569.089332217127
11587.8,3019.720019068122,1466.8974781383574,1466.8974781383574
41702.96,15980.983021006585,14082.091136605144,14082.091136605144
52331.66,30033.9465271008,29447.397671583294,29447.397671583294
55802.13,38434.76424612522,38628.644855811595,38628.644855811595
56027.62,44275.63083605885,44709.127934753895,44709.127934753895
56776.83,46513.616966059206,47255.89589248657,47255.89589248657
56619.68,45716.93044308424,46544.4214373064,46544.4214373064
50300.49,43109.093836765285,44660.486046054364,44660.486046054364
48728.34,36933.57305938482,43856.15050503731,43856.15050503731
38558.83,28175.873847457766,35276.680746051075,35276.680746051075
9779.89,11839.765288749933,16506.113966518642,16506.113966518642
506.15,412.31178863346577,1740.40679696545,1740.40679696545
6790.65,3629.4571313494444,4022.6155009400845,4022.6155009400845
33927.93,17726.124625747205,19786.122505444288,19786.122505444288
45167.4,31442.021918019054,35162.51278402328,35162.51278402328
54948.1,39119.100510149,42541.93960292816,42541.93960292816
52612.77,44359.27991076231,47540.15609527469,47540.15609527469
56620.54,46430.45029663086,49257.1445281601,49257.1445281601
55172.89,45336.432317533494,48184.16713754177,48184.16713754177
52488.43,42477.85302694082,45772.58457486272,45772.58457486272
51146.03,35726.49472077131,44437.92354833126,44437.92354833126
27925.17,26505.62662648797,34311.65021903277,34311.65021903277
7144.0,10277.617371447086,14756.825606033206,14756.825606033206
268.82,-105.50155126050115,1166.1997980062663,1166.1997980062663
11139.21,3960.0427127060293,5415.4767942920325,5415.4767942920325
32914.75,17695.806419017314,21229.428918414116,21229.428918414116
51192.51,30568.64839327097,35783.22944036603,35783.22944036603
52267.01,38116.96336936951,43004.34628494978,43004.34628494978
55458.45,43400.76764382124,48019.34662162781,48019.34662162781
55399.17,45682.04289358854,49959.63466749668,49959.63466749668
54306.88,44546.39140962839,48807.61999660492,48807.61999660492
52799.22,41422.85198649406,46379.06448672652,46379.06448672652
51178.78,36098.29411440134,46450.140150339605,46450.140150339605
45286.61,27144.582061471938,36994.30981314182,36994.30981314182
21640.83,10487.85151995957,16048.309430821539,16048.309430821539
544.77,-157.3326212337613,923.6546265724302,923.6546265724302
10036.03,4514.593626325726,5741.664286755472,5741.664286755472
38040.31,18939.25039688945,23229.238056746723,23229.238056746723
33115.42,31875.31447687745,38607.8203848958,38607.8203848958
46783.07,39098.947547376156,45331.78193068146,45331.78193068146
47898.15,43898.44008107424,49632.71826066256,49632.71826066256
53320.51,45986.38273354769,51269.62355863809,51269.62355863809
49309.59,44692.054647257326,49915.23794521808,49915.23794521808
47473.04,41508.37279366493,47601.49875005722,47601.49875005722
50369.74,35643.0579043889,41007.52034083843,41007.52034083843
39273.02,26559.405166556833,31750.26538146436,31750.26538146436
20886.33,10289.363939895928,13362.849956495762,13362.849956495762
317.52,-129.2214186374843,562.1589272134006,562.1589272134006
3127.3,3280.3674484503267,4684.451418122351,4684.451418122351
25445.33,16512.81361097932,20109.457535516023,20109.457535516023
49728.59,29294.247504084706,34195.61824302196,34195.61824302196
53536.67,36901.01263293624,41398.916966364384,41398.916966364384
51673.43,42547.43516382217,46360.11560752034,46360.11560752034
40062.33,44973.16956765175,48362.04732906342,48362.04732906342
37475.59,43909.09544879079,47132.585385684964,47132.585385684964
42966.34,40954.93816585183,44450.49695942163,44450.49695942163
50207.59,32121.93356085956,33990.29883945227,33990.29883945227
38485.73,22814.975421180723,25884.510538577437,25884.510538577437
27036.45,8218.02278255999,10629.103643752933,10629.103643752933
1731.12,113.0984695328772,173.95389498755335,173.95389498755335
9368.23,4274.332161464244,3777.1339285966756,3777.1339285966756
35615.22,16094.122494987845,17734.888964785336,17734.888964785336
47177.58,27590.285943248273,31115.8792892462,31115.8792892462
52155.69,35136.96460065365,38636.3633402133,38636.3633402133
50265.68,40799.17529138327,43617.32901992202,43617.32901992202
42126.37,43319.73899457216,45552.866338641645,45552.866338641645
48690.99,42530.072433160545,44527.80529918909,44527.80529918909
52530.15,39240.218967380526,41482.137665183545,41482.137665183545
50612.99,32027.615611091853,42079.57151332855,42079.57151332855
44518.29,22827.91546028018,31522.791998040677,31522.791998040677
20053.47,7557.252498630434,12425.432307424546,12425.432307424546
695.85,-398.8406213261187,1011.0679096375405,1011.0679096375405
9580.07,5988.015635809898,7352.491720369309,7352.491720369309
27406.25,19509.611660995484,22849.90156309843,22849.90156309843
19869.17,31084.77379710734,36007.86435115099,36007.86435115099
46055.0,38096.787251143454,42783.265736231806,42783.265736231806
45828.58,42715.99142618656,47270.472250279185,47270.472250279185
51640.16,44971.749366521835,49199.88109238386,49199.88109238386
53158.29,43831.81412371874,47955.99330165863,47955.99330165863
31834.25,40171.65479104042,45476.48421700239,45476.48421700239
18159.0,30730.645873515008,29409.621479300262,29409.621479300262
6212.75,21619.42656864226,21972.223053675294,21972.223053675294
1210.4,7139.428747323603,8318.263704295456,8318.263704295456
0.0,-257.60296969100835,531.7418274021148,531.7418274021148
8547.34,4505.664304683506,4949.882378212512,4949.882378212512
37402.65,16417.5482172513,18078.849714799522,18078.849714799522
49871.74,27941.835893050433,31528.451576728225,31528.451576728225
54589.21,35340.755744311806,38952.93311870694,38952.93311870694
35492.78,40920.66809510827,43672.60494596481,43672.60494596481
47165.03,43419.43093910455,45474.19182713509,45474.19182713509
31675.73,42757.53230923653,45033.31971659422,45033.31971659422
35736.75,39173.593010025026,41368.811017955544,41368.811017955544
3209.55,28772.036075297594,28092.010584812164,28092.010584812164
1218.14,19593.00988495588,21355.961892453433,21355.961892453433
402.21,6061.026709386706,8249.906876812875,8249.906876812875
0.0,339.3147048096359,570.546025326401,570.546025326401
3268.31,6253.2285487157105,4490.1766833262145,4490.1766833262145
27465.21,17808.45769886017,17063.295918508767,17063.295918508767
33904.94,28930.131861676575,30456.61845142245,30456.61845142245
47238.4,36047.64541975736,37926.90726870418,37926.90726870418
55786.76,41118.211125643254,42872.5454453063,42872.5454453063
49663.96,43508.10860639572,44700.78425311566,44700.78425311566
47642.34,43087.67504255056,44384.295518708226,44384.295518708226
49377.35,39125.77313991427,40890.03343051791,40890.03343051791
19049.37,31872.765447403788,39185.29423237801,39185.29423237801
20022.63,22470.491743848324,28650.695711639524,28650.695711639524
9729.4,7414.95452020064,12215.798271074294,12215.798271074294
643.08,-249.63604657262565,1097.6422899292409,1097.6422899292409
4932.26,6646.446736560464,4289.819782821536,4289.819782821536
29845.49,20330.024805021287,17477.523820894956,17477.523820894956
38911.42,32368.58930764258,31099.46786178708,31099.46786178708
49844.04,39597.50761033535,39311.50303007245,39311.50303007245
46150.73,44135.92626838803,45454.16621935487,45454.16621935487
37286.54,46454.58599735498,48004.39591734171,48004.39591734171
50981.06,45486.34844006777,47194.65743724346,47194.65743724346
42868.87,41744.89031118631,44451.56596951127,44451.56596951127
33135.93,33859.85645306349,35143.04676636219,35143.04676636219
22421.84,24724.968415772913,26062.71297682285,26062.71297682285
8340.35,10062.655651238561,11046.390960393846,11046.390960393846
237.25,474.30327851101754,586.0215865518153,586.0215865518153
8600.26,3055.441164879203,2785.0838821196558,2785.0838821196558
35369.56,15103.90944779843,15361.705862004757,15361.705862004757
49856.37,28193.02624941945,29066.282067280412,29066.282067280412
48905.05,36452.59570389271,37405.13000466466,37405.13000466466
54034.27,42589.79420621872,43493.358582704066,43493.358582704066
53821.94,45168.424067561624,45932.54630484581,45932.54630484581
51902.54,44556.070389068125,45265.63837860107,45265.63837860107
51480.14,41694.314942144156,42533.105797530414,42533.105797530414
48350.56,36467.994080274104,43821.61028733969,43821.61028733969
45014.07,27423.43932517886,33977.92610895634,33977.92610895634
23222.02,11357.410183792113,15322.463157685399,15322.463157685399
273.41,442.3246328242123,1522.578624612242,1522.578624612242
8319.85,4583.350850186646,4531.1632827150825,4531.1632827150825
39585.35,18851.653317414522,19665.287702514528,19665.287702514528
51022.21,32587.888816084862,34572.218533949854,34572.218533949854
54797.83,40358.53473537445,42233.146197469236,42233.146197469236
54606.77,45451.68858586192,47905.25584444404,47905.25584444404
54626.37,47568.85727952242,49954.46328294754,49954.46328294754
54547.69,46506.446494050026,48948.60583268642,48948.60583268642
53591.73,43482.1590618372,46559.348986139295,46559.348986139295
50762.72,39511.184080786705,47540.62306358099,47540.62306358099
45191.36,31242.487518508435,39471.95874305725,39471.95874305725
21847.11,13440.988998146951,18585.232461699845,18585.232461699845
757.06,-59.27892501562834,1050.1620331321656,1050.1620331321656
9366.68,2901.222952101529,4069.0971788176894,4069.0971788176894
39703.62,18612.254875590206,22262.355093472004,22262.355093472004
50731.88,33659.86280373096,39256.95264156342,39256.95264156342
53752.16,41185.24616267204,46485.79954827547,46485.79954827547
53751.33,46181.64881118417,50889.70431941748,50889.70431941748
54241.29,48010.57070486307,52540.11696509599,52540.11696509599
54466.25,46673.54396286249,51158.40791689396,51158.40791689396
52386.14,44016.88794270277,48946.2131025219,48946.2131025219
48675.58,38805.83810222149,45837.26161490679,45837.26161490679
41499.47,30709.12287976086,38327.85165943504,38327.85165943504
23106.23,13241.819297024309,17882.130632474422,17882.130632474422
871.62,9.766294794529676,775.2334779857099,775.2334779857099
3093.09,2570.7463943371176,4013.46186084494,4013.46186084494
17306.05,17928.916225675344,22385.870140110255,22385.870140110255
46305.34,32775.62551218748,39336.83123663664,39336.83123663664
53414.2,40239.80900830746,46364.422521816494,46364.422521816494
53826.09,45205.61172540903,50389.434612163306,50389.434612163306
54121.13,46931.61920731783,51765.667395682336,51765.667395682336
53982.17,45610.40763985634,50355.54660639763,50355.54660639763
53611.34,42974.20946260333,48018.034479279515,48018.034479279515
48725.25,36669.38477528334,45601.71662642002,45601.71662642002
42320.74,28333.197785396576,36660.859709261655,36660.859709261655
22535.65,11283.404390538037,15955.430978394746,15955.430978394746
918.0,-529.5266223788261,401.38048509955405,401.38048509955405
8879.3,3658.006840340793,5031.841587237269,5031.841587237269
39355.85,18998.891125861406,22912.415497888924,22912.415497888924
47865.63,32950.07097815037,38865.58688997507,38865.58688997507
51137.19,40156.33359950304,45721.08298769235,45721.08298769235
51221.79,44772.46195851207,50127.91692366481,50127.91692366481
51613.09,46597.96456360102,51677.34477867365,51677.34477867365
50205.31,45213.1681216383,50267.91865298509,50267.91865298509
50620.68,42180.587177935835,47933.80265900373,47933.80265900373
40373.36,36238.33057690143,43213.55580465794,43213.55580465794
40436.72,27890.075736652612,35248.42723389864,35248.42723389864
18692.19,10924.418645825386,15288.38990829408,15288.38990829408
930.95,-720.3463705946505,-94.45061121836305,-94.45061121836305
3409.67,3591.831449512243,4666.803103537857,4666.803103537857
32387.950000000004,18898.303837138414,22762.14625469327,22762.14625469327
47042.39,32716.359129709006,38590.801126790044,38590.801126790044
50438.61,39913.51779870987,45310.15473738789,45310.15473738789
50875.91,44464.66809678316,49363.30070337892,49363.30070337892
51046.03,46308.91504124164,50815.49109189511,50815.49109189511
50969.93,44891.56203207254,49335.88850602627,49335.88850602627
49377.41,41819.1459903729,46703.76182929516,46703.76182929516
47751.01,35931.86043524742,42492.958100914955,42492.958100914955
41960.92,27524.887224912643,34195.99644875765,34195.99644875765
22496.61,11031.81363779068,15189.996598762273,15189.996598762273
530.33,-569.576390723437,133.82549458310007,133.82549458310007
6453.72,2748.2932438136636,3392.0437872321904,3392.0437872321904
38270.59,17363.81896793127,20381.796539145707,20381.796539145707
47059.99,31397.816228229403,36489.63671053648,36489.63671053648
53948.63,38978.04906695008,43894.53066872477,43894.53066872477
54368.61,44080.43036553979,48756.11840943456,48756.11840943456
54666.23,46052.23684246302,50388.61259357452,50388.61259357452
53912.09,44807.17584210873,49080.684537768364,49080.684537768364
53042.21,41842.13549616337,46584.23337985039,46584.23337985039
51014.0,38218.65054211974,47715.58566799879,47715.58566799879
45556.28,30355.07407063365,40472.9921405673,40472.9921405673
23375.73,12550.246953873931,18917.156235289574,18917.156235289574
1066.42,-611.8987703190744,484.6889816787839,484.6889816787839
8027.83,3261.7060827881096,4211.87659771204,4211.87659771204
38515.52,19567.627649000882,23844.833498688935,23844.833498688935
50184.46,34489.97808264971,41591.485433702466,41591.485433702466
52363.4,41699.10426171541,48475.50904976845,48475.50904976845
52288.9,46067.10650266289,52125.10949578523,52125.10949578523
52090.91,47662.99191528559,53403.38313452005,53403.38313452005
51619.81,46167.64362123728,51865.96138199806,51865.96138199806
50148.22,43280.52137532711,49575.39307701111,49575.39307701111
47408.47,39949.4743582952,45739.49929147482,45739.49929147482
42503.74,32080.73036150217,39114.851484485866,39114.851484485866
22384.94,14431.769353939892,18959.524925791622,18959.524925791622
1070.19,386.613094817996,1131.6769468985499,1131.6769468985499
8250.74,1988.326927974522,3520.4542826022207,3520.4542826022207
40189.81,17318.113962546588,22068.327832581996,22068.327832581996
52555.24,32654.78492039442,39659.270922517775,39659.270922517775
54689.6,40359.495686682465,46947.67365487337,46947.67365487337
54934.62,45390.92867665172,50603.04366798043,50603.04366798043
55372.49,47153.67228507042,51932.56418390036,51932.56418390036
54921.33,45839.84730718136,50513.6057299757,50513.6057299757
39338.13,43342.5702714324,48207.02542909741,48207.02542909741
46201.3,38658.95534405708,39365.32788104773,39365.32788104773
39277.61,30423.02181844294,33839.22108501553,33839.22108501553
21944.55,13200.007302209735,16496.620230704546,16496.620230704546
1093.76,190.5230689716339,755.7279030920565,755.7279030920565
6148.77,2215.0993765334783,2003.288727581948,2003.288727581948
37885.64,17025.650940460564,19495.86504027605,19495.86504027605
50402.46,31689.451442863345,37338.01392354965,37338.01392354965
52271.92,39252.7923784709,45066.223615598676,45066.223615598676
54392.15,44514.66457949519,48909.168236635924,48909.168236635924
53681.15,46328.51999162197,49857.67348855019,49857.67348855019
53121.67,45062.17141128778,48696.057023062705,48696.057023062705
50902.61,42491.68069174647,45990.176368631124,45990.176368631124
49562.83,37351.88404001951,44827.467737600804,44827.467737600804
41572.42,29135.1251592803,37165.83769200087,37165.83769200087
21852.7,12204.67014618814,17215.622137797476,17215.622137797476
1008.73,-36.86878796055913,813.7902020038664,813.7902020038664
1699.06,2940.6653722047804,3924.0678217202426,3924.0678217202426
12714.28,17804.729670894147,21773.624520398378,21773.624520398378
50023.75,31979.265095178485,38425.44803545236,38425.44803545236
53028.1,39346.6452895534,45483.15684676766,45483.15684676766
53335.67,44296.2353301692,49806.86656497598,49806.86656497598
53422.09,46115.11933488369,51248.14301654816,51248.14301654816
53091.09,44807.66982511043,49901.49132449865,49901.49132449865
50403.49,42019.75711845756,47506.210200876,47506.210200876
48345.0,36415.60100815535,44030.827525532244,44030.827525532244
39594.39,28259.14664604664,35965.20042862058,35965.20042862058
22312.62,11726.863158164024,16664.738469079137,16664.738469079137
1086.15,-180.87206903785466,842.8527078026533,842.8527078026533
7057.06,2649.73688129887,3412.745727208108,3412.745727208108
36806.29,17285.58633965671,20497.88254454732,20497.88254454732
49431.23,31503.420531813503,37099.752028553485,37099.752028553485
52099.04,39018.891427161696,44574.73754359364,44574.73754359364
53025.47,44171.67828813672,49426.30283230782,49426.30283230782
52459.59,46043.32199297905,51025.83522881031,51025.83522881031
52308.54,44819.43279533863,49792.70700534105,49792.70700534105
51552.34,41955.32321067214,47405.090336729285,47405.090336729285
48615.18,36332.37259085178,44358.631558072564,44358.631558072564
32920.04,28254.8918315202,36613.77695441127,36613.77695441127
17325.99,11649.173718229235,16903.600476237534,16903.600476237534
1085.66,-291.2570088982582,729.3056013639272,729.3056013639272
4671.83,2889.3837618398666,3773.0590512378512,3773.0590512378512
29509.18,17840.46625367403,21436.990541702507,21436.990541702507
50347.58,32099.40137526989,38044.73379233837,38044.73379233837
52661.74,39536.82102672696,45208.668245232104,45208.668245232104
52825.29,44457.717601579425,49685.00327399969,49685.00327399969
51491.28,46260.265434057714,51150.411567053794,51150.411567053794
51525.51,44972.31281588316,49834.40225807905,49834.40225807905
47732.15,42060.83489244342,47439.81193881035,47439.81193881035
34145.37,35835.201855084895,41541.732083249095,41541.732083249095
40185.58,27765.64219037056,34160.90821866751,34160.90821866751
14889.18,11197.52949789524,15200.250605289935,15200.250605289935
935.81,-466.4439317689836,2.7284842360019685,2.7284842360019685
5064.14,3208.1480019299684,3525.727454664409,3525.727454664409
30825.86,18329.866405269502,21275.940505418777,21275.940505418777
43514.04,32489.593917229176,37791.57522244692,37791.57522244692
49093.12,39843.460975037815,44851.097877596614,44851.097877596614
50165.63,44620.554467002155,49162.458020762206,49162.458020762206
49844.09,46413.98676940203,50414.20708785057,50414.20708785057
49295.02,45113.0130680418,49082.00439860106,49082.00439860106
45136.17,42069.18629256606,46420.74044325352,46420.74044325352
42239.2,36676.941171512604,40191.962123501304,40191.962123501304
29684.53,28613.120199950932,32791.969402908086,32791.969402908086
13474.14,11677.186992554665,14299.157108623684,14299.157108623684
438.64,-518.5639625020325,-313.62614150494335,-313.62614150494335
1335.36,3212.214195993841,3477.2428300845622,3477.2428300845622
14133.06,18766.16145456016,21033.630265353917,21033.630265353917
50837.34,33340.448763735294,37363.81295766235,37363.81295766235
52952.6,40758.33293117165,44573.695548199415,44573.695548199415
53245.07,45556.551914943455,48947.648740620614,48947.648740620614
49320.85,47343.87117769718,50297.557633087636,50297.557633087636
40536.15,46014.161558909414,48951.73953735352,48951.73953735352
45731.95,43013.253415949344,46160.31492029786,46160.31492029786
37330.05,37129.67273333669,39435.9134209013,39435.9134209013
33728.98,29165.34688495517,32487.911287629602,32487.911287629602
16851.45,12430.6712287122,15339.397512462734,15339.397512462734
1357.69,-137.19171859279274,602.169620730728,602.169620730728
5661.43,2594.6939570039513,1940.562052065134,1940.562052065134
31583.68,17882.912129020096,18204.149660955667,18204.149660955667
44902.95,32938.10346808553,35085.66369407773,35085.66369407773
49639.4,40606.213181340696,43128.75281653643,43128.75281653643
50636.64,45759.656113489866,48067.942199420926,48067.942199420926
49791.15,47528.698005180355,49523.22384094,49523.22384094
49276.94,46326.991731710434,48414.67195571423,48414.67195571423
47316.15,43477.96792480707,45848.87793393135,45848.87793393135
44645.96,38842.35425192594,42269.73953201771,42269.73953201771
42682.43,30951.581700650455,34819.15600541353,34819.15600541353
19595.01,13426.367294258474,16012.279545634388,16012.279545634388
599.13,98.05369621813297,548.0321711371839,548.0321711371839
5504.72,3132.1329907050726,3219.80387818709,3219.80387818709
34402.65,19038.961637632845,20479.099612755774,20479.099612755774
47749.0,34341.57478305817,37168.04517853975,37168.04517853975
49638.87,41784.077056493756,44547.89265484452,44547.89265484452
50184.84,46691.153685024976,49236.30076103329,49236.30076103329
49102.24,48358.30386412859,50660.30324451446,50660.30324451446
50358.66,47077.22069707155,49392.91266878605,49392.91266878605
48841.04,44319.50656064034,46879.02545460463,46879.02545460463
46403.04,38965.76509902477,42834.30035509586,42834.30035509586
41756.58,30897.598620744942,35129.253834736344,35129.253834736344
21220.59,13552.139997584223,16037.17551707208,16037.17551707208
894.12,529.4065034653246,791.6260916391014,791.6260916391014
4924.66,3269.017417137623,3960.104460581243,3960.104460581243
32288.31,18601.786681120397,21157.16846744537,21157.16846744537
43852.76,33485.59486290932,37343.42458111524,37343.42458111524
48213.88,40858.21011932969,44395.066663690806,44395.066663690806
48161.11,46020.40195354819,49133.74525878787,49133.74525878787
45972.35,47792.75507504702,50614.687001700404,50614.687001700404
52188.68,46588.131214473244,49350.88552121878,49350.88552121878
51271.9,43902.93223899603,46867.47088345527,46867.47088345527
47922.32,38359.721281529666,43765.99860722542,43765.99860722542
34390.18,30277.15597059846,35508.405084759,35508.405084759
17267.35,13210.997459187209,15984.803670785426,15984.803670785426
1057.83,314.6917747576535,620.7422238223255,620.7422238223255
973.98,2944.2091213557123,4183.610543022453,4183.610543022453
19271.02,18269.635212240813,21509.233626081346,21509.233626081346
43449.14,33423.83155072689,37706.81854523182,37706.81854523182
48953.59,41027.39929741502,44836.37100935817,44836.37100935817
46103.97,46291.772287385465,49700.76827839017,49700.76827839017
51667.38,48085.24704144955,51340.7957033062,51340.7957033062
51634.96,46913.017659909725,50058.87893993378,50058.87893993378
48219.08,44147.88605996847,47568.72606528759,47568.72606528759
49265.07,39504.746864795685,43099.12155491829,43099.12155491829
42077.75,31585.19208518624,35212.42050416469,35212.42050416469
17221.14,14258.209584062099,16612.85481693089,16612.85481693089
712.83,533.4905465243756,1112.626762584597,1112.626762584597
4519.23,2403.36816565454,3100.7153823532162,3100.7153823532162
32356.37,17865.898659777642,19684.56268768668,19684.56268768668
46981.76,33549.8666825223,36399.500249693396,36399.500249693396
49984.6,41284.65252328158,44177.25875235915,44177.25875235915
50166.32,46696.2710401833,49291.08656331658,49291.08656331658
50250.3,48422.953889477256,50988.693881869316,50988.693881869316
50191.09,47262.57238149404,49841.61904099464,49841.61904099464
50227.73,44720.875468013284,47443.964483418466,47443.964483418466
48768.11,40397.59026644706,44761.7448429203,44761.7448429203
43271.21,32627.685321660043,37343.6792911005,37343.6792911005
22972.74,14522.004225459099,17519.394669153095,17519.394669153095
1459.13,466.02520399019124,1002.1583666116,1002.1583666116
4690.79,3409.7832764136792,4043.486765167564,4043.486765167564
32214.36,19752.81531562984,22032.5410796535,22032.5410796535
48230.83,35430.79958334207,39035.14655531168,39035.14655531168
50733.56,42717.257257628444,46192.35434904933,46192.35434904933
48309.08,47569.339684797524,50585.6809373188,50585.6809373188
51511.84,49131.1711442399,52005.05618940115,52005.05618940115
50772.11,47845.62669319868,50691.16946363688,50691.16946363688
47644.14,45202.23874772549,48284.03660721541,48284.03660721541
47373.7,41046.68007145047,43658.34890527487,43658.34890527487
42082.96,33307.3827765584,36671.476484556195,36671.476484556195
23714.63,15487.964829847813,17684.76512708068,17684.76512708068
1567.17,1081.3611118943988,1369.2354950036108,1369.2354950036108
4311.32,2834.854599162936,3534.8989437547325,3534.8989437547325
32187.32,18522.456098439692,20978.43538339734,20978.43538339734
47457.56,34333.67105503082,38127.167205748556,38127.167205748556
50258.76,41992.927666677235,45622.9308807981,45622.9308807981
49624.68,47103.668083873985,50028.19410519481,50028.19410519481
48222.88,48839.690299293994,51471.02969061613,51471.02969061613
49039.11,47637.466887369155,50237.5927277708,50237.5927277708
48468.19,45162.94780287862,47815.775454775096,47815.775454775096
46511.51,40608.31260909796,43275.92115862369,43275.92115862369
40525.49,32686.66226097345,36177.23105437755,36177.23105437755
21190.94,15042.837904780507,17535.312113610507,17535.312113610507
1552.98,1025.034507162422,1570.1351014427842,1570.1351014427842
4432.44,2645.7507665106655,3290.987600581795,3290.987600581795
31768.97,17872.851084602476,20044.462107990385,20044.462107990385
47733.25,33238.4953032732,36700.945658001896,36700.945658001896
50647.01,40884.919934601785,44287.83375989795,44287.83375989795
50409.97,46055.20074047327,48763.66708717942,48763.66708717942
49542.66,47854.07071513414,50337.7323443985,50337.7323443985
49170.1,46660.4456948328,49128.66263680935,49128.66263680935
48335.49,44186.9879019475,46754.90450694084,46754.90450694084
46189.83,40172.434357964994,43701.302270970344,43701.302270970344
42107.33,32477.001209927796,36799.81172470331,36799.81172470331
23352.72,14691.03324499309,17638.110748114585,17638.110748114585
1616.07,711.532826218456,1271.232451339364,1271.232451339364
4511.21,2762.023945159018,3492.6749748352167,3492.6749748352167
32894.23,18418.02307486355,20990.873721010685,20990.873721010685
47860.24,33831.90010256052,37919.89116638303,37919.89116638303
50905.55,41249.344316385985,45242.86113113165,45242.86113113165
50820.46,46222.653259568215,49459.604233258964,49459.604233258964
50066.73,47862.09022042751,50889.472764885424,50889.472764885424
49363.82,46601.80065034866,49598.66430748224,49598.66430748224
48498.48,44058.08535319686,47179.938287489415,47179.938287489415
46372.26,40649.413538537025,44508.85641998291,44508.85641998291
42049.16,33022.51667274475,37758.68676041126,37758.68676041126
24159.02,15087.616692036987,18231.125763939617,18231.125763939617
1684.28,867.5933447417617,1400.1962655599416,1400.1962655599416
4766.05,2864.01599804312,3740.3071098950504,3740.3071098950504
34094.15,18594.936526213885,21593.760678385497,21593.760678385497
49042.41,34064.43488213062,38708.92481207371,38708.92481207371
51305.29,41473.7862650609,45950.26022654772,45950.26022654772
51412.39,46333.89591600776,49962.67960959315,49962.67960959315
50831.45,47978.955792753695,51355.3296094346,51355.3296094346
50726.21,46695.672857642174,50025.766641850474,50025.766641850474
50747.78,44183.981552273035,47641.627150461674,47641.627150461674
49153.19,41245.96747946024,46764.32105791092,46764.32105791092
43384.92,33518.07424527168,39687.82159631968,39687.82159631968
25496.98,15689.1606331259,19562.89042919934,19562.89042919934
1860.84,1330.736659618467,1961.671142093241,1961.671142093241
4231.96,2921.7406132623555,4112.753891404271,4112.753891404271
33812.92,18362.18176983833,22069.578227055074,22069.578227055074
43030.89,33924.40613811493,39481.815247638224,39481.815247638224
50317.71,41533.56206750989,46867.1351293838,46867.1351293838
52220.98,46584.2989869678,51079.37835510492,51079.37835510492
51029.28,48374.234815933705,52693.84601892471,52693.84601892471
51828.91,47157.678178474904,51404.2493635726,51404.2493635726
51107.9,44701.84940396309,49154.18766472578,49154.18766472578
48216.61,41381.72018311739,46790.5253124547,46790.5253124547
43070.18,33582.43482745528,39683.016839779615,39683.016839779615
26059.58,15831.950664936305,19621.82105760634,19621.82105760634
2061.51,1366.8302223019302,1921.1785257060826,1921.1785257060826
4076.7,2617.0023065459727,3784.1244634382424,3784.1244634382424
29697.03,17848.16930110693,21588.896103591323,21588.896103591323
47236.7,33436.11165941,39018.20448204994,39018.20448204994
50220.48,41222.171392049786,46547.86774059176,46547.86774059176
49927.36,46327.66709909558,50746.71939587593,50746.71939587593
48779.94,48197.04928800821,52415.30907232046,52415.30907232046
48240.41,46992.96572134256,51113.47861919164,51113.47861919164
46661.2,44576.04582669973,48905.563704420325,48905.563704420325
45968.1,39393.021803081036,41653.13296861887,41653.13296861887
41315.99,31422.54046338916,34874.94521066904,34874.94521066904
23872.53,13898.879401983022,16432.396651619078,16432.396651619078
2025.64,558.5862337459624,1021.5939927403629,1021.5939927403629
3486.49,2775.921076324284,3353.139249010682,3353.139249010682
27723.58,18052.27304338336,20481.087122489214,20481.087122489214
44360.52,33021.90691247702,37067.35754951954,37067.35754951954
48078.45,40349.93634375095,44306.6475656271,44306.6475656271
47916.9,45350.60731413722,48481.27089837432,48481.27089837432
47990.34,46986.36641717911,49745.86352350712,49745.86352350712
47844.28,45741.42891257525,48493.31559328317,48493.31559328317
46997.51,43142.464704076054,45948.63162633896,45948.63162633896
46624.36,38563.786431384084,41791.64888969183,41791.64888969183
43007.52,30685.59500968337,34651.92732236624,34651.92732236624
24427.7,13637.724482251406,16323.650924883485,16323.650924883485
1839.86,749.8710206469893,1333.7980034942925,1333.7980034942925
2389.26,2618.39452816993,3512.164630354792,3512.164630354792
27478.34,17253.691632487775,19908.37557988286,19908.37557988286
43453.02,31745.59762802243,35778.818326530454,35778.818326530454
46279.03,39074.688350901604,42990.56107180834,42990.56107180834
47461.16,44121.05274894595,47372.49517710089,47372.49517710089
47727.9,45802.04988906622,48847.54771641493,48847.54771641493
48856.32,44587.83195238114,47604.470366551875,47604.470366551875
48900.55,42029.59046758532,45139.83866057992,45139.83866057992
42377.89,37927.27389671325,43127.95781264305,43127.95781264305
32565.220000000005,30184.83710829079,35708.962183452844,35708.962183452844
21660.77,13244.245795558094,16629.333781128527,16629.333781128527
1813.11,458.28259932473304,1136.0846838971972,1136.0846838971972
3341.32,2371.2563761118054,3694.1201816405355,3694.1201816405355
29413.71,17114.93257915616,20545.829769650696,20545.829769650696
46067.83,31675.453971400857,36487.398350059986,36487.398350059986
49743.76,39009.67169754386,43567.66829128146,43567.66829128146
49950.83,44069.39293284535,47963.5535571301,47963.5535571301
49571.08,45706.45645975113,49513.76097906351,49513.76097906351
49650.68,44466.04970549107,48189.56235813856,48189.56235813856
48570.38,41857.77700480342,45778.47763770342,45778.47763770342
46996.95,38784.52736678839,44212.27365684748,44212.27365684748
43857.61,31134.85711276889,37196.657600216866,37196.657600216866
26883.01,14043.713867349326,17924.009199216962,17924.009199216962
2307.68,643.0471965274214,1378.853691378683,1378.853691378683
3880.47,2080.406517265737,3273.960141586363,3273.960141586363
32278.19,16910.55676030457,20526.141845563056,20526.141845563056
48295.5,31880.03818933129,37307.194015333655,37307.194015333655
51082.58,39494.44268811941,44724.615073705914,44724.615073705914
50114.9,44531.9308291018,48938.86510537147,48938.86510537147
48778.33,46247.75377084255,50507.88633303404,50507.88633303404
48763.71,45001.61218267203,49190.27157930374,49190.27157930374
48138.55,42454.74002539992,46835.64371302485,46835.64371302485
46508.61,39103.32006878972,44086.80197441339,44086.80197441339
42801.26,31453.58806689501,37700.910045422315,37700.910045422315
22211.17,14055.703568056822,18160.445672652124,18160.445672652124
2324.63,550.1726033428312,1188.0088580885529,1188.0088580885529
3499.87,2413.300890268981,3613.2290178948642,3613.2290178948642
30728.68,17681.94980989516,21819.19445230603,21819.19445230603
46913.63,32792.0272915411,39099.20225736141,39099.20225736141
49753.93,40213.14936318398,46208.47826296448,46208.47826296448
49357.05,45173.16707622647,49939.3196165514,49939.3196165514
48485.8,46793.02610140085,51199.331321191785,51199.331321191785
48861.07,45524.940862076284,49831.870595195294,49831.870595195294
45772.95,42931.4799329555,47411.43107166528,47411.43107166528
43115.66,38564.25725893259,41623.97253454923,41623.97253454923
37240.03,30752.62811709106,35024.17438809157,35024.17438809157
22303.4,13663.57851056546,16624.984415168165,16624.984415168165
1785.67,617.0614715732634,1102.0423084434867,1102.0423084434867
3102.98,2434.906375325173,3265.514672435075,3265.514672435075
26911.84,17285.79859797776,20396.963360995054,20396.963360995054
45991.04,32078.385871865154,37028.57216540098,37028.57216540098
49291.33,39499.162541331054,44277.92322592616,44277.92322592616
48781.45,44635.806192179916,48433.535931591985,48433.535931591985
47800.44,46313.49210249186,49723.31011208534,49723.31011208534
48165.53,45105.12477698326,48470.13698462486,48470.13698462486
46833.42,42508.19824836612,45934.915879557135,45934.915879557135
42115.47,37307.17857836485,41071.81531590462,41071.81531590462
24061.86,29979.40771631837,34404.804607276914,34404.804607276914
11481.31,13577.854128368497,16561.40918877244,16561.40918877244
1077.38,713.9308628410101,1278.8139326429366,1278.8139326429366
3099.95,2073.2109601822494,2831.1178879019617,2831.1178879019617
26065.08,16688.28949460983,19357.105986944436,19357.105986944436
48572.12,31625.83569442451,35952.098301348684,35952.098301348684
50564.45,39181.45042714596,43516.753308925625,43516.753308925625
50444.46,44330.57486727238,48046.90161094189,48046.90161094189
50103.05,45993.92369280815,49520.14416566372,49520.14416566372
49167.13,44865.73598326444,48357.75585173607,48357.75585173607
50231.97,42251.96000319839,45866.18663520217,45866.18663520217
49111.72,39266.604606307745,45308.95451306343,45308.95451306343
44395.84,32471.53266372919,39049.50679554105,39049.50679554105
17685.12,15113.035590792893,19815.41801299095,19815.41801299095
1379.98,590.9151056624949,1810.4906353329122,1810.4906353329122
3829.88,2107.805207270682,2803.071810017824,2803.071810017824
32190.63,18244.85694769025,20770.43766574025,20770.43766574025
48726.96,34548.3992910862,39159.93901111841,39159.93901111841
51345.44,42232.03087647319,47142.31453527331,47142.31453527331
50026.29,46912.423336610795,51156.18499338627,51156.18499338627
48400.76,48383.99098021746,52602.89911721945,52602.89911721945
48519.09,47119.70323521853,51369.34637710809,51369.34637710809
24953.9,44536.58893443823,49107.622048330304,49107.622048330304
8034.14,41277.60554702282,31610.688168786168,31610.688168786168
15398.3,34766.766792536975,29724.836663781403,29724.836663781403
26472.01,17532.30576393604,16985.88337920189,16985.88337920189
1259.76,2038.733455170393,2392.8806749737264,2392.8806749737264
1555.14,2085.477561517656,207.71985221862792,207.71985221862792
28919.31,17618.117943893074,16170.747748885751,16170.747748885751
46947.55,34287.58398466826,35758.835170414444,35758.835170414444
50539.05,42447.76637474298,44838.54376271724,44838.54376271724
50496.28,46962.06476904034,48222.230843368765,48222.230843368765
50425.48,48641.91185498476,48520.955485925675,48520.955485925675
50988.03,47532.38744072437,47856.01577320337,47856.01577320337
49881.47,45144.886549378636,44935.800525420906,44935.800525420906
49163.52,41076.940389547344,44552.63566350937,44552.63566350937
45506.73,34051.79972316504,38524.51864199042,38524.51864199042
29249.76,17262.268798279165,21420.027242608667,21420.027242608667
2917.69,2392.077470190674,4025.275001221746,4025.275001221746
3350.9,1994.2064834675193,2031.2812584805488,2031.2812584805488
30808.83,16460.64437490821,17309.96324301839,17309.96324301839
47776.78,32448.86733428359,35341.27288276672,35341.27288276672
50414.08,40794.266335303786,44364.13483745098,44364.13483745098
50308.48,45793.030840042826,48759.96221466661,48759.96221466661
49232.3,47776.05227480173,50599.11110017776,50599.11110017776
48567.94,46773.67586100578,49757.52615343809,49757.52615343809
47687.13,44461.414755607846,47694.43316149592,47694.43316149592
36603.02,40501.14145318031,43621.50086074114,43621.50086074114
41818.64,33296.4958543098,37194.83217865586,37194.83217865586
25178.74,15262.492463505268,17971.346664052606,17971.346664052606
2413.45,836.4806165237725,1310.8818233056365,1310.8818233056365
2878.52,3354.1580889517068,3949.941146245301,3949.941146245301
28526.16,19793.06528216362,22139.237548780442,22139.237548780442
45654.1,35654.50441675663,39587.079937908646,39587.079937908646
49251.73,42820.26043196917,46767.489495757814,46767.489495757814
49876.9,47516.45262967706,50828.66268552661,50828.66268552661
48625.62,48982.505416178705,52047.469261188504,52047.469261188504
46545.9,47698.05698992252,50772.28301621437,50772.28301621437
34640.64,45144.58166924476,48305.964821400645,48305.964821400645
20351.99,39932.7020916903,34774.91751206517,34774.91751206517
34533.43,32871.00668318153,30522.005592031477,30522.005592031477
17291.99,15751.74403427601,15620.477699677347,15620.477699677347
3094.39,1465.9201250509918,1265.9824347303806,1265.9824347303806
3026.47,2593.4464569625256,1260.4579295198619,1260.4579295198619
27035.24,17980.61849344015,17578.203731430767,17578.203731430767
43777.04,33877.84052171945,35508.073189929724,35508.073189929724
47558.14,41604.94261125684,43766.31120584369,43766.31120584369
47826.51,46530.93724505663,47832.01514595628,47832.01514595628
46958.72,48199.67357270479,48646.404012906554,48646.404012906554
43031.15,47100.955036606785,47730.34341017484,47730.34341017484
43029.89,44600.119779548644,44867.92031435013,44867.92031435013
33067.77,39680.13398585558,38804.954335757495,38804.954335757495
27326.13,32636.16793601751,32953.401504169706,32953.401504169706
27940.82,15486.23203009963,16604.551657335756,16604.551657335756
3010.76,1195.8045273342727,1663.6184900845587,1663.6184900845587
588.81,2492.351195484847,1982.5872700113057,1982.5872700113057
9152.03,18091.100879166126,17880.26275924921,17880.26275924921
44980.86,34122.06108667373,35025.59458922148,35025.59458922148
28141.97,41861.07665688515,43228.024103668926,43228.024103668926
30952.26,46843.578314989805,47851.623955578805,47851.623955578805
25865.15,48485.04137800455,49253.69436563253,49253.69436563253
37057.97,47362.02505300999,48258.24143234491,48258.24143234491
43125.8,44839.91765294075,45703.484843256476,45703.484843256476
36510.08,39070.75964234114,36072.491221046446,36072.491221046446
15723.7,31654.561963746546,29243.72616443336,29243.72616443336
9873.2,15335.84122077465,12884.46987100482,12884.46987100482
2734.43,1473.2758406858145,72.28794806942344,72.28794806942344
986.65,1978.4443735086918,3657.2185901212692,3657.2185901212692
14722.48,16731.460907489658,19895.169253071545,19895.169253071545
23046.28,32886.208238210675,35236.86494426489,35236.86494426489
30667.25,41166.775829498765,42604.31267537832,42604.31267537832
37134.45,46922.67734313846,47055.62823695779,47055.62823695779
48938.69,48873.89862216234,48553.27278011561,48553.27278011561
49960.88,47960.832791378496,47325.254193320274,47325.254193320274
35518.35,45498.36612028122,44535.26135512113,44535.26135512113
44246.78,40586.95556275845,34153.12026790619,34153.12026790619
45687.52,33762.77721550107,27928.31696762085,27928.31696762085
24638.26,16201.185592123866,12499.372493561208,12499.372493561208
1771.84,883.6617820502818,67.05529805034399,67.05529805034399
449.38,2302.3756565004587,1560.3360030895471,1560.3360030895471
3153.47,18959.044450137615,16850.682547179462,16850.682547179462
10375.64,36177.53593451142,32914.4192986989,32914.4192986989
11142.4,44164.847429441215,40659.59807870507,40659.59807870507
27998.72,49097.86974328876,45687.92437870264,45687.92437870264
42713.49,50611.87747337818,47019.23172376156,47019.23172376156
30250.15,49489.87998832464,46030.88751460791,46030.88751460791
21351.76,46996.42360235452,43143.44109235286,43143.44109235286
23777.87,40331.95999357939,26241.758659489155,26241.758659489155
16745.83,33274.594654819964,23099.312808812858,23099.312808812858
16413.44,18235.498285353184,12139.568589501976,12139.568589501976
2500.05,2806.3430001883207,2336.73834905684,2336.73834905684
1296.14,-9.707923756241799,1979.9827639310063,1979.9827639310063
26776.33,13868.561195253134,14668.428698612153,14668.428698612153
43983.48,32222.671360028387,31723.690639669298,31723.690639669298
36873.36,42382.004887640476,40390.67450442314,40390.67450442314
46204.71,48676.189644212725,45623.13156139255,45623.13156139255
46665.54,50996.080471441746,46550.06364940405,46550.06364940405
45732.44,50505.972148902416,46492.545503642556,46492.545503642556
36730.64,48348.331582281586,43767.22970548749,43767.22970548749
9579.48,43349.94142403603,35329.864962821004,35329.864962821004
3673.64,36997.60174673915,30348.935945913196,30348.935945913196
0.0,19327.083012242914,16149.408069136143,16149.408069136143
0.0,1880.3844060219824,1593.8212004505099,1593.8212004505099
1849.41,1532.7429037587344,-348.7018290579319,-348.7018290579319
15136.83,18638.769799131154,14617.430742549002,14617.430742549002
41422.33,37930.044832613465,33102.03249905109,33102.03249905109
46157.52,46947.62734396696,42534.985248482226,42534.985248482226
49332.27,51530.265199157,47568.243660012486,47568.243660012486
47568.2,52962.95097759008,48951.075747694966,48951.075747694966
45803.01,52017.47523080349,48292.99776760578,48292.99776760578
41993.39,49741.54503148436,45616.79468569875,45616.79468569875
35595.62,44338.092671079634,38556.33809393644,38556.33809393644
30147.78,37644.12515567899,32634.21515946388,32634.21515946388
12372.53,20922.44549754739,19103.503604199886,19103.503604199886
3318.1,3716.74571265094,4147.399273451864,4147.399273451864
2708.08,1428.8323250955343,-351.7332638067007,-351.7332638067007
25211.51,16393.11149563551,12009.72149122268,12009.72149122268
42327.95,34884.608753139975,29943.229250306485,29943.229250306485
46337.09,44578.54275640369,40518.735738373995,40518.735738373995
50192.58,49926.99705620408,46461.95714995861,46461.95714995861
48764.38,52092.95428976774,48792.152153863906,48792.152153863906
46125.7,51388.59627720594,48460.85164788961,48460.85164788961
47808.64,49374.98262952089,46298.529820479154,46298.529820479154
46914.16,44835.92719650507,42792.913841733935,42792.913841733935
43359.52,38549.13674798965,36659.95278734445,36659.95278734445
29658.02,18950.569554264544,18375.463351872564,18375.463351872564
3794.28,1445.6948014868797,1835.9365487842263,1835.9365487842263
2014.58,3733.7126297843456,3129.450817375481,3129.450817375481
23593.27,22259.286995922328,20434.38643261671,20434.38643261671
43377.94,40302.359605898855,38074.50784591794,38074.50784591794
48802.42,47694.25949559688,45839.18737676501,45839.18737676501
49365.88,51541.83134803295,49981.96810211301,49981.96810211301
46823.61,52746.10015832424,51283.007410590646,51283.007410590646
40346.6,51454.820873372555,50122.934641983506,50122.934641983506
46666.09,49085.16125872135,47691.85904694795,47691.85904694795
47359.57,43792.45757175446,41243.9761104846,41243.9761104846
44303.19,37268.11532880783,35392.8284993279,35392.8284993279
30514.57,19447.481720803975,18606.274979799986,18606.274979799986
3571.25,2726.281091110557,2623.244148400575,2623.244148400575
2629.76,2427.66306011945,2197.3010339084267,2197.3010339084267
25073.83,18428.12271170318,17905.477118168474,17905.477118168474
48824.1,35870.44059562087,35203.18147833586,35203.18147833586
52323.44,44258.769806883334,43662.92596652508,43662.92596652508
52674.49,48837.011985206605,48120.8485507524,48120.8485507524
51532.47,50635.33394747496,49732.147776725295,49732.147776725295
51299.18,49624.7682217288,48759.595586657524,48759.595586657524
50072.46,47402.38500794649,46438.16878103256,46438.16878103256
45359.32,43563.51960591554,45969.07789151907,45969.07789151907
42233.9,36942.36441311836,40087.02160957575,40087.02160957575
31991.01,17482.847645511032,20093.877774751185,20093.877774751185
4682.29,880.8406760014593,1648.6402886977792,1648.6402886977792
1980.38,3734.7502835310993,3729.7105956220626,3729.7105956220626
27931.25,22094.58997575879,22880.522720341087,22880.522720341087
47555.51,39597.299211256504,41598.8643047905,41598.8643047905
51038.25,46728.91251071811,49001.9714338398,49001.9714338398
50964.65,50803.76285484672,52581.43015285611,52581.43015285611
50076.53,52002.45506015777,53732.05935579777,53732.05935579777
50461.33,50667.411968648434,52440.78007084608,52440.78007084608
49409.96,48173.70859117746,50107.66747983694,50107.66747983694
47670.33,44330.37418667793,45364.573911662104,45364.573911662104
44832.22,38017.981525402065,39650.21714031458,39650.21714031458
31678.47,19484.239073145985,20626.130951744915,20626.130951744915
4164.21,2356.3539123532178,2512.019823361486,2512.019823361486
2210.68,3009.7786111587284,3406.778373955041,3406.778373955041
26997.29,20081.400844715834,21444.462034603355,21444.462034603355
46297.49,37911.50117383838,39973.39780069828,39973.39780069828
49964.82,45919.91500512242,47861.21803169012,47861.21803169012
50099.7,50216.13148189187,51642.661769014594,51642.661769014594
49376.93,51796.25574936628,52972.38296552897,52972.38296552897
49919.37,50665.69846511126,51814.30156589746,51814.30156589746
48218.39,48366.670701220035,49552.635125752684,49552.635125752684
45434.55,44521.69225954294,44593.15770661831,44593.15770661831
43239.07,38299.933901354074,39216.24535482883,39216.24535482883
30578.27,19853.821332131625,20976.409281241893,20976.409281241893
4237.07,2549.6059479661285,2987.4133377942444,2987.4133377942444
2464.78,2760.175850550085,2806.520042924285,2806.520042924285
28881.83,19600.66469186127,20102.032353521587,20102.032353521587
48291.74,37407.68096375942,38624.93998329878,38624.93998329878
51815.01,45540.4357195127,46890.31759728432,46890.31759728432
51991.0,49746.07578182816,50642.74755174279,50642.74755174279
52633.28,51389.51477684975,52045.184589805605,52045.184589805605
52959.25,50258.96521107912,50962.7983667016,50962.7983667016
51260.51,48014.24084419608,48739.59699357271,48739.59699357271
50032.03,44442.02206354857,47292.34257583141,47292.34257583141
46464.68,38013.78266988754,41613.64520241976,41613.64520241976
32899.82,19957.015538961292,22612.782003793716,22612.782003793716
5098.33,3036.1357881747185,3645.780519845858,3645.780519845858
2643.43,2822.5764201009274,3172.3347167113425,3172.3347167113425
29771.53,18910.371687500476,20566.530744816064,20566.530744816064
48298.14,36324.13696799517,39308.48124342918,39308.48124342918
52683.97,44613.29523242235,47655.7828508544,47655.7828508544
54043.2,49060.122495322226,51462.427439750434,51462.427439750434
53438.39,50869.69800784826,53106.92386713505,53106.92386713505
53780.67,49815.83930309296,52030.89767517805,52030.89767517805
52625.68,47619.57929976821,49996.8840732193,49996.8840732193
51380.29,44900.69299911976,49934.009299283025,49934.009299283025
47709.65,38562.4665705514,44826.68817067623,44826.68817067623
35498.05,19997.57231525004,24173.19326210618,24173.19326210618
5724.91,2651.1985692824423,3136.9223102763294,3136.9223102763294
2666.92,2924.881071603298,3476.974130346328,3476.974130346328
29171.47,19787.407633097173,23009.928900198935,23009.928900198935
47948.38,37633.16104858637,43145.374572695495,43145.374572695495
50899.65,45767.0890139687,51186.321815732714,51186.321815732714
51071.56,50100.6783922112,54375.715347782374,54375.715347782374
51106.03,51806.289779088496,55814.52188434601,55814.52188434601
52359.66,50669.233530967234,54543.92813759088,54543.92813759088
52232.74,48440.903224953414,52608.30591554284,52608.30591554284
50037.3,44492.62444728613,47531.25282351732,47531.25282351732
46664.87,37772.58389157653,41559.80877371788,41559.80877371788
33870.02,19971.36999032736,22523.021819065212,22523.021819065212
5145.01,3407.671306119263,3869.280089815855,3869.280089815855
2431.45,3037.7865790261326,3779.941527297795,3779.941527297795
29382.28,18616.343742702007,21038.20925622523,21038.20925622523
48670.2,35792.499340132475,39522.553408310414,39522.553408310414
52186.76,44176.84967268586,47784.10265403271,47784.10265403271
52410.85,48912.830657484534,51768.542531121966,51768.542531121966
50476.99,50847.98591122627,53422.254828882214,53422.254828882214
50553.52,49876.65324169397,52397.571995165345,52397.571995165345
49229.48,47707.4774001348,50376.90365273714,50376.90365273714
47116.98,43207.0414038229,44992.4349047184,44992.4349047184
45206.52,36179.87077604294,39144.28206550956,39144.28206550956
32887.59,18367.052133495807,20977.06728203714,20977.06728203714
5027.94,2735.779650977403,3471.469886157364,3471.469886157364
2317.58,3358.6203377464412,3516.589733943343,3516.589733943343
22478.17,18982.59161642611,20355.059709178207,20355.059709178207
45043.69,35488.858023011686,38451.65228999615,38451.65228999615
50106.86,43422.26362287998,46650.80144857287,46650.80144857287
49995.23,48229.99563867688,50758.517099283934,50758.517099283934
49177.86,50055.52139921903,52282.003128218654,52282.003128218654
49897.92,49014.85358430624,51301.49318073272,51301.49318073272
48699.25,46727.88209305048,49100.62138297796,49100.62138297796
47079.41,42680.63304914236,44600.68322890997,44600.68322890997
44125.44,35641.79207294703,38364.37552762389,38364.37552762389
32526.389999999996,18508.694040751456,20609.679002242683,20609.679002242683
5679.44,2880.497374267131,3358.2266950419544,3358.2266950419544
3092.17,2432.629904831946,2802.338071594387,2802.338071594387
26241.23,17375.581938159467,18984.71612925768,18984.71612925768
46596.33,34120.30127223015,37009.615567710396,37009.615567710396
39126.64,42660.750233323575,45641.86818227768,45641.86818227768
46471.48,47807.694201606515,50206.51810956955,50206.51810956955
46047.8,49844.28191811323,51987.02580983877,51987.02580983877
50439.41,48886.91198686361,51038.725097761155,51038.725097761155
46034.99,46652.7580843687,48886.649558393954,48886.649558393954
39551.22,42471.91751243591,42669.58789796352,42669.58789796352
42371.76,35665.7116561079,36689.90050682306,36689.90050682306
14883.3,18581.660733042954,19089.183886013627,19089.183886013627
2049.18,2788.5475519949196,2473.646895753145,2473.646895753145
2094.52,2356.1001671785116,2829.899332177043,2829.899332177043
21012.17,17679.840734032394,19603.032336951495,19603.032336951495
35981.72,34939.22474876642,37634.859115154744,37634.859115154744
53022.46,43549.23655053019,45904.057378919126,45904.057378919126
51840.56,48700.22114539742,50379.22305729985,50379.22305729985
51232.71,50618.35328179121,51875.455117812155,51875.455117812155
51152.96,49692.57510719776,50873.06326704741,50873.06326704741
51693.69,47395.78570378303,48526.01495245099,48526.01495245099
51236.24,43779.312992818355,46898.93142587662,46898.93142587662
48146.43,36933.148542742725,40083.764409158226,40083.764409158226
35209.07,18946.384206097722,21271.10294532001,21271.10294532001
5501.44,2741.5342635041475,3477.210991336405,3477.210991336405
2717.9,3332.5825130225717,3533.5163702362775,3533.5163702362775
29797.98,19508.378633112312,20215.220068030358,20215.220068030358
48731.94,36776.01563729286,38346.71949455499,38346.71949455499
51872.62,44897.01900054455,46756.413470641375,46756.413470641375
52602.0,49796.77078737855,51536.03090700507,51536.03090700507
49766.63,51591.52295061111,53456.13125692129,53456.13125692129
47884.41,50556.55137718678,52453.716250703335,52453.716250703335
50642.45,48271.26251553059,50363.72048137903,50363.72048137903
50430.33,44511.465267710686,46147.32085180759,46147.32085180759
46551.21,37873.19047651052,40579.24865608334,40579.24865608334
32052.52,19898.013514573573,22344.840606651902,22344.840606651902
3910.58,3139.511379387826,4018.431841191724,4018.431841191724
2618.79,2952.7862871471048,3333.91153955549,3333.91153955549
30077.98,18941.587168042064,20244.95552918792,20244.95552918792
49694.2,36436.93875828385,38954.16421696901,38954.16421696901
52631.57,44781.90552417755,47478.63591535091,47478.63591535091
53067.85,49402.98143168807,51434.76439165473,51434.76439165473
52103.42,51231.64861538172,52975.35458202362,52975.35458202362
52569.99,50221.306725683215,52027.65591172934,52027.65591172934
51523.06,48018.58635091424,49935.03199846625,49935.03199846625
50836.13,44628.40802488088,48058.734047529695,48058.734047529695
47253.06,38011.617635012866,42583.70046278358,42583.70046278358
33752.52,19531.289024437665,22894.031997665166,22894.031997665166
4616.24,2668.324921359271,3335.88312991485,3335.88312991485
2658.95,3199.814450802505,3607.195575119108,3607.195575119108
30447.9,19816.155128251314,22064.155991762877,22064.155991762877
50475.65,37318.2970551455,41404.84090314269,41404.84090314269
53245.32,45334.81529505133,49488.54854976535,49488.54854976535
52839.25,49848.6698764956,53101.62512759328,53101.62512759328
51572.32,51577.32093931198,54553.537650671,54553.537650671
51576.13,50468.41400380373,53414.127264807226,53414.127264807226
51007.04,48213.98750202775,51352.65901383162,51352.65901383162
50034.41,45193.55545277357,47829.81151865959,47829.81151865959
46551.25,39271.58688798904,43248.13461477756,43248.13461477756
35598.24,20582.83797273576,23827.551812113525,23827.551812113525
6524.06,2776.8940877641735,3703.698338377774,3703.698338377774
2740.03,2905.453646364212,3368.754225360602,3368.754225360602
30319.79,20064.968191424607,22034.98397996664,22034.98397996664
49400.12,38166.3192178762,41816.934644591805,41816.934644591805
52994.04,46233.9338245213,49970.55246368289,49970.55246368289
53331.79,50095.85433946014,52909.705012944934,52909.705012944934
52776.15,51665.736178133484,54133.06549440384,54133.06549440384
52570.39,50499.78192441225,52979.69237025738,52979.69237025738
51667.43,48305.984117611646,50949.306455967424,50949.306455967424
50122.1,45542.863182857036,48771.64414080858,48771.64414080858
47191.66,39252.25208456278,43596.46209734202,43596.46209734202
36030.34,20934.260567545294,24196.54939590573,24196.54939590573
6631.64,3596.566016084775,4394.083964551389,4394.083964551389
2630.12,3369.2067215086518,3942.5690288311243,3942.5690288311243
29138.84,19636.37425994575,21912.10956753373,21912.10956753373
49149.0,37261.96369673967,41266.68775083661,41266.68775083661
51954.16,45487.58339757204,49545.20994375825,49545.20994375825
52044.45,49736.09192225456,52964.79569536209,52964.79569536209
51119.38,51515.09451806545,54444.49090304375,54444.49090304375
51527.32,50461.57542662382,53390.65535374165,53390.65535374165
49715.03,48337.00856566429,51433.251568711996,51433.251568711996
47698.55,44574.5561592102,46224.829872169496,46224.829872169496
45852.28,38260.49244606137,41306.57301898241,41306.57301898241
35111.36,20165.638453854917,23065.822304993868,23065.822304993868
6639.94,3247.514201999754,4318.681608025879,4318.681608025879
2752.8,3007.7708404037357,3284.2556349676847,3284.2556349676847
30702.44,19019.17530286908,20345.762794716356,20345.762794716356
49451.13,36268.9961154294,39167.341037659644,39167.341037659644
52019.87,44398.732943781615,47560.961269979474,47560.961269979474
52390.82,48591.65294380307,50965.24898549914,50965.24898549914
52507.4,50347.00996264935,52373.42857595682,52373.42857595682
53172.6,49274.93563470602,51378.732054140564,51378.732054140564
52842.81,47103.33232980251,49324.81248090982,49324.81248090982
50064.05,44652.54372560501,50047.633108160495,50047.633108160495
47658.65,38520.38925283551,45333.93924707174,45333.93924707174
34821.48,20065.917565006017,24570.444358050823,24570.444358050823
6066.04,2886.828943502903,3517.401622021347,3517.401622021347
3009.84,3013.488307724297,3950.259533726871,3950.259533726871
29522.42,19563.064095098376,23454.702704604864,23454.702704604864
51616.34,36944.17053846836,43124.26837709903,43124.26837709903
54121.7,44862.78366298079,50747.977508833406,50747.977508833406
53914.83,48799.3612182951,53451.527180975674,53451.527180975674
53237.14,50461.668048436644,54842.432803342344,54842.432803342344
53318.51,49293.18213183164,53510.824437391755,53510.824437391755
50244.39,47095.35527617335,51615.542874069215,51615.542874069215
49169.2,44999.42013310194,48943.071679370405,48943.071679370405
45678.26,39028.59356205464,44658.95006765842,44658.95006765842
34040.29,21135.48338551879,25353.16042425871,25353.16042425871
6023.48,4067.5486578845976,4930.319397091121,4930.319397091121
2825.84,3524.281686054915,4083.4892577952146,4083.4892577952146
31053.98,19368.154997365473,22416.155543281435,22416.155543281435
49713.59,36718.651861219405,42300.13492359161,42300.13492359161
52925.9,44841.27996543765,50488.246649473906,50488.246649473906
52991.55,48924.0340375936,53423.12701761961,53423.12701761961
52413.13,50680.81125756979,54730.43759467363,54730.43759467363
52315.91,49686.16876514435,53702.976106572154,53702.976106572154
51494.96,47560.1431106329,51770.13639815092,51770.13639815092
50224.0,44601.53226219416,48608.652905697825,48608.652905697825
47623.13,38010.60651355624,43222.080870679616,43222.080870679616
35511.13,20654.45393025696,24570.413484113215,24570.413484113215
6641.22,4376.419730592817,5312.183211975694,5312.183211975694
2653.42,3612.0799285295607,4156.018890907467,4156.018890907467
29797.07,18581.089565197228,21133.62901964128,21133.62901964128
49083.04,35540.27084761143,40317.33346563816,40317.33346563816
52006.07,43898.43622183204,48886.4025668931,48886.4025668931
51511.37,48728.78725616813,52858.3346400094,52858.3346400094
50260.91,50750.555482623575,54552.83526859045,54552.83526859045
50183.03,49896.21188116789,53708.09346173048,53708.09346173048
48468.21,47765.77511282086,51778.07871860027,51778.07871860027
47036.65,45015.1040934062,46299.03538120747,46299.03538120747
43946.8,38971.63114717007,41834.28965676903,41834.28965676903
33245.23,21044.549991161228,24006.591705916522,24006.591705916522
5485.92,4063.533116374612,5221.393574390113,5221.393574390113
1710.14,3787.0560402950646,3992.3942576704917,3992.3942576704917
16644.9,19796.299327127934,21043.849538701772,21043.849538701772
45127.88,37292.50573951721,40346.02307215929,40346.02307215929
51325.99,45386.42494100332,48842.997669860124,48842.997669860124
51279.3,49545.13275891423,52216.57739518762,52216.57739518762
50793.46,51229.78074215651,53452.889493472576,53452.889493472576
51446.14,50246.08306061268,52617.99647270918,52617.99647270918
44923.1,48096.47357701182,50538.0733255291,50538.0733255291
47332.41,43146.48989369154,42044.460127785205,42044.460127785205
41276.33,36753.30399694085,37025.12200287342,37025.12200287342
25856.83,19419.471340910197,20717.677965612413,20717.677965612413
2206.86,3605.736781567186,4332.294602484107,4332.294602484107
2282.01,3391.722022913694,2870.7050295877457,2870.7050295877457
26773.65,18620.52716124773,18225.680373194216,18225.680373194216
46966.29,35213.64774318456,36013.83845807791,36013.83845807791
51581.6,43138.188663717505,44481.19337188721,44481.19337188721
50844.17,47535.389931156635,48441.97609428525,48441.97609428525
50932.51,49291.90086342096,49877.286157414914,49877.286157414914
50488.98,48377.13696606874,49120.434732437134,49120.434732437134
47631.05,46122.04667463422,46834.605576872826,46834.605576872826
46475.98,41693.52379749298,43669.47895978212,43669.47895978212
36335.93,34739.6864900136,37422.249603067634,37422.249603067634
23721.27,17853.64556578994,20042.738956347705,20042.738956347705
2957.56,3396.4872222211957,3942.7296697877346,3942.7296697877346
1599.23,3842.3044692371786,3874.997557136416,3874.997557136416
28711.49,18441.03766572833,19495.45981984496,19495.45981984496
48258.1,34141.403608584405,36612.83915855646,36612.83915855646
50628.19,41885.43619365692,44657.75370257616,44657.75370257616
50079.78,46923.83511579871,49314.07606910705,49314.07606910705
50302.49,48806.02998881817,51044.53711651564,51044.53711651564
51306.85,47928.052388124466,50210.57803236484,50210.57803236484
49556.09,45585.85900021672,47933.798799761535,47933.798799761535
47561.5,41541.05285662174,45086.762502591606,45086.762502591606
44073.85,34891.87184696198,39026.27029824972,39026.27029824972
17019.39,18086.107019758223,21071.85412973225,21071.85412973225
3405.09,3389.195184082687,4087.4372625666856,4087.4372625666856
2200.77,3610.5198298698665,4023.161583711505,4023.161583711505
18638.2,18294.62573511243,20172.698937461377,20172.698937461377
44773.68,34169.4834548378,37670.9121557951,37670.9121557951
53059.63,42004.18507617712,45710.55111572623,45710.55111572623
48830.71,46823.282560255524,50031.632689995764,50031.632689995764
45282.1,48639.357036647794,51703.71112138987,51703.71112138987
50741.51,47725.71231953382,50795.70089788914,50795.70089788914
48444.68,45399.12956632853,48616.76889204621,48616.76889204621
46234.45,40332.60062778473,43159.379762642384,43159.379762642384
44435.72,33410.86063768983,36826.86501253128,36826.86501253128
32615.88,16973.96989852786,19565.103704601526,19565.103704601526
5971.21,2979.91675981909,3595.092509171963,3595.092509171963
2085.87,3404.810642837882,3602.934006918818,3602.934006918818
29185.24,17960.419219760894,19342.467881276607,19342.467881276607
50230.06,33825.85267003179,36682.68758314967,36682.68758314967
54420.77,41675.31589278936,44820.694767538305,44820.694767538305
55222.94,46936.85233974218,49601.709249578715,49601.709249578715
54080.77,48747.16110828638,51271.9236669898,51271.9236669898
54190.12,47913.356393823626,50447.033802011014,50447.033802011014
53346.2,45454.20481177688,48137.27734480143,48137.27734480143
41723.91,41165.35948761106,49205.70854810715,49205.70854810715
37874.04,34544.70213705778,43568.224022158385,43568.224022158385
28480.31,17729.54970320046,24075.10676232934,24075.10676232934
6972.63,3189.064531652033,4557.003803681433,4557.003803681433
2873.97,3912.069437717795,4543.814843460023,4543.814843460023
31306.83,19121.65554989159,22644.232898109556,22644.232898109556
50666.37,35443.071973540784,42305.993253252505,42305.993253252505
53903.97,43180.52069141865,50510.81163862228,50510.81163862228
54221.42,48125.255805345776,54476.64610906124,54476.64610906124
49424.24,49769.3663085103,55979.66657660484,55979.66657660484
52436.53,48896.8379578042,55074.21117144108,55074.21117144108
44123.56,46451.463870414496,53055.22159937024,53055.22159937024
50883.8,40882.51948595286,41277.00350523949,41277.00350523949
49493.73,34181.52814974666,36580.583612241746,36580.583612241746
38115.23,17563.44020039141,20333.326386724115,20333.326386724115
7224.24,3085.324724456221,3875.69415035367,3875.69415035367
2685.6,3373.568147600889,2930.564770554602,2930.564770554602
31120.61,18203.184850405454,19164.062832815645,19164.062832815645
51634.25,34374.8182953763,37757.64476501703,37757.64476501703
55212.6,42256.87281852007,46217.09981004119,46217.09981004119
54715.1,47166.34217721581,50172.649400014874,50172.649400014874
53266.7,48873.79828186512,51295.20261594534,51295.20261594534
53460.21,48019.08419315815,50568.183133180144,50568.183133180144
52971.7,45594.8394568181,48124.24082464695,48124.24082464695
50322.15,40806.26086006403,48136.173601531984,48136.173601531984
43587.97,34022.36528289914,42538.906238558295,42538.906238558295
37354.13,17295.386885225773,23345.158114733695,23345.158114733695
6903.63,3067.194969407171,4412.097942334413,4412.097942334413
2924.65,3814.8199110932646,4621.820258850008,4621.820258850008
31204.86,18707.253981606365,22469.181531121136,22469.181531121136
51033.01,34591.684551610946,41567.30728131413,41567.30728131413
53624.46,42253.854891119,49572.08956568718,49572.08956568718
54164.63,47208.68578264356,53421.301596058605,53421.301596058605
52853.86,48905.62931153774,54842.14721941948,54842.14721941948
52892.79,48015.10917369127,53922.32771478414,53922.32771478414
49089.06,45578.20226369023,51842.92170605898,51842.92170605898
48984.71,40437.27099475622,45112.45733716488,45112.45733716488
41026.51,33739.41722245931,40024.65625560999,40024.65625560999
35288.8,16883.322088093162,21780.76025922775,21780.76025922775
4545.82,2718.579008488208,3863.9519235523044,3863.9519235523044
2746.47,3796.1725351840255,4168.139805849791,4168.139805849791
30911.9,18959.71595828056,21817.392186198234,21817.392186198234
51281.66,34800.25343711376,40660.288883059024,40660.288883059024
54958.29,42288.64210031748,48570.450267151595,48570.450267151595
54991.09,47067.49154748321,52206.0648194325,52206.0648194325
53235.61,48647.26848315954,53335.10542150259,53335.10542150259
53826.01,47700.35709827423,52422.00099829674,52422.00099829674
52571.61,45214.9742469883,50137.329615392686,50137.329615392686
50697.67,40082.2708824265,47443.748365855216,47443.748365855216
38985.21,33319.81725492954,41928.420433290004,41928.420433290004
36750.03,16383.256920675634,22431.756529878377,22431.756529878377
4651.9,2482.86951980263,3707.9488112567365,3707.9488112567365
2408.16,3957.298791501224,4710.821620080769,4710.821620080769
29660.92,19238.14677572429,23083.995476517677,23083.995476517677
49936.41,34891.87184696198,41990.191463956835,41990.191463956835
53787.04,42176.052568349834,49578.9628760469,49578.9628760469
54644.12,46939.90114108085,53172.77411680818,53172.77411680818
49805.33,48455.92725484133,54420.40923171044,54420.40923171044
54638.2,47479.755095589164,53394.84649077177,53394.84649077177
52094.83,44943.885637831685,51221.77281458974,51221.77281458974
48255.89,39548.834847698214,46254.245016224384,46254.245016224384
41996.35,32917.68807684302,40927.49123531937,40927.49123531937
31762.05,16692.567464589476,22409.74727160692,22409.74727160692
2689.23,3018.6293007411064,4280.090150827915,4280.090150827915
2708.69,3422.0778572550416,4230.753116126954,4230.753116126954
29705.92,17657.07699391067,21398.398119693993,21398.398119693993
50912.71,32942.63807767153,39660.50588002205,39660.50588002205
54385.83,40536.84330278039,47472.507438735964,47472.507438735964
54374.22,45340.70063940763,51052.57977726221,51052.57977726221
53556.5,47026.741809084415,52439.36758820057,52439.36758820057
53220.29,46166.77915098429,51492.255522720814,51492.255522720814
53216.93,43706.06071660399,49377.93109056234,49377.93109056234
49880.14,38531.07163524747,46973.129216430185,46973.129216430185
47594.48,31828.652379426956,41178.90928697825,41178.90928697825
23531.66,15944.723510908485,22162.686304392813,22162.686304392813
2131.42,2860.4968515612186,4040.162269214168,4040.162269214168
3723.8,3369.111687669456,4513.139174421281,4513.139174421281
32841.96,17226.66150011301,21845.865675156118,21845.865675156118
49936.44,32066.95093722403,39889.14282496929,39889.14282496929
53641.44,39605.21837625265,47550.166969543694,47550.166969543694
55977.48,44531.72243002296,51346.90488371014,51346.90488371014
55748.39,46256.19007429361,52850.500378341676,52850.500378341676
55029.15,45398.88257482767,51860.203392634394,51860.203392634394
54694.19,42916.32082959056,49751.74886786342,49751.74886786342
47545.18,37541.33423965931,48745.04624356031,48745.04624356031
39431.36,30653.397352001666,42350.09667312384,42350.09667312384
37476.81,15020.973368091583,22459.54114410341,22459.54114410341
7040.72,2564.0009213753046,3897.0362421296536,3897.0362421296536
3431.34,3495.7401779532433,5109.2666690813,5109.2666690813
26650.26,17278.55672998786,23101.28102233529,23101.28102233529
54427.64,31863.730961411595,41560.3259121728,41560.3259121728
57773.0,39266.57759161234,49140.42946627975,49140.42946627975
56533.76,44421.16285945296,53305.20787217259,53305.20787217259
54698.26,46143.214618105885,54886.25835777521,54886.25835777521
54510.61,45283.72278755427,53898.80949281216,53898.80949281216
53985.74,42742.350050418376,51808.93721923828,51808.93721923828
51647.83,37595.96181301236,48155.06073286295,48155.06073286295
49342.96,30991.030874427557,43209.51131883144,43209.51131883144
40227.03,15191.783427901268,23689.50864821017,23689.50864821017
8745.09,2447.456148557067,4232.369656203836,4232.369656203836
3361.86,3308.7087583628295,4579.330967029184,4579.330967029184
29679.84,17297.573145932554,22989.393872448207,22989.393872448207
49283.88,31981.132968403697,42067.14475344181,42067.14475344181
52862.18,39325.11457731485,49700.93036656261,49700.93036656261
52122.83,44075.92662989139,52811.43712878466,52811.43712878466
51666.71,45635.97897867918,54035.882057302,54035.882057302
52382.24,44719.40123749256,52985.51210749626,52985.51210749626
52090.74,42167.693449742794,50936.053818249704,50936.053818249704
53184.77,39930.83035922289,49801.9923420763,49801.9923420763
50802.68,33654.44828692317,45388.09213363409,45388.09213363409
41500.92,16258.798289319277,23604.03608156681,23604.03608156681
9075.9,2044.1899412371217,2852.3827948339285,2852.3827948339285
4244.29,4085.0749239344896,5960.821003236323,5960.821003236323
37608.52,20170.888952869176,27303.876142554283,27303.876142554283
56857.88,35972.614032888414,47131.79810027599,47131.79810027599
59090.13,42868.85600976228,53571.41839918733,53571.41839918733
58691.85,46985.22022224545,55790.32057650447,55790.32057650447
58274.26,48195.73714565992,56469.63596642494,56469.63596642494
58467.14,47020.35862248421,55079.127846004965,55079.127846004965
57349.07,44433.81731462955,52918.24165669322,52918.24165669322
53959.1,40855.35813934326,53783.4258694911,53783.4258694911
50405.63,34471.287772670985,50703.870229719876,50703.870229719876
38331.65,18189.829942769407,28619.12711043656,28619.12711043656
8315.2,3732.796300964281,5210.306453952342,5210.306453952342
3588.56,3162.6499484083056,5986.601223543286,5986.601223543286
31375.81,17070.840737011433,27243.019752289056,27243.019752289056
50916.68,32542.78585248351,47788.270635609624,47788.270635609624
58727.54,40344.2401022625,54351.988726731535,54351.988726731535
58624.0,44729.566481449605,55793.71285039902,55793.71285039902
57681.02,46478.98412654876,56944.70868134975,56944.70868134975
56591.43,45635.66252081871,55598.7593713808,55598.7593713808
53761.1,43329.28675977707,53888.70599673033,53888.70599673033
50537.11,40763.88638069868,52759.198426353934,52759.198426353934
47226.91,34355.09756772995,49304.06133559585,49304.06133559585
36081.96,18008.11945336342,27024.316496766805,27024.316496766805
6712.97,3711.665502698794,4228.495459439457,4228.495459439457
4173.42,3557.830078506917,6091.397980696857,6091.397980696857
36210.18,17682.99952377379,27882.260771195888,27882.260771195888
55000.33,33181.19327507496,48804.393670125006,48804.393670125006
56190.89,40877.178294746875,55413.967277077434,55413.967277077434
54893.16,45248.333536572456,57133.305988463166,57133.305988463166
54406.76,46913.31096231699,57975.188096852304,57975.188096852304
56028.09,46018.97789317608,56634.41017143249,56634.41017143249
53901.58,43699.61964137077,54757.267046453955,54757.267046453955
51693.72,40139.3915262413,50670.815820269585,50670.815820269585
50894.76,33587.59463427782,46969.39346997976,46969.39346997976
41436.2,17675.232798844576,26892.357428193092,26892.357428193092
9091.32,3797.03073416844,5584.37218756482,5584.37218756482
3739.39,3257.22067854017,5198.583040956706,5198.583040956706
33811.07,16693.80628133595,24378.32935167134,24378.32935167134
53613.81,31789.602637217642,44518.05685338974,44518.05685338974
58125.95,39578.76713020801,52092.143848905565,52092.143848905565
57946.1,44033.96508944154,54342.69567151189,54342.69567151189
56101.97,45778.77865859508,55426.51367347241,55426.51367347241
55544.49,44954.77641932249,54377.44042904615,54377.44042904615
53296.19,42657.21130822539,52544.55509362697,52544.55509362697
52728.92,38335.66662489176,50448.299633452894,50448.299633452894
51308.27,31412.633788659572,46484.76527136564,46484.76527136564
31406.17,16065.699176178574,26224.47504329264,26224.47504329264
7793.15,3331.182572914213,5019.209322703332,5019.209322703332
4328.96,3076.5623150391875,5113.583713888228,5113.583713888228
32937.66,15930.87654989183,24697.457807744144,24697.457807744144
53049.57,30375.632253837586,45103.4884582901,45103.4884582901
57285.58,38088.8333529675,52648.22591686845,52648.22591686845
56695.1,43008.83072438717,55197.21679810881,55197.21679810881
56020.22,44834.09019721746,56288.96940203428,56288.96940203428
57161.41,44053.01816818714,55234.19219763517,55234.19219763517
55802.73,41657.061677179336,53314.44303875923,53314.44303875923
53655.91,38246.34060491085,52598.90094229936,52598.90094229936
50315.08,31460.21052651167,48595.68199266076,48595.68199266076
39351.07,16089.950654168724,27271.805839865207,27271.805839865207
8485.13,3264.8904400090873,4945.061219893098,4945.061219893098
4269.74,3006.695559045523,5345.372212497741,5345.372212497741
36072.55,15933.437157092094,25641.600186350344,25641.600186350344
56082.76,30390.15458223939,46339.62689067602,46339.62689067602
59639.12,38094.34435083032,53762.1460079956,53762.1460079956
58803.97,42888.23326485276,56081.86316932559,56081.86316932559
57834.76,44673.715528318884,57244.355682792666,57244.355682792666
59564.11,43838.965299516916,56068.09725239515,56068.09725239515
58952.01,41465.1647179842,54305.96726348638,54305.96726348638
57290.59,37747.5219727242,54760.277255370616,54760.277255370616
52726.08,31032.353710293173,51387.4886746943,51387.4886746943
39895.73,16123.053304146528,28851.412968884706,28851.412968884706
7436.49,3560.322425360754,5176.695831219852,5176.695831219852
3775.74,2762.146476098895,6287.898051027059,6287.898051027059
32412.869999999995,14962.918787664175,27831.0987973392,27831.0987973392
50167.73,29103.35394786179,48762.89137949705,48762.89137949705
54156.27,36908.22555660963,55444.601941667795,55444.601941667795
54539.1,41586.50315202117,57031.42199436069,57031.42199436069
53836.78,43427.311511678694,58106.22480654001,58106.22480654001
56391.4,42666.94817629814,56809.15665828705,56809.15665828705
56712.65,40405.4438243258,55148.12723731399,55148.12723731399
54730.59,36980.33549713254,52482.853529319764,52482.853529319764
51928.59,30427.19944812536,48379.69950289011,48379.69950289011
40209.48,16146.13350212872,28079.819238699674,28079.819238699674
8175.189999999999,3976.2040130300074,6158.524674727917,6158.524674727917
4290.16,2470.083850391209,5030.793320574462,5030.793320574462
26321.84,13558.370744117497,23761.49316336155,23761.49316336155
52911.55,27132.43509664476,44011.48500362158,44011.48500362158
56200.01,35088.29955650091,52046.87879713178,52046.87879713178
55936.56,39766.85115810871,54603.95093154073,54603.95093154073
54948.45,41863.03715192318,56010.84153510332,56010.84153510332
55209.5,41172.973772473335,54995.06583238602,54995.06583238602
52410.33,39205.42018045545,53376.43790547371,53376.43790547371
50241.21,33919.51261900425,48734.996776869295,48734.996776869295
48044.16,27705.21803523183,44522.71109948397,44522.71109948397
29936.9,14182.221105127335,25852.44023588836,25852.44023588836
5117.41,3829.8960407508907,5919.591271588803,5919.591271588803
4036.8,2636.394998605251,4519.383910707534,4519.383910707534
33065.21,12232.945848983229,22039.42596773982,22039.42596773982
50926.07,24278.40392298579,41586.90837245226,41586.90837245226
52951.98,31631.530006291865,49777.424406225684,49777.424406225684
52706.02,36292.01649515748,52652.40933541417,52652.40933541417
27336.86,38397.92392007589,53930.50930824995,53930.50930824995
28424.29,37977.15074291706,53072.29874610901,53072.29874610901
51572.76,36128.62003961563,51192.84779429436,51192.84779429436
49479.62,30920.47427889049,43727.72264307737,43727.72264307737
44843.23,25482.16910216987,39035.91454450965,39035.91454450965
31910.53,12776.147696100772,22195.285323263408,22195.285323263408
6840.96,3613.9714396132526,5239.211695631444,5239.211695631444
4120.67,2620.979738039225,4890.2252474612,4890.2252474612
31394.03,11431.27704432696,20944.99119048476,20944.99119048476
49724.07,22589.618832104206,38499.26762027025,38499.26762027025
51739.87,29427.51292614341,46698.74095519185,46698.74095519185
50116.2,33695.10926275134,50269.080284887554,50269.080284887554
49090.35,35630.87813600302,51528.64817667484,51528.64817667484
49854.46,35364.7293568635,50720.908784036634,50720.908784036634
47716.1,33612.50990192652,48635.78337836981,48635.78337836981
41009.69,27334.115234819055,43340.20841520548,43340.20841520548
43403.59,22692.67024697244,38115.80559670925,38115.80559670925
27307.82,10919.471097323894,21232.826981171966,21232.826981171966
6721.4,3606.9599201422184,4960.6535231950875,4960.6535231950875
3350.68,2769.9532406659423,4410.343434348852,4410.343434348852
28042.34,9920.05568710655,19962.119386771916,19962.119386771916
45576.07,19491.01397282958,37261.85563795805,37261.85563795805
51283.61,25584.61461601257,45162.17981368065,45162.17981368065
51105.54,29609.29481153011,49006.12011920571,49006.12011920571
50118.9,31495.584340524674,50354.23446404934,50354.23446404934
50451.4,31608.144928175807,49617.296728827954,49617.296728827954
48931.02,30081.241540272236,47356.86910542965,47356.86910542965
41400.49,24049.63962304592,43799.12634227752,43799.12634227752
30699.16,20061.103160360457,38359.12309898853,38359.12309898853
14495.03,9568.030085703134,21281.89145689249,21281.89145689249
5274.61,3872.4359851256013,5261.295726720542,5261.295726720542
3698.22,3156.6280833591522,4983.7100833188,4983.7100833188
31420.29,9186.783267165421,20218.596904956103,20218.596904956103
50486.35,17621.878775417805,36818.725870729686,36818.725870729686
55220.8,22975.09923933625,44331.794387807844,44331.794387807844
56517.27,26704.520391793252,48104.184342929126,48104.184342929126
56917.38,28334.012085500955,49559.639650347235,49559.639650347235
56407.23,28779.10234776735,48846.11207831621,48846.11207831621
54688.5,27148.888975768088,46631.82941391349,46631.82941391349
54589.19,21527.24085019052,51222.401871068476,51222.401871068476
49864.32,18406.383600385783,45680.22904975414,45680.22904975414
36212.83,8713.52246645391,25062.66368607402,25062.66368607402
6624.05,3651.7572800017892,5099.308376987278,5099.308376987278
4222.9,3056.3384386909006,6072.432217306047,6072.432217306047
33133.28,8616.539709946514,24685.09858459592,24685.09858459592
51010.68,16438.550213308336,43672.63581990242,43672.63581990242
54921.36,21149.94782528758,50858.695308333634,50858.695308333634
52842.6,24071.154898315668,54310.50959155679,54310.50959155679
52299.66,25512.026129456757,55892.53260619402,55892.53260619402
52735.93,25924.577191106677,54875.96189958334,54875.96189958334
50946.76,24837.874405601026,52982.78748250246,52982.78748250246
47686.59,18152.07497631848,46274.783903217314,46274.783903217314
40863.64,16303.661979904175,41647.33638683319,41647.33638683319
30234.48,7825.419179035723,24130.560213513374,24130.560213513374
7416.77,3713.5584609983116,6463.365251362622,6463.365251362622
3880.32,3078.380500521064,5605.847423196733,5605.847423196733
30890.25,7513.35940745905,21682.98635806918,21682.98635806918
48102.65,14305.21515406847,39648.29137845636,39648.29137845636
51494.71,17888.05456925273,47409.81018994093,47409.81018994093
54009.83,19393.436893023252,50664.63331426382,50664.63331426382
54278.69,20402.05370145798,51888.90843612432,51888.90843612432
53068.55,20886.33070903182,51241.21181755543,51241.21181755543
51063.24,20754.915793608427,49181.81983888388,49181.81983888388
47852.51,14533.180590872764,46350.340147025585,46350.340147025585
47982.79,13632.557921755015,41015.60931249142,41015.60931249142
32441.42,8002.3142989856005,22877.67845883906,22877.67845883906
1093.94,5537.919936408996,5525.284295038134,5525.284295038134
5317.81,3962.9024111768604,5520.177070390582,5520.177070390582
19004.8,6101.458060303927,21828.79045803845,21828.79045803845
55324.65,11129.530615126789,39286.16324578166,39286.16324578166
54812.04,14273.405350227951,46714.10459839344,46714.10459839344
55068.85,15227.390726067424,50303.3079039669,50303.3079039669
55658.28,15472.054139064252,51747.08128524303,51747.08128524303
51481.59,15606.516891015768,50967.05897009134,50967.05897009134
51920.69,15851.15135969609,48855.94542744398,48855.94542744398
43477.44,10181.069744497836,45801.64852787733,45801.64852787733
23383.67,10342.514388296604,40138.73545506716,40138.73545506716
12196.82,6537.802797337919,22080.335864689947,22080.335864689947
1350.25,6082.570928972959,5193.388983359635,5193.388983359635
2636.76,4909.010108873844,5440.642912683785,5440.642912683785
22557.15,5908.689877181947,21528.078305748106,21528.078305748106
46829.89,8522.216936126053,38525.576074353456,38525.576074353456
54070.82,11361.934180462062,45834.699078085425,45834.699078085425
55297.92,11785.785103276074,49559.22285218954,49559.22285218954
52495.06,11376.027168169021,51068.98155661583,51068.98155661583
52439.07,10543.194982740879,50278.207392692566,50278.207392692566
52564.51,10607.461978301108,48151.996494555475,48151.996494555475
42512.8,6547.557514405847,46894.09193615675,46894.09193615675
44536.96,6284.714658616632,40666.31701937675,40666.31701937675
34176.13,3757.39293992877,21041.85238086283,21041.85238086283
3392.91,4496.809755858928,3716.7102558632196,3716.7102558632196
4693.74,4217.795228032321,5929.075359297394,5929.075359297394
33664.81,4770.822705793232,23778.439095865488,23778.439095865488
52652.88,6871.387974695116,41234.32028649807,41234.32028649807
57975.98,9600.570251130164,47991.50218914866,47991.50218914866
55814.04,9511.363867657483,51800.05710293412,51800.05710293412
54920.61,9072.215873569847,53140.599614579674,53140.599614579674
53132.74,8809.171854780912,52097.09139740706,52097.09139740706
49421.0,8940.860776400566,49860.61809034944,49860.61809034944
50965.7,5153.731892908961,45201.412869894506,45201.412869894506
47398.62,4599.8510402163865,39909.19158820272,39909.19158820272
30584.78,2716.9542675216494,21708.59821893513,21708.59821893513
7123.5,3660.628471808359,4576.327994191646,4576.327994191646
361.38,3922.5525867511333,5354.2344798067215,5354.2344798067215
4973.73,4476.095273345858,22458.51651529908,22458.51651529908
18334.17,6300.687579680681,40295.62136901617,40295.62136901617
21174.28,8453.951765645743,47585.94214474559,47585.94214474559
19559.23,8278.995914901792,51331.907868517636,51331.907868517636
24568.26,7914.581181223094,52582.08236478805,52582.08236478805
32488.76,7890.738300500959,51762.008834075925,51762.008834075925
43022.51,8029.344913765639,49470.16697916269,49470.16697916269
40535.73,7426.906110891402,36822.52336505532,36822.52336505532
48715.83,5354.63873542726,30623.82011977434,30623.82011977434
33334.92,1893.763433921784,17752.654986256955,17752.654986256955
7248.5,3575.622149863392,5629.080061245859,5629.080061245859
0.0,4366.335048316717,4257.153227212429,4257.153227212429
3076.75,6015.030813621133,15793.610058481396,15793.610058481396
12535.2,9211.448648881615,30651.59894513607,30651.59894513607
22423.72,12808.41289052099,39431.3981075263,39431.3981075263
25393.51,13342.025485579967,45180.68873927593,45180.68873927593
44625.67,13433.213589922785,47252.56150722504,47252.56150722504
43938.96,13410.900416328013,47060.39440107584,47060.39440107584
47062.13,13378.604347970188,45197.90095949173,45197.90095949173
37502.44,13743.911531407834,40705.98616995931,40705.98616995931
29149.17,10761.795968344808,32963.33133435249,32963.33133435249
4671.58,3805.05313389346,19963.416092151405,19963.416092151405
99.39,4013.185925027579,6464.567405308187,6464.567405308187
5253.5,6052.79205134064,2455.752554478347,2455.752554478347
34489.01,10802.575615870654,12723.167054356933,12723.167054356933
52429.15,17537.91324285388,28843.464859572054,28843.464859572054
54884.04,22389.131199769974,39233.24145748138,39233.24145748138
51939.24,25498.144435260296,46342.89566882014,46342.89566882014
41129.86,26109.226493448616,49335.703262400624,49335.703262400624
56486.7,26326.76618744731,49369.61828286171,49369.61828286171
54646.76,23542.971292222737,47805.614070060255,47805.614070060255
53080.48,22073.348706685305,47679.27791737318,47679.27791737318
51618.21,17251.49186443329,41295.99483610988,41295.99483610988
40813.83,5956.141189662516,25520.582069416047,25520.582069416047
8825.2,1561.7615106774867,7366.953748111725,7366.953748111725
2556.21,4488.725125853419,2459.7053833025693,2459.7053833025693
10762.55,13138.654034511148,15508.233569886685,15508.233569886685
15890.83,22435.21055164814,34242.09895608902,34242.09895608902
47702.53,27703.46208003044,44825.35287287473,44825.35287287473
43139.52,31690.769374074935,50276.65211808562,50276.65211808562
49633.88,33079.8727303338,52798.99493192911,52798.99493192911
46410.36,32994.737847383025,52540.86565808296,52540.86565808296
47317.29,30256.21572241664,50942.548922873735,50942.548922873735
41256.79,24933.57589369774,42293.01076248884,42293.01076248884
22390.65,19277.35860610604,35297.813956342936,35297.813956342936
12116.39,7736.218102021068,19553.736306698916,19553.736306698916
2947.12,1910.1632836543024,5094.4187171188,5094.4187171188
1168.35,3265.948837182671,4814.037535147816,4814.037535147816
23874.84,11830.37092842251,18830.848142709732,18830.848142709732
41410.25,21942.670906522275,35402.94357313633,35402.94357313633
52109.47,27804.296360254288,43859.61996377587,43859.61996377587
36619.46,32855.19536788463,49495.61868147731,49495.61868147731
46576.6,34553.663297448154,51332.60639135599,51332.60639135599
51910.96,34614.27655545473,50911.46272694588,50911.46272694588
56496.18,31923.69007786512,48783.83162767887,48783.83162767887
53732.55,27838.381187372208,46570.679721240995,46570.679721240995
49823.36,21405.40650353074,38170.105134475234,38170.105134475234
19064.06,8157.004304122329,20545.034765757322,20545.034765757322
7743.09,836.4540842336417,4481.221311799139,4481.221311799139
699.8,3841.250413711071,4114.784817612469,4114.784817612469
4497.81,15050.632609215676,18459.785864340065,18459.785864340065
10936.79,26459.90425451338,35088.93247222185,35088.93247222185
31075.55,32729.28759108186,43816.49679142356,43816.49679142356
25559.16,37529.33971489906,49814.89378875375,49814.89378875375
26268.54,39347.35924936056,52274.26148836374,52274.26148836374
48405.21,38869.361228847505,51630.35464563608,51630.35464563608
53709.62,35787.58266556859,49784.834151251314,49784.834151251314
51048.83,30971.698000622393,45989.94095485687,45989.94095485687
42722.26,24432.362601725457,37696.19019221068,37696.19019221068
7801.73,10639.41939815581,22023.029977249502,22023.029977249502
2324.9,960.893901784271,7133.791841683984,7133.791841683984
1228.45,1954.6434620454907,5668.241239073724,5668.241239073724
20456.23,13520.541487254202,17862.506385883094,17862.506385883094
45394.11,26020.653025696873,33628.579786450864,33628.579786450864
38956.92,33047.30844464302,42756.173855981826,42756.173855981826
31226.26,38557.75443582416,48667.039380954506,48667.039380954506
35483.28,40497.205026135445,51069.12820781946,51069.12820781946
54236.47,39835.83511244893,50780.98174813509,50780.98174813509
52731.61,37262.098770216704,49437.20905076742,49437.20905076742
37377.78,32820.54323216319,45092.10369379759,45092.10369379759
9206.5,26103.069072517155,37529.72563911915,37529.72563911915
8407.04,11492.489449685216,19513.117782534955,19513.117782534955
1760.07,913.2592752991617,3902.019971026778,3902.019971026778
2139.5,3049.997703754902,5192.300677058995,5192.300677058995
18214.19,16514.075583178997,20634.27202316761,20634.27202316761
34004.16,29881.73608507812,36800.80740919113,36800.80740919113
47577.66,36832.18304828405,44496.201964806314,44496.201964806314
45691.01,41824.1398497808,49657.59107664704,49657.59107664704
50311.14,43479.55021410942,51573.7781549716,51573.7781549716
49320.31,42502.72970216751,50759.37771029472,50759.37771029472
52867.35,39641.580156269076,48719.53665261269,48719.53665261269
43193.42,35066.85760683298,45002.4226235342,45002.4226235342
30179.73,27946.41488392174,36989.74432961822,36989.74432961822
13654.46,12688.414578338265,19416.272029125692,19416.272029125692
958.15,1497.7878175245226,4329.798637590707,4329.798637590707
1777.08,3577.5503237479925,4804.540422496795,4804.540422496795
3519.75,17250.480742976666,19212.013917161225,19212.013917161225
6568.27,30860.706194925904,35027.47404017329,35027.47404017329
13167.83,37838.125401873585,42993.509532849785,42993.509532849785
11806.71,43084.47959000826,48684.29405283451,48684.29405283451
30264.8,44828.594636323454,50888.399895553586,50888.399895553586
25627.91,43865.15797633409,50166.97631397963,50166.97631397963
43832.38,41142.694158165454,48048.989460972545,48048.989460972545
42140.86,36822.25707734346,38306.66056051016,38306.66056051016
50307.9,30322.907286889553,31885.54918719411,31885.54918719411
36445.47,16386.286425803304,18884.81385602534,18884.81385602534
5996.8,3082.038097316921,5346.173487659693,5346.173487659693
1543.26,988.6355819398165,2654.937210164517,2654.937210164517
6769.87,13552.981312384009,14330.140069822668,14330.140069822668
9727.7,29723.688539226652,30460.765207167267,30460.765207167267
17997.84,39014.97043708563,40324.7818030858,40324.7818030858
50370.58,45386.96523491144,46228.86278026938,46228.86278026938
46229.32,47831.362934024335,48578.55853501558,48578.55853501558
51328.88,47356.15128638029,48289.28517660856,48289.28517660856
46828.74,45035.28021163225,46708.678503859046,46708.678503859046
38987.33,41525.438362677094,43466.621752736566,43466.621752736566
24156.62,35077.613314846756,36490.16156747579,36490.16156747579
23733.09,20352.7518823421,22623.371764392854,22623.371764392854
7237.1,4889.34099859193,7316.785046716482,7316.785046716482
6606.84,1673.859471669793,2457.1910870087145,2457.1910870087145
15495.38,14824.657576576472,13653.51650133729,13653.51650133729
40755.79,32665.33608857155,31159.264890068174,31159.264890068174
56402.63,42638.868330044745,41792.38600495219,41792.38600495219
56000.49,48610.11169924974,48278.772600853445,48278.772600853445
55149.98,50918.3707704854,50983.23691339731,50983.23691339731
55229.93,50550.03697635174,50953.36637876272,50953.36637876272
39348.82,48477.23413103223,49250.8076524663,49250.8076524663
35394.11,45084.43152030229,40740.29483312488,40740.29483312488
47139.99,38991.80726539612,36654.04814677715,36654.04814677715
38786.28,21792.185545763372,22329.054376429318,22329.054376429318
5749.88,5342.328717617094,6141.218867888749,6141.218867888749
6140.3,4902.473517396152,2656.9372624351086,2656.9372624351086
36324.9,20219.67749277234,16857.320443764926,16857.320443764926
52213.54,37580.67535465479,35688.29594146729,35688.29594146729
54991.42,45807.703678890466,45197.10595559835,45197.10595559835
55939.53,50365.198571141955,49517.986849273446,49517.986849273446
56197.04,52036.68653847933,50894.922014873024,50894.922014873024
52404.21,51354.27989555597,50574.24214343548,50574.24214343548
46085.84,49236.46670844793,48236.52161723852,48236.52161723852
52963.79,46015.38107944489,45589.722101659776,45589.722101659776
49888.21,39931.99970960974,41507.26133191109,41507.26133191109
37232.13,21334.184188714025,23725.83762466788,23725.83762466788
7547.52,4214.479656576515,5129.731748067141,5129.731748067141
6859.27,4877.85348177582,4254.8801335561275,4254.8801335561275
36457.87,21443.92945917964,21611.652125228644,21611.652125228644
52914.92,38701.187031461,40837.00358343601,40837.00358343601
56555.17,46201.917551223036,48887.162837606666,48887.162837606666
54057.55,50157.20085348487,51971.15274666667,51971.15274666667
54876.07,51730.00799774647,53031.33674938917,53031.33674938917
52599.42,50752.732095224856,52211.90385288239,52211.90385288239
54209.43,48588.89358562946,50009.47292127847,50009.47292127847
53346.66,44810.95789946556,49792.460013840195,49792.460013840195
46843.88,38619.19357166171,44992.41174926519,44992.41174926519
38131.28,20955.71795418203,26012.191637171505,26012.191637171505
8569.8,5043.605039870739,6631.253864826262,6631.253864826262
7690.95,5221.944481214285,5842.555008396506,5842.555008396506
39567.01,20300.374247192143,22773.004232625364,22773.004232625364
55589.01,36326.00870046258,41090.08496848345,41090.08496848345
59822.21,43713.8023564589,48764.13791472792,48764.13791472792
57837.55,47825.84807691932,51879.669410295486,51879.669410295486
58460.52,49565.02715245962,53390.107341349125,53390.107341349125
58898.17,48750.83510686159,52584.24354042053,52584.24354042053
57600.73,46599.01427747965,50755.79247429013,50755.79247429013
43659.65,41958.53795942545,53612.584935743806,53612.584935743806
52097.16,35346.67196260572,49127.35049446106,49127.35049446106
36772.68,17995.858640891314,26734.497055588363,26734.497055588363
7579.89,3732.273132443428,4815.86971038267,4815.86971038267
8801.27,5302.669215140045,7128.186292387247,7128.186292387247
44277.41,20444.81410504341,28072.529130182265,28072.529130182265
58254.57,35679.489150764944,47841.505022528174,47841.505022528174
61195.1,42524.823863767386,54111.527063680885,54111.527063680885
61564.6,46845.34584791779,56324.06149136662,56324.06149136662
61418.52,48358.766973192694,57452.098690464496,57452.098690464496
61293.67,47444.96788639069,56226.056035676,56226.056035676
59755.19,45036.95512274742,54383.41453597307,54383.41453597307
57669.81,41628.07104976654,56425.89531532049,56425.89531532049
53194.22,35097.64278186917,51958.972978280784,51958.972978280784
40263.9,17210.34462408781,26689.92087854743,26689.92087854743
8434.27,2953.1673873144387,3703.8970893511178,3703.8970893511178
9972.51,5624.929928664118,9351.011389401556,9351.011389401556
37140.05,21793.434010615347,33225.86014430761,33225.86014430761
48969.33,37268.833147857185,53301.1518086195,53301.1518086195
56923.75,43688.27732854247,57882.51225464106,57882.51225464106
57542.8,47799.12668392062,59163.43333352566,59163.43333352566
58841.96,49045.29528678655,59696.57992508888,59696.57992508888
56235.79,47973.429357922076,58216.259520170686,58216.259520170686
56196.69,45438.51313298821,56528.620624222756,56528.620624222756
56953.47,41247.92025601387,52588.98268984318,52588.98268984318
53818.89,34766.02195879221,48556.52998053312,48556.52998053312
41042.35,17664.276410236358,26766.326155639887,26766.326155639887
8524.87,3378.001934484392,4766.927283196747,4766.927283196747
10437.87,4660.682827812582,6419.049573170245,6419.049573170245
41140.21,19857.60724873066,27295.088648062945,27295.088648062945
57956.47,35424.38552280426,47636.26280380249,47636.26280380249
60430.56,42481.11794584274,54359.653181742426,54359.653181742426
58841.79,46866.81481228113,56463.34926087975,56463.34926087975
57104.77,48365.75220157623,57421.996601297855,57421.996601297855
58798.22,47436.60104929924,56224.86738907814,56224.86738907814
57144.18,44968.8549348712,54346.90224551081,54346.90224551081
55165.48,42520.28153569698,55029.8839155221,55029.8839155221
53488.46,36053.28763185501,51434.54441484928,51434.54441484928
40649.61,18601.010973438024,29018.22871301651,29018.22871301651
8646.65,3885.7440994499625,5795.627105639428,5795.627105639428
9675.04,5073.916975332051,7070.31985001713,7070.31985001713
44501.84,20254.93359989822,28232.86906590104,28232.86906590104
58318.42,35736.073359913826,48880.9610353899,48880.9610353899
61471.44,42750.392711164954,55514.09917522073,55514.09917522073
60550.75,47002.29350974202,57351.16021070123,57351.16021070123
58789.77,48592.081319687364,58426.95870736837,58426.95870736837
59543.84,47627.13955523968,57255.470300331115,57255.470300331115
57482.8,45270.83291860342,55553.532912029026,55553.532912029026
50744.72,41372.66640091419,54447.03800289631,54447.03800289631
33632.95,34749.739815946814,51203.78874593377,51203.78874593377
21480.08,18062.579149680732,29334.136631472706,29334.136631472706
7512.04,4076.482803579569,6360.097236525863,6360.097236525863
10299.67,4718.713770381511,7244.902319078147,7244.902319078147
45499.58,18884.05937417507,28082.621048537494,28082.621048537494
57840.49,33784.709288928505,48706.05246036291,48706.05246036291
59244.44,40910.02430511832,55302.19590445638,55302.19590445638
58488.73,45202.04192637324,56895.64999449253,56895.64999449253
57878.67,46852.30406160593,57836.270814590454,57836.270814590454
57126.83,45990.11847999811,56750.11797109842,56750.11797109842
53006.54,43661.53278009057,55027.07824644208,55027.07824644208
36200.6,38090.32687969923,50210.15351572275,50210.15351572275
46089.55,30818.89323530078,45238.29950685024,45238.29950685024
36920.83,14827.347468390464,24282.135810194017,24282.135810194017
6832.35,2933.0322735367713,4302.880423239768,4302.880423239768
8344.61,4766.516273902356,6618.748955284953,6618.748955284953
40536.81,18407.22877442777,26639.53075313091,26639.53075313091
55428.14,32095.700361999272,46167.21138611078,46167.21138611078
59129.67,38762.46407912612,52815.886835042234,52815.886835042234
56026.33,43656.380691752434,55755.533367305994,55755.533367305994
55798.51,45280.05650746346,56744.52206990719,56744.52206990719
53807.38,44399.686176605224,55689.72171005487,55689.72171005487
53997.11,41856.69641698718,53558.38187903285,53558.38187903285
39214.41,36627.442531044486,49333.62699009657,49333.62699009657
44051.41,29455.45383967757,43751.68081866026,43751.68081866026
17804.81,14050.173273983002,24125.73809038341,24125.73809038341
3795.79,2546.4992579944433,4974.101052643955,4974.101052643955
4242.75,4039.0915707060694,5629.94646111995,5629.94646111995
30853.75,17303.15939901829,23731.333185561896,23731.333185561896
51229.05,30911.125264658927,42767.63580531836,42767.63580531836
59426.76,37837.10656193256,50401.13583451629,50401.13583451629
58276.23,42968.173607801196,54097.463985100985,54097.463985100985
57405.4,44663.64290617466,55464.79735610485,55464.79735610485
58052.81,43790.55882459164,54589.56753585815,54589.56753585815
56803.34,41218.92576935887,52536.67838029504,52536.67838029504
53938.78,36707.92702714324,52969.28785328388,52969.28785328388
50693.52,29633.056165760754,47679.8027743125,47679.8027743125
37766.4,14123.840418733955,26592.820415152906,26592.820415152906
2823.91,2491.6468837831912,5163.493363650739,5163.493363650739
9688.64,3984.70423518002,5558.233057733178,5558.233057733178
42947.44,17281.642194127442,24823.108944940566,24823.108944940566
55934.53,30776.138620578648,44943.9551041913,44943.9551041913
58056.61,37632.481821959016,52639.8243465972,52639.8243465972
58063.55,42553.59451437473,55833.9917612493,55833.9917612493
57821.33,44224.02119010687,57335.186807231905,57335.186807231905
58545.58,43299.285010907646,56300.98708224773,56300.98708224773
37920.97,40754.05689081311,54550.539019480944,54550.539019480944
37996.73,35920.04343562842,40858.009438735244,40858.009438735244
20585.31,29116.882521396874,37799.69120879531,37799.69120879531
3967.67,13502.982900050878,20775.809730883837,20775.809730883837
3294.68,2266.1282065342366,3736.493213790059,3736.493213790059
7674.24,4689.5176383215185,4689.017866456508,4689.017866456508
28086.69,18524.640429525374,23337.086509670615,23337.086509670615
54634.36,31863.713594821693,42826.61274463177,42826.61274463177
59476.18,38213.68369740724,50022.42453810453,50022.42453810453
57623.4,42718.91673177481,52679.25422416329,52679.25422416329
58612.42,44090.25599618316,52872.85310916901,52872.85310916901
58961.91,43108.27567741871,52045.31580404043,52045.31580404043
56077.86,40434.04080903411,49285.475225156544,49285.475225156544
41619.19,35219.64500556469,52110.8766105485,52110.8766105485
39099.99,28357.777298973797,47317.211532573696,47317.211532573696
26938.1,13240.060447391272,26162.759971637726,26162.759971637726
2596.19,2406.074941653162,5067.810206954479,5067.810206954479
9243.93,4365.154120203257,6390.586697128415,6390.586697128415
41747.68,17490.892235878706,26264.57449938059,26264.57449938059
55853.05,30438.099877721666,46336.97945052624,46336.97945052624
59686.32,36832.25251464367,53364.242700119015,53364.242700119015
59167.54,41385.30541912198,56078.478613915446,56078.478613915446
58079.93,42799.906788601875,57207.96302883863,57207.96302883863
58374.11,41886.987609021664,56164.17694622755,56164.17694622755
56637.73,39288.28582899213,54295.188400019404,54295.188400019404
52609.6,33843.93321974277,52784.808357598784,52784.808357598784
45458.58,26581.09024848342,47426.281435654164,47426.281435654164
24389.42,11939.026927776933,24743.593118634224,24743.593118634224
5768.46,2128.2953713308275,3830.585880294293,3830.585880294293
8897.95,4475.914371367693,7655.9120958741005,7655.9120958741005
34922.38,16998.6323858124,28976.247876355646,28976.247876355646
45537.65,29225.938917129635,48486.338083384035,48486.338083384035
53419.21,35609.374438459876,54391.437900508645,54391.437900508645
55311.71,40451.893663455245,57120.57820768475,57120.57820768475
58361.45,42051.12889830828,58122.75780012846,58122.75780012846
58500.13,41154.495720815656,56874.725183279515,56874.725183279515
47680.88,38424.15133007288,54843.69091629982,54843.69091629982
45337.98,33223.652657768725,45453.54488136053,45453.54488136053
36260.44,25990.060812770724,39518.856254282,39518.856254282
19378.45,12186.788347450494,21830.804982467293,21830.804982467293
3785.94,2762.1720435784755,5359.4652002047005,5359.4652002047005
10512.57,3710.7322896941005,5635.3040541052815,5635.3040541052815
45792.55,14507.9604430902,21510.323862003086,21510.323862003086
57601.52,25928.44029254973,38701.985894596575,38701.985894596575
58494.24,32574.543556554316,46247.271365567445,46247.271365567445
56190.11,37959.42138424635,50523.882891956564,50523.882891956564
57040.91,39965.19305177927,52096.45076320171,52096.45076320171
52666.61,39310.88169207811,51435.32398177385,51435.32398177385
38823.73,36829.29247587561,49199.06679227948,49199.06679227948
28225.75,32488.65998061657,41016.4583457756,41016.4583457756
34630.47,26253.627758877872,37886.010879101756,37886.010879101756
10343.42,12063.985330998301,21771.376511816383,21771.376511816383
3647.95,2732.960956954956,5676.95106631577,5676.95106631577
10366.38,6058.950437082648,6208.095675987303,6208.095675987303
45953.79,19057.188838547467,23485.047926030158,23485.047926030158
57672.2,30926.95394654572,42267.38539427519,42267.38539427519
59063.1,36654.21795343399,49466.75926829934,49466.75926829934
58373.06,40583.200520097016,52386.42650368929,52386.42650368929
57349.14,41842.899626119135,52622.874554851056,52622.874554851056
57177.45,40916.530987468956,52075.572262895104,52075.572262895104
47867.02,38092.27579701066,49361.55246666193,49361.55246666193
38259.26,33536.01200302124,47553.829390392304,47553.829390392304
38402.82,26880.164152459503,44082.32911270261,44082.32911270261
12234.6,12645.488227338195,24673.129144909977,24673.129144909977
1903.29,3074.4735001979766,5960.006703131944,5960.006703131944
11053.57,5166.102211378515,8193.86199676156,8193.86199676156
44810.33,17138.40256060064,27622.211524354814,27622.211524354814
57083.42,28722.38499476254,46736.41873679876,46736.41873679876
58924.05,34462.50027817964,52709.49524604916,52709.49524604916
57959.12,38539.54653112054,54704.214043918844,54704.214043918844
56310.62,39809.970471218825,55001.24833839178,55001.24833839178
56137.61,38999.093514671324,54155.356477355956,54155.356477355956
45779.56,36487.699370951654,51819.13333713293,51819.13333713293
47641.68,29869.12987042904,44080.14864085913,44080.14864085913
23654.28,23289.689226580856,39147.97150105357,39147.97150105357
6171.39,10129.771732353567,19906.974674963953,19906.974674963953
487.61,2593.579600818455,3859.8866942989825,3859.8866942989825
9719.03,4675.1622221449015,8231.11912096858,8231.11912096858
34086.91,14792.820758040547,27194.835183790325,27194.835183790325
46894.04,24617.507816690206,44292.499583718774,44292.499583718774
57765.87,29929.579110642077,49508.57801678777,49508.57801678777
56862.3,34159.0673601377,52213.779444592,52213.779444592
48170.9,35562.341853758095,52705.30024977684,52705.30024977684
43978.76,35010.56284084916,51723.802336287496,51723.802336287496
38585.21,32595.784825627805,49056.15133509755,49056.15133509755
33357.91,27021.423994737266,36265.18318413496,36265.18318413496
31034.3,21532.252076188324,31291.272199169398,31291.272199169398
3289.86,9373.567695254982,16473.854560961725,16473.854560961725
2269.79,2719.299239563942,4247.962441911101,4247.962441911101
7649.74,4116.296675744653,5539.892009173632,5539.892009173632
32238.39,12893.62399350524,19763.571023643613,19763.571023643613
52755.59,21984.85628301978,34544.99929870725,34544.99929870725
59496.99,27197.92450717211,41108.389354242085,41108.389354242085
54466.56,31261.390086808206,45062.92782275915,45062.92782275915
58192.86,32727.562509818075,45983.2721843338,45983.2721843338
48611.29,32456.75176609993,45380.36593074798,45380.36593074798
34458.23,30262.047037382126,42633.03315583706,42633.03315583706
33095.99,25307.01353564203,35233.46495188594,35233.46495188594
4151.48,19910.264678940177,30943.434840364454,30943.434840364454
2568.81,8371.600361132323,15794.822825343013,15794.822825343013
4404.26,2563.2613940885662,2991.6155701456964,2991.6155701456964
8622.28,3900.6123124340174,5032.417096730471,5032.417096730471
18938.41,12124.99223170936,21119.652774010898,21119.652774010898
22013.2,20977.958766985535,37411.015349020956,37411.015349020956
33338.17,26087.603159397244,43824.30403839588,43824.30403839588
39882.9,30528.08775774002,47577.99596505403,47577.99596505403
50904.12,31946.06982338786,48122.02561962366,48122.02561962366
39436.3,31877.855787866712,47389.81159685612,47389.81159685612
40175.06,29496.543191390036,44373.616995538476,44373.616995538476
45158.72,24204.29103576064,33649.496879179474,33649.496879179474
26783.5,18562.8276311028,26464.446582583783,26464.446582583783
13632.09,7895.6848841919,12727.678508489727,12727.678508489727
1470.03,2791.2113939240576,3468.136465706378,3468.136465706378
9925.77,3992.8930647249517,5179.948207584619,5179.948207584619
32453.749999999996,12057.99578710258,16708.80136690736,16708.80136690736
0.0,21535.613476145267,28760.36765650332,28760.36765650332
0.0,26954.57227171302,35480.7883475697,35480.7883475697
0.0,31843.286625852583,41274.23256933928,41274.23256933928
0.0,33285.58577660799,43237.706942350866,43237.706942350866
0.0,33500.65362597704,42722.67949292064,42722.67949292064
1654.47,30563.102662228346,39986.09084829688,39986.09084829688
32996.07,26621.147252907158,7572.204167727083,7572.204167727083
29693.52,20450.763126896025,7689.420931093544,7689.420931093544
36711.97,8061.949239094257,3953.291450880915,3953.291450880915
9904.3,1472.2357749126852,2019.8448766236006,2019.8448766236006
10864.78,3507.1437562514843,4615.7877808848025,4615.7877808848025
41781.13,13042.43347833842,13575.87819636166,13575.87819636166
51917.09,23202.470352841614,27183.176413101555,27183.176413101555
53171.22,29274.10611903846,38543.085456218716,38543.085456218716
52427.51,34334.19977121234,42453.55137880206,42453.55137880206
46601.83,36296.790377759935,43350.92167155504,43350.92167155504
43996.47,36001.28048395634,43771.57907144785,43771.57907144785
39214.3,33258.22374940395,42553.67941770315,42553.67941770315
39614.14,28163.348676894904,36057.555953729156,36057.555953729156
47741.34,22041.042990221977,32028.97020510435,32028.97020510435
32425.639999999996,9243.033651863932,18041.635042256712,18041.635042256712
8174.599999999999,1790.1992222461104,5597.6749954311545,5597.6749954311545
9673.22,5168.472750900388,5995.797797707915,5995.797797707915
37599.03,16816.252317884566,19947.052905219793,19947.052905219793
50527.2,27227.8046899122,35326.476548168655,35326.476548168655
54720.15,32677.59304180145,42200.51244541883,42200.51244541883
54179.29,36194.76745093823,45871.04928037524,45871.04928037524
51845.61,37371.488990399834,46471.95258725881,46471.95258725881
46461.92,36483.69347754717,46119.271879491804,46119.271879491804
42616.74,33587.18169536233,43342.94847716808,43342.94847716808
37549.38,28091.655534529687,38935.70932076454,38935.70932076454
41320.84,22273.301833974718,33788.136296002864,33788.136296002864
23866.55,9820.70817994058,19186.280490165947,19186.280490165947
3334.41,2603.029437752515,5731.7267380882795,5731.7267380882795
1123.71,3539.769307412207,4755.928442924321,4755.928442924321
2102.71,12438.41672780931,17753.175983954072,17753.175983954072
10023.02,22193.023807333706,32886.80256150961,32886.80256150961
36702.81,28003.64551613927,40514.297609843015,40514.297609843015
14612.16,32796.465420072076,44818.29045964718,44818.29045964718
22518.11,34503.97169486999,46348.80416862965,46348.80416862965
42635.99,34266.54339618921,45950.738772580626,45950.738772580626
46381.13,31936.946574825048,43533.19368070125,43533.19368070125
39377.97,27554.576375163793,39411.8857789588,39411.8857789588
36796.55,21515.292636336682,31721.805399854184,31721.805399854184
12280.58,9605.561216106415,19295.194093937276,19295.194093937276
2143.29,1966.2414496695994,6988.389102903604,6988.389102903604
6837.11,1752.272519517243,2920.9157002419233,2920.9157002419233
33895.37,10152.474689410627,11269.541027742029,11269.541027742029
37227.17,21065.546198354958,24853.691509761215,24853.691509761215
55136.52,27972.15602940142,34741.73188838005,34741.73188838005
47269.48,34225.56982174277,41627.654251608845,41627.654251608845
49015.83,36687.56180604934,45204.73181818724,45204.73181818724
41836.38,36635.986893277164,45146.69653397083,45146.69653397083
52459.69,34385.114753568174,44016.208716075416,44016.208716075416
50596.93,30664.266907660363,44067.22017948628,44067.22017948628
49279.41,24091.844295754432,36687.74704967499,36687.74704967499
31530.14,10608.010955504178,21945.9666993618,21945.9666993618
1675.31,1482.2466491816938,7088.583231327385,7088.583231327385
3246.91,2490.140332109034,3182.415057339966,3182.415057339966
36123.13,13192.557035140992,13528.716327046155,13528.716327046155
49984.53,24674.991229271887,28517.91848371923,28517.91848371923
52781.25,31481.347596045733,38242.28840059996,38242.28840059996
50419.94,37000.91297654748,44452.11012266159,44452.11012266159
47718.0,39129.983573155405,47716.70484823704,47716.70484823704
49643.14,38496.09918242335,47459.0695573926,47459.0695573926
46642.31,36061.43063289881,46031.964243181945,46031.964243181945
51287.06,32389.859521032573,44441.14215632677,44441.14215632677
43783.05,25854.46054918051,38644.336534600254,38644.336534600254
26384.65,11266.563622384072,20529.5321898365,20529.5321898365
3946.38,1662.061285856515,4617.251398489475,4617.251398489475
10932.51,5375.855884236991,6762.633564664572,6762.633564664572
42554.8,18808.269646213652,23637.345201002357,23637.345201002357
56630.73,30743.38909126222,40457.16924754381,40457.16924754381
59226.25,36690.93864297509,47304.17115317702,47304.17115317702
58851.4,40689.09426684618,51232.70990698695,51232.70990698695
57941.35,42197.614154525996,52314.22008211136,52314.22008211136
58236.59,41108.107629561426,51498.63870932102,51498.63870932102
55742.82,38136.74198564887,49069.09137419701,49069.09137419701
52627.34,34329.78093889236,53235.506098783015,53235.506098783015
46732.61,27520.811865148546,48796.987784341574,48796.987784341574
33276.22,12702.94462522447,27321.77530788183,27321.77530788183
6249.74,2453.462576637417,5975.043757962287,5975.043757962287
10944.68,4651.301492427588,7527.960367920697,7527.960367920697
41268.81,17358.23850370884,27511.630727952717,27511.630727952717
52845.99,29587.283623637555,47184.20660936356,47184.20660936356
55719.59,35704.381262960436,53759.31718346238,53759.31718346238
55633.27,40245.57857539773,56159.985809197424,56159.985809197424
54543.61,41751.15000203609,57280.902706434725,57280.902706434725
55376.24,40837.705965516565,56273.208256886006,56273.208256886006
44605.82,38193.480564485784,54384.070607147216,54384.070607147216
51879.65,33113.3709526372,43014.76623889208,43014.76623889208
45077.03,25955.669175897838,38458.78031034112,38458.78031034112
12754.19,12027.85317589283,21808.297881951927,21808.297881951927
2642.17,2753.80713610813,5665.339571343959,5665.339571343959
1780.43,3949.4056763899325,5392.633939705193,5392.633939705193
14134.42,14758.019076683819,21107.295480483772,21107.295480483772
19412.12,25916.30297582805,38288.03585764885,38288.03585764885
19227.96,32273.395309895277,45675.89512076259,45675.89512076259
22025.01,37284.19679105878,49086.02186973214,49086.02186973214
24043.1,39103.466719993354,50220.88220904112,50220.88220904112
31106.99,38411.87893987417,49605.989149179455,49605.989149179455
26148.28,35935.8431731987,47256.783518192766,47256.783518192766
46315.69,28444.86302885711,26238.87580556512,26238.87580556512
29478.84,21695.35908856511,22675.6992293942,22675.6992293942
17701.0,9363.852053014338,12102.9598179847,12102.9598179847
4327.04,1978.6657975299656,3697.1159183989466,3697.1159183989466
1620.93,3310.4811153435708,3894.7650780944527,3894.7650780944527
9727.63,13251.736584669947,15617.955684899092,15617.955684899092
21602.13,24328.687919241787,30059.973256503345,30059.973256503345
31738.69,31120.660890333056,37631.45912277579,37631.45912277579
51101.25,37332.39872614741,42782.52476172924,42782.52476172924
43999.29,39481.058836166856,43944.040886919494,43944.040886919494
45341.47,39254.47114882827,44038.93193415403,44038.93193415403
43745.71,36255.88241043091,41296.72809212804,41296.72809212804
30832.29,32227.54751254916,39462.05592756987,39462.05592756987
25139.32,25287.98940121293,31974.02617389083,31974.02617389083
40849.23,11491.312380813955,18731.227594158052,18731.227594158052
7889.24,1473.722065565288,5906.166897593141,5906.166897593141
5952.21,2746.32695991233,2605.4515946388246,2605.4515946388246
23706.83,14837.84074793458,12746.382325816154,12746.382325816154
27636.26,27783.963942719103,27661.776475397943,27661.776475397943
43966.38,35129.74009925366,37347.496081637146,37347.496081637146
58201.4,40971.1199684,44155.581388916966,44155.581388916966
53525.32,43068.98087332964,47114.58588006019,47114.58588006019
48742.93,42384.06572297573,46988.75914734363,46988.75914734363
48299.96,39639.30320337057,45133.247074900864,45133.247074900864
40825.76,34353.303020106556,42586.25914036274,42586.25914036274
28228.28,27411.61460707545,35501.13041321039,35501.13041321039
17645.8,12737.050678174495,19399.194882386924,19399.194882386924
1135.39,2047.695097966045,5129.9054139661785,5129.9054139661785
13162.89,4219.176354334951,4980.717723397314,4980.717723397314
38465.76,17492.39155147374,18762.35431212902,18762.35431212902
0.0,30811.715044807195,34661.25125152349,34661.25125152349
0.0,37805.31798392415,42743.222239155766,42743.222239155766
0.0,42878.83986933589,48121.597243739365,48121.597243739365
0.0,44611.643476760386,49979.37083211183,49979.37083211183
0.0,43758.419055542945,49482.045726656914,49482.045726656914
0.0,40952.81944188356,47198.74051549196,47198.74051549196
1529.52,37967.510355899336,3095.9265451872348,3095.9265451872348
33151.24,31452.540282637478,2868.5067087490856,2868.5067087490856
28495.64,15051.926420163512,1333.8925549282133,1333.8925549282133
5837.25,3196.877085082382,548.4687479111552,548.4687479111552
0.0,6757.078667921722,7625.848599129468,7625.848599129468
14690.85,21567.880600186585,20734.384625099898,20734.384625099898
46391.07,35157.66557581902,37358.328974494936,37358.328974494936
46291.6,41195.97871523261,47148.446871130465,47148.446871130465
52287.13,45333.781018141504,48578.91358529806,48578.91358529806
52671.02,46675.651109104154,48038.133412661555,48038.133412661555
53156.99,45709.61331987142,49245.165440368655,49245.165440368655
53937.1,42921.932167750594,46849.066157399415,46849.066157399415
53696.04,37474.62337897539,46253.68156686306,46253.68156686306
48961.09,30675.99707432985,39663.26137895346,39663.26137895346
35482.98,15083.518176819682,21497.927976053954,21497.927976053954
5489.42,3675.700501021147,5301.503723995387,5301.503723995387
386.15,5782.105285778194,6277.379204003364,6277.379204003364
2330.98,19222.59981851816,22019.682084640262,22019.682084640262
9811.41,32529.834235657454,38593.548907237055,38593.548907237055
20123.07,38866.30470902443,45622.027818123104,45622.027818123104
29210.28,43678.34749835968,49684.895215218065,49684.895215218065
51209.75,45187.967270066736,51224.41639549732,51224.41639549732
52151.16,44435.492225744725,50492.72722966909,50492.72722966909
23682.26,41818.6905997932,48347.38220870018,48347.38220870018
25327.6,33165.5324702239,26895.327115066648,26895.327115066648
37637.7,25743.927993305922,22673.94327419281,22673.94327419281
23407.03,12479.803241171241,13321.5493112728,13321.5493112728
2459.97,2916.8364812356235,5430.9967368027565,5430.9967368027565
3662.61,2838.5411402752993,2202.374972591996,2202.374972591996
17534.0,13036.218168773948,9621.248070842326,9621.248070842326
50893.75,25212.720670948624,22657.479746963978,22657.479746963978
50826.65,32797.66950363875,32334.05487880826,32334.05487880826
27037.74,39501.1925027287,39085.1005863595,39085.1005863595
50443.49,42079.258914710284,41801.0577221775,41801.0577221775
58634.7,41778.28047470808,42197.301555907725,42197.301555907725
56141.14,39342.63167766452,39922.15478275537,39922.15478275537
49039.61,35207.64276232004,46511.895744037625,46511.895744037625
41168.18,28098.905121003983,37136.91653094768,37136.91653094768
17422.16,14039.006556674838,20303.53882579684,20303.53882579684
3960.54,3158.483414047211,6191.322444571852,6191.322444571852
2198.31,4416.597818740606,5815.317441753447,5815.317441753447
12668.59,17111.31839883506,18035.118711800576,18035.118711800576
14114.66,31045.444259838463,32715.266964166163,32715.266964166163
27105.0,38675.09855418324,41038.44444859385,41038.44444859385
47751.94,44385.94727437019,47573.30698578,47573.30698578
47792.13,46239.008728015426,50277.952682707306,50277.952682707306
32470.530000000002,45641.26614049434,49885.95401539803,49885.95401539803
47538.76,43111.4016636014,48088.56598974228,48088.56598974228
58153.39,40187.81343813539,43264.77566714764,43264.77566714764
53336.83,33348.1826851058,36357.87446331501,36357.87446331501
39703.25,17855.710260367392,20841.77575782299,20841.77575782299
7415.26,4148.773163675368,6073.186699156314,6073.186699156314
5993.9,3841.0526275482775,4983.205969806313,4983.205969806313
29988.46,17291.38485106349,18164.329999927282,18164.329999927282
39616.15,32795.353958318236,34370.01353883624,34370.01353883624
45266.83,41031.44764248371,43159.155926594736,43159.155926594736
55585.72,46702.523012548685,48831.71710490704,48831.71710490704
50873.5,48822.5012345314,50988.54723066568,50988.54723066568
58516.12,48202.143487713336,50572.29708536625,50572.29708536625
58918.97,45926.90409274816,48707.91261510372,48707.91261510372
56075.93,41239.82742511868,51285.54679195881,51285.54679195881
52463.08,34085.56809242249,43781.26576937199,43781.26576937199
39752.52,18981.856430786847,26601.59440229654,26601.59440229654
8444.7,5506.253406935185,8948.033178030848,8948.033178030848
6785.95,4307.833760604561,5765.044540818781,5765.044540818781
35537.82,16338.287100930214,18441.645496374964,18441.645496374964
52601.7,30973.585170058606,35274.284156644346,35274.284156644346
56467.84,39329.93477082372,44571.619275895355,44571.619275895355
57842.65,44956.200479694606,50025.95574471831,50025.95574471831
55144.23,47313.51437854528,52731.257512819764,52731.257512819764
54487.73,46846.329954679015,52478.99428711891,52478.99428711891
53489.49,44757.96664480567,51042.73870965004,51042.73870965004
42639.47,40368.22915178299,49036.75092455387,49036.75092455387
43517.1,33155.77244669795,43060.44422958136,43060.44422958136
24539.1,16534.269067994952,24614.95106873214,24614.95106873214
5701.77,3949.291346339732,6762.150194578916,6762.150194578916
17550.66,6289.798245405704,6504.941832402945,6504.941832402945
48939.7,20410.289324314595,22393.901223130226,22393.901223130226
57065.45,34269.89707766175,39809.179326567646,39809.179326567646
57303.18,40811.74484323144,47543.57924310684,47543.57924310684
54809.27,45739.121085739134,51508.78851630926,51508.78851630926
60175.59,47362.89724174738,53138.64683802605,53138.64683802605
55960.95,46532.905458579065,52500.78356858492,52500.78356858492
35299.47,44106.03257830023,50543.545730969905,50543.545730969905
54523.97,39924.192462637424,38873.14328620434,38873.14328620434
51383.64,33153.63828576088,36220.44684854269,36220.44684854269
39323.17,16417.00020485878,21354.485732311605,21354.485732311605
8595.57,3980.0774861864743,5985.956730095744,5985.956730095744
13585.04,6588.762643384337,5211.715559760928,5211.715559760928
32901.69,20841.00390938282,21038.105056685807,21038.105056685807
38517.07,34333.31600474835,38906.27102125645,38906.27102125645
53658.72,40334.067139821054,46282.95391895652,46282.95391895652
61248.66,44578.944117592575,48972.72995568394,48972.72995568394
57820.37,45972.46630617142,49353.664175603386,49353.664175603386
59270.5,45092.00335350037,48899.655204610826,48899.655204610826
55991.37,42596.9646782279,46218.60877374172,46218.60877374172
52045.63,38092.61155108213,52402.86687546492,52402.86687546492
14443.87,30808.641158394217,46097.91097391009,46097.91097391009
14509.14,15635.521025776266,25994.25002017975,25994.25002017975
6377.89,4078.6338487012686,6678.545501160771,6678.545501160771
2267.75,4608.735980573297,6771.541178069413,6771.541178069413
6965.4,16355.669127802848,23536.148152011632,23536.148152011632
10805.79,28854.666310060024,41183.30110460281,41183.30110460281
19088.65,35784.935225418805,48575.0003137064,48575.0003137064
55268.26,40852.85349115491,52394.102536426784,52394.102536426784
49704.73,42953.36569547653,54402.60268819571,54402.60268819571
52030.26,42235.39227643013,53561.14123720646,53561.14123720646
41080.07,39917.13390865207,51826.75919972181,51826.75919972181
42508.05,33827.70896553039,37775.67128533721,37775.67128533721
30765.46,26644.49759784341,31036.51204376459,31036.51204376459
27809.97,12704.12362371683,16928.569773277046,16928.569773277046
2249.87,2749.857201715559,5173.0633194983,5173.0633194983
6808.07,3512.547177737951,4884.2443868604305,4884.2443868604305
42521.55,14823.723639963866,17013.886040611265,17013.886040611265
52781.84,26979.618753596544,31546.447223110794,31546.447223110794
49488.07,33975.31340198636,39394.58093693018,39394.58093693018
54847.79,39644.02305658221,45100.246694841386,45100.246694841386
57811.24,41702.099033663275,46937.49297394753,46937.49297394753
53742.78,41057.150195541384,46594.86945135593,46594.86945135593
30122.56,38488.581378616094,44174.78497810841,44174.78497810841
55712.93,32926.92324342966,32051.98479596913,32051.98479596913
52711.89,25766.375275567174,27591.090595247148,27591.090595247148
38156.45,11882.743739519716,15970.98758370638,15970.98758370638
2513.33,2419.6247410203514,4512.009381266981,4512.009381266981
4116.8,3778.0968095257876,1957.210340514332,1957.210340514332
8576.39,14925.981015749276,13390.034458558559,13390.034458558559
20067.86,26307.82116748333,28655.334520764947,28655.334520764947
19808.08,32894.55191984892,37379.547088115214,37379.547088115214
6665.73,38276.739855726955,42697.328130903246,42697.328130903246
7794.02,40270.8527525711,44406.03848926783,44406.03848926783
14490.47,39531.37563598156,44248.61228141069,44248.61228141069
22691.23,37032.666821376086,41543.03650711298,41543.03650711298
23421.95,32400.507170264722,26872.654067136646,26872.654067136646
18155.63,25497.88972527504,24550.600134654043,24550.600134654043
11421.67,11542.54575065136,14863.371564714313,14863.371564714313
3569.91,1379.856129540354,4335.887074567824,4335.887074567824
5492.64,2088.7492340934277,2464.9042649523913,2464.9042649523913
8524.02,13732.086813304424,14582.209368602931,14582.209368602931
21189.22,26599.85774330616,31410.829592930673,31410.829592930673
31741.54,33974.40648006916,40665.47184533477,40665.47184533477
39776.78,40093.82159433365,45525.041202373504,45525.041202373504
47113.97,42340.772743966576,46411.40879561186,46411.40879561186
54261.5,41726.77502829552,46554.19303855896,46554.19303855896
54187.98,39150.68454832077,44531.34036504507,44531.34036504507
47463.46,36453.74575806856,48382.75602271318,48382.75602271318
35635.99,29720.69569689989,40497.05451568961,40497.05451568961
19689.14,14572.421365571023,24764.535296437145,24764.535296437145
8253.06,3123.367204451114,9271.25725488931,9271.25725488931
12259.5,4701.365029472858,6048.696912960261,6048.696912960261
41899.58,17723.951872388123,16963.129287185668,16963.129287185668
53478.11,30815.107318701743,32352.706596364973,32352.706596364973
55318.5,37597.0616970396,41540.57816983104,41540.57816983104
55771.44,42618.22138427019,47498.213851035835,47498.213851035835
53437.77,44422.17012166738,50331.34915779829,50331.34915779829
55718.66,43571.809258162975,50215.03931634903,50215.03931634903
54984.28,41044.06350523829,48728.879877980944,48728.879877980944
52675.19,37987.061276888846,51572.24217657566,51572.24217657566
48724.79,31648.012829731702,46509.969982179406,46509.969982179406
38078.19,16231.584842939972,27057.808930206895,27057.808930206895
9075.81,4697.5607814733685,8007.269565971494,8007.269565971494
17439.99,6372.576578587592,7985.772622102201,7985.772622102201
47623.88,19225.961218475102,24630.53854798138,24630.53854798138
56243.82,31967.1026933825,42099.07226416945,42099.07226416945
57407.97,38119.17471515059,48931.97635804296,48931.97635804296
56799.07,42406.81209650755,51848.32078589797,51848.32078589797
56269.17,43938.059061508175,53391.41948369741,53391.41948369741
57072.47,43204.36308973551,52723.21485207319,52723.21485207319
55672.45,40730.98248169422,50875.11638389826,50875.11638389826
54874.85,37299.53727880716,53563.55712282419,53563.55712282419
51759.2,30722.300262255667,49853.6637359035,49853.6637359035
41557.74,15447.012481233478,27965.967734532354,27965.967734532354
5999.14,4519.137884017229,7352.520664685815,7352.520664685815
14164.88,6417.33076317504,10386.64289324224,10386.64289324224
42543.35,18796.29248804331,30441.96490878582,30441.96490878582
50352.26,30770.81286634147,48468.32314079046,48468.32314079046
54790.59,36412.72973195791,53223.73926931262,53223.73926931262
52620.55,40240.33772448897,54570.734433918,54570.734433918
48655.15,41648.409256165025,55433.32909519911,55433.32909519911
51376.07,40890.20709641695,54454.90313850164,54454.90313850164
49586.71,38480.8899089098,52539.13671757698,52539.13671757698
47543.16,33616.538950784205,45901.425375738145,45901.425375738145
36923.51,26532.349949107767,40641.06213841438,40641.06213841438
25900.94,12425.508527458012,23260.22198275626,23260.22198275626
8443.84,3549.7367652064563,7505.552160486728,7505.552160486728
16222.870000000003,5281.163105570525,8063.6371751518545,8063.6371751518545
45451.37,15833.15860774517,22954.618240976335,22954.618240976335
56053.88,26172.817156813144,38509.06237697601,38509.06237697601
57287.28,31790.55394042015,44999.2541856873,44999.2541856873
50328.55,36385.263505214454,48360.6155502069,48360.6155502069
56138.56,38100.20653973341,49732.248117022515,49732.248117022515
50691.87,37485.57590834141,49206.93578712702,49206.93578712702
46833.62,35042.440181428196,47077.74941325307,47077.74941325307
37540.75,30430.927476091383,44604.17970234394,44604.17970234394
23008.85,23916.767843691705,39508.67943259835,39508.67943259835
11888.42,10801.056039254068,21634.69566040993,21634.69566040993
2973.45,3079.257030905932,6104.278201542199,6104.278201542199
13611.69,4637.379758593291,8002.172471834719,8002.172471834719
36783.08,14302.100745612383,24154.2482421422,24154.2482421422
50558.48,23957.401804824472,39921.11278736115,39921.11278736115
54591.25,29484.901787291168,45819.14247277379,45819.14247277379
54502.84,34116.97460545301,49027.249470255374,49027.249470255374
54217.38,35813.4511660409,50148.32845566511,50148.32845566511
55681.17,35305.03073925853,49450.770427861215,49450.770427861215
52424.27,32905.40796815991,47061.1006423986,47061.1006423986
49098.15,27473.904705818295,49666.38628962278,49666.38628962278
47861.85,21012.458462640046,42322.88129712343,42322.88129712343
33663.29,8591.850207966567,20814.81895105004,20814.81895105004
6300.12,2371.3094406920673,4651.0795860010385,4651.0795860010385
14398.96,4977.216425910592,10174.311246593594,10174.311246593594
41551.54,14376.433609642982,29058.415002053975,29058.415002053975
49551.1,23283.060978100897,45541.55104050875,45541.55104050875
52408.03,28497.869720485807,50656.397691407205,50656.397691407205
47607.6,33000.982101264,53452.040460188386,53452.040460188386
49174.64,34625.04770043731,54520.734091963765,54520.734091963765
51400.62,34184.53449942112,53452.156237454416,53452.156237454416
43603.84,31470.649776664974,51517.94649805188,51517.94649805188
41826.41,26209.526268627644,40434.4691849184,40434.4691849184
39322.92,20214.668196395636,35374.7170756793,35374.7170756793
37841.83,8406.217763673962,19145.166053379176,19145.166053379176
7162.31,2595.7489773406087,5758.773754647672,5758.773754647672
14537.55,4776.694060396552,7597.877294062972,7597.877294062972
41477.06,13692.580715704858,22406.78723283887,22406.78723283887
52885.14,22473.28390558064,37072.98432464838,37072.98432464838
55972.74,27563.08021535337,42983.94633067608,42983.94633067608
54717.14,32030.760893485545,46506.666470855474,46506.666470855474
54590.26,33446.068504288196,47497.37639547825,47497.37639547825
54167.69,33173.06571099997,46961.56692679643,46961.56692679643
52349.7,30464.22501780033,44380.14683334231,44380.14683334231
46757.75,24890.75760147929,47744.398770270345,47744.398770270345
46405.08,19691.196725029946,42268.86348403811,42268.86348403811
34406.34,7999.913850336671,22641.915423167942,22641.915423167942
7016.32,2490.593310662359,5871.961469156444,5871.961469156444
7216.28,4484.185692214668,8855.21840310037,8855.21840310037
30333.46,12928.965968770086,26311.7633833915,26311.7633833915
43743.59,21244.53399238825,42316.64090248466,42316.64090248466
47429.57,25887.486014314294,47618.475556498764,47618.475556498764
48355.48,29793.40767920613,50403.22754378915,50403.22754378915
50734.74,31092.364926516413,51541.97028075218,51541.97028075218
51672.46,30916.840802358387,50683.95268072128,50683.95268072128
49660.24,28597.78743068695,48423.52505732298,48423.52505732298
47838.29,23788.51364763081,43863.54481309414,43863.54481309414
47118.47,18907.320956540705,36408.95539308548,36408.95539308548
35407.58,8083.590422140806,19829.533191340564,19829.533191340564
4127.8,3039.092932511121,6382.390631504357,6382.390631504357
2363.42,3850.347612389028,6682.494953148067,6682.494953148067
9697.48,11084.247231952548,19040.24097642243,19040.24097642243
26640.54,19521.218331914544,32286.387448764443,32286.387448764443
27435.72,24258.169916126728,39178.99594910622,39178.99594910622
25707.24,28551.7929821372,44155.53507801056,44155.53507801056
25973.97,29939.78487664223,46432.827589826586,46432.827589826586
29099.64,30213.189031119346,45913.75951381207,45913.75951381207
23465.86,27796.334743593932,43804.803287554976,43804.803287554976
25343.68,22601.10200727284,25774.535643200874,25774.535643200874
29838.69,17002.21183295369,22479.433608027695,22479.433608027695
13322.24,7652.91732392624,13157.848940407634,13157.848940407634
2447.91,3129.843495269418,4714.643717075437,4714.643717075437
5361.91,3807.5341442233325,2333.6403423801066,2333.6403423801066
19689.93,10729.72180641353,11322.731998185813,11322.731998185813
20657.31,20751.006381258965,25001.108772970438,25001.108772970438
42860.76,26741.028823013305,33818.157341083286,33818.157341083286
47154.91,32276.567606984376,39894.02476635337,39894.02476635337
49468.41,34135.83086284637,41927.67945878744,41927.67945878744
51095.74,34789.87207559347,42342.84901627064,42342.84901627064
51303.07,31325.623313999175,40013.59952670455,40013.59952670455
49065.0,28244.9253385365,46167.40434822082,46167.40434822082
47740.69,22253.7354760164,38922.93136983752,38922.93136983752
35319.73,9672.964810765385,21815.176981174947,21815.176981174947
8914.93,2135.704151545912,7334.9234850604835,7334.9234850604835
16875.33,4835.879398788809,7765.5420714789625,7765.5420714789625
45091.74,15904.59704012513,21132.68929416537,21132.68929416537
53787.23,26102.115839693546,35796.40875248194,35796.40875248194
56476.88,31748.58082224369,42882.18583232403,42882.18583232403
57095.54,35880.26622626424,47710.73845979452,47710.73845979452
56372.42,37352.65588845968,49612.86631878137,49612.86631878137
52213.09,36542.86337897062,49128.732103168964,49128.732103168964
49879.79,33714.04656423092,47034.73429968238,47034.73429968238
39216.84,30165.645096825956,47587.23499088288,47587.23499088288
48264.72,24002.344609874486,43233.770515305994,43233.770515305994
33647.73,11085.557444679736,25563.419657845498,25563.419657845498
2863.8,3254.319010810405,8106.648911885619,8106.648911885619
6702.49,4342.483966704905,7457.144238345623,7457.144238345623
15627.1,13684.309394857883,22884.152337630985,22884.152337630985
49576.21,23360.1358337152,39435.303660633566,39435.303660633566
52187.98,29049.945895044206,46158.17690011859,46158.17690011859
52696.38,33655.22399460554,48956.721819034814,48956.721819034814
55530.44,35454.04765836,50402.312903387545,50402.312903387545
56660.8,35023.24816996336,49869.814664514066,49869.814664514066
44692.39,32688.495401018856,47842.36563353896,47842.36563353896
41758.27,27773.659766042827,43119.529227676394,43119.529227676394
45232.15,22125.687749413253,37631.34334550977,37631.34334550977
34326.94,9778.703223015964,20332.249658150078,20332.249658150078
1630.86,2994.8722881579397,5409.444798732102,5409.444798732102
5498.44,4350.375152195096,6736.424003662765,6736.424003662765
38175.64,13076.073527792692,22084.498057403565,22084.498057403565
49219.71,22009.676999234558,37494.52163176298,37494.52163176298
53246.83,27259.284528544544,43759.29510352254,43759.29510352254
53553.15,31591.050414847134,47151.60373125076,47151.60373125076
49351.55,33231.31325353742,48454.15972191334,48454.15972191334
54106.37,32943.91162759781,47735.80809713125,47735.80809713125
53553.65,30664.870879064798,45342.788489438295,45342.788489438295
19600.68,25981.47785811603,45844.324028134346,45844.324028134346
3097.79,20343.065184417963,37079.83833879709,37079.83833879709
6839.09,8581.522875837087,20269.612227609156,20269.612227609156
2405.14,2331.930215679854,6404.765552974343,6404.765552974343
3802.86,3236.084573816657,5752.823285579234,5752.823285579234
5949.22,11422.811796559394,17279.82835029304,17279.82835029304
8700.37,20756.042692331077,30561.869634345174,30561.869634345174
21249.21,26347.503825413583,38318.963824646475,38318.963824646475
31628.87,31417.920950474738,44260.79590903878,44260.79590903878
26509.28,33258.91841300011,47168.978039639,47168.978039639
36611.95,33240.73366374969,46665.55533150673,46665.55533150673
24541.95,30721.478243666887,44769.76434821367,44769.76434821367
24716.31,24692.049079799654,25915.183795589805,25915.183795589805
12591.02,18145.58951979995,21516.2709542346,21516.2709542346
10461.71,7377.504916288853,11669.14529661864,11669.14529661864
1299.64,2284.5811731176077,4114.105108579844,4114.105108579844
4074.81,4490.288118944764,2456.290918765366,2456.290918765366
12868.42,12906.757959525286,11008.494166792036,11008.494166792036
22547.56,23035.64496060431,23973.75920289278,23973.75920289278
35734.33,29346.839327176807,32420.436296989916,32420.436296989916
10383.97,34854.64945593476,38875.90650362015,38875.90650362015
2191.95,36998.87915590763,40990.408460919854,40990.408460919854
1821.66,37143.69336025238,41434.62267520666,41434.62267520666
3639.47,33698.05386455059,39094.29716052413,39094.29716052413
2078.55,22439.83778304696,12915.684386735857,12915.684386735857
1685.81,16506.62338648915,13205.500933482646,13205.500933482646
825.22,7828.205551904738,6407.589071049541,6407.589071049541
183.39,3853.9955610793827,4522.096957974732,4522.096957974732
5968.71,5381.864241938442,5232.369259209335,5232.369259209335
24522.54,13081.681006710529,10767.914796854257,10767.914796854257
27007.56,23780.245221215486,20504.85619520426,20504.85619520426
50259.39,30378.675266312956,31218.104826283456,31218.104826283456
49633.5,36269.49009843111,37513.55155505538,37513.55155505538
42257.75,38162.98483261466,40109.729390685556,40109.729390685556
52558.09,38824.19265812874,39780.56690489054,39780.56690489054
55556.8,34897.91156100631,38231.11975367069,38231.11975367069
48758.9,32617.234493780135,47565.81619666815,47565.81619666815
52958.74,25815.543950827123,37160.41159746647,37160.41159746647
43195.18,11468.950001881123,18708.01618194103,18708.01618194103
10285.29,3103.3758474454285,6434.299851132184,6434.299851132184
17299.89,10177.251024340094,9485.541678091586,9485.541678091586
46014.15,24723.00020225048,22856.33491984725,22856.33491984725
51839.07,36913.11907572031,36610.18399992227,36610.18399992227
57446.86,43029.86359438181,43396.9547125268,43396.9547125268
52342.25,46643.12927507758,49191.24796758056,49191.24796758056
55767.17,48103.40863524676,51074.36134024381,51074.36134024381
49131.76,47227.79289077997,50553.00087436199,50553.00087436199
54092.72,43619.80279417276,48876.29907081127,48876.29907081127
53019.88,38104.351365857125,47197.82973433256,47197.82973433256
51824.07,31312.54820142269,41664.85734642506,41664.85734642506
41042.87,15863.451729400755,24848.435221883654,24848.435221883654
10354.51,4671.648382121027,8675.1799303779,8675.1799303779
14241.85,6702.8881537479165,7609.7502526938915,7609.7502526938915
42362.59,19560.204396627545,21388.485656101107,21388.485656101107
55316.23,32322.353656455278,37115.27390068531,37115.27390068531
57686.72,38489.35708629846,44497.224663989546,44497.224663989546
58823.31,43227.9083264029,48280.022995326515,48280.022995326515
57303.53,44768.050844676494,49965.25372414112,49965.25372414112
56978.95,44155.94415768385,49632.0235970664,49632.0235970664
50435.39,41596.988713080886,47671.96079416037,47671.96079416037
43358.72,36144.49696202993,47705.40498707294,47705.40498707294
41243.65,29074.805203680993,43244.603408163784,43244.603408163784
19844.83,14419.327157084346,24889.01708324671,24889.01708324671
2911.63,4263.018310547173,7153.805871737599,7153.805871737599
5481.34,5698.499145144224,7429.859878390878,7429.859878390878
7220.22,17137.113573705556,23963.756047108174,23963.756047108174
29807.34,28762.779682878852,40920.02360166073,40920.02360166073
51602.27,35003.54673852801,47356.131990169284,47356.131990169284
49299.35,40004.20999042988,50073.23146167874,50073.23146167874
52730.04,41811.05315947771,51399.85754594803,51399.85754594803
54881.58,41223.221105928424,50744.751182353495,50744.751182353495
50846.6,38703.290318460466,48609.69490109205,48609.69490109205
41067.82,32170.39020593345,44331.50108540058,44331.50108540058
8191.89,24789.743866493107,36658.15823972106,36658.15823972106
928.11,11296.690796625018,19101.996570120453,19101.996570120453
0.0,2779.4122433002294,5147.847513363212,5147.847513363212
747.7,4378.881444711685,6983.5042670878765,6983.5042670878765
5470.46,14973.63590325594,21525.706801415683,21525.706801415683
13144.48,25814.21637151003,36416.812810206415,36416.812810206415
22034.04,32228.145695090294,43140.95574037552,43140.95574037552
35943.99,37758.24294755817,48130.350005050896,48130.350005050896
43172.87,39748.05278934837,49897.385090796946,49897.385090796946
44636.84,39148.91701539278,49252.76814750433,49252.76814750433
37001.64,36444.51059148192,46937.41578910351,46937.41578910351
44625.88,29373.446872530578,32371.431639523507,32371.431639523507
19121.27,22544.164677462577,25932.278308918474,25932.278308918474
5236.72,9858.949410908817,14141.702921260596,14141.702921260596
420.8,2126.6011640046536,4765.879498939216,4765.879498939216
9043.71,3801.0882449373603,3827.181546267867,3827.181546267867
19931.65,14031.059412172735,13701.817811912597,13701.817811912597
45668.88,24783.889396074414,26461.3495407176,26461.3495407176
54102.49,31390.971862186194,34503.31562369585,34503.31562369585
55368.01,37213.48775545478,40697.561444234845,40697.561444234845
43622.06,39338.9075089407,42830.77300772428,42830.77300772428
53898.21,38910.94456356168,42710.45727287054,42710.45727287054
55704.19,36001.80920013785,40312.138925635816,40312.138925635816
53701.05,30059.471555017233,45892.81926563024,45892.81926563024
50740.11,22894.039716149568,36133.79914264917,36133.79914264917
40010.59,9614.42782506287,18217.375283977985,18217.375283977985
10532.49,1973.3352192400396,5579.95094321847,5579.95094321847
19834.11,5683.134537132084,7448.047039667666,7448.047039667666
47144.65,17279.903605515956,20327.836614693402,20327.836614693402
48788.42,27749.55686887741,33620.676058423516,33620.676058423516
51021.37,33869.080041923524,40449.93702765941,40449.93702765941
54503.95,38690.95618038654,46414.28393105149,46414.28393105149
55014.61,40692.93807207823,48614.04812629461,48614.04812629461
54710.96,39849.48525211334,48017.00020236969,48017.00020236969
52298.55,36717.77195399761,46172.23611945629,46172.23611945629
54105.7,31773.95919895649,46254.028898661134,46254.028898661134
16899.2,24585.92184889734,39310.117562122345,39310.117562122345
4956.1,10872.377729557455,22452.48451973915,22452.48451973915
7520.71,2047.9768226467072,7051.881837997287,7051.881837997287
4202.45,3974.7551087862253,6178.041344942898,6178.041344942898
24630.28,15140.796084754169,19483.783682566285,19483.783682566285
40321.39,26295.317222752572,34802.48407910585,34802.48407910585
51458.82,32792.961228153705,42652.769320452215,42652.769320452215
46538.78,38105.50913851738,47496.73962051511,47496.73962051511
56776.54,40095.14917365074,49621.711701905726,49621.711701905726
55723.77,39369.534455046654,49207.067001361844,49207.067001361844
48467.38,36596.7113853991,47165.720839221474,47165.720839221474
43380.39,30995.06764176965,42343.1268817091,42343.1268817091
31531.32,23909.53755342841,34144.60677961111,34144.60677961111
4739.22,10561.14914226979,19238.839509699344,19238.839509699344
826.27,2075.7614368717373,6342.960753938258,6342.960753938258
1092.61,3267.7660578539967,4704.9092610290645,4704.9092610290645
5357.11,13365.409598885477,15483.92034402132,15483.92034402132
15037.68,24137.97381778121,29409.156440615057,29409.156440615057
35281.13,30801.540152744652,37953.273611420394,37953.273611420394
32378.42,36756.29876888871,44349.2728957355,44349.2728957355
32788.85,39069.58643271208,47070.073380515576,47070.073380515576
47294.03,38566.95872847318,46856.093837447166,46856.093837447166
55788.85,36001.450290613175,44816.573096867796,44816.573096867796
43300.86,31156.569209390876,44925.7935103941,44925.7935103941
50876.65,24138.21116117656,36247.84360892653,36247.84360892653
35178.93,10807.13434572041,22502.455917376876,22502.455917376876
7475.02,1750.183222270757,8807.25960027039,8807.25960027039
8330.11,2802.1484863212704,4332.985889243335,4332.985889243335
20716.8,13582.338567805886,12539.476773701906,12539.476773701906
33215.96,25398.80368176818,26524.98844460964,26524.98844460964
46638.7,32564.046417768,36674.15865788579,36674.15865788579
52044.12,38861.39189370275,43865.87579538345,43865.87579538345
52936.08,41282.62642112613,47731.423997991085,47731.423997991085
51569.92,40783.74218182206,47799.80976979017,47799.80976979017
48389.9,38080.385471789836,46979.9909490633,46979.9909490633
33438.01,31725.91356317699,42298.74173715711,42298.74173715711
11502.46,24264.97568974793,34642.661281841996,34642.661281841996
5889.49,10934.458464410902,21490.533667997122,21490.533667997122
1336.02,2179.575052074641,8435.621330002248,8435.621330002248
4391.45,3945.4407874338326,4527.649925096482,4527.649925096482
26045.43,14929.125333332418,13810.93113146782,13810.93113146782
51172.83,26451.132196990846,28529.725835232734,28529.725835232734
57501.99,33511.328289904595,38255.54875680208,38255.54875680208
57252.4,39386.99752600551,44944.79255974889,44944.79255974889
57040.4,41656.93046294451,47768.187139196394,47768.187139196394
55826.16,41072.37104678154,48001.748477191926,48001.748477191926
55260.14,38260.89766649246,46190.55208294153,46190.55208294153
53766.24,33372.596251268384,48858.39218699932,48858.39218699932
48364.15,26364.733412219284,41511.72261589527,41511.72261589527
20351.67,12454.451879153847,25089.257724080086,25089.257724080086
4199.13,3076.132974344343,8737.685181873441,8737.685181873441
10009.29,5229.885836853087,5983.438092154413,5983.438092154413
22497.88,16939.244437204597,18331.75357470572,18331.75357470572
19272.85,28528.537188634873,34607.00574314833,34607.00574314833
38602.89,35080.9747148037,43497.87003683686,43497.87003683686
47754.44,40229.5820164752,48682.171469624045,48682.171469624045
33953.88,42131.85652666569,50993.70317824602,50993.70317824602
54821.54,41412.47062497377,50839.0710617423,50839.0710617423
55932.73,38716.562252389194,49064.541327642204,49064.541327642204
53617.08,34529.296042191985,48409.1378023982,48409.1378023982
51501.65,26973.866553096173,39420.673273450135,39420.673273450135
33241.45,12558.4854711622,21990.637427836657,21990.637427836657
3923.85,2656.4297720856966,7749.518497861028,7749.518497861028
2701.94,3974.404882556498,7774.867447852045,7774.867447852045
9825.23,15251.320922144354,20032.20322513938,20032.20322513938
38424.96,26714.548632652164,34242.99430027961,34242.99430027961
38140.52,33398.17144933343,41977.30931349039,41977.30931349039
45612.65,39011.29643851042,47750.88615640998,47750.88615640998
45308.71,41184.40870711446,50118.98277796984,50118.98277796984
35575.94,40401.51125652313,49754.685751178265,49754.685751178265
50246.84,37899.267376061674,48374.75581363082,48374.75581363082
53111.16,31223.98631139755,40979.03141491175,40979.03141491175
40437.41,23947.32725305915,33932.64176097154,33932.64176097154
12063.15,10584.975138807296,19675.08052959919,19675.08052959919
0.0,2273.001516893953,7013.497815067619,7013.497815067619
2932.84,3832.1604511122405,5440.23624503687,5440.23624503687
4088.02,14119.163981997073,16085.03590922594,16085.03590922594
13883.38,24727.53867107868,29677.00328632295,29677.00328632295
17880.16,31217.95624545872,37985.32461789846,37985.32461789846
15126.08,36839.33422408223,43695.019424667356,43695.019424667356
14727.22,38940.19376020193,46120.40649669886,46120.40649669886
49847.76,38379.91669596672,45957.58506824493,45957.58506824493
57597.51,35674.37179560661,44025.25477979422,44025.25477979422
54972.75,29970.0355466336,45877.79909498453,45877.79909498453
43626.53,22685.098413774373,36258.44108801007,36258.44108801007
20676.51,9288.024697441459,21718.946776896715,21718.946776896715
1596.66,1248.8068773154914,8983.476458403467,8983.476458403467
11440.79,4061.414392406344,6549.847974652052,6549.847974652052
38157.02,15261.45818659544,15470.274063599109,15470.274063599109
48055.85,26295.651047202944,28743.022292431593,28743.022292431593
52856.8,32990.16850461721,37937.19986765385,37937.19986765385
51717.84,38510.08507615924,44531.65296366334,44531.65296366334
42019.73,40787.95261506319,47541.75768078804,47541.75768078804
47300.62,40124.52572528362,47526.336148953436,47526.336148953436
51867.02,37021.181716586354,46831.653256589176,46831.653256589176
50111.51,31311.170451956987,43740.373239011766,43740.373239011766
49346.36,24102.677188612222,36803.02261421442,36803.02261421442
18017.93,10448.51619382739,21470.565948849915,21470.565948849915
2956.71,2183.3542149998248,7574.632113476693,7574.632113476693
4821.45,5318.507062727063,6088.044299224317,6088.044299224317
12398.12,16839.948064997792,17599.24046066761,17599.24046066761
26729.41,27449.610776163936,31752.02712552905,31752.02712552905
26145.7,33592.70427095175,39842.669830386636,39842.669830386636
39110.97,38357.10857455969,45048.833870241644,45048.833870241644
49788.73,40284.174856648446,47313.73049610853,47313.73049610853
43163.15,39434.1150140357,47076.155546224116,47076.155546224116
38757.41,36497.09662571073,45110.82873695612,45110.82873695612
10740.41,27117.92048672736,33271.94721467018,33271.94721467018
1741.1,19623.432291225196,25858.481879553794,25858.481879553794
19.43,8382.226784532368,14514.308896510602,14514.308896510602
0.0,2156.096387335211,5059.842801430821,5059.842801430821
7998.25,3385.679896842986,2355.2704301053286,2355.2704301053286
13949.07,11849.791599987746,10260.518998876214,10260.518998876214
15171.03,22609.322193160653,22816.970649398565,22816.970649398565
24168.64,29600.383821288346,31986.17120909691,31986.17120909691
47085.98,35701.68365266204,39210.39088441014,39210.39088441014
59450.9,38089.20769946098,42101.16011420012,42101.16011420012
54181.85,38247.96534587741,42413.399822944404,42413.399822944404
53604.76,34765.91004076839,40309.44517457962,40309.44517457962
49777.33,31418.189167807697,46108.42740890741,46108.42740890741
44099.54,24131.054196515084,36506.66368712664,36506.66368712664
22334.34,10710.778716070652,22043.933562630416,22043.933562630416
3858.6,1967.6438018043339,8716.263493227065,8716.263493227065
17666.77,4262.5619551569225,4772.244836544245,4772.244836544245
46219.28,15538.181289365291,12643.191978228688,12643.191978228688
54116.48,26951.425059698224,25941.361035438178,25941.361035438178
55318.44,34033.0592430377,35811.116324509385,35811.116324509385
51881.32,39694.482648358346,42916.84182728767,42916.84182728767
55293.57,42034.893066369295,46685.469021263125,46685.469021263125
56938.75,41342.21697994947,46767.82524982929,46767.82524982929
56275.82,38444.21167103291,45846.95603131533,45846.95603131533
54506.58,37098.25464257955,51979.51572451591,51979.51572451591
37506.27,30437.767982892394,45191.91527483821,45191.91527483821
8689.19,15334.123857995271,27603.24141931653,27603.24141931653
2259.2,4324.754125628919,10042.869316474795,10042.869316474795
10862.55,6010.901424466222,6797.779200982452,6797.779200982452
25824.44,18499.078738808035,19141.986037805676,19141.986037805676
35084.17,31056.479762911797,34472.140665197374,34472.140665197374
7626.42,37592.770219712256,42581.20739232183,42581.20739232183
3509.97,42623.2692730689,46920.168835707904,46920.168835707904
13067.67,44366.14550263762,49432.848107080456,49432.848107080456
26140.77,43700.051876497266,49227.960938637254,49227.960938637254
29332.39,41160.50456092238,47518.37067305088,47518.37067305088
27816.17,34513.44999371529,27740.402746376993,27740.402746376993
13090.6,26370.19423993349,24190.90718380809,24190.90718380809
11000.98,12512.243066301047,14085.15537491262,14085.15537491262
4962.04,3256.8550153416395,4914.184870259911,4914.184870259911
1735.61,3885.8772433058916,4362.801912081838,4362.801912081838
4454.2,14147.75421303153,15410.022609548867,15410.022609548867
12320.42,25647.88303265333,28987.26408321798,28987.26408321798
21658.66,32929.84854901791,37024.01054111958,37024.01054111958
27250.16,39897.43247721672,42279.84302809954,42279.84302809954
24985.81,42533.88922369719,43759.84697515726,43759.84697515726
35834.1,42131.68672000885,43682.978589000704,43682.978589000704
56462.18,39551.82576040387,41345.83308989167,41345.83308989167
49795.75,37166.8874058795,45008.40444894552,45008.40444894552
52285.31,29541.42231894374,36213.094992150065,36213.094992150065
26878.87,16665.683983418345,22756.341954423187,22756.341954423187
7312.66,5445.0163989079,9427.50060501188,9427.50060501188
9547.43,2453.925203296244,3943.742238460183,3943.742238460183
20883.0,10972.381307897567,10058.173141422272,10058.173141422272
21768.16,23842.795818806888,22273.57776979208,22273.57776979208
43357.27,33158.848262732026,32652.345879323482,32652.345879323482
50816.7,40488.448405581716,40013.908266080616,40013.908266080616
39855.61,43956.88058572173,44753.848833377364,44753.848833377364
46510.92,43930.63387951374,44787.16953053951,44787.16953053951
45396.91,42165.60559971213,44600.09276485324,44600.09276485324
56851.08,40832.13321977854,42975.98085477352,42975.98085477352
51764.26,33616.88628258228,36011.827792891265,36011.827792891265
41940.32,20968.436086854934,23276.86496474743,23276.86496474743
7906.29,8007.089146398604,9300.507416340113,9300.507416340113
16683.76,2888.021449342966,2979.14491137892,2979.14491137892
36925.66,10825.921136754156,10487.550499067902,10487.550499067902
43020.44,24728.152290588616,24810.740073686837,24810.740073686837
50220.38,35035.08832503557,35592.841444871425,35592.841444871425
53727.16,41923.55006963253,42381.808066288235,42381.808066288235
49311.88,45463.42454139471,46124.2271464777,46124.2271464777
56236.32,45633.022799153325,46410.16611962319,46410.16611962319
54047.93,44220.37420622706,45246.890179989336,45246.890179989336
45580.97,41208.65632586241,48509.508973557946,48509.508973557946
30900.38,34458.74523551822,41707.84544530034,41707.84544530034
18331.07,20657.88672619462,26513.485973230003,26513.485973230003
4399.27,8269.539806699157,10701.42584259689,10701.42584259689
11336.15,6016.935832052529,5817.46318041712,5817.46318041712
29386.29,15797.202048159837,15530.78215725571,15530.78215725571
20356.54,29109.895363392232,30087.4259758991,30087.4259758991
16990.02,37491.152513321635,39251.62688732624,39251.62688732624
20235.36,43201.6075908041,44404.32498573065,44404.32498573065
35449.57,45640.55603992939,47257.76376571178,47257.76376571178
40999.14,45614.99241959095,47330.53363665104,47330.53363665104
6998.77,43656.2108850956,45789.49577418685,45789.49577418685
15216.72,35250.11758198261,19349.55923882067,19349.55923882067
6050.38,26716.047948247193,18152.21969790101,18152.21969790101
6805.43,13323.016788119674,9388.776003957986,9388.776003957986
2084.94,3952.757428241372,5120.071582433135,5120.071582433135
5031.01,3539.638575582653,5911.3146442838015,5911.3146442838015
9568.37,12702.134184362292,13677.248911251425,13677.248911251425
16324.210000000001,24201.994786651136,24540.61434545934,24540.61434545934
25142.25,32071.98724829614,33332.444695410726,33332.444695410726
43977.55,39258.546508592364,39243.63825597048,39243.63825597048
44040.4,42141.844245481494,41202.86746256113,41202.86746256113
44271.24,41985.11270122051,40782.65773476362,40782.65773476362
53868.14,39671.902222241166,38135.13654089331,38135.13654089331
54093.25,37511.55632683754,44745.79073566198,44745.79073566198
50566.09,30130.0185024488,35028.77074555278,35028.77074555278
42394.92,16795.87744868517,19655.77467048943,19655.77467048943
12627.07,5648.91704856351,7142.343439995795,7142.343439995795
6833.53,4468.833626739681,5307.934668717831,5307.934668717831
24501.66,14698.942761883736,14460.64034484446,14460.64034484446
48754.14,27979.26282391429,27106.450818906425,27106.450818906425
57201.67,36458.02565766931,35919.42981611848,35919.42981611848
52783.19,42840.31305444479,42854.12528228164,42854.12528228164
57882.63,45315.793090243336,46235.75924608231,46235.75924608231
54023.44,45147.94692844391,46019.79605252266,46019.79605252266
55503.96,43038.38866040349,44798.0024233973,44798.0024233973
40825.65,37652.92808713913,45668.11102924347,45668.11102924347
5976.42,29978.410102209447,36346.663364721535,36346.663364721535
1102.0,18718.995726002453,22314.750095211864,22314.750095211864
0.0,7664.853477648198,9059.81612837851,9059.81612837851
15815.09,2058.6201302313802,3261.3433140212296,3261.3433140212296
29487.28,7302.647677724212,8841.996639320254,8841.996639320254
51298.11,19297.907141204476,20850.891287901402,20850.891287901402
56515.78,29453.146012841462,31425.398232238887,31425.398232238887
46352.48,36838.276791719196,39000.7838627553,39000.7838627553
56297.33,41008.32306321621,43786.7767672348,43786.7767672348
58509.94,41617.51216310501,44042.79889483929,44042.79889483929
56700.28,40634.7870105958,43753.97706776977,43753.97706776977
49679.76,39739.442819998265,50811.3925766778,50811.3925766778
34070.83,33209.35802465677,41664.193556766506,41664.193556766506
32144.25,20343.252357664704,23371.756011981965,23371.756011981965
13192.53,8473.214208280742,7818.838688677996,7818.838688677996
6458.54,6153.861745338738,7325.092065553814,7325.092065553814
13324.87,15700.0359776479,19853.975701819658,19853.975701819658
39755.34,29278.260593267678,34158.40742972135,34158.40742972135
55032.46,38022.72453406692,41945.45898760676,41945.45898760676
57636.45,43838.03136290431,47571.377364679574,47571.377364679574
44676.15,46087.047207114694,50110.53103754997,50110.53103754997
56134.45,46169.41887264967,49777.9338261962,49777.9338261962
55969.98,44298.558593974114,47865.903151721956,47865.903151721956
46226.62,39905.4982934165,48793.87337588549,48793.87337588549
42323.7,32210.151978328824,39365.019141671655,39365.019141671655
15652.16,17627.899193251134,20974.6263113451,20974.6263113451
2385.67,6080.651438383311,6679.65262126714,6679.65262126714
12494.06,5493.215921970159,7281.776895902008,7281.776895902008
28292.26,15923.997450668812,19904.24619072795,19904.24619072795
50700.12,28466.133242247106,33449.30640849471,33449.30640849471
55984.61,36218.79123363853,40675.63323004961,40675.63323004961
57136.8,42181.536551517245,46248.953995167016,46248.953995167016
56764.3,44636.84432833195,48714.40386048555,48714.40386048555
56932.24,44361.82701061487,48196.59389742851,48196.59389742851
55557.23,42198.81051960826,46498.542766022685,46498.542766022685
53049.17,38620.93023065209,52615.549713153836,52615.549713153836
50162.56,31527.021727492807,43669.96522429943,43669.96522429943
29144.52,16231.141030086876,22026.117371010183,22026.117371010183
3162.43,5374.463180207759,5676.546810695231,5676.546810695231
5510.03,7297.7864797669645,8804.819594388902,8804.819594388902
35761.01,19465.76488073051,25383.729481731654,25383.729481731654
53201.58,31742.68582978189,40693.92603808165,40693.92603808165
54490.08,38063.87563365459,46498.59293617129,46498.59293617129
56613.48,43246.641088045835,50619.47632127166,50619.47632127166
58166.03,44971.155043222905,52347.340098679066,52347.340098679066
57086.03,44443.70469314814,51448.383657381535,51448.383657381535
54873.31,41976.04348204851,49902.96169577718,49902.96169577718
51265.56,37269.38116024971,49653.51185764074,49653.51185764074
49913.88,29230.07023590565,40550.049629591704,40550.049629591704
34770.33,14258.106349333226,20918.63449587405,20918.63449587405
10731.58,3824.8276497279853,5387.800721253901,5387.800721253901
3175.4,4790.993999966532,6578.148762521446,6578.148762521446
10401.69,15796.094445648194,20891.201072689295,20891.201072689295
20491.19,27406.124835044742,35224.117867275476,35224.117867275476
30742.12,34342.73641496062,42091.66637838602,42091.66637838602
51053.05,40191.564621554615,47096.89897305369,47096.89897305369
56251.28,42518.0972046113,49504.57598262549,49504.57598262549
57450.92,41894.11177012444,48762.59807708979,48762.59807708979
40355.39,39478.02547179699,46904.27261708259,46904.27261708259
41455.03,35855.53234299898,41428.72575312376,41428.72575312376
47603.01,28180.136380468608,34699.45774931192,34699.45774931192
39851.36,13276.81201086998,18244.980443440676,18244.980443440676
11249.7,3315.444583219141,4986.691830324233,4986.691830324233
5754.58,5360.046498561203,6840.351466510594,6840.351466510594
13978.47,17222.88716124058,21462.052460554838,21462.052460554838
42747.57,29035.274985817672,36748.24453041553,36748.24453041553
56017.19,35673.036497805115,43646.16913688898,43646.16913688898
54263.38,41346.24216956496,48424.323920458555,48424.323920458555
55630.13,43490.99672647715,49820.13849890471,49820.13849890471
43614.26,42778.7041119504,49256.82807029963,49256.82807029963
44784.45,40058.33200305462,46621.31297891617,46621.31297891617
56102.29,34043.67215909004,39575.18575344562,39575.18575344562
13248.56,26306.72900194049,32672.28272453308,32672.28272453308
3798.83,12314.755029967428,17696.665100407005,17696.665100407005
785.64,3524.022152016908,5732.517882739455,5732.517882739455
4862.06,5642.529520315826,6005.357140639424,6005.357140639424
10759.0,16600.242813418507,18104.210724922417,18104.210724922417
44725.82,27605.17875890136,31597.60919696748,31597.60919696748
54036.61,34110.1244505465,38787.861752049925,38787.861752049925
58603.37,39793.039975683685,44101.173792369365,44101.173792369365
58989.59,41942.27511279106,46030.60193068504,46030.60193068504
59296.67,41358.30230144262,45682.34391448021,45682.34391448021
55395.04,38592.78477728128,43189.14223849535,43189.14223849535
42371.73,33791.76398367166,53431.30861108541,53431.30861108541
15001.5,26365.83715548873,44050.42861667037,44050.42861667037
4191.46,12406.942678040266,22212.576657944323,22212.576657944323
1078.74,3428.9796295259894,5098.647481760383,5098.647481760383
5811.99,5422.5252177666125,8253.986095819175,8253.986095819175
14550.44,16543.59106753111,25697.983714904785,25697.983714904785
30430.04,27722.057838575245,42811.3301455164,42811.3301455164
42780.08,34244.59202655077,49360.87709927678,49360.87709927678
59259.33,39844.70365102649,53615.023976814744,53615.023976814744
59176.85,41923.92055688381,55330.4108241868,55330.4108241868
59425.79,41306.45724171639,54454.03094976425,54454.03094976425
60447.08,38577.63725164294,53092.389961006644,53092.389961006644
57481.1,33472.44256548882,57390.27363040685,57390.27363040685
46616.02,26184.145962293744,46789.467880091666,46789.467880091666
31228.72,12162.38249977231,23179.87834899783,23179.87834899783
5107.98,3445.4296494071186,6028.164779641181,6028.164779641181
19404.32,6309.2594390140475,10617.76133092463,10617.76133092463
47914.0,17955.653055642844,28721.634372154473,28721.634372154473
55003.32,29153.354289816023,46168.724209053515,46168.724209053515
56440.28,35424.20027917862,52480.93548594594,52480.93548594594
56663.21,40652.73248682976,56249.91387096167,56249.91387096167
56803.48,42622.59390568375,57761.01559167385,57761.01559167385
58707.32,41956.531153481,56853.375855424405,56853.375855424405
58196.96,39025.80332994342,56347.143618969916,56347.143618969916
54495.58,35730.24976343274,55255.279097020626,55255.279097020626
50799.66,29303.04464668155,50562.957719240185,50562.957719240185
38837.14,14499.244344579578,28124.922202301026,28124.922202301026
12196.57,4535.461031311005,7457.486263685673,7457.486263685673
19192.9,7154.557459156215,10066.09906009227,10066.09906009227
47808.17,19564.80075408876,29626.178996158837,29626.178996158837
54073.93,31328.747370560766,47181.60548012018,47181.60548012018
54843.9,36987.112326437236,52021.35762845755,52021.35762845755
53966.95,41263.55018692732,53620.36130877853,53620.36130877853
54096.8,42632.48128420234,54879.72851997137,54879.72851997137
55239.54,41937.806110322475,53927.49909933328,53927.49909933328
54842.48,39249.38080836534,52215.18420875311,52215.18420875311
51397.0,35410.86273813248,51758.2885245943,51758.2885245943
49285.38,28118.50814176321,46902.76751262426,46902.76751262426
41461.43,13407.4377112633,26854.629476437567,26854.629476437567
13399.66,3847.413623505831,7929.33699377805,7929.33699377805
14094.69,5575.96627564609,8890.582569007873,8890.582569007873
33878.37,16619.926878263952,25996.449788234233,25996.449788234233
49236.59,27455.002137518524,42582.52725315451,42582.52725315451
57803.88,33290.1358231628,48321.691233369114,48321.691233369114
57728.27,38160.21003747225,50733.358699376586,50733.358699376586
54566.31,39987.391412918565,52313.86503182888,52313.86503182888
55411.83,39333.10320867062,51579.181094052794,51579.181094052794
55184.96,36806.61170946121,49636.291918940544,49636.291918940544
51028.28,32749.452131581307,52020.091797015666,52020.091797015666
50524.08,25671.578779766558,46094.09032413125,46094.09032413125
41939.03,11861.382833938002,25548.947499592305,25548.947499592305
8616.66,3316.3457162730397,6772.609705753774,6772.609705753774
18029.34,4561.833162890523,7957.696152685731,7957.696152685731
19076.56,14466.57971859157,25051.83851170063,25051.83851170063
31646.45,24554.0136343807,41586.82346912384,41586.82346912384
44939.3,30533.756984533073,47633.121380651,47633.121380651
51157.67,35695.02645986557,50589.11180363536,50589.11180363536
54101.09,37713.9735802722,52448.61433251381,52448.61433251381
58291.14,37145.522641055584,51605.27728981495,51605.27728981495
56951.97,34698.519953457115,49719.66312820554,49719.66312820554
54688.47,30193.877383146286,51282.66007879257,51282.66007879257
5571.92,23576.94034207463,42435.73711680293,42435.73711680293
1988.61,10892.826889169217,22722.3960600245,22722.3960600245
696.36,3457.029566652328,6414.394362265468,6414.394362265468
4503.6,3464.409884956181,6675.307596954256,6675.307596954256
22959.62,11500.252315372229,20748.524888523818,20748.524888523818
43298.86,21350.914003654718,35581.52614673853,35581.52614673853
50140.19,27539.768462839125,42737.537575393915,42737.537575393915
54379.16,33494.94194751978,47520.54728565216,47520.54728565216
55390.25,35764.577722809314,50031.74074877739,50031.74074877739
60062.92,35805.748118608,49339.16114341259,49339.16114341259
57925.9,33252.612411243914,47879.76169046521,47879.76169046521
54003.81,28403.15233915031,51038.0072787118,51038.0072787118
25110.03,21357.835554541944,39362.07839911461,39362.07839911461
2679.13,8821.345834303498,19357.520855481027,19357.520855481027
776.49,1889.8583632197976,4947.645464951843,4947.645464951843
7068.59,3684.5796525147557,6259.827852879166,6259.827852879166
38708.14,13116.434447539747,19714.51426640749,19714.51426640749
52650.41,23201.156280872226,34208.762821958066,34208.762821958066
55990.25,29536.30303416431,41830.480584716795,41830.480584716795
56876.93,35293.47616810918,48222.24242109537,48222.24242109537
42845.67,37511.47914199352,50797.7848886776,50797.7848886776
49988.12,37199.58290580511,50203.65455185652,50203.65455185652
54657.54,34117.59208420515,48832.581575160024,48832.581575160024
55776.42,30195.415291163325,47834.72819322348,47834.72819322348
51575.85,23228.213427942395,40874.71609822273,40874.71609822273
42022.85,10091.292193179428,22123.447459315656,22123.447459315656
12280.36,2452.5334640775623,6591.241241687834,6591.241241687834
1177.01,4781.26436797291,8378.774692383706,8378.774692383706
1858.03,15237.584914340972,23450.84732164621,23450.84732164621
13377.8,25263.994562829135,38056.1764454639,38056.1764454639
20167.53,31194.38978295922,44159.74551125169,44159.74551125169
24766.77,36240.63840373755,48226.08236708522,48226.08236708522
31901.23,38113.459177451135,50021.67584511757,50021.67584511757
28866.27,37439.80529583931,49368.776968061924,49368.776968061924
23183.35,34596.971713426115,47194.04767697573,47194.04767697573
26186.04,29191.01470483303,27616.75262626171,27616.75262626171
37383.39,21981.479446094036,24794.66054105699,24794.66054105699
28285.98,9624.417473499774,16256.41520726025,16256.41520726025
7600.17,2152.8353276754915,6914.890799998939,6914.890799998939
3712.55,2698.3662274612484,2120.856199583411,2120.856199583411
2662.2,11662.321191596984,9759.548839162588,9759.548839162588
4100.26,22518.35020638108,23546.539161637425,23546.539161637425
10617.79,29403.616498435735,34086.67955417633,34086.67955417633
29298.8,35808.9126972127,40066.64481075525,40066.64481075525
27294.08,38266.16939133882,42701.45752005815,42701.45752005815
40301.97,38174.63588481903,43043.06220270872,43043.06220270872
51917.6,35221.64795226693,40958.37289141059,40958.37289141059
44709.14,32922.1146276474,44900.191297633646,44900.191297633646
11643.53,25878.54222051382,37347.283823316095,37347.283823316095
4644.4,12208.757083678842,24873.670806635022,24873.670806635022
2489.06,2598.683931034356,11178.521765245498,11178.521765245498
6397.93,2510.8017500418423,4793.801116262376,4793.801116262376
29801.32,12386.405720668436,11218.219860144556,11218.219860144556
55918.52,23918.903934249876,24657.510791723133,24657.510791723133
57386.71,31343.443364861607,35330.991861543655,35330.991861543655
58510.88,37950.660904450415,42255.74591979742,42255.74591979742
59566.3,40735.63672778845,46243.470011999605,46243.470011999605
57272.16,40312.737108176945,46573.4043462348,46573.4043462348
44986.72,37951.37872349977,45908.62286244273,45908.62286244273
53287.38,35915.373752565385,45118.22304501295,45118.22304501295
51814.81,28463.62280519545,38355.37963405371,38355.37963405371
37484.11,14272.151096512674,22004.806635577082,22004.806635577082
6320.8,3911.015382191688,6587.947378469407,6587.947378469407
15428.6,4082.8375282685456,4630.972934134603,4630.972934134603
43303.95,14589.882506908774,17525.58682326436,17525.58682326436
51908.99,26237.061961730717,32907.37232244015,32907.37232244015
55471.67,33539.72073477626,40891.418898468015,40891.418898468015
56474.12,39481.2286428237,45703.550450373885,45703.550450373885
58636.87,41930.180247733595,48005.021114578245,48005.021114578245
45965.43,41362.68640058279,47705.17343254089,47705.17343254089
43604.34,38978.84021160126,45430.11928120136,45430.11928120136
48961.36,34393.92154427052,40685.86022188186,40685.86022188186
44645.3,26805.14048407495,34639.496703237295,34639.496703237295
20734.15,12884.450574793815,20513.99102149367,20513.99102149367
5459.55,3478.828496223837,7346.816704712957,7346.816704712957
4242.99,4264.069954046905,4701.323542619199,4701.323542619199
15326.5,14642.291980806887,15500.833472966551,15500.833472966551
28598.51,25769.97787816167,29422.227693949342,29422.227693949342
50559.78,32664.730187546014,37578.54119371772,37578.54119371772
51984.11,38661.583487995864,42760.41130391836,42760.41130391836
55017.65,40974.09930337906,45123.30952623367,45123.30952623367
55635.49,40422.953206191065,45022.768548417094,45022.768548417094
54433.53,37898.41062429309,42730.89581956625,42730.89581956625
53423.26,35953.31396264195,53579.83540642738,53579.83540642738
51407.76,29590.280325206517,46465.61571156502,46465.61571156502
42301.1,14966.878370162249,24981.690995836852,24981.690995836852
14392.0,4556.21555346191,6764.922577694952,6764.922577694952
10415.05,6164.762174935043,9010.739110120832,9010.739110120832
33766.94,18187.414057151676,26479.4667532295,26479.4667532295
36775.92,30289.113832557796,43503.84028452158,43503.84028452158
42524.27,36572.19747893929,49599.90312422872,49599.90312422872
40709.44,41398.17213261962,52872.88784234881,52872.88784234881
43559.8,43026.13942565799,54269.54373559475,54269.54373559475
49936.54,42398.371933814284,53405.13523047924,53405.13523047924
50739.59,39826.1870069468,51968.97999330759,51968.97999330759
38793.52,36568.21860023022,45937.83346666097,45937.83346666097
34338.47,29177.445609254835,40150.012160778046,40150.012160778046
32052.79,14391.78760473907,23910.174328391553,23910.174328391553
11676.51,4162.0730771100525,8698.421251721978,8698.421251721978
16474.03,5298.143288848996,7319.087567094564,7319.087567094564
41860.49,16453.917715752126,19859.28023022473,19859.28023022473
53518.12,27931.22490661919,34565.11752830029,34565.11752830029
55787.2,34298.07340497017,41996.018919680115,41996.018919680115
56952.4,39478.13738982081,46040.045496350525,46040.045496350525
57441.0,41491.986451280114,48002.75188016415,48002.75188016415
52744.55,40857.74315102339,47712.40565242529,47712.40565242529
51524.38,38357.583261350395,45791.21699620843,45791.21699620843
46475.45,35383.415807600024,49632.25515159845,49632.25515159845
9078.06,27700.19330188632,42882.772437138556,42882.772437138556
4868.55,13162.381620372533,22615.96587860942,22615.96587860942
2196.94,3518.3360410392283,5439.270952081382,5439.270952081382
0.0,4348.844962662459,7040.024798740446,7040.024798740446
1522.09,14765.080525100828,23512.408023613094,23512.408023613094
7133.5,25766.63191517353,38768.62342967868,38768.62342967868
18196.7,32425.179305654765,44311.48705534697,44311.48705534697
35983.42,38108.214467300175,47731.84851463318,47731.84851463318
51769.12,40321.331640558245,49844.55206506729,49844.55206506729
38602.74,39722.55477612734,49011.14871179342,49011.14871179342
34111.52,37200.142495924236,46782.598428974154,46782.598428974154
43041.14,29983.53710547328,31650.2646975559,31650.2646975559
31587.22,21579.037669389247,24744.038861108424,24744.038861108424
15114.91,9205.99264522016,13228.21643307686,13228.21643307686
3042.06,2122.2624109603466,4431.914186225235,4431.914186225235
5562.53,3313.763400835395,2776.5568864768743,2776.5568864768743
17291.15,12561.218779450954,11375.171381210983,11375.171381210983
31449.24,23935.938629324435,23703.469456871746,23703.469456871746
35496.66,31293.441093286274,32260.03075415373,32260.03075415373
44455.59,37947.19916419625,39202.28647578835,39202.28647578835
45659.18,40429.78406488657,41610.816377886535,41610.816377886535
56322.98,40514.98069571257,41788.22188261747,41788.22188261747
46911.26,36852.55984710455,39253.97330658436,39253.97330658436
