Fecha,Recurso,Tipo Generación,Combustible,Código Agente,Tipo Despacho,0,1,2,3,4,5,6,7,8,9,10,11,12,13,14,15,16,17,18,19,20,21,22,23,Version
2019-01-01 00:00:00,EL PASO,SOLAR,RAD SOLAR,ENDG,DESPACHADO CENTRALMENTE,0.0,0.0,0.0,0.0,0.0,0.0,400.0,2900.0,6400.0,8600.0,10100.0,10600.0,10600.0,9700.0,8300.0,5800.0,2600.0,199.0,0.0,0.0,0.0,0.0,0.0,0.0,TX6
2019-01-02 00:00:00,EL PASO,SOLAR,RAD SOLAR,ENDG,DESPACHADO CENTRALMENTE,0.0,0.0,0.0,0.0,0.0,0.0,400.0,2900.0,6400.0,8700.0,8200.0,10700.0,10700.0,12000.0,9300.0,5900.0,2600.0,199.0,0.0,0.0,0.0,0.0,0.0,0.0,TX6
2019-01-03 00:00:00,EL PASO,SOLAR,RAD SOLAR,ENDG,DESPACHADO CENTRALMENTE,0.0,0.0,0.0,0.0,0.0,0.0,400.0,2900.0,6300.0,8500.0,9800.0,10400.0,10300.0,9700.0,8200.0,5600.0,2500.0,199.0,0.0,0.0,0.0,0.0,0.0,0.0,TX6
2019-01-04 00:00:00,EL PASO,SOLAR,RAD SOLAR,ENDG,DESPACHADO CENTRALMENTE,0.0,0.0,0.0,0.0,0.0,0.0,300.0,2500.0,2000.0,2500.0,800.0,2000.0,3600.0,3800.0,3800.0,3400.0,1800.0,199.0,0.0,0.0,0.0,0.0,0.0,0.0,TX6
2019-01-05 00:00:00,EL PASO,SOLAR,RAD SOLAR,ENDG,DESPACHADO CENTRALMENTE,0.0,0.0,0.0,0.0,0.0,0.0,200.0,2100.0,3700.0,3900.0,3800.0,3900.0,3800.0,3800.0,3800.0,3600.0,1800.0,199.0,0.0,0.0,0.0,0.0,0.0,0.0,TX6
2019-01-06 00:00:00,EL PASO,SOLAR,RAD SOLAR,ENDG,DESPACHADO CENTRALMENTE,0.0,0.0,0.0,0.0,0.0,0.0,300.0,1900.0,3700.0,3900.0,3800.0,3900.0,3800.0,3500.0,3100.0,3100.0,1700.0,200.0,0.0,0.0,0.0,0.0,0.0,0.0,TX6
2019-01-07 00:00:00,EL PASO,SOLAR,RAD SOLAR,ENDG,DESPACHADO CENTRALMENTE,0.0,0.0,0.0,0.0,0.0,0.0,200.0,1099.0,0.0,0.0,0.0,0.0,0.0,0.0,0.0,0.0,0.0,0.0,0.0,0.0,0.0,0.0,0.0,0.0,TX6
2019-01-09 00:00:00,EL PASO,SOLAR,RAD SOLAR,ENDG,DESPACHADO CENTRALMENTE,0.0,0.0,0.0,0.0,0.0,0.0,0.0,0.0,0.0,100.0,0.0,0.0,0.0,0.0,0.0,0.0,0.0,0.0,0.0,0.0,0.0,0.0,0.0,0.0,TX6
2019-01-16 00:00:00,EL PASO,SOLAR,RAD SOLAR,ENDG,DESPACHADO CENTRALMENTE,0.0,0.0,0.0,0.0,0.0,0.0,0.0,0.0,0.0,0.0,0.0,0.0,0.0,900.0,900.0,400.0,400.0,0.0,0.0,0.0,0.0,0.0,0.0,0.0,TX6
2019-01-17 00:00:00,EL PASO,SOLAR,RAD SOLAR,ENDG,DESPACHADO CENTRALMENTE,0.0,0.0,0.0,0.0,0.0,0.0,0.0,500.0,1500.0,2800.0,2700.0,2500.0,2500.0,1400.0,1299.0,3500.0,3000.0,300.0,0.0,0.0,0.0,0.0,0.0,0.0,TX6
2019-01-18 00:00:00,EL PASO,SOLAR,RAD SOLAR,ENDG,DESPACHADO CENTRALMENTE,0.0,0.0,0.0,0.0,0.0,0.0,183.42,2594.0,6531.0,8909.0,10136.0,14442.0,17254.0,15417.0,14645.0,11756.0,5665.0,818.7,0.0,0.0,0.0,0.0,0.0,0.0,TX6
2019-01-19 00:00:00,EL PASO,SOLAR,RAD SOLAR,ENDG,DESPACHADO CENTRALMENTE,0.0,0.0,0.0,0.0,0.0,0.0,471.5,4977.87,11517.89,18036.38,25202.91,27940.37,28200.33,26807.57,24361.56,20013.34,10403.03,2055.53,0.0,0.0,0.0,0.0,0.0,0.0,TX6
2019-01-20 00:00:00,EL PASO,SOLAR,RAD SOLAR,ENDG,DESPACHADO CENTRALMENTE,0.0,0.0,0.0,0.0,0.0,0.0,947.66,9321.68,19628.71,25169.86,25411.88,26237.85,26126.77,25392.63,23226.05,18626.21,10050.89,1407.45,0.0,0.0,0.0,0.0,0.0,0.0,TX6
2019-01-21 00:00:00,EL PASO,SOLAR,RAD SOLAR,ENDG,DESPACHADO CENTRALMENTE,0.0,0.0,0.0,0.0,0.0,0.0,904.77,8168.36,17362.8,21001.31,24957.49,25676.93,27733.65,28450.69,25946.16,19578.21,10501.67,2191.38,0.0,0.0,0.0,0.0,0.0,0.0,TX6
2019-01-22 00:00:00,EL PASO,SOLAR,RAD SOLAR,ENDG,DESPACHADO CENTRALMENTE,0.0,0.0,0.0,0.0,0.0,0.0,1040.22,10151.56,21378.22,26613.27,27436.69,27211.32,24134.14,23588.86,22436.33,17567.06,10034.2,1870.65,0.0,0.0,0.0,0.0,0.0,0.0,TX6
2019-01-23 00:00:00,EL PASO,SOLAR,RAD SOLAR,ENDG,DESPACHADO CENTRALMENTE,0.0,0.0,0.0,0.0,0.0,0.0,904.7,8804.57,16535.21,20320.74,21810.85,22297.8,23501.5,21820.89,20011.1,15470.78,8521.01,1541.72,0.0,0.0,0.0,0.0,0.0,0.0,TX6
2019-01-24 00:00:00,EL PASO,SOLAR,RAD SOLAR,ENDG,DESPACHADO CENTRALMENTE,0.0,0.0,0.0,0.0,0.0,0.0,817.96,7842.45,14484.82,17370.79,16871.14,16822.47,16688.03,16356.37,14872.38,9571.26,4768.88,1561.14,0.0,0.0,0.0,0.0,0.0,0.0,TX6
2019-01-25 00:00:00,EL PASO,SOLAR,RAD SOLAR,ENDG,DESPACHADO CENTRALMENTE,0.0,0.0,0.0,0.0,0.0,0.0,847.22,4364.47,6641.64,7687.87,7673.63,5216.83,4213.67,4340.85,3546.98,2828.26,2980.74,1226.65,0.0,0.0,0.0,0.0,0.0,0.0,TX6
2019-01-26 00:00:00,EL PASO,SOLAR,RAD SOLAR,ENDG,DESPACHADO CENTRALMENTE,0.0,0.0,0.0,0.0,0.0,0.0,824.38,3023.46,2820.92,2592.8,2191.54,1886.45,1963.48,2083.68,2150.8,2145.55,2144.72,1134.07,0.0,0.0,0.0,0.0,0.0,0.0,TX6
2019-01-27 00:00:00,EL PASO,SOLAR,RAD SOLAR,ENDG,DESPACHADO CENTRALMENTE,0.0,0.0,0.0,0.0,0.0,0.0,610.89,2247.0,2246.96,2242.11,2233.99,2224.08,2215.41,2208.13,2200.61,2197.91,2198.46,1068.71,0.0,0.0,0.0,0.0,0.0,0.0,TX6
2019-01-28 00:00:00,EL PASO,SOLAR,RAD SOLAR,ENDG,DESPACHADO CENTRALMENTE,0.0,0.0,0.0,0.0,0.0,0.0,615.73,2237.02,1634.73,1240.79,1359.06,1370.76,1364.28,1360.05,3934.38,4051.42,3971.75,776.09,0.0,0.0,0.0,0.0,0.0,0.0,TX6
2019-01-29 00:00:00,EL PASO,SOLAR,RAD SOLAR,ENDG,DESPACHADO CENTRALMENTE,0.0,0.0,0.0,0.0,0.0,0.0,500.66,3289.9,5260.32,6345.34,7353.06,8167.72,8172.11,2346.36,5533.82,6042.97,4192.9,732.06,0.0,0.0,0.0,0.0,0.0,0.0,TX6
2019-01-30 00:00:00,EL PASO,SOLAR,RAD SOLAR,ENDG,DESPACHADO CENTRALMENTE,0.0,0.0,0.0,0.0,0.0,0.0,530.23,5021.74,9701.59,14096.4,16682.38,14155.92,14581.33,20565.08,17508.14,14226.85,8998.63,2048.16,0.0,0.0,0.0,0.0,0.0,0.0,TX6
2019-01-31 00:00:00,EL PASO,SOLAR,RAD SOLAR,ENDG,DESPACHADO CENTRALMENTE,0.0,0.0,0.0,0.0,0.0,0.0,840.75,7886.33,17829.95,24090.91,27442.72,27671.87,27205.07,25251.96,23887.8,12780.92,8131.16,1574.03,0.0,0.0,0.0,0.0,0.0,0.0,TX6
2019-02-01 00:00:00,EL PASO,SOLAR,RAD SOLAR,ENDG,DESPACHADO CENTRALMENTE,0.0,0.0,0.0,0.0,0.0,0.0,802.97,8032.73,17343.75,24043.16,27260.37,27635.6,22760.91,25171.69,21126.55,16339.35,9833.28,1693.99,0.0,0.0,0.0,0.0,0.0,0.0,TX4
2019-02-02 00:00:00,EL PASO,SOLAR,RAD SOLAR,ENDG,DESPACHADO CENTRALMENTE,0.0,0.0,0.0,0.0,0.0,0.0,723.45,3477.21,3513.77,3507.62,3498.21,3482.34,3465.56,3458.52,3452.26,3446.66,3446.86,2059.59,0.0,0.0,0.0,0.0,0.0,0.0,TX4
2019-02-03 00:00:00,EL PASO,SOLAR,RAD SOLAR,ENDG,DESPACHADO CENTRALMENTE,0.0,0.0,0.0,0.0,0.0,0.0,866.05,3298.43,3309.18,3302.31,3285.76,3271.82,3180.92,3048.91,3045.2,3040.66,3037.74,1571.87,0.0,0.0,0.0,0.0,0.0,0.0,TX4
2019-02-04 00:00:00,EL PASO,SOLAR,RAD SOLAR,ENDG,DESPACHADO CENTRALMENTE,0.0,0.0,0.0,0.0,0.0,0.0,823.04,3076.03,2700.75,2706.91,2637.31,2565.08,2919.6,3178.16,3785.85,4436.78,4496.9,1508.49,0.0,0.0,0.0,0.0,0.0,0.0,TX4
2019-02-05 00:00:00,EL PASO,SOLAR,RAD SOLAR,ENDG,DESPACHADO CENTRALMENTE,0.0,0.0,0.0,0.0,0.0,0.0,630.33,4332.41,4538.04,2175.27,2201.8,2116.01,2107.52,2101.38,2096.79,2095.5,2049.32,742.63,0.0,0.0,0.0,0.0,0.0,0.0,TX4
2019-02-06 00:00:00,EL PASO,SOLAR,RAD SOLAR,ENDG,DESPACHADO CENTRALMENTE,0.0,0.0,0.0,0.0,0.0,0.0,380.66,2548.58,2901.28,2892.52,2882.16,4171.32,5906.07,8044.41,7811.51,7527.97,7271.01,2040.66,0.0,0.0,0.0,0.0,0.0,0.0,TX4
2019-02-07 00:00:00,EL PASO,SOLAR,RAD SOLAR,ENDG,DESPACHADO CENTRALMENTE,0.0,0.0,0.0,0.0,0.0,0.0,889.08,6933.99,10510.72,12271.73,12967.86,13146.8,13951.95,14046.48,13494.16,11962.53,9961.87,2650.93,0.0,0.0,0.0,0.0,0.0,0.0,TX4
2019-02-08 00:00:00,EL PASO,SOLAR,RAD SOLAR,ENDG,DESPACHADO CENTRALMENTE,0.0,0.0,0.0,0.0,0.0,0.0,1157.82,10382.56,18243.6,19892.99,20027.28,19971.62,19930.38,20341.34,20232.93,18295.44,11321.58,2690.83,0.0,0.0,0.0,0.0,0.0,0.0,TX4
2019-02-09 00:00:00,EL PASO,SOLAR,RAD SOLAR,ENDG,DESPACHADO CENTRALMENTE,0.0,0.0,0.0,0.0,0.0,0.0,1316.97,10386.48,16364.65,14133.46,8773.28,7247.02,7773.76,7768.34,7763.67,7762.6,7574.76,2983.73,0.0,0.0,0.0,0.0,0.0,0.0,TX4
2019-02-10 00:00:00,EL PASO,SOLAR,RAD SOLAR,ENDG,DESPACHADO CENTRALMENTE,0.0,0.0,0.0,0.0,0.0,0.0,1408.49,7397.81,7935.97,7578.22,7483.93,7453.29,7429.94,7414.45,7407.84,7404.79,6768.64,2358.42,0.0,0.0,0.0,0.0,0.0,0.0,TX4
2019-02-11 00:00:00,EL PASO,SOLAR,RAD SOLAR,ENDG,DESPACHADO CENTRALMENTE,0.0,0.0,0.0,0.0,0.0,0.0,1462.48,7015.46,7467.04,8460.43,20614.13,22445.48,20616.66,19452.51,18404.1,12031.49,7442.75,2248.08,0.0,0.0,0.0,0.0,0.0,0.0,TX4
2019-02-12 00:00:00,EL PASO,SOLAR,RAD SOLAR,ENDG,DESPACHADO CENTRALMENTE,0.0,0.0,0.0,0.0,0.0,0.0,1623.47,9465.13,16459.42,24463.58,24479.97,24835.15,24345.06,23853.95,22907.81,19874.24,12520.9,3092.53,0.0,0.0,0.0,0.0,0.0,0.0,TX4
2019-02-13 00:00:00,EL PASO,SOLAR,RAD SOLAR,ENDG,DESPACHADO CENTRALMENTE,0.0,0.0,0.0,0.0,0.0,0.0,1286.86,9693.16,18664.65,23841.39,28205.2,30024.35,29884.85,28245.54,24975.74,20719.44,11370.66,3108.57,0.0,0.0,0.0,0.0,0.0,0.0,TX4
2019-02-14 00:00:00,EL PASO,SOLAR,RAD SOLAR,ENDG,DESPACHADO CENTRALMENTE,0.0,0.0,0.0,0.0,0.0,0.0,0.0,0.0,0.0,0.0,11228.69,30679.9,29029.22,29951.4,24438.18,19391.9,9668.32,1658.06,0.0,0.0,0.0,0.0,0.0,0.0,TX4
2019-02-15 00:00:00,EL PASO,SOLAR,RAD SOLAR,ENDG,DESPACHADO CENTRALMENTE,0.0,0.0,0.0,0.0,0.0,0.0,549.53,5515.68,13913.79,21469.63,25978.95,25778.26,29376.96,27514.82,26369.02,17207.19,10114.92,1927.88,0.0,0.0,0.0,0.0,0.0,0.0,TX4
2019-02-16 00:00:00,EL PASO,SOLAR,RAD SOLAR,ENDG,DESPACHADO CENTRALMENTE,0.0,0.0,0.0,0.0,0.0,0.0,807.1,6480.75,14353.54,19390.02,22191.57,22789.03,19217.11,17398.09,15980.21,13475.81,9035.94,2494.28,0.0,0.0,0.0,0.0,0.0,0.0,TX4
2019-02-17 00:00:00,EL PASO,SOLAR,RAD SOLAR,ENDG,DESPACHADO CENTRALMENTE,0.0,0.0,0.0,0.0,0.0,0.0,806.82,6669.57,12590.5,15408.3,17020.98,17913.73,18072.33,16716.97,13296.72,13797.42,7973.68,1307.46,0.0,0.0,0.0,0.0,0.0,0.0,TX4
2019-02-18 00:00:00,EL PASO,SOLAR,RAD SOLAR,ENDG,DESPACHADO CENTRALMENTE,0.0,0.0,0.0,0.0,0.0,0.0,881.67,7144.29,11841.3,13254.79,14629.93,15972.76,16196.83,15735.59,14885.55,14486.01,9253.38,1994.16,0.0,0.0,0.0,0.0,0.0,0.0,TX4
2019-02-19 00:00:00,EL PASO,SOLAR,RAD SOLAR,ENDG,DESPACHADO CENTRALMENTE,0.0,0.0,0.0,0.0,0.0,0.0,837.41,7334.9,15373.76,20579.7,23102.99,22647.94,23739.96,22706.19,17680.81,11770.54,4467.34,1114.81,0.0,0.0,0.0,0.0,0.0,0.0,TX4
2019-02-20 00:00:00,EL PASO,SOLAR,RAD SOLAR,ENDG,DESPACHADO CENTRALMENTE,0.0,0.0,0.0,0.0,0.0,0.0,309.18,3331.35,6151.31,7757.86,8660.68,13387.83,15078.41,14940.47,12900.58,15286.66,7530.5,3317.65,0.0,0.0,0.0,0.0,0.0,0.0,TX4
2019-02-21 00:00:00,EL PASO,SOLAR,RAD SOLAR,ENDG,DESPACHADO CENTRALMENTE,0.0,0.0,0.0,0.0,0.0,0.0,1119.14,5087.8,12349.51,19079.54,28119.71,30963.05,32934.55,31974.89,31154.94,26518.62,15038.54,3434.79,0.0,0.0,0.0,0.0,0.0,0.0,TX4
2019-02-22 00:00:00,EL PASO,SOLAR,RAD SOLAR,ENDG,DESPACHADO CENTRALMENTE,0.0,0.0,0.0,0.0,0.0,0.0,1330.39,10224.8,22716.74,29219.15,32810.88,34050.27,33312.39,31650.71,26728.75,14130.15,7669.06,1665.67,0.0,0.0,0.0,0.0,0.0,0.0,TX4
2019-02-23 00:00:00,EL PASO,SOLAR,RAD SOLAR,ENDG,DESPACHADO CENTRALMENTE,0.0,0.0,0.0,0.0,0.0,0.0,2088.34,9140.33,21975.62,25944.6,29060.97,26765.91,30655.5,31645.7,25727.62,19113.22,9412.21,2039.72,0.0,0.0,0.0,0.0,0.0,0.0,TX4
2019-02-24 00:00:00,EL PASO,SOLAR,RAD SOLAR,ENDG,DESPACHADO CENTRALMENTE,0.0,0.0,0.0,0.0,0.0,0.0,1370.34,10989.24,23125.64,29152.69,29983.13,31168.29,31246.53,28040.68,25379.79,22241.08,12730.22,2773.11,0.0,0.0,0.0,0.0,0.0,0.0,TX4
2019-02-25 00:00:00,EL PASO,SOLAR,RAD SOLAR,ENDG,DESPACHADO CENTRALMENTE,0.0,0.0,0.0,0.0,0.0,0.0,1403.42,10987.68,22331.86,24765.6,26177.79,27232.27,27008.28,27142.39,26933.79,21446.74,11584.73,2466.33,0.0,0.0,0.0,0.0,0.0,0.0,TX4
2019-02-26 00:00:00,EL PASO,SOLAR,RAD SOLAR,ENDG,DESPACHADO CENTRALMENTE,0.0,0.0,0.0,0.0,0.0,0.0,1538.75,11487.22,23729.85,24233.93,26065.08,28376.27,31478.43,30872.26,27733.87,22256.01,13615.09,3268.82,0.0,0.0,0.0,0.0,0.0,0.0,TX4
2019-02-27 00:00:00,EL PASO,SOLAR,RAD SOLAR,ENDG,DESPACHADO CENTRALMENTE,0.0,0.0,0.0,0.0,0.0,0.0,1590.71,11110.79,24235.1,28534.85,28200.05,31801.33,33459.58,32675.3,27735.96,19014.62,13007.48,3403.73,0.0,0.0,0.0,0.0,0.0,0.0,TX4
2019-02-28 00:00:00,EL PASO,SOLAR,RAD SOLAR,ENDG,DESPACHADO CENTRALMENTE,0.0,0.0,0.0,0.0,0.0,0.0,1632.86,11044.01,21674.16,27901.07,30737.37,32550.41,33910.09,33722.48,27897.9,15230.48,10900.36,3228.13,0.0,0.0,0.0,0.0,0.0,0.0,TX4
2019-03-01 00:00:00,EL PASO,SOLAR,RAD SOLAR,ENDG,DESPACHADO CENTRALMENTE,0.0,0.0,0.0,0.0,0.0,0.0,1237.06,7805.15,20701.65,26975.31,31640.12,33836.68,33959.1,32248.91,27849.18,21851.08,11204.22,3031.99,0.0,0.0,0.0,0.0,0.0,0.0,TX5
2019-03-02 00:00:00,EL PASO,SOLAR,RAD SOLAR,ENDG,DESPACHADO CENTRALMENTE,0.0,0.0,0.0,0.0,0.0,0.0,552.55,6418.68,11655.73,24217.74,28879.78,29406.17,32636.06,29510.71,27805.38,22161.63,8256.06,1921.66,0.0,0.0,0.0,0.0,0.0,0.0,TX5
2019-03-03 00:00:00,EL PASO,SOLAR,RAD SOLAR,ENDG,DESPACHADO CENTRALMENTE,0.0,0.0,0.0,0.0,0.0,0.0,1393.11,11539.08,25199.55,34447.02,39574.56,41484.21,40832.47,34019.09,30010.12,25148.5,8291.65,3355.3,0.0,0.0,0.0,0.0,0.0,0.0,TX5
2019-03-04 00:00:00,EL PASO,SOLAR,RAD SOLAR,ENDG,DESPACHADO CENTRALMENTE,0.0,0.0,0.0,0.0,0.0,0.0,1516.63,11353.32,23601.44,25959.29,29797.75,30715.62,35203.54,36840.83,28745.77,21285.47,8469.24,1616.45,0.0,0.0,0.0,0.0,0.0,0.0,TX5
2019-03-05 00:00:00,EL PASO,SOLAR,RAD SOLAR,ENDG,DESPACHADO CENTRALMENTE,0.0,0.0,0.0,0.0,0.0,0.0,1917.45,10342.64,16724.53,23868.28,21832.04,28558.04,34793.05,35898.13,33392.34,23648.32,7736.32,1397.72,0.0,0.0,0.0,0.0,0.0,0.0,TX5
2019-03-06 00:00:00,EL PASO,SOLAR,RAD SOLAR,ENDG,DESPACHADO CENTRALMENTE,0.0,0.0,0.0,0.0,0.0,0.0,1612.74,12934.21,26099.49,31705.14,36444.07,37872.09,41212.38,36398.83,33048.28,28219.36,14942.29,3537.71,0.0,0.0,0.0,0.0,0.0,0.0,TX5
2019-03-07 00:00:00,EL PASO,SOLAR,RAD SOLAR,ENDG,DESPACHADO CENTRALMENTE,0.0,0.0,0.0,0.0,0.0,0.0,1244.19,8310.75,20324.61,29808.52,35528.91,38803.04,37906.83,33827.49,33934.2,31184.95,21233.2,4709.69,0.0,0.0,0.0,0.0,0.0,0.0,TX5
2019-03-08 00:00:00,EL PASO,SOLAR,RAD SOLAR,ENDG,DESPACHADO CENTRALMENTE,0.0,0.0,0.0,0.0,0.0,0.0,2988.86,24859.65,36223.51,39722.46,41071.72,43174.39,43372.63,41849.64,34528.58,21576.78,7441.55,1495.08,0.0,0.0,0.0,0.0,0.0,0.0,TX5
2019-03-09 00:00:00,EL PASO,SOLAR,RAD SOLAR,ENDG,DESPACHADO CENTRALMENTE,0.0,0.0,0.0,0.0,0.0,0.0,2227.46,12559.43,26773.41,35709.29,39318.74,42086.68,43605.74,42484.37,38650.19,28357.62,13843.28,3055.35,0.0,0.0,0.0,0.0,0.0,0.0,TX5
2019-03-10 00:00:00,EL PASO,SOLAR,RAD SOLAR,ENDG,DESPACHADO CENTRALMENTE,0.0,0.0,0.0,0.0,0.0,0.0,999.22,10411.98,25735.81,19091.61,35287.75,42227.59,41728.0,38683.39,34531.54,18778.5,4354.81,777.09,0.0,0.0,0.0,0.0,0.0,0.0,TX5
2019-03-11 00:00:00,EL PASO,SOLAR,RAD SOLAR,ENDG,DESPACHADO CENTRALMENTE,0.0,0.0,0.0,0.0,0.0,0.0,2120.35,12732.2,32939.97,39058.19,39386.56,39107.38,40227.82,43441.11,38788.45,30659.54,18391.07,6090.65,0.0,0.0,0.0,0.0,0.0,0.0,TX5
2019-03-12 00:00:00,EL PASO,SOLAR,RAD SOLAR,ENDG,DESPACHADO CENTRALMENTE,0.0,0.0,0.0,0.0,0.0,0.0,4504.43,28094.8,40825.04,44503.73,45810.05,44998.93,43304.17,40765.42,38944.38,35778.79,18583.75,4317.47,0.0,0.0,0.0,0.0,0.0,0.0,TX5
2019-03-13 00:00:00,EL PASO,SOLAR,RAD SOLAR,ENDG,DESPACHADO CENTRALMENTE,0.0,0.0,0.0,0.0,0.0,0.0,4316.38,26047.56,35760.53,38254.84,39927.91,40895.47,41165.31,40447.72,29852.48,31831.24,20151.62,3530.11,0.0,0.0,0.0,0.0,0.0,0.0,TX5
2019-03-14 00:00:00,EL PASO,SOLAR,RAD SOLAR,ENDG,DESPACHADO CENTRALMENTE,0.0,0.0,0.0,0.0,0.0,0.0,4624.91,28916.98,41219.45,42236.47,43564.61,43007.72,44584.59,44657.38,38384.44,34736.3,23536.12,4578.61,0.0,0.0,0.0,0.0,0.0,0.0,TX5
2019-03-15 00:00:00,EL PASO,SOLAR,RAD SOLAR,ENDG,DESPACHADO CENTRALMENTE,0.0,0.0,0.0,0.0,0.0,0.0,4198.46,22251.09,38542.68,44170.4,44424.4,45709.01,45589.52,45357.47,41152.53,24773.17,23075.23,2220.12,0.0,0.0,0.0,0.0,0.0,0.0,TX5
2019-03-16 00:00:00,EL PASO,SOLAR,RAD SOLAR,ENDG,DESPACHADO CENTRALMENTE,0.0,0.0,0.0,0.0,0.0,0.0,4668.49,28916.75,43039.2,47652.68,49405.94,49461.72,49652.65,48550.11,46267.98,40271.21,28380.85,5966.72,0.0,0.0,0.0,0.0,0.0,0.0,TX5
2019-03-17 00:00:00,EL PASO,SOLAR,RAD SOLAR,ENDG,DESPACHADO CENTRALMENTE,0.0,0.0,0.0,0.0,0.0,0.0,4871.08,29562.39,42680.11,46501.42,47623.21,46801.88,42749.39,21403.11,0.0,0.0,9981.25,2702.49,0.0,0.0,0.0,0.0,0.0,0.0,TX5
2019-03-18 00:00:00,EL PASO,SOLAR,RAD SOLAR,ENDG,DESPACHADO CENTRALMENTE,0.0,0.0,0.0,0.0,0.0,0.0,4942.41,28272.29,39105.31,45371.23,49023.24,47796.9,43306.45,42677.82,40654.0,33174.89,25061.63,5482.98,0.0,0.0,0.0,0.0,0.0,0.0,TX5
2019-03-19 00:00:00,EL PASO,SOLAR,RAD SOLAR,ENDG,DESPACHADO CENTRALMENTE,0.0,0.0,0.0,0.0,0.0,0.0,2331.23,4063.99,15963.52,22931.37,33734.39,33199.29,40606.55,33107.17,30181.88,31705.73,15897.16,2206.19,0.0,0.0,0.0,0.0,0.0,0.0,TX5
2019-03-20 00:00:00,EL PASO,SOLAR,RAD SOLAR,ENDG,DESPACHADO CENTRALMENTE,0.0,0.0,0.0,0.0,0.0,0.0,1592.46,4531.29,22011.42,35106.35,39630.36,39417.28,37473.33,37212.84,32289.57,29942.57,19870.0,2523.08,0.0,0.0,0.0,0.0,0.0,0.0,TX5
2019-03-21 00:00:00,EL PASO,SOLAR,RAD SOLAR,ENDG,DESPACHADO CENTRALMENTE,0.0,0.0,0.0,0.0,0.0,0.0,316.95,3699.47,11666.78,30635.62,26777.98,35659.55,37340.51,39185.25,36476.28,30513.35,14740.59,1080.16,0.0,0.0,0.0,0.0,0.0,0.0,TX5
2019-03-22 00:00:00,EL PASO,SOLAR,RAD SOLAR,ENDG,DESPACHADO CENTRALMENTE,0.0,0.0,0.0,0.0,0.0,0.0,3029.05,17414.77,25245.44,24761.36,32747.96,35463.64,36703.44,38042.98,22636.25,10670.75,3863.11,459.75,0.0,0.0,0.0,0.0,0.0,0.0,TX5
2019-03-23 00:00:00,EL PASO,SOLAR,RAD SOLAR,ENDG,DESPACHADO CENTRALMENTE,0.0,0.0,0.0,0.0,0.0,0.0,3479.14,9297.21,27881.02,37751.24,37138.81,40435.94,41136.27,37700.82,34829.1,24641.88,15783.31,2689.9,0.0,0.0,0.0,0.0,0.0,0.0,TX5
2019-03-24 00:00:00,EL PASO,SOLAR,RAD SOLAR,ENDG,DESPACHADO CENTRALMENTE,0.0,0.0,0.0,0.0,0.0,0.0,4449.77,14455.16,29061.62,36152.73,36533.86,38486.57,36419.01,30905.01,32793.32,24067.92,11235.5,2629.33,0.0,0.0,0.0,0.0,0.0,0.0,TX5
2019-03-25 00:00:00,EL PASO,SOLAR,RAD SOLAR,ENDG,DESPACHADO CENTRALMENTE,0.0,0.0,0.0,0.0,0.0,0.0,4159.02,21992.89,30508.66,34680.28,35241.03,35119.81,35271.11,34267.43,32144.99,29284.88,19732.65,4151.6,0.0,0.0,0.0,0.0,0.0,0.0,TX5
2019-03-26 00:00:00,EL PASO,SOLAR,RAD SOLAR,ENDG,DESPACHADO CENTRALMENTE,0.0,0.0,0.0,0.0,0.0,0.0,3486.26,17455.8,25752.99,24189.92,33021.95,39614.34,41798.62,40425.13,37515.22,30780.99,23850.86,3522.7,0.0,0.0,0.0,0.0,0.0,0.0,TX5
2019-03-27 00:00:00,EL PASO,SOLAR,RAD SOLAR,ENDG,DESPACHADO CENTRALMENTE,0.0,0.0,0.0,0.0,0.0,0.0,3975.05,21010.99,31130.32,38605.55,34691.48,32111.4,41232.61,40759.98,36429.32,30118.75,11291.63,2431.09,0.0,0.0,0.0,0.0,0.0,0.0,TX5
2019-03-28 00:00:00,EL PASO,SOLAR,RAD SOLAR,ENDG,DESPACHADO CENTRALMENTE,0.0,0.0,0.0,0.0,0.0,0.0,3574.25,13154.95,32833.71,38563.76,40186.7,41748.2,41107.29,34396.18,31647.42,23558.99,16703.4,4051.81,0.0,0.0,0.0,0.0,0.0,0.0,TX5
2019-03-29 00:00:00,EL PASO,SOLAR,RAD SOLAR,ENDG,DESPACHADO CENTRALMENTE,0.0,0.0,0.0,0.0,0.0,0.0,0.0,0.0,18176.68,43195.41,44343.68,45538.4,40883.28,36926.14,30066.86,22804.34,9739.08,683.34,0.0,0.0,0.0,0.0,0.0,0.0,TX5
2019-03-30 00:00:00,EL PASO,SOLAR,RAD SOLAR,ENDG,DESPACHADO CENTRALMENTE,0.0,0.0,0.0,0.0,0.0,0.0,3189.41,10371.22,21899.67,39142.97,50622.52,48174.64,49806.31,47317.42,48545.8,34341.57,26534.38,7521.64,0.0,0.0,0.0,0.0,0.0,0.0,TX5
2019-03-31 00:00:00,EL PASO,SOLAR,RAD SOLAR,ENDG,DESPACHADO CENTRALMENTE,0.0,0.0,0.0,0.0,0.0,0.0,5869.64,28052.81,38932.31,48710.48,52970.19,53043.95,51223.75,44588.84,44676.78,36698.81,18847.58,2241.51,0.0,0.0,0.0,0.0,0.0,0.0,TX5
2019-04-01 00:00:00,EL PASO,SOLAR,RAD SOLAR,ENDG,DESPACHADO CENTRALMENTE,0.0,0.0,0.0,0.0,0.0,0.0,1120.62,4048.54,9024.66,11870.03,25165.57,40590.91,44825.96,32071.76,40662.55,16624.31,2656.74,466.29,0.0,0.0,0.0,0.0,0.0,0.0,TX5
2019-04-02 00:00:00,EL PASO,SOLAR,RAD SOLAR,ENDG,DESPACHADO CENTRALMENTE,0.0,0.0,0.0,0.0,0.0,0.0,2768.62,7669.1,27783.44,41301.28,38915.33,36568.27,32932.03,30139.71,35756.69,13939.93,5315.99,1143.37,0.0,0.0,0.0,0.0,0.0,0.0,TX5
2019-04-03 00:00:00,EL PASO,SOLAR,RAD SOLAR,ENDG,DESPACHADO CENTRALMENTE,0.0,0.0,0.0,0.0,0.0,0.0,8364.0,27025.17,41878.23,47660.95,50532.74,51349.85,51337.94,50039.59,45810.63,43879.42,32059.94,1892.54,0.0,0.0,0.0,0.0,0.0,0.0,TX5
2019-04-04 00:00:00,EL PASO,SOLAR,RAD SOLAR,ENDG,DESPACHADO CENTRALMENTE,0.0,0.0,0.0,0.0,0.0,0.0,4072.91,25438.5,48526.58,51282.54,52337.31,50464.26,52784.84,50526.86,45187.72,43087.69,31572.48,6211.28,0.0,0.0,0.0,0.0,0.0,0.0,TX5
2019-04-05 00:00:00,EL PASO,SOLAR,RAD SOLAR,ENDG,DESPACHADO CENTRALMENTE,0.0,0.0,0.0,0.0,0.0,0.0,9530.17,38077.41,48802.82,51440.15,50936.38,48350.53,46903.53,43773.36,40157.39,38705.32,33885.36,7341.24,0.0,0.0,0.0,0.0,0.0,0.0,TX5
2019-04-06 00:00:00,EL PASO,SOLAR,RAD SOLAR,ENDG,DESPACHADO CENTRALMENTE,0.0,0.0,0.0,0.0,0.0,0.0,10301.17,38221.43,49675.25,53804.35,55881.98,56562.79,54016.48,55407.88,53001.95,48178.47,31735.38,6188.65,0.0,0.0,0.0,0.0,0.0,0.0,TX5
2019-04-08 00:00:00,EL PASO,SOLAR,RAD SOLAR,ENDG,DESPACHADO CENTRALMENTE,0.0,0.0,0.0,0.0,0.0,0.0,5194.15,27458.05,42688.83,49764.58,53059.37,53462.21,52950.34,44926.17,40265.62,28824.88,12162.53,7034.06,0.0,0.0,0.0,0.0,0.0,0.0,TX5
2019-04-09 00:00:00,EL PASO,SOLAR,RAD SOLAR,ENDG,DESPACHADO CENTRALMENTE,0.0,0.0,0.0,0.0,0.0,0.0,7321.21,30420.23,44495.0,45245.46,47848.53,50484.11,49706.77,46468.89,44584.04,26915.04,6469.97,1984.6,0.0,0.0,0.0,0.0,0.0,0.0,TX5
2019-04-10 00:00:00,EL PASO,SOLAR,RAD SOLAR,ENDG,DESPACHADO CENTRALMENTE,0.0,0.0,0.0,0.0,0.0,0.0,2136.38,13954.87,16320.79,43404.47,43709.11,38484.77,40003.54,36814.47,4154.55,8.72,2456.77,4212.1,0.0,0.0,0.0,0.0,0.0,0.0,TX5
2019-04-11 00:00:00,EL PASO,SOLAR,RAD SOLAR,ENDG,DESPACHADO CENTRALMENTE,0.0,0.0,0.0,0.0,0.0,0.0,353.28,2437.31,5823.67,10541.13,22097.56,26371.44,51590.26,41579.97,22667.32,25081.6,23266.79,3841.09,0.0,0.0,0.0,0.0,0.0,0.0,TX5
2019-04-12 00:00:00,EL PASO,SOLAR,RAD SOLAR,ENDG,DESPACHADO CENTRALMENTE,0.0,0.0,0.0,0.0,0.0,0.0,7895.25,28555.91,46820.9,52038.19,53151.22,52902.03,52601.63,43801.52,43625.35,25281.2,15624.35,4628.28,0.0,0.0,0.0,0.0,0.0,0.0,TX5
2019-04-13 00:00:00,EL PASO,SOLAR,RAD SOLAR,ENDG,DESPACHADO CENTRALMENTE,0.0,0.0,0.0,0.0,0.0,0.0,8063.18,23922.58,41903.52,53520.78,55009.94,49236.93,54923.3,54465.93,44778.54,36303.65,20558.79,4099.06,0.0,0.0,0.0,0.0,0.0,0.0,TX5
2019-04-14 00:00:00,EL PASO,SOLAR,RAD SOLAR,ENDG,DESPACHADO CENTRALMENTE,0.0,0.0,0.0,0.0,0.0,0.0,3147.28,21514.95,39203.9,34163.64,51621.85,33394.24,41453.73,41234.35,41471.11,37600.68,17513.96,1576.99,0.0,0.0,0.0,0.0,0.0,0.0,TX5
2019-04-15 00:00:00,EL PASO,SOLAR,RAD SOLAR,ENDG,DESPACHADO CENTRALMENTE,0.0,0.0,0.0,0.0,0.0,0.0,5200.17,31845.92,41520.13,37998.04,28935.49,45798.58,47890.45,44635.73,37990.33,34918.11,29464.92,5899.04,0.0,0.0,0.0,0.0,0.0,0.0,TX5
2019-04-16 00:00:00,EL PASO,SOLAR,RAD SOLAR,ENDG,DESPACHADO CENTRALMENTE,0.0,0.0,0.0,0.0,0.0,0.0,10078.38,37048.16,51868.41,57471.5,57268.24,57434.34,51759.41,51948.03,50510.27,48911.73,23958.56,2975.67,0.0,0.0,0.0,0.0,0.0,0.0,TX5
2019-04-17 00:00:00,EL PASO,SOLAR,RAD SOLAR,ENDG,DESPACHADO CENTRALMENTE,0.0,0.0,0.0,0.0,0.0,69.02,12184.21,28375.07,48868.95,59579.22,59799.04,38664.79,46891.85,54148.54,45802.81,44692.72,20202.45,1811.62,0.0,0.0,0.0,0.0,0.0,0.0,TX5
2019-04-18 00:00:00,EL PASO,SOLAR,RAD SOLAR,ENDG,DESPACHADO CENTRALMENTE,0.0,0.0,0.0,0.0,0.0,0.0,4207.08,9443.71,33356.6,53275.25,46979.75,33949.33,38640.47,47538.61,33062.6,18157.22,4202.56,474.58,0.0,0.0,0.0,0.0,0.0,0.0,TX5
2019-04-19 00:00:00,EL PASO,SOLAR,RAD SOLAR,ENDG,DESPACHADO CENTRALMENTE,0.0,0.0,0.0,0.0,0.0,0.0,10833.98,38278.55,49626.96,54030.81,54624.57,43333.62,32431.62,23865.14,52389.11,44668.48,7018.77,0.0,0.0,0.0,0.0,0.0,0.0,0.0,TX5
2019-04-20 00:00:00,EL PASO,SOLAR,RAD SOLAR,ENDG,DESPACHADO CENTRALMENTE,0.0,0.0,0.0,0.0,0.0,0.0,2620.25,6696.68,12872.95,17183.86,44575.45,45297.43,37454.3,36923.38,35455.43,12009.36,1029.6,0.0,0.0,0.0,0.0,0.0,0.0,0.0,TX5
2019-04-21 00:00:00,EL PASO,SOLAR,RAD SOLAR,ENDG,DESPACHADO CENTRALMENTE,0.0,0.0,0.0,0.0,0.0,0.0,2802.53,11894.23,13098.58,22442.54,32628.51,36301.8,32489.12,46063.57,44042.18,38885.45,23517.67,2494.33,0.0,0.0,0.0,0.0,0.0,0.0,TX5
2019-04-22 00:00:00,EL PASO,SOLAR,RAD SOLAR,ENDG,DESPACHADO CENTRALMENTE,0.0,0.0,0.0,0.0,0.0,0.0,4846.04,10671.31,18830.05,20771.77,25424.81,39318.47,31451.55,20561.12,35044.53,25265.74,12824.68,5907.24,0.0,0.0,0.0,0.0,0.0,0.0,TX5
2019-04-23 00:00:00,EL PASO,SOLAR,RAD SOLAR,ENDG,DESPACHADO CENTRALMENTE,0.0,0.0,0.0,0.0,0.0,0.0,11508.75,34578.01,44468.41,45744.44,43490.46,45457.99,40092.21,45350.77,43218.65,39539.4,24706.93,1091.92,0.0,0.0,0.0,0.0,0.0,0.0,TX5
2019-04-24 00:00:00,EL PASO,SOLAR,RAD SOLAR,ENDG,DESPACHADO CENTRALMENTE,0.0,0.0,0.0,0.0,0.0,0.0,6059.85,22255.07,38971.09,45553.03,46714.35,42073.62,45201.78,44156.98,42121.69,34108.16,24485.57,5436.46,0.0,0.0,0.0,0.0,0.0,0.0,TX5
2019-04-25 00:00:00,EL PASO,SOLAR,RAD SOLAR,ENDG,DESPACHADO CENTRALMENTE,0.0,0.0,0.0,0.0,0.0,0.0,7044.24,34217.75,43063.04,45109.84,45791.44,48278.84,48603.07,42514.16,43744.17,40272.89,20727.83,1938.27,0.0,0.0,0.0,0.0,0.0,0.0,TX5
2019-04-26 00:00:00,EL PASO,SOLAR,RAD SOLAR,ENDG,DESPACHADO CENTRALMENTE,0.0,0.0,0.0,0.0,0.0,61.56,3934.99,14073.01,33964.21,46792.43,39829.56,35130.01,40547.32,37982.6,39472.84,28009.28,11581.94,2075.29,0.0,0.0,0.0,0.0,0.0,0.0,TX5
2019-04-27 00:00:00,EL PASO,SOLAR,RAD SOLAR,ENDG,DESPACHADO CENTRALMENTE,0.0,0.0,0.0,0.0,0.0,0.0,5079.75,28039.3,42765.73,49246.43,48790.74,52295.56,52937.66,44302.63,40135.66,29025.65,10996.12,3402.41,0.0,0.0,0.0,0.0,0.0,0.0,TX5
2019-04-28 00:00:00,EL PASO,SOLAR,RAD SOLAR,ENDG,DESPACHADO CENTRALMENTE,0.0,0.0,0.0,0.0,0.0,2.7,5784.76,29874.45,39017.93,42697.99,48606.43,51775.57,52015.54,48936.78,45920.78,41543.18,27086.87,4845.28,0.0,0.0,0.0,0.0,0.0,0.0,TX5
2019-04-29 00:00:00,EL PASO,SOLAR,RAD SOLAR,ENDG,DESPACHADO CENTRALMENTE,0.0,0.0,0.0,0.0,0.0,34.94,7434.42,23342.58,35359.04,42920.18,44740.32,47127.53,47751.04,42487.25,35775.98,32468.47,15636.07,3712.02,0.0,0.0,0.0,0.0,0.0,0.0,TX5
2019-04-30 00:00:00,EL PASO,SOLAR,RAD SOLAR,ENDG,DESPACHADO CENTRALMENTE,0.0,0.0,0.0,0.0,0.0,232.31,11608.48,33044.21,41816.32,47987.5,50385.04,51033.4,52577.52,46726.39,39489.87,26986.02,11553.39,5676.23,0.0,0.0,0.0,0.0,0.0,0.0,TX5
2019-05-01 00:00:00,EL PASO,SOLAR,RAD SOLAR,ENDG,DESPACHADO CENTRALMENTE,0.0,0.0,0.0,0.0,0.0,262.7,10540.11,30121.48,43953.92,48521.59,48390.68,46800.97,46843.42,46082.56,43872.37,36678.38,23271.69,3190.54,0.0,0.0,0.0,0.0,0.0,0.0,TX3
2019-05-02 00:00:00,EL PASO,SOLAR,RAD SOLAR,ENDG,DESPACHADO CENTRALMENTE,0.0,0.0,0.0,0.0,0.0,169.61,11775.87,31294.87,40390.63,44366.97,47826.95,48248.23,51416.42,49690.85,46700.9,39400.13,21116.69,5098.55,0.0,0.0,0.0,0.0,0.0,0.0,TX3
2019-05-03 00:00:00,EL PASO,SOLAR,RAD SOLAR,ENDG,DESPACHADO CENTRALMENTE,0.0,0.0,0.0,0.0,0.0,0.0,0.0,0.0,17776.02,45446.12,50057.41,46236.69,46025.82,42428.31,38208.07,34379.96,20888.95,4286.48,0.0,0.0,0.0,0.0,0.0,0.0,TX3
2019-05-04 00:00:00,EL PASO,SOLAR,RAD SOLAR,ENDG,DESPACHADO CENTRALMENTE,0.0,0.0,0.0,0.0,0.0,0.0,6743.9,13697.41,19218.42,27257.35,27706.78,37353.01,43763.0,38312.63,39834.79,29635.56,13194.21,2563.98,0.0,0.0,0.0,0.0,0.0,0.0,TX3
2019-05-05 00:00:00,EL PASO,SOLAR,RAD SOLAR,ENDG,DESPACHADO CENTRALMENTE,0.0,0.0,0.0,0.0,0.0,357.52,224.84,0.0,0.0,0.0,0.0,0.0,0.0,0.0,0.0,0.0,106.04,532.06,0.0,0.0,0.0,0.0,0.0,0.0,TX3
2019-05-06 00:00:00,EL PASO,SOLAR,RAD SOLAR,ENDG,DESPACHADO CENTRALMENTE,0.0,0.0,0.0,0.0,0.0,106.89,7067.84,26866.41,34816.64,43847.94,33840.59,39111.38,44432.37,40454.79,37475.55,32129.74,10833.0,2604.67,0.0,0.0,0.0,0.0,0.0,0.0,TX3
2019-05-07 00:00:00,EL PASO,SOLAR,RAD SOLAR,ENDG,DESPACHADO CENTRALMENTE,0.0,0.0,0.0,0.0,0.0,193.73,9310.57,23442.84,28753.87,35530.96,39759.55,41770.1,38984.12,39887.57,32096.38,14318.79,4500.84,401.23,0.0,0.0,0.0,0.0,0.0,0.0,TX3
2019-05-08 00:00:00,EL PASO,SOLAR,RAD SOLAR,ENDG,DESPACHADO CENTRALMENTE,0.0,0.0,0.0,0.0,0.0,118.98,7031.71,21528.14,32206.3,34418.74,35061.75,33377.39,32968.88,19994.68,20779.29,8894.76,3726.78,807.3,0.0,0.0,0.0,0.0,0.0,0.0,TX3
2019-05-09 00:00:00,EL PASO,SOLAR,RAD SOLAR,ENDG,DESPACHADO CENTRALMENTE,0.0,0.0,0.0,0.0,0.0,377.74,4249.97,15554.17,30344.76,38432.3,40942.19,38333.29,34637.99,24042.28,34087.73,7392.25,1451.63,310.77,0.0,0.0,0.0,0.0,0.0,0.0,TX3
2019-05-10 00:00:00,EL PASO,SOLAR,RAD SOLAR,ENDG,DESPACHADO CENTRALMENTE,0.0,0.0,0.0,0.0,0.0,0.0,463.74,2143.77,11548.05,19265.26,24551.21,35839.37,39695.0,34669.5,32511.43,22146.73,10775.4,2032.71,0.0,0.0,0.0,0.0,0.0,0.0,TX3
2019-05-11 00:00:00,EL PASO,SOLAR,RAD SOLAR,ENDG,DESPACHADO CENTRALMENTE,0.0,0.0,0.0,0.0,0.0,39.75,2402.79,10284.65,12020.09,12996.51,22242.55,29277.05,32106.34,26057.36,26483.46,20904.79,14583.39,1197.3,0.0,0.0,0.0,0.0,0.0,0.0,TX3
2019-05-12 00:00:00,EL PASO,SOLAR,RAD SOLAR,ENDG,DESPACHADO CENTRALMENTE,0.0,0.0,0.0,0.0,0.0,7.74,4889.54,13447.53,18428.54,18564.6,22411.14,24509.28,36645.19,26732.6,14742.99,11993.83,7486.13,4172.11,0.0,0.0,0.0,0.0,0.0,0.0,TX3
2019-05-13 00:00:00,EL PASO,SOLAR,RAD SOLAR,ENDG,DESPACHADO CENTRALMENTE,0.0,0.0,0.0,0.0,0.0,157.63,6861.6,19215.84,31587.28,36577.2,38784.61,41021.25,39989.11,32035.41,26675.0,23131.44,14503.99,2237.28,0.0,0.0,0.0,0.0,0.0,0.0,TX3
2019-05-14 00:00:00,EL PASO,SOLAR,RAD SOLAR,ENDG,DESPACHADO CENTRALMENTE,0.0,0.0,0.0,0.0,0.0,99.9,2679.59,15932.42,26573.75,33359.12,31543.93,37476.14,40812.09,39957.6,36171.71,19070.29,8525.57,2763.43,0.0,0.0,0.0,0.0,0.0,0.0,TX3
2019-05-15 00:00:00,EL PASO,SOLAR,RAD SOLAR,ENDG,DESPACHADO CENTRALMENTE,0.0,0.0,0.0,0.0,0.0,297.37,6676.62,13328.16,27774.85,37314.29,32051.1,35227.83,30971.75,30581.32,28212.15,16958.44,7745.22,178.1,0.0,0.0,0.0,0.0,0.0,0.0,TX3
2019-05-16 00:00:00,EL PASO,SOLAR,RAD SOLAR,ENDG,DESPACHADO CENTRALMENTE,0.0,0.0,0.0,0.0,0.0,276.5,8640.65,24173.49,35883.65,42126.06,45708.71,51733.69,50419.53,39711.47,33709.05,33521.89,9030.15,2282.04,0.0,0.0,0.0,0.0,0.0,0.0,TX3
2019-05-17 00:00:00,EL PASO,SOLAR,RAD SOLAR,ENDG,DESPACHADO CENTRALMENTE,0.0,0.0,0.0,0.0,0.0,0.0,6294.52,13839.88,16844.89,32772.12,28052.5,39036.68,31417.3,27087.46,30988.36,25783.55,5567.51,1258.23,0.0,0.0,0.0,0.0,0.0,0.0,TX3
2019-05-18 00:00:00,EL PASO,SOLAR,RAD SOLAR,ENDG,DESPACHADO CENTRALMENTE,0.0,0.0,0.0,0.0,0.0,250.5,7906.05,22589.36,33133.89,41125.1,41708.75,44246.57,41858.07,20685.52,27469.77,15045.7,5471.2,437.19,0.0,0.0,0.0,0.0,0.0,0.0,TX3
2019-05-19 00:00:00,EL PASO,SOLAR,RAD SOLAR,ENDG,DESPACHADO CENTRALMENTE,0.0,0.0,0.0,0.0,0.0,0.0,8049.36,14273.99,9546.85,9080.14,17665.88,26528.64,29752.61,32064.76,34726.83,17934.33,6781.37,1862.57,0.0,0.0,0.0,0.0,0.0,0.0,TX3
2019-05-20 00:00:00,EL PASO,SOLAR,RAD SOLAR,ENDG,DESPACHADO CENTRALMENTE,0.0,0.0,0.0,0.0,0.0,0.0,5553.16,21818.82,32110.12,39542.57,32363.11,36420.74,30623.51,36194.65,26718.34,30185.15,17917.17,1992.41,0.0,0.0,0.0,0.0,0.0,0.0,TX3
2019-05-21 00:00:00,EL PASO,SOLAR,RAD SOLAR,ENDG,DESPACHADO CENTRALMENTE,0.0,0.0,0.0,0.0,0.0,0.0,1806.91,7428.14,24291.26,32542.01,24897.95,30548.09,38785.59,33094.03,27595.92,20014.57,17045.72,3678.65,0.0,0.0,0.0,0.0,0.0,0.0,TX3
2019-05-22 00:00:00,EL PASO,SOLAR,RAD SOLAR,ENDG,DESPACHADO CENTRALMENTE,0.0,0.0,0.0,0.0,0.0,127.45,8907.74,22713.21,30087.6,43439.96,50876.86,52486.64,44358.12,39773.72,26328.54,24850.84,8366.18,0.0,0.0,0.0,0.0,0.0,0.0,0.0,TX3
2019-05-23 00:00:00,EL PASO,SOLAR,RAD SOLAR,ENDG,DESPACHADO CENTRALMENTE,0.0,0.0,0.0,0.0,0.0,113.57,2650.93,8484.09,19382.16,19557.61,15427.81,22547.94,24945.11,34159.82,32694.27,22973.8,9993.07,2492.44,0.0,0.0,0.0,0.0,0.0,0.0,TX3
2019-05-24 00:00:00,EL PASO,SOLAR,RAD SOLAR,ENDG,DESPACHADO CENTRALMENTE,0.0,0.0,0.0,0.0,0.0,0.0,7545.73,16238.46,34013.66,46756.09,50970.22,48764.24,44372.96,48952.22,38099.34,30723.13,14864.46,4044.26,0.0,0.0,0.0,0.0,0.0,0.0,TX3
2019-05-25 00:00:00,EL PASO,SOLAR,RAD SOLAR,ENDG,DESPACHADO CENTRALMENTE,0.0,0.0,0.0,0.0,0.0,0.0,3091.69,13010.65,27072.68,23555.18,26942.89,30181.5,29041.81,26673.93,25402.61,20913.29,13038.56,4743.04,0.0,0.0,0.0,0.0,0.0,0.0,TX3
2019-05-26 00:00:00,EL PASO,SOLAR,RAD SOLAR,ENDG,DESPACHADO CENTRALMENTE,0.0,0.0,0.0,0.0,0.0,105.9,2454.08,7814.8,23690.16,34126.3,41796.8,44952.49,47907.49,41880.09,9147.22,6814.2,5006.64,957.1,0.0,0.0,0.0,0.0,0.0,0.0,TX3
2019-05-27 00:00:00,EL PASO,SOLAR,RAD SOLAR,ENDG,DESPACHADO CENTRALMENTE,0.0,0.0,0.0,0.0,0.0,92.55,4675.31,10807.5,28939.0,33607.55,32410.13,46219.59,42904.35,46992.8,42186.07,31589.29,17387.8,3088.27,0.0,0.0,0.0,0.0,0.0,0.0,TX3
2019-05-28 00:00:00,EL PASO,SOLAR,RAD SOLAR,ENDG,DESPACHADO CENTRALMENTE,0.0,0.0,0.0,0.0,0.0,0.0,421.23,3179.57,8994.8,14812.8,17437.43,27680.15,28314.19,31523.99,31977.14,24490.76,13973.37,3472.05,0.0,0.0,0.0,0.0,0.0,0.0,TX3
2019-05-29 00:00:00,EL PASO,SOLAR,RAD SOLAR,ENDG,DESPACHADO CENTRALMENTE,0.0,0.0,0.0,0.0,0.0,234.51,4210.55,16656.81,22384.07,36346.04,46082.41,40349.26,37586.72,36509.85,28637.83,19772.99,18542.8,3043.03,0.0,0.0,0.0,0.0,0.0,0.0,TX3
2019-05-30 00:00:00,EL PASO,SOLAR,RAD SOLAR,ENDG,DESPACHADO CENTRALMENTE,0.0,0.0,0.0,0.0,0.0,0.0,2064.27,7017.09,22614.29,22295.01,19725.41,33399.0,40100.73,35834.27,30671.92,31055.17,7538.37,1832.04,0.0,0.0,0.0,0.0,0.0,0.0,TX3
2019-05-31 00:00:00,EL PASO,SOLAR,RAD SOLAR,ENDG,DESPACHADO CENTRALMENTE,0.0,0.0,0.0,0.0,0.0,0.0,2823.91,11706.93,31344.59,28753.26,50649.13,42994.39,50824.77,51631.31,25785.84,3490.85,823.57,0.0,0.0,0.0,0.0,0.0,0.0,0.0,TX3
2019-06-01 00:00:00,EL PASO,SOLAR,RAD SOLAR,ENDG,DESPACHADO CENTRALMENTE,0.0,0.0,0.0,0.0,0.0,233.31,8165.5,21850.82,21942.6,27321.83,42529.47,44126.21,50484.01,43131.94,26253.9,25169.85,9767.05,1800.13,0.0,0.0,0.0,0.0,0.0,0.0,TX3
2019-06-02 00:00:00,EL PASO,SOLAR,RAD SOLAR,ENDG,DESPACHADO CENTRALMENTE,0.0,0.0,0.0,0.0,0.0,0.0,456.39,6111.92,20647.43,40621.38,47721.72,44392.83,43358.94,29880.9,21714.27,11819.13,13188.98,3018.94,0.0,0.0,0.0,0.0,0.0,0.0,TX3
2019-06-03 00:00:00,EL PASO,SOLAR,RAD SOLAR,ENDG,DESPACHADO CENTRALMENTE,0.0,0.0,0.0,0.0,0.0,121.29,6694.09,19467.38,39787.85,47751.92,45825.39,45969.46,48699.0,48471.83,43802.8,35013.65,20652.69,5541.62,0.0,0.0,0.0,0.0,0.0,0.0,TX3
2019-06-04 00:00:00,EL PASO,SOLAR,RAD SOLAR,ENDG,DESPACHADO CENTRALMENTE,0.0,0.0,0.0,0.0,0.0,258.35,7901.84,24893.05,39069.72,48612.37,46439.99,43445.59,36767.58,31697.01,26050.08,21918.49,6192.95,1832.39,0.0,0.0,0.0,0.0,0.0,0.0,TX3
2019-06-05 00:00:00,EL PASO,SOLAR,RAD SOLAR,ENDG,DESPACHADO CENTRALMENTE,0.0,0.0,0.0,0.0,0.0,124.8,5370.34,13377.39,36277.21,45331.12,46254.69,42671.26,38677.5,34250.12,25020.62,20624.77,9918.6,3193.38,0.0,0.0,0.0,0.0,0.0,0.0,TX3
2019-06-06 00:00:00,EL PASO,SOLAR,RAD SOLAR,ENDG,DESPACHADO CENTRALMENTE,0.0,0.0,0.0,0.0,0.0,0.0,4163.97,12129.73,25752.3,23237.87,37057.02,36376.18,38574.16,36998.23,17005.61,3571.87,201.75,0.0,0.0,0.0,0.0,0.0,0.0,0.0,TX3
2019-06-07 00:00:00,EL PASO,SOLAR,RAD SOLAR,ENDG,DESPACHADO CENTRALMENTE,0.0,0.0,0.0,0.0,0.0,56.87,4990.45,14824.04,36905.6,34265.31,30123.37,36934.65,35892.29,32299.08,34098.92,12840.27,5709.5,599.11,0.0,0.0,0.0,0.0,0.0,0.0,TX3
2019-06-08 00:00:00,EL PASO,SOLAR,RAD SOLAR,ENDG,DESPACHADO CENTRALMENTE,0.0,0.0,0.0,0.0,0.0,190.63,6954.34,22475.34,23926.47,37756.42,45947.73,44915.63,50199.95,47685.61,42248.77,32716.35,21376.74,5295.34,0.0,0.0,0.0,0.0,0.0,0.0,TX3
2019-06-09 00:00:00,EL PASO,SOLAR,RAD SOLAR,ENDG,DESPACHADO CENTRALMENTE,0.0,0.0,0.0,0.0,0.0,474.14,6534.53,20277.77,34324.94,42952.69,43597.51,39385.62,39007.95,42142.2,40484.26,33186.0,14855.56,5262.01,141.66,0.0,0.0,0.0,0.0,0.0,TX3
2019-06-10 00:00:00,EL PASO,SOLAR,RAD SOLAR,ENDG,DESPACHADO CENTRALMENTE,0.0,0.0,0.0,0.0,0.0,0.0,3417.65,10467.95,23934.73,24677.49,30205.83,32470.17,24515.9,22042.83,27535.25,32854.24,17619.66,3753.36,0.0,0.0,0.0,0.0,0.0,0.0,TX3
2019-06-11 00:00:00,EL PASO,SOLAR,RAD SOLAR,ENDG,DESPACHADO CENTRALMENTE,0.0,0.0,0.0,0.0,0.0,282.47,6769.14,12999.25,22163.38,34733.52,35917.99,35201.13,36030.35,30244.46,30734.19,30295.37,13881.07,1616.18,0.0,0.0,0.0,0.0,0.0,0.0,TX3
2019-06-12 00:00:00,EL PASO,SOLAR,RAD SOLAR,ENDG,DESPACHADO CENTRALMENTE,0.0,0.0,0.0,0.0,0.0,0.0,3650.25,9155.98,14664.35,22137.22,44604.51,46705.35,44680.52,41677.25,33170.83,25963.73,16085.47,8071.09,220.53,0.0,0.0,0.0,0.0,0.0,TX3
2019-06-13 00:00:00,EL PASO,SOLAR,RAD SOLAR,ENDG,DESPACHADO CENTRALMENTE,0.0,0.0,0.0,0.0,0.0,282.98,8448.25,24185.43,36894.4,45537.85,51082.31,51607.58,51103.34,45299.06,31761.51,33112.6,19598.26,3734.91,0.0,0.0,0.0,0.0,0.0,0.0,TX3
2019-06-14 00:00:00,EL PASO,SOLAR,RAD SOLAR,ENDG,DESPACHADO CENTRALMENTE,0.0,0.0,0.0,0.0,0.0,214.08,5457.94,16903.52,37558.5,40747.01,43828.19,31855.13,39906.79,34949.91,26677.51,30028.32,19727.43,5320.98,0.0,0.0,0.0,0.0,0.0,0.0,TX3
2019-06-15 00:00:00,EL PASO,SOLAR,RAD SOLAR,ENDG,DESPACHADO CENTRALMENTE,0.0,0.0,0.0,0.0,0.0,285.95,5715.92,14987.8,32221.85,39053.59,46595.22,48663.1,46011.85,45221.66,36711.72,22454.3,15425.05,1181.82,0.0,0.0,0.0,0.0,0.0,0.0,TX3
2019-06-16 00:00:00,EL PASO,SOLAR,RAD SOLAR,ENDG,DESPACHADO CENTRALMENTE,0.0,0.0,0.0,0.0,0.0,0.0,6195.11,18787.86,29795.88,40273.9,52142.3,53315.22,52399.21,50074.59,44469.42,33569.46,20289.83,6045.53,0.0,0.0,0.0,0.0,0.0,0.0,TX3
2019-06-17 00:00:00,EL PASO,SOLAR,RAD SOLAR,ENDG,DESPACHADO CENTRALMENTE,0.0,0.0,0.0,0.0,0.0,0.0,6636.64,18985.44,34329.67,45719.9,51744.31,52562.52,51642.98,50210.17,42466.12,34025.26,20206.93,5823.55,0.0,0.0,0.0,0.0,0.0,0.0,TX3
2019-06-18 00:00:00,EL PASO,SOLAR,RAD SOLAR,ENDG,DESPACHADO CENTRALMENTE,0.0,0.0,0.0,0.0,0.0,118.34,6261.53,24775.8,38995.32,48366.42,53258.13,54254.22,52968.15,50010.09,43883.42,32847.11,19897.02,5951.28,12.54,0.0,0.0,0.0,0.0,0.0,TX3
2019-06-19 00:00:00,EL PASO,SOLAR,RAD SOLAR,ENDG,DESPACHADO CENTRALMENTE,0.0,0.0,0.0,0.0,0.0,158.54,7781.55,20008.84,31820.71,37069.12,49403.08,47739.7,51436.74,43905.84,34490.87,32798.34,21895.9,5918.52,0.0,0.0,0.0,0.0,0.0,0.0,TX3
2019-06-20 00:00:00,EL PASO,SOLAR,RAD SOLAR,ENDG,DESPACHADO CENTRALMENTE,0.0,0.0,0.0,0.0,0.0,0.0,6138.39,18490.0,33686.57,45299.44,48353.09,41748.41,40120.94,38476.25,34163.3,27258.23,10833.28,3542.99,0.0,0.0,0.0,0.0,0.0,0.0,TX3
2019-06-21 00:00:00,EL PASO,SOLAR,RAD SOLAR,ENDG,DESPACHADO CENTRALMENTE,0.0,0.0,0.0,0.0,0.0,103.31,6968.42,23713.12,38871.43,43589.4,49072.78,48718.37,41635.83,36020.96,34363.74,29668.89,13488.78,5424.43,68.79,0.0,0.0,0.0,0.0,0.0,TX3
2019-06-22 00:00:00,EL PASO,SOLAR,RAD SOLAR,ENDG,DESPACHADO CENTRALMENTE,0.0,0.0,0.0,0.0,0.0,260.19,6354.48,11564.32,25667.31,39969.92,26168.29,23865.63,22982.12,22888.93,35775.1,32445.23,13257.6,2845.41,0.0,0.0,0.0,0.0,0.0,0.0,TX3
2019-06-23 00:00:00,EL PASO,SOLAR,RAD SOLAR,ENDG,DESPACHADO CENTRALMENTE,0.0,0.0,0.0,0.0,0.0,55.97,5952.46,20590.52,34852.03,48331.84,51456.62,48868.63,49432.71,48322.6,33189.12,21215.72,12461.7,7432.2,57.02,0.0,0.0,0.0,0.0,0.0,TX3
2019-06-24 00:00:00,EL PASO,SOLAR,RAD SOLAR,ENDG,DESPACHADO CENTRALMENTE,0.0,0.0,0.0,0.0,0.0,0.0,2732.69,7663.71,18247.0,37925.39,43512.11,37237.54,37617.56,29672.23,23022.27,8285.0,973.67,0.0,0.0,0.0,0.0,0.0,0.0,0.0,TX3
2019-06-25 00:00:00,EL PASO,SOLAR,RAD SOLAR,ENDG,DESPACHADO CENTRALMENTE,0.0,0.0,0.0,0.0,0.0,0.0,1734.84,11241.44,19614.25,30109.03,28838.17,34648.46,33919.14,33148.39,35320.82,32543.65,20920.81,4620.41,0.0,0.0,0.0,0.0,0.0,0.0,TX3
2019-06-26 00:00:00,EL PASO,SOLAR,RAD SOLAR,ENDG,DESPACHADO CENTRALMENTE,0.0,0.0,0.0,0.0,0.0,74.72,6923.49,21860.0,35328.65,45579.56,51071.52,54181.99,54461.28,52085.94,45357.24,35598.52,20834.2,6008.39,0.0,0.0,0.0,0.0,0.0,0.0,TX3
2019-06-27 00:00:00,EL PASO,SOLAR,RAD SOLAR,ENDG,DESPACHADO CENTRALMENTE,0.0,0.0,0.0,0.0,0.0,275.01,7983.88,23517.06,35306.62,38296.44,37617.89,40145.94,41267.99,44907.34,38178.4,30034.38,16986.87,5030.2,0.0,0.0,0.0,0.0,0.0,0.0,TX3
2019-06-28 00:00:00,EL PASO,SOLAR,RAD SOLAR,ENDG,DESPACHADO CENTRALMENTE,0.0,0.0,0.0,0.0,0.0,283.82,9126.38,23302.89,37122.88,45370.61,48967.81,49826.54,49888.85,47474.58,35213.4,20001.19,15417.81,7795.25,65.11,0.0,0.0,0.0,0.0,0.0,TX3
2019-06-29 00:00:00,EL PASO,SOLAR,RAD SOLAR,ENDG,DESPACHADO CENTRALMENTE,0.0,0.0,0.0,0.0,0.0,170.02,5688.03,16726.08,31757.27,39915.23,43021.63,42401.02,42997.75,35504.16,25076.04,19864.57,10619.64,3003.72,0.0,0.0,0.0,0.0,0.0,0.0,TX3
2019-06-30 00:00:00,EL PASO,SOLAR,RAD SOLAR,ENDG,DESPACHADO CENTRALMENTE,0.0,0.0,0.0,0.0,0.0,1.1,4581.33,12525.39,22556.82,33234.24,39821.19,47178.63,45717.94,44174.06,40362.98,24325.18,13485.24,3353.74,0.0,0.0,0.0,0.0,0.0,0.0,TX3
2019-07-01 00:00:00,EL PASO,SOLAR,RAD SOLAR,ENDG,DESPACHADO CENTRALMENTE,0.0,0.0,0.0,0.0,0.0,75.92,6947.09,17729.53,34043.71,41665.39,41176.87,35051.62,35704.52,33751.6,27220.25,17529.91,16389.3,5390.76,0.0,0.0,0.0,0.0,0.0,0.0,TX3
2019-07-02 00:00:00,EL PASO,SOLAR,RAD SOLAR,ENDG,DESPACHADO CENTRALMENTE,0.0,0.0,0.0,0.0,0.0,287.93,5288.7,21414.53,19172.84,19205.62,41491.81,46325.63,47292.54,46641.79,41080.98,32507.28,12992.97,4392.08,0.0,0.0,0.0,0.0,0.0,0.0,TX3
2019-07-03 00:00:00,EL PASO,SOLAR,RAD SOLAR,ENDG,DESPACHADO CENTRALMENTE,0.0,0.0,0.0,0.0,0.0,164.91,8375.25,24202.38,28945.93,43877.24,47509.22,49351.39,50013.66,48201.75,41921.0,32976.28,20222.22,4769.19,0.0,0.0,0.0,0.0,0.0,0.0,TX3
2019-07-04 00:00:00,EL PASO,SOLAR,RAD SOLAR,ENDG,DESPACHADO CENTRALMENTE,0.0,0.0,0.0,0.0,0.0,71.53,7408.25,23265.26,37496.88,46782.36,49938.97,51679.94,51306.09,49576.97,43760.34,34156.78,20139.49,6076.56,22.75,0.0,0.0,0.0,0.0,0.0,TX3
2019-07-05 00:00:00,EL PASO,SOLAR,RAD SOLAR,ENDG,DESPACHADO CENTRALMENTE,0.0,0.0,0.0,0.0,0.0,58.44,8088.56,22347.7,35245.54,43497.53,48630.83,52364.27,51169.93,48745.15,39322.1,31988.59,19337.31,7106.82,37.63,0.0,0.0,0.0,0.0,0.0,TX3
2019-07-06 00:00:00,EL PASO,SOLAR,RAD SOLAR,ENDG,DESPACHADO CENTRALMENTE,0.0,0.0,0.0,0.0,0.0,178.6,3413.36,20656.46,34375.68,40941.12,44842.76,44841.69,37016.23,31039.44,26982.82,16111.38,9381.33,2836.24,0.0,0.0,0.0,0.0,0.0,0.0,TX3
2019-07-07 00:00:00,EL PASO,SOLAR,RAD SOLAR,ENDG,DESPACHADO CENTRALMENTE,0.0,0.0,0.0,0.0,0.0,0.0,6942.74,22119.92,35160.92,43097.29,47063.24,48997.21,48153.38,44560.35,36723.02,25736.06,10567.36,1469.79,0.0,0.0,0.0,0.0,0.0,0.0,TX3
2019-07-08 00:00:00,EL PASO,SOLAR,RAD SOLAR,ENDG,DESPACHADO CENTRALMENTE,0.0,0.0,0.0,0.0,0.0,63.78,7652.36,20726.15,33788.05,43669.0,44443.12,37742.64,38604.08,39922.14,24499.9,2845.39,0.0,0.0,0.0,0.0,0.0,0.0,0.0,0.0,TX3
2019-07-09 00:00:00,EL PASO,SOLAR,RAD SOLAR,ENDG,DESPACHADO CENTRALMENTE,0.0,0.0,0.0,0.0,0.0,0.0,1791.38,4799.49,9924.77,28115.77,34499.91,35214.11,34323.69,37352.3,46458.81,23415.61,7673.48,4783.51,0.0,0.0,0.0,0.0,0.0,0.0,TX3
2019-07-10 00:00:00,EL PASO,SOLAR,RAD SOLAR,ENDG,DESPACHADO CENTRALMENTE,0.0,0.0,0.0,0.0,0.0,0.0,6390.17,18802.48,27011.56,42608.08,41415.46,46633.79,48153.58,45546.09,43418.14,18689.98,7022.51,1116.98,0.0,0.0,0.0,0.0,0.0,0.0,TX3
2019-07-11 00:00:00,EL PASO,SOLAR,RAD SOLAR,ENDG,DESPACHADO CENTRALMENTE,0.0,0.0,0.0,0.0,0.0,59.21,5012.16,19250.92,31673.43,39937.89,39384.12,51523.84,34040.06,43720.35,31851.68,35810.83,19571.73,8045.62,218.86,0.0,0.0,0.0,0.0,0.0,TX3
2019-07-12 00:00:00,EL PASO,SOLAR,RAD SOLAR,ENDG,DESPACHADO CENTRALMENTE,0.0,0.0,0.0,0.0,0.0,25.26,6945.47,22661.84,36917.36,45171.64,47178.21,50331.07,50495.68,44671.05,40652.53,32854.31,21212.79,5290.38,0.0,0.0,0.0,0.0,0.0,0.0,TX3
2019-07-13 00:00:00,EL PASO,SOLAR,RAD SOLAR,ENDG,DESPACHADO CENTRALMENTE,0.0,0.0,0.0,0.0,0.0,138.96,6736.89,21013.48,38237.33,44049.43,49368.2,49273.22,50526.64,49600.73,43937.21,37058.45,12534.93,123.56,0.0,0.0,0.0,0.0,0.0,0.0,TX3
2019-07-14 00:00:00,EL PASO,SOLAR,RAD SOLAR,ENDG,DESPACHADO CENTRALMENTE,0.0,0.0,0.0,0.0,0.0,0.0,3813.79,9301.25,34841.81,46921.42,52168.56,51820.06,52766.77,49059.23,44550.93,25514.76,10511.12,1675.1,0.0,0.0,0.0,0.0,0.0,0.0,TX3
2019-07-15 00:00:00,EL PASO,SOLAR,RAD SOLAR,ENDG,DESPACHADO CENTRALMENTE,0.0,0.0,0.0,0.0,0.0,57.3,4509.73,19966.19,36669.92,46173.35,50976.86,52390.78,46914.22,47620.56,43970.82,33351.64,17734.29,4509.55,0.0,0.0,0.0,0.0,0.0,0.0,TX3
2019-07-16 00:00:00,EL PASO,SOLAR,RAD SOLAR,ENDG,DESPACHADO CENTRALMENTE,0.0,0.0,0.0,0.0,0.0,0.0,6394.07,20977.14,33398.68,41634.36,40604.04,51785.45,52496.72,49577.68,42422.5,33419.58,20348.44,2769.51,0.0,0.0,0.0,0.0,0.0,0.0,TX3
2019-07-17 00:00:00,EL PASO,SOLAR,RAD SOLAR,ENDG,DESPACHADO CENTRALMENTE,0.0,0.0,0.0,0.0,0.0,0.0,4602.65,17912.42,16894.12,38165.02,52149.18,45866.47,52072.12,48939.04,41267.91,33416.77,20964.21,5634.57,0.0,0.0,0.0,0.0,0.0,0.0,TX3
2019-07-18 00:00:00,EL PASO,SOLAR,RAD SOLAR,ENDG,DESPACHADO CENTRALMENTE,0.0,0.0,0.0,0.0,0.0,0.0,7662.54,23921.52,38337.52,47070.34,50981.03,53124.36,51968.08,49596.29,44843.32,35919.01,21761.07,3360.46,120.63,0.0,0.0,0.0,0.0,0.0,TX3
2019-07-19 00:00:00,EL PASO,SOLAR,RAD SOLAR,ENDG,DESPACHADO CENTRALMENTE,0.0,0.0,0.0,0.0,0.0,33.46,8444.19,27847.8,37694.64,36937.63,41381.22,50506.79,42737.62,39192.06,38308.46,26205.48,18480.98,6857.44,29.95,0.0,0.0,0.0,0.0,0.0,TX3
2019-07-20 00:00:00,EL PASO,SOLAR,RAD SOLAR,ENDG,DESPACHADO CENTRALMENTE,0.0,0.0,0.0,0.0,0.0,0.0,7060.96,27938.4,40068.33,48066.47,52738.28,52877.69,52203.83,43445.26,35066.44,31267.81,21193.02,6108.28,62.73,0.0,0.0,0.0,0.0,0.0,TX3
2019-07-21 00:00:00,EL PASO,SOLAR,RAD SOLAR,ENDG,DESPACHADO CENTRALMENTE,0.0,0.0,0.0,0.0,0.0,71.29,6892.99,23837.99,32147.04,45701.85,50446.89,51377.87,49839.17,47816.27,43173.22,34392.5,21377.73,6483.29,23.39,0.0,0.0,0.0,0.0,0.0,TX3
2019-07-22 00:00:00,EL PASO,SOLAR,RAD SOLAR,ENDG,DESPACHADO CENTRALMENTE,0.0,0.0,0.0,0.0,0.0,2.07,6776.11,22841.69,35600.3,42727.43,45498.42,48586.88,49019.24,46545.03,39902.29,29788.94,20643.8,3432.79,0.0,0.0,0.0,0.0,0.0,0.0,TX3
2019-07-23 00:00:00,EL PASO,SOLAR,RAD SOLAR,ENDG,DESPACHADO CENTRALMENTE,0.0,0.0,0.0,0.0,0.0,0.0,914.39,2272.9,6725.85,14085.08,20657.86,24038.52,26371.73,31356.63,22245.08,17393.91,13967.6,4505.54,0.0,0.0,0.0,0.0,0.0,0.0,TX3
2019-07-24 00:00:00,EL PASO,SOLAR,RAD SOLAR,ENDG,DESPACHADO CENTRALMENTE,0.0,0.0,0.0,0.0,0.0,0.0,1864.94,6851.91,9426.08,20656.34,30850.93,35220.33,31575.8,34434.66,27459.08,13822.43,5959.57,730.35,0.0,0.0,0.0,0.0,0.0,0.0,TX3
2019-07-25 00:00:00,EL PASO,SOLAR,RAD SOLAR,ENDG,DESPACHADO CENTRALMENTE,0.0,0.0,0.0,0.0,0.0,0.0,4538.5,21083.9,33108.81,34897.95,32724.24,47252.72,48589.54,47096.18,38771.93,18817.1,10669.79,2369.58,0.0,0.0,0.0,0.0,0.0,0.0,TX3
2019-07-26 00:00:00,EL PASO,SOLAR,RAD SOLAR,ENDG,DESPACHADO CENTRALMENTE,0.0,0.0,0.0,0.0,0.0,0.0,6881.65,19843.49,25815.77,38747.33,42204.42,43421.86,39516.81,39538.91,39545.12,16118.65,5517.51,2447.02,0.0,0.0,0.0,0.0,0.0,0.0,TX3
2019-07-27 00:00:00,EL PASO,SOLAR,RAD SOLAR,ENDG,DESPACHADO CENTRALMENTE,0.0,0.0,0.0,0.0,0.0,0.0,3682.22,15827.98,33071.89,40536.45,45067.32,48020.32,47308.88,45153.12,32023.88,29995.56,8138.43,1530.06,0.0,0.0,0.0,0.0,0.0,0.0,TX3
2019-07-28 00:00:00,EL PASO,SOLAR,RAD SOLAR,ENDG,DESPACHADO CENTRALMENTE,0.0,0.0,0.0,0.0,0.0,0.0,5736.39,19995.08,32288.46,40002.88,44101.58,45700.73,46031.86,44203.36,35861.68,1878.6,0.0,1229.9,0.0,0.0,0.0,0.0,0.0,0.0,TX3
2019-07-29 00:00:00,EL PASO,SOLAR,RAD SOLAR,ENDG,DESPACHADO CENTRALMENTE,0.0,0.0,0.0,0.0,0.0,0.0,4425.49,16165.09,26916.9,34903.79,40362.98,45630.72,36438.47,39905.44,36797.02,27707.78,19389.77,2995.85,0.0,0.0,0.0,0.0,0.0,0.0,TX3
2019-07-30 00:00:00,EL PASO,SOLAR,RAD SOLAR,ENDG,DESPACHADO CENTRALMENTE,0.0,0.0,0.0,0.0,0.0,0.0,1387.17,7896.99,18744.97,33410.05,40953.05,46626.86,39462.39,10341.24,12025.4,24068.46,15534.3,4069.85,0.0,0.0,0.0,0.0,0.0,0.0,TX3
2019-07-31 00:00:00,EL PASO,SOLAR,RAD SOLAR,ENDG,DESPACHADO CENTRALMENTE,0.0,0.0,0.0,0.0,0.0,0.0,18.43,11051.59,29494.71,31891.02,38909.24,46196.78,44901.0,45922.11,37384.62,33367.1,1809.22,0.0,0.0,0.0,0.0,0.0,0.0,0.0,TX3
2019-08-01 00:00:00,EL PASO,SOLAR,RAD SOLAR,ENDG,DESPACHADO CENTRALMENTE,0.0,0.0,0.0,0.0,0.0,0.0,3202.48,13640.77,30994.16,46602.91,50231.83,49665.05,42690.14,47407.71,31706.92,22519.88,2327.07,0.0,0.0,0.0,0.0,0.0,0.0,0.0,TX3
2019-08-02 00:00:00,EL PASO,SOLAR,RAD SOLAR,ENDG,DESPACHADO CENTRALMENTE,0.0,0.0,0.0,0.0,0.0,0.0,2850.85,9005.88,20673.98,39177.33,53182.2,54666.82,53769.17,50780.75,43320.84,33553.52,18697.16,4132.56,0.0,0.0,0.0,0.0,0.0,0.0,TX3
2019-08-03 00:00:00,EL PASO,SOLAR,RAD SOLAR,ENDG,DESPACHADO CENTRALMENTE,0.0,0.0,0.0,0.0,0.0,0.0,3032.26,15694.65,22543.11,43312.61,50001.41,31607.54,38869.11,47866.06,35513.7,23740.21,22804.08,4777.58,0.0,0.0,0.0,0.0,0.0,0.0,TX3
2019-08-04 00:00:00,EL PASO,SOLAR,RAD SOLAR,ENDG,DESPACHADO CENTRALMENTE,0.0,0.0,0.0,0.0,0.0,0.0,7082.1,22067.09,37192.09,43742.67,40275.26,51342.37,52220.6,51023.81,39110.8,28422.36,3738.53,1733.89,0.0,0.0,0.0,0.0,0.0,0.0,TX3
2019-08-05 00:00:00,EL PASO,SOLAR,RAD SOLAR,ENDG,DESPACHADO CENTRALMENTE,0.0,0.0,0.0,0.0,0.0,0.0,1184.54,6308.02,22061.97,33490.07,41890.68,44905.61,50420.61,43940.85,48857.43,28400.82,11669.92,4736.15,0.0,0.0,0.0,0.0,0.0,0.0,TX3
2019-08-06 00:00:00,EL PASO,SOLAR,RAD SOLAR,ENDG,DESPACHADO CENTRALMENTE,0.0,0.0,0.0,0.0,0.0,0.0,2085.57,9860.32,23024.54,25915.82,44693.16,41984.3,52463.34,48745.7,42279.71,28196.7,14510.52,1299.18,0.0,0.0,0.0,0.0,0.0,0.0,TX3
2019-08-07 00:00:00,EL PASO,SOLAR,RAD SOLAR,ENDG,DESPACHADO CENTRALMENTE,0.0,0.0,0.0,0.0,0.0,0.0,4796.94,20971.77,38784.42,45334.79,40872.52,51815.62,49226.44,48028.55,39054.68,13127.94,7355.13,2233.6,0.0,0.0,0.0,0.0,0.0,0.0,TX3
2019-08-08 00:00:00,EL PASO,SOLAR,RAD SOLAR,ENDG,DESPACHADO CENTRALMENTE,0.0,0.0,0.0,0.0,0.0,0.0,5886.22,21469.89,36691.71,43306.41,49081.72,51134.36,47417.44,49491.07,46091.39,22081.62,4767.27,258.29,0.0,0.0,0.0,0.0,0.0,0.0,TX3
2019-08-09 00:00:00,EL PASO,SOLAR,RAD SOLAR,ENDG,DESPACHADO CENTRALMENTE,0.0,0.0,0.0,0.0,0.0,0.0,2658.29,16610.56,28654.4,35837.37,39009.96,35726.4,39238.14,46786.94,43140.46,37484.89,22250.99,3566.45,0.0,0.0,0.0,0.0,0.0,0.0,TX3
2019-08-10 00:00:00,EL PASO,SOLAR,RAD SOLAR,ENDG,DESPACHADO CENTRALMENTE,0.0,0.0,0.0,0.0,0.0,0.0,5772.64,21121.46,35405.48,42092.15,50655.73,53671.55,53405.09,51963.65,45516.17,35688.82,12470.9,1479.56,0.0,0.0,0.0,0.0,0.0,0.0,TX3
2019-08-11 00:00:00,EL PASO,SOLAR,RAD SOLAR,ENDG,DESPACHADO CENTRALMENTE,0.0,0.0,0.0,0.0,0.0,0.0,5733.23,21145.15,37880.66,46710.12,51210.02,53297.48,53017.15,50367.92,45147.0,37446.16,19965.5,5080.5,0.0,0.0,0.0,0.0,0.0,0.0,TX3
2019-08-12 00:00:00,EL PASO,SOLAR,RAD SOLAR,ENDG,DESPACHADO CENTRALMENTE,0.0,0.0,0.0,0.0,0.0,0.0,4604.71,21732.22,34970.38,43722.12,51759.56,50755.54,49623.14,39010.97,39523.08,36325.28,12337.17,4002.05,0.0,0.0,0.0,0.0,0.0,0.0,TX3
2019-08-13 00:00:00,EL PASO,SOLAR,RAD SOLAR,ENDG,DESPACHADO CENTRALMENTE,0.0,0.0,0.0,0.0,0.0,0.0,0.0,0.0,5815.99,43425.33,42334.7,43317.42,47224.2,46390.49,40735.7,25146.17,9289.0,1948.93,0.0,0.0,0.0,0.0,0.0,0.0,TX3
2019-08-14 00:00:00,EL PASO,SOLAR,RAD SOLAR,ENDG,DESPACHADO CENTRALMENTE,0.0,0.0,0.0,0.0,0.0,0.0,1641.62,3635.75,2931.39,12588.63,24556.33,33340.1,39637.92,43567.89,38688.94,16415.21,11073.32,4977.04,0.0,0.0,0.0,0.0,0.0,0.0,TX3
2019-08-15 00:00:00,EL PASO,SOLAR,RAD SOLAR,ENDG,DESPACHADO CENTRALMENTE,0.0,0.0,0.0,0.0,0.0,0.0,4051.31,19948.88,31643.28,35140.58,42457.29,45314.65,46813.83,38232.31,14381.24,4396.45,2827.68,235.36,0.0,0.0,0.0,0.0,0.0,0.0,TX3
2019-08-16 00:00:00,EL PASO,SOLAR,RAD SOLAR,ENDG,DESPACHADO CENTRALMENTE,0.0,0.0,0.0,0.0,0.0,0.0,2628.03,11470.33,13009.3,24072.46,34792.27,46809.02,37289.56,45524.57,45469.38,34429.01,10937.87,2384.06,0.0,0.0,0.0,0.0,0.0,0.0,TX3
2019-08-17 00:00:00,EL PASO,SOLAR,RAD SOLAR,ENDG,DESPACHADO CENTRALMENTE,0.0,0.0,0.0,0.0,0.0,0.0,1272.87,4316.96,13097.12,35980.0,36045.6,38171.57,45933.54,46586.06,41227.37,31337.58,13641.9,4258.04,0.0,0.0,0.0,0.0,0.0,0.0,TX3
2019-08-18 00:00:00,EL PASO,SOLAR,RAD SOLAR,ENDG,DESPACHADO CENTRALMENTE,0.0,0.0,0.0,0.0,0.0,0.0,6950.74,21027.31,32208.94,38355.86,52371.97,52377.3,51641.85,49763.33,46068.97,38139.04,20639.68,1837.23,0.0,0.0,0.0,0.0,0.0,0.0,TX3
2019-08-19 00:00:00,EL PASO,SOLAR,RAD SOLAR,ENDG,DESPACHADO CENTRALMENTE,0.0,0.0,0.0,0.0,0.0,0.0,8020.48,26033.84,38651.45,46164.7,50166.67,51755.06,51826.77,50556.33,44384.55,36265.64,18060.29,1501.25,0.0,0.0,0.0,0.0,0.0,0.0,TX3
2019-08-20 00:00:00,EL PASO,SOLAR,RAD SOLAR,ENDG,DESPACHADO CENTRALMENTE,0.0,0.0,0.0,0.0,0.0,0.0,3420.34,17733.44,35529.31,43257.26,46753.52,48274.95,47198.51,45280.79,44108.29,38893.67,25114.8,6279.77,0.0,0.0,0.0,0.0,0.0,0.0,TX3
2019-08-21 00:00:00,EL PASO,SOLAR,RAD SOLAR,ENDG,DESPACHADO CENTRALMENTE,0.0,0.0,0.0,0.0,0.0,0.0,4937.2,23384.97,26154.62,42502.83,44878.5,48172.05,48414.35,50062.37,43720.64,31242.38,17840.31,2783.27,0.0,0.0,0.0,0.0,0.0,0.0,TX3
2019-08-22 00:00:00,EL PASO,SOLAR,RAD SOLAR,ENDG,DESPACHADO CENTRALMENTE,0.0,0.0,0.0,0.0,0.0,0.0,7195.99,26844.9,26617.24,44469.16,50609.26,51250.85,51301.48,51321.05,48410.97,32284.12,9760.21,3404.8,0.0,0.0,0.0,0.0,0.0,0.0,TX3
2019-08-23 00:00:00,EL PASO,SOLAR,RAD SOLAR,ENDG,DESPACHADO CENTRALMENTE,0.0,0.0,0.0,0.0,0.0,0.0,2358.16,8653.52,19785.08,26222.02,42566.51,53595.4,53268.47,52957.39,46952.86,31657.77,15805.85,2875.59,0.0,0.0,0.0,0.0,0.0,0.0,TX3
2019-08-24 00:00:00,EL PASO,SOLAR,RAD SOLAR,ENDG,DESPACHADO CENTRALMENTE,0.0,0.0,0.0,0.0,0.0,0.0,4065.95,17691.35,39853.65,48182.86,51039.77,52729.98,49563.41,41276.16,20366.35,10370.03,5581.27,1920.33,0.0,0.0,0.0,0.0,0.0,0.0,TX3
2019-08-25 00:00:00,EL PASO,SOLAR,RAD SOLAR,ENDG,DESPACHADO CENTRALMENTE,0.0,0.0,0.0,0.0,0.0,0.0,5454.38,24531.73,36241.02,46184.13,53588.13,53908.27,54884.25,50966.98,43773.66,38242.13,22137.59,6817.14,0.0,0.0,0.0,0.0,0.0,0.0,TX3
2019-08-26 00:00:00,EL PASO,SOLAR,RAD SOLAR,ENDG,DESPACHADO CENTRALMENTE,0.0,0.0,0.0,0.0,0.0,0.0,8412.72,20608.43,27497.27,41880.88,47724.51,48491.85,50963.99,48582.68,44969.13,29557.96,14094.86,3434.67,0.0,0.0,0.0,0.0,0.0,0.0,TX3
2019-08-27 00:00:00,EL PASO,SOLAR,RAD SOLAR,ENDG,DESPACHADO CENTRALMENTE,0.0,0.0,0.0,0.0,0.0,0.0,8118.84,28454.91,40047.06,46819.83,49601.23,53843.69,48231.94,42514.61,39024.93,32511.02,19031.84,3857.25,0.0,0.0,0.0,0.0,0.0,0.0,TX3
2019-08-28 00:00:00,EL PASO,SOLAR,RAD SOLAR,ENDG,DESPACHADO CENTRALMENTE,0.0,0.0,0.0,0.0,0.0,0.0,1711.1,8195.14,22675.14,29661.59,43354.34,50031.55,42860.29,39475.8,33027.68,29655.46,22248.15,5261.09,0.0,0.0,0.0,0.0,0.0,0.0,TX3
2019-08-29 00:00:00,EL PASO,SOLAR,RAD SOLAR,ENDG,DESPACHADO CENTRALMENTE,0.0,0.0,0.0,0.0,0.0,0.0,2681.29,11686.04,31688.0,42430.79,41869.28,45955.19,41221.89,30864.44,44474.74,30560.18,5504.37,426.39,0.0,0.0,0.0,0.0,0.0,0.0,TX3
2019-08-30 00:00:00,EL PASO,SOLAR,RAD SOLAR,ENDG,DESPACHADO CENTRALMENTE,0.0,0.0,0.0,0.0,0.0,0.0,7591.87,26103.59,37527.76,43962.39,48296.26,51226.08,48244.41,48124.32,44991.71,33425.02,5028.08,2142.85,0.0,0.0,0.0,0.0,0.0,0.0,TX3
2019-08-31 00:00:00,EL PASO,SOLAR,RAD SOLAR,ENDG,DESPACHADO CENTRALMENTE,0.0,0.0,0.0,0.0,0.0,0.0,1704.73,10016.26,30977.31,43415.61,45247.27,48075.78,49819.02,32056.89,41595.5,37473.4,26122.63,97.02,0.0,0.0,0.0,0.0,0.0,0.0,TX3
2019-09-01 00:00:00,EL PASO,SOLAR,RAD SOLAR,ENDG,DESPACHADO CENTRALMENTE,0.0,0.0,0.0,0.0,0.0,0.0,5667.8,17293.36,27984.07,44018.3,46238.39,50797.03,52205.03,49777.4,46267.54,39286.97,3734.5,808.39,0.0,0.0,0.0,0.0,0.0,0.0,TX4
2019-09-02 00:00:00,EL PASO,SOLAR,RAD SOLAR,ENDG,DESPACHADO CENTRALMENTE,0.0,0.0,0.0,0.0,0.0,0.0,2887.51,13895.25,35512.0,45214.39,49188.94,51884.71,52750.58,26239.01,1850.64,1229.15,1808.08,69.45,0.0,0.0,0.0,0.0,0.0,0.0,TX4
2019-09-03 00:00:00,EL PASO,SOLAR,RAD SOLAR,ENDG,DESPACHADO CENTRALMENTE,0.0,0.0,0.0,0.0,0.0,0.0,3126.1,9039.36,36276.23,33367.47,31975.16,35650.43,34876.93,37851.96,34628.97,26552.93,26335.41,6743.89,0.0,0.0,0.0,0.0,0.0,0.0,TX4
2019-09-04 00:00:00,EL PASO,SOLAR,RAD SOLAR,ENDG,DESPACHADO CENTRALMENTE,0.0,0.0,0.0,0.0,0.0,0.0,4607.01,11988.04,40702.34,43720.05,46361.06,44547.58,41908.48,41198.54,23296.51,22268.13,12698.09,1313.63,0.0,0.0,0.0,0.0,0.0,0.0,TX4
2019-09-05 00:00:00,EL PASO,SOLAR,RAD SOLAR,ENDG,DESPACHADO CENTRALMENTE,0.0,0.0,0.0,0.0,0.0,0.0,4318.53,14704.03,28496.41,43066.48,45331.85,42368.36,46130.34,39132.66,41757.7,41009.83,25542.26,4360.23,0.0,0.0,0.0,0.0,0.0,0.0,TX4
2019-09-06 00:00:00,EL PASO,SOLAR,RAD SOLAR,ENDG,DESPACHADO CENTRALMENTE,0.0,0.0,0.0,0.0,0.0,0.0,10361.11,32236.78,45055.85,44564.74,50976.19,41892.86,53623.38,50187.42,47612.01,39416.84,21225.11,4205.87,0.0,0.0,0.0,0.0,0.0,0.0,TX4
2019-09-07 00:00:00,EL PASO,SOLAR,RAD SOLAR,ENDG,DESPACHADO CENTRALMENTE,0.0,0.0,0.0,0.0,0.0,0.0,6926.5,29167.67,38282.69,44323.58,46987.69,47194.27,48445.81,51334.12,48642.08,29216.89,5971.03,678.48,0.0,0.0,0.0,0.0,0.0,0.0,TX4
2019-09-08 00:00:00,EL PASO,SOLAR,RAD SOLAR,ENDG,DESPACHADO CENTRALMENTE,0.0,0.0,0.0,0.0,0.0,0.0,4869.48,11045.86,21428.38,34780.7,32275.79,48613.87,50926.29,52055.46,46223.18,35328.31,13107.37,3057.53,0.0,0.0,0.0,0.0,0.0,0.0,TX4
2019-09-09 00:00:00,EL PASO,SOLAR,RAD SOLAR,ENDG,DESPACHADO CENTRALMENTE,0.0,0.0,0.0,0.0,0.0,0.0,9063.37,20841.17,43492.87,49649.96,36688.23,1541.97,14966.5,51198.7,44887.57,32315.49,7487.77,2353.71,0.0,0.0,0.0,0.0,0.0,0.0,TX4
2019-09-10 00:00:00,EL PASO,SOLAR,RAD SOLAR,ENDG,DESPACHADO CENTRALMENTE,0.0,0.0,0.0,0.0,0.0,0.0,3292.65,30133.54,44983.4,49039.25,50051.85,50454.85,50681.44,49453.35,45402.26,37362.48,26226.33,4251.44,0.0,0.0,0.0,0.0,0.0,0.0,TX4
2019-09-11 00:00:00,EL PASO,SOLAR,RAD SOLAR,ENDG,DESPACHADO CENTRALMENTE,0.0,0.0,0.0,0.0,0.0,0.0,12361.33,28873.86,34879.34,46749.98,51622.61,46249.6,49561.47,47385.2,38039.68,31151.24,14322.53,3881.63,0.0,0.0,0.0,0.0,0.0,0.0,TX4
2019-09-12 00:00:00,EL PASO,SOLAR,RAD SOLAR,ENDG,DESPACHADO CENTRALMENTE,0.0,0.0,0.0,0.0,0.0,0.0,2543.5,13873.31,19310.23,31008.02,48145.52,39880.16,33355.46,46057.3,48951.98,33736.15,21633.21,2262.22,0.0,0.0,0.0,0.0,0.0,0.0,TX4
2019-09-13 00:00:00,EL PASO,SOLAR,RAD SOLAR,ENDG,DESPACHADO CENTRALMENTE,0.0,0.0,0.0,0.0,0.0,0.0,2316.8,9132.91,23820.88,32490.59,35608.4,44366.91,51172.14,53437.66,48146.85,39592.0,25959.85,5780.1,0.0,0.0,0.0,0.0,0.0,0.0,TX4
2019-09-14 00:00:00,EL PASO,SOLAR,RAD SOLAR,ENDG,DESPACHADO CENTRALMENTE,0.0,0.0,0.0,0.0,0.0,0.0,6397.84,22419.51,23272.8,49194.19,50721.46,54911.07,50749.64,39737.84,29433.39,8607.99,2876.9,486.15,0.0,0.0,0.0,0.0,0.0,0.0,TX4
2019-09-15 00:00:00,EL PASO,SOLAR,RAD SOLAR,ENDG,DESPACHADO CENTRALMENTE,0.0,0.0,0.0,0.0,0.0,0.0,9436.56,28730.57,44749.22,46800.09,47274.21,53156.76,54380.86,47485.49,38129.78,29223.38,7513.75,1258.95,0.0,0.0,0.0,0.0,0.0,0.0,TX4
2019-09-16 00:00:00,EL PASO,SOLAR,RAD SOLAR,ENDG,DESPACHADO CENTRALMENTE,0.0,0.0,0.0,0.0,0.0,0.0,2760.81,6006.93,17333.52,23682.27,31174.82,44568.53,54692.89,53770.57,50752.99,39040.78,24066.73,2770.4,0.0,0.0,0.0,0.0,0.0,0.0,TX4
2019-09-17 00:00:00,EL PASO,SOLAR,RAD SOLAR,ENDG,DESPACHADO CENTRALMENTE,0.0,0.0,0.0,0.0,0.0,0.0,909.9,6662.2,28424.72,36092.86,51481.83,56109.24,47476.46,53110.49,48222.33,39928.02,6725.16,153.83,0.0,0.0,0.0,0.0,0.0,0.0,TX4
2019-09-18 00:00:00,EL PASO,SOLAR,RAD SOLAR,ENDG,DESPACHADO CENTRALMENTE,0.0,0.0,0.0,0.0,0.0,0.0,5014.02,18453.47,25735.29,35482.02,40017.68,50265.75,44802.08,46726.27,43568.9,15982.02,8513.38,1388.21,0.0,0.0,0.0,0.0,0.0,0.0,TX4
2019-09-19 00:00:00,EL PASO,SOLAR,RAD SOLAR,ENDG,DESPACHADO CENTRALMENTE,0.0,0.0,0.0,0.0,0.0,0.0,1000.07,5974.57,10280.97,20952.85,20038.37,33027.45,16251.9,32318.04,42706.68,33760.41,5332.99,1519.8,0.0,0.0,0.0,0.0,0.0,0.0,TX4
2019-09-20 00:00:00,EL PASO,SOLAR,RAD SOLAR,ENDG,DESPACHADO CENTRALMENTE,0.0,0.0,0.0,0.0,0.0,0.0,1941.05,8403.17,31176.96,48836.97,52320.72,42933.5,44642.2,45796.75,46896.71,13477.96,12888.18,3399.54,0.0,0.0,0.0,0.0,0.0,0.0,TX4
2019-09-21 00:00:00,EL PASO,SOLAR,RAD SOLAR,ENDG,DESPACHADO CENTRALMENTE,0.0,0.0,0.0,0.0,0.0,0.0,27.44,73.3,0.0,0.0,0.0,12945.79,23524.9,28331.5,19953.86,11190.76,7778.21,1939.37,0.0,0.0,0.0,0.0,0.0,0.0,TX4
2019-09-22 00:00:00,EL PASO,SOLAR,RAD SOLAR,ENDG,DESPACHADO CENTRALMENTE,0.0,0.0,0.0,0.0,0.0,0.0,3890.04,17110.82,43751.75,49244.58,45361.99,41834.51,46121.42,45423.08,47598.96,39546.14,17786.07,2387.05,0.0,0.0,0.0,0.0,0.0,0.0,TX4
2019-09-23 00:00:00,EL PASO,SOLAR,RAD SOLAR,ENDG,DESPACHADO CENTRALMENTE,0.0,0.0,0.0,0.0,0.0,0.0,2595.74,12258.85,37267.76,44927.6,44983.42,31664.04,39396.36,46509.69,5950.5,1535.49,726.58,87.69,0.0,0.0,0.0,0.0,0.0,0.0,TX4
2019-09-24 00:00:00,EL PASO,SOLAR,RAD SOLAR,ENDG,DESPACHADO CENTRALMENTE,0.0,0.0,0.0,0.0,0.0,0.0,5116.48,13659.97,29130.17,53906.52,54867.38,46426.63,48225.47,41635.63,45954.89,39623.3,21287.74,3003.13,0.0,0.0,0.0,0.0,0.0,0.0,TX4
2019-09-25 00:00:00,EL PASO,SOLAR,RAD SOLAR,ENDG,DESPACHADO CENTRALMENTE,0.0,0.0,0.0,0.0,0.0,0.0,7722.76,25411.46,38052.99,49394.26,42889.42,40683.72,48438.12,53522.31,48992.98,37318.92,11182.87,1256.53,0.0,0.0,0.0,0.0,0.0,0.0,TX4
2019-09-26 00:00:00,EL PASO,SOLAR,RAD SOLAR,ENDG,DESPACHADO CENTRALMENTE,0.0,0.0,0.0,0.0,0.0,0.0,3630.32,18912.06,28668.21,18085.2,32534.57,55569.55,53748.12,52659.39,50201.66,40516.18,15222.08,1820.66,0.0,0.0,0.0,0.0,0.0,0.0,TX4
2019-09-27 00:00:00,EL PASO,SOLAR,RAD SOLAR,ENDG,DESPACHADO CENTRALMENTE,0.0,0.0,0.0,0.0,0.0,0.0,2600.23,31579.82,27213.14,42659.38,35486.41,45351.17,55621.7,54902.05,49813.84,42606.65,21473.1,2754.23,0.0,0.0,0.0,0.0,0.0,0.0,TX4
2019-09-28 00:00:00,EL PASO,SOLAR,RAD SOLAR,ENDG,DESPACHADO CENTRALMENTE,0.0,0.0,0.0,0.0,0.0,0.0,3527.85,12124.9,16874.82,32341.32,46366.41,45443.38,37797.74,39287.37,43410.02,31770.11,17441.02,1383.2,0.0,0.0,0.0,0.0,0.0,0.0,TX4
2019-09-29 00:00:00,EL PASO,SOLAR,RAD SOLAR,ENDG,DESPACHADO CENTRALMENTE,0.0,0.0,0.0,0.0,0.0,0.0,6108.65,20896.12,35208.31,49199.56,46775.62,50717.89,56399.94,55086.46,51192.26,44646.13,22969.02,1325.47,0.0,0.0,0.0,0.0,0.0,0.0,TX4
2019-09-30 00:00:00,EL PASO,SOLAR,RAD SOLAR,ENDG,DESPACHADO CENTRALMENTE,0.0,0.0,0.0,0.0,0.0,0.0,2701.84,8859.47,22676.34,33713.43,34309.88,45153.97,47297.51,54478.72,50056.58,41694.28,19447.94,1378.55,0.0,0.0,0.0,0.0,0.0,0.0,TX4
2019-10-01 00:00:00,EL PASO,SOLAR,RAD SOLAR,ENDG,DESPACHADO CENTRALMENTE,0.0,0.0,0.0,0.0,0.0,0.0,3095.12,27855.08,31028.94,51852.17,47737.41,46588.39,42911.08,38756.65,35598.4,40187.89,22955.36,2745.16,0.0,0.0,0.0,0.0,0.0,0.0,TX3
2019-10-02 00:00:00,EL PASO,SOLAR,RAD SOLAR,ENDG,DESPACHADO CENTRALMENTE,0.0,0.0,0.0,0.0,0.0,0.0,4786.32,23021.93,27154.61,34028.79,28798.32,38462.78,28003.32,28916.64,20132.64,29824.98,17457.88,615.95,0.0,0.0,0.0,0.0,0.0,0.0,TX3
2019-10-03 00:00:00,EL PASO,SOLAR,RAD SOLAR,ENDG,DESPACHADO CENTRALMENTE,0.0,0.0,0.0,0.0,0.0,0.0,3849.1,24640.98,30794.26,36643.02,37381.9,43228.89,44729.64,50523.46,46522.69,40123.13,9193.73,569.98,0.0,0.0,0.0,0.0,0.0,0.0,TX3
2019-10-04 00:00:00,EL PASO,SOLAR,RAD SOLAR,ENDG,DESPACHADO CENTRALMENTE,0.0,0.0,0.0,0.0,0.0,6.9,8967.32,21395.44,36808.55,36141.8,33074.71,38368.36,37431.9,45087.85,18233.35,34173.67,11595.95,1431.03,0.0,0.0,0.0,0.0,0.0,0.0,TX3
2019-10-05 00:00:00,EL PASO,SOLAR,RAD SOLAR,ENDG,DESPACHADO CENTRALMENTE,0.0,0.0,0.0,0.0,0.0,0.0,1526.55,8925.68,38906.87,50322.16,55891.46,55036.4,54995.86,47856.96,41145.17,27932.12,13831.56,1712.8,0.0,0.0,0.0,0.0,0.0,0.0,TX3
2019-10-06 00:00:00,EL PASO,SOLAR,RAD SOLAR,ENDG,DESPACHADO CENTRALMENTE,0.0,0.0,0.0,0.0,0.0,0.0,2360.16,5535.15,10548.0,18968.7,31728.25,27444.61,45290.47,49698.52,44576.44,37012.83,21927.97,927.22,0.0,0.0,0.0,0.0,0.0,0.0,TX3
2019-10-07 00:00:00,EL PASO,SOLAR,RAD SOLAR,ENDG,DESPACHADO CENTRALMENTE,0.0,0.0,0.0,0.0,0.0,0.0,3919.9,20237.26,21710.39,40264.06,50959.74,38477.91,42859.44,55153.5,47332.78,44299.66,24176.45,1565.32,0.0,0.0,0.0,0.0,0.0,0.0,TX3
2019-10-08 00:00:00,EL PASO,SOLAR,RAD SOLAR,ENDG,DESPACHADO CENTRALMENTE,0.0,0.0,0.0,0.0,0.0,221.5,12743.31,34577.83,44265.38,51774.4,53029.98,46656.8,49407.13,42555.2,37947.7,29612.97,6375.86,483.25,0.0,0.0,0.0,0.0,0.0,0.0,TX3
2019-10-09 00:00:00,EL PASO,SOLAR,RAD SOLAR,ENDG,DESPACHADO CENTRALMENTE,0.0,0.0,0.0,0.0,0.0,0.0,4917.03,30253.43,38788.71,46896.37,39608.68,51727.57,55595.89,53582.64,41505.94,33754.56,15450.34,1622.11,0.0,0.0,0.0,0.0,0.0,0.0,TX3
2019-10-10 00:00:00,EL PASO,SOLAR,RAD SOLAR,ENDG,DESPACHADO CENTRALMENTE,0.0,0.0,0.0,0.0,0.0,0.0,2262.5,5408.43,18509.46,26632.24,27741.44,43045.58,44849.33,28179.36,17522.64,19584.04,4372.77,1404.53,0.0,0.0,0.0,0.0,0.0,0.0,TX3
2019-10-11 00:00:00,EL PASO,SOLAR,RAD SOLAR,ENDG,DESPACHADO CENTRALMENTE,0.0,0.0,0.0,0.0,0.0,0.0,8220.17,38807.35,40756.16,26490.91,18436.84,48031.09,37519.41,23027.72,12478.92,1761.68,0.0,0.0,0.0,0.0,0.0,0.0,0.0,0.0,TX3
2019-10-12 00:00:00,EL PASO,SOLAR,RAD SOLAR,ENDG,DESPACHADO CENTRALMENTE,0.0,0.0,0.0,0.0,0.0,0.0,2932.25,6749.79,17682.17,43755.57,56632.61,45047.89,52882.86,51758.59,36508.25,14354.18,6730.64,844.36,0.0,0.0,0.0,0.0,0.0,0.0,TX3
2019-10-13 00:00:00,EL PASO,SOLAR,RAD SOLAR,ENDG,DESPACHADO CENTRALMENTE,0.0,0.0,0.0,0.0,0.0,39.42,5874.66,11500.89,14275.05,32819.27,47362.85,57102.45,53976.45,50575.98,34040.12,26294.88,18186.53,1525.96,0.0,0.0,0.0,0.0,0.0,0.0,TX3
2019-10-14 00:00:00,EL PASO,SOLAR,RAD SOLAR,ENDG,DESPACHADO CENTRALMENTE,0.0,0.0,0.0,0.0,0.0,0.0,3401.43,10968.2,16768.41,30730.88,38294.96,39584.68,45233.58,34274.39,27622.44,22412.01,9375.6,1260.4,0.0,0.0,0.0,0.0,0.0,0.0,TX3
2019-10-15 00:00:00,EL PASO,SOLAR,RAD SOLAR,ENDG,DESPACHADO CENTRALMENTE,0.0,0.0,0.0,0.0,0.0,0.0,5020.95,17240.75,38160.46,47105.19,51681.59,53286.12,54561.27,41369.45,56070.05,48043.05,22094.52,1600.82,0.0,0.0,0.0,0.0,0.0,0.0,TX3
2019-10-16 00:00:00,EL PASO,SOLAR,RAD SOLAR,ENDG,DESPACHADO CENTRALMENTE,0.0,0.0,0.0,0.0,0.0,10.75,14385.27,40177.0,45299.93,46059.54,46181.69,44451.59,29214.58,40583.81,43319.18,36685.84,13712.82,405.58,0.0,0.0,0.0,0.0,0.0,0.0,TX3
2019-10-17 00:00:00,EL PASO,SOLAR,RAD SOLAR,ENDG,DESPACHADO CENTRALMENTE,0.0,0.0,0.0,0.0,0.0,0.0,4240.04,20428.29,47663.09,31886.99,39682.99,49679.71,55008.06,55003.28,50176.37,41119.88,10407.6,1309.5,0.0,0.0,0.0,0.0,0.0,0.0,TX3
2019-10-18 00:00:00,EL PASO,SOLAR,RAD SOLAR,ENDG,DESPACHADO CENTRALMENTE,0.0,0.0,0.0,0.0,0.0,0.0,3601.94,11587.51,19856.52,31061.09,54277.64,53104.33,59664.7,56735.33,47797.01,43174.77,20789.48,852.49,0.0,0.0,0.0,0.0,0.0,0.0,TX3
2019-10-19 00:00:00,EL PASO,SOLAR,RAD SOLAR,ENDG,DESPACHADO CENTRALMENTE,0.0,0.0,0.0,0.0,0.0,0.0,4690.84,5548.28,19573.72,19234.72,24903.83,32017.84,27589.52,21762.23,16075.01,9104.86,7355.06,764.48,0.0,0.0,0.0,0.0,0.0,0.0,TX3
2019-10-20 00:00:00,EL PASO,SOLAR,RAD SOLAR,ENDG,DESPACHADO CENTRALMENTE,0.0,0.0,0.0,0.0,0.0,17.77,85.38,0.0,0.0,0.0,0.0,0.0,0.0,0.0,0.0,1197.71,13079.52,1252.89,0.0,0.0,0.0,0.0,0.0,0.0,TX3
2019-10-21 00:00:00,EL PASO,SOLAR,RAD SOLAR,ENDG,DESPACHADO CENTRALMENTE,0.0,0.0,0.0,0.0,0.0,0.0,4104.89,13199.48,21436.39,34442.29,23647.04,33400.44,39486.21,25830.17,26860.37,5801.39,4018.61,257.78,0.0,0.0,0.0,0.0,0.0,0.0,TX3
2019-10-22 00:00:00,EL PASO,SOLAR,RAD SOLAR,ENDG,DESPACHADO CENTRALMENTE,0.0,0.0,0.0,0.0,0.0,0.0,8381.66,26468.18,16120.57,28456.4,32437.68,43549.53,43629.41,49628.24,23599.18,5346.58,661.61,0.0,0.0,0.0,0.0,0.0,0.0,0.0,TX3
2019-10-23 00:00:00,EL PASO,SOLAR,RAD SOLAR,ENDG,DESPACHADO CENTRALMENTE,0.0,0.0,0.0,0.0,0.0,0.0,4563.09,18005.69,26575.64,47203.53,54534.2,54864.98,59653.2,54800.04,54870.11,45374.28,19391.82,288.91,0.0,0.0,0.0,0.0,0.0,0.0,TX3
2019-10-24 00:00:00,EL PASO,SOLAR,RAD SOLAR,ENDG,DESPACHADO CENTRALMENTE,0.0,0.0,0.0,0.0,0.0,0.0,4186.47,9239.53,13084.81,17087.15,20868.91,27729.04,36519.99,41804.97,29204.13,37652.17,14022.52,1455.53,0.0,0.0,0.0,0.0,0.0,0.0,TX3
2019-10-25 00:00:00,EL PASO,SOLAR,RAD SOLAR,ENDG,DESPACHADO CENTRALMENTE,0.0,0.0,0.0,0.0,0.0,0.0,10455.89,32584.13,40182.96,40569.44,43403.65,43765.8,34529.89,48760.04,46049.21,40741.71,17466.71,971.57,0.0,0.0,0.0,0.0,0.0,0.0,TX3
2019-10-26 00:00:00,EL PASO,SOLAR,RAD SOLAR,ENDG,DESPACHADO CENTRALMENTE,0.0,0.0,0.0,0.0,0.0,48.99,9708.7,12468.08,26139.01,40387.5,50358.55,41302.32,45888.73,56123.09,17874.82,26801.22,2812.06,64.57,0.0,0.0,0.0,0.0,0.0,0.0,TX3
2019-10-27 00:00:00,EL PASO,SOLAR,RAD SOLAR,ENDG,DESPACHADO CENTRALMENTE,0.0,0.0,0.0,0.0,0.0,0.0,5013.34,20969.25,45808.95,49773.38,49632.27,53397.9,44639.55,54830.58,41772.56,11260.55,3763.85,165.63,0.0,0.0,0.0,0.0,0.0,0.0,TX3
2019-10-28 00:00:00,EL PASO,SOLAR,RAD SOLAR,ENDG,DESPACHADO CENTRALMENTE,0.0,0.0,0.0,0.0,0.0,0.0,11713.06,33445.03,34621.24,45867.61,49569.04,50961.66,47649.68,48979.02,45035.58,35534.6,14078.45,185.91,0.0,0.0,0.0,0.0,0.0,0.0,TX3
2019-10-29 00:00:00,EL PASO,SOLAR,RAD SOLAR,ENDG,DESPACHADO CENTRALMENTE,0.0,0.0,0.0,0.0,0.0,0.0,7149.24,23616.4,24191.13,40595.25,50942.96,35617.03,37762.8,34980.41,34983.64,32545.08,18047.29,245.69,0.0,0.0,0.0,0.0,0.0,0.0,TX3
2019-10-30 00:00:00,EL PASO,SOLAR,RAD SOLAR,ENDG,DESPACHADO CENTRALMENTE,0.0,0.0,0.0,0.0,0.0,0.0,6587.94,26615.51,39694.33,47227.52,45537.58,45271.46,37216.16,34134.09,40290.75,39269.12,13564.62,179.78,0.0,0.0,0.0,0.0,0.0,0.0,TX3
2019-10-31 00:00:00,EL PASO,SOLAR,RAD SOLAR,ENDG,DESPACHADO CENTRALMENTE,0.0,0.0,0.0,0.0,0.0,0.0,3042.77,18838.31,43899.45,50109.39,40323.01,47016.47,49452.31,53097.12,49112.55,41565.33,17359.67,249.86,0.0,0.0,0.0,0.0,0.0,0.0,TX3
2019-11-01 00:00:00,EL PASO,SOLAR,RAD SOLAR,ENDG,DESPACHADO CENTRALMENTE,0.0,0.0,0.0,0.0,0.0,0.0,7716.95,29524.78,43533.0,47971.3,54767.9,51881.95,53878.77,48693.2,29165.67,13819.58,9548.71,498.72,0.0,0.0,0.0,0.0,0.0,0.0,TX4
2019-11-02 00:00:00,EL PASO,SOLAR,RAD SOLAR,ENDG,DESPACHADO CENTRALMENTE,0.0,0.0,0.0,0.0,0.0,0.0,2389.99,8000.09,18573.14,33671.09,37468.33,36988.47,44052.03,43693.62,34812.8,21965.6,12320.82,225.7,0.0,0.0,0.0,0.0,0.0,0.0,TX4
2019-11-03 00:00:00,EL PASO,SOLAR,RAD SOLAR,ENDG,DESPACHADO CENTRALMENTE,0.0,0.0,0.0,0.0,0.0,0.0,11155.76,39108.69,48896.51,53151.31,54686.64,55420.28,57869.74,39407.3,31577.95,35874.75,10178.25,161.72,0.0,0.0,0.0,0.0,0.0,0.0,TX4
2019-11-04 00:00:00,EL PASO,SOLAR,RAD SOLAR,ENDG,DESPACHADO CENTRALMENTE,0.0,0.0,0.0,0.0,0.0,0.0,3501.59,21868.87,47591.01,49207.52,55528.34,53724.85,46307.92,47578.35,41453.2,7691.72,10394.0,467.98,0.0,0.0,0.0,0.0,0.0,0.0,TX4
2019-11-05 00:00:00,EL PASO,SOLAR,RAD SOLAR,ENDG,DESPACHADO CENTRALMENTE,0.0,0.0,0.0,0.0,0.0,0.0,2666.64,7906.63,12521.4,35409.98,35925.91,34047.62,36614.0,34072.5,40641.17,18936.09,5888.83,342.49,0.0,0.0,0.0,0.0,0.0,0.0,TX4
2019-11-06 00:00:00,EL PASO,SOLAR,RAD SOLAR,ENDG,DESPACHADO CENTRALMENTE,0.0,0.0,0.0,0.0,0.0,0.0,3569.32,26950.86,35165.55,45285.69,25886.52,43517.3,37808.99,53100.57,48098.35,40824.48,14316.39,536.15,0.0,0.0,0.0,0.0,0.0,0.0,TX4
2019-11-07 00:00:00,EL PASO,SOLAR,RAD SOLAR,ENDG,DESPACHADO CENTRALMENTE,0.0,0.0,0.0,0.0,0.0,0.0,5823.23,14719.23,16852.9,31978.16,47570.28,52434.73,50551.8,50831.39,42803.61,36568.01,14020.19,483.61,0.0,0.0,0.0,0.0,0.0,0.0,TX4
2019-11-08 00:00:00,EL PASO,SOLAR,RAD SOLAR,ENDG,DESPACHADO CENTRALMENTE,0.0,0.0,0.0,0.0,0.0,0.0,10359.91,30663.87,42622.46,47003.63,51814.06,53962.67,50082.58,37331.27,38690.61,27529.48,8284.46,297.35,0.0,0.0,0.0,0.0,0.0,0.0,TX4
2019-11-09 00:00:00,EL PASO,SOLAR,RAD SOLAR,ENDG,DESPACHADO CENTRALMENTE,0.0,0.0,0.0,0.0,0.0,0.0,4755.43,13681.91,22365.78,31237.36,43037.71,32851.67,25902.27,20610.27,25158.47,16673.94,5728.45,200.69,0.0,0.0,0.0,0.0,0.0,0.0,TX4
2019-11-10 00:00:00,EL PASO,SOLAR,RAD SOLAR,ENDG,DESPACHADO CENTRALMENTE,0.0,0.0,0.0,0.0,0.0,0.0,1077.66,4327.18,14514.76,45332.51,52728.81,37703.7,35419.11,25286.73,34983.52,14562.58,2833.22,104.1,0.0,0.0,0.0,0.0,0.0,0.0,TX4
2019-11-11 00:00:00,EL PASO,SOLAR,RAD SOLAR,ENDG,DESPACHADO CENTRALMENTE,0.0,0.0,0.0,0.0,0.0,0.0,4896.05,26187.29,18537.76,24878.92,36631.16,48423.4,39073.7,44896.76,44928.98,20104.48,11461.35,119.2,0.0,0.0,0.0,0.0,0.0,0.0,TX4
2019-11-12 00:00:00,EL PASO,SOLAR,RAD SOLAR,ENDG,DESPACHADO CENTRALMENTE,0.0,0.0,0.0,0.0,0.0,0.0,10681.63,39021.59,40593.72,41341.39,48376.85,52823.83,49220.88,38005.51,22136.07,20442.72,15688.63,693.6,0.0,0.0,0.0,0.0,0.0,0.0,TX4
2019-11-13 00:00:00,EL PASO,SOLAR,RAD SOLAR,ENDG,DESPACHADO CENTRALMENTE,0.0,0.0,0.0,0.0,0.0,0.0,2170.41,11173.44,14531.9,23744.3,25712.38,33258.41,33890.9,40766.66,33713.79,24423.58,9103.59,366.07,0.0,0.0,0.0,0.0,0.0,0.0,TX4
2019-11-14 00:00:00,EL PASO,SOLAR,RAD SOLAR,ENDG,DESPACHADO CENTRALMENTE,0.0,0.0,0.0,0.0,0.0,0.0,5186.85,28830.54,29427.51,19800.12,28196.11,49422.32,56162.11,52694.67,45627.54,38710.75,12884.92,83.16,0.0,0.0,0.0,0.0,0.0,0.0,TX4
2019-11-15 00:00:00,EL PASO,SOLAR,RAD SOLAR,ENDG,DESPACHADO CENTRALMENTE,0.0,0.0,0.0,0.0,0.0,0.0,2716.56,27936.12,25271.26,10614.19,50401.7,55693.54,53628.39,50168.65,38658.93,35282.9,15744.33,311.47,0.0,0.0,0.0,0.0,0.0,0.0,TX4
2019-11-16 00:00:00,EL PASO,SOLAR,RAD SOLAR,ENDG,DESPACHADO CENTRALMENTE,0.0,0.0,0.0,0.0,0.0,0.0,2056.93,10545.45,36590.34,50004.57,48682.29,53131.95,44254.22,45780.19,43872.64,11528.2,19016.07,607.32,0.0,0.0,0.0,0.0,0.0,0.0,TX4
2019-11-17 00:00:00,EL PASO,SOLAR,RAD SOLAR,ENDG,DESPACHADO CENTRALMENTE,0.0,0.0,0.0,0.0,0.0,0.0,5948.25,16331.42,45692.78,51526.19,55640.02,47641.27,44166.05,36377.78,31035.08,39409.22,13828.12,69.67,0.0,0.0,0.0,0.0,0.0,0.0,TX4
2019-11-18 00:00:00,EL PASO,SOLAR,RAD SOLAR,ENDG,DESPACHADO CENTRALMENTE,0.0,0.0,0.0,0.0,0.0,0.0,4606.76,32865.54,41295.58,50020.67,46853.12,42621.3,43675.3,35788.29,10240.59,22766.26,7937.08,0.0,0.0,0.0,0.0,0.0,0.0,0.0,TX4
2019-11-19 00:00:00,EL PASO,SOLAR,RAD SOLAR,ENDG,DESPACHADO CENTRALMENTE,0.0,0.0,0.0,0.0,0.0,0.0,10781.46,38224.41,47820.48,46844.79,46860.33,54539.03,49338.9,51435.54,46132.25,21669.71,6237.0,82.92,0.0,0.0,0.0,0.0,0.0,0.0,TX4
2019-11-20 00:00:00,EL PASO,SOLAR,RAD SOLAR,ENDG,DESPACHADO CENTRALMENTE,0.0,0.0,0.0,0.0,0.0,0.0,8455.72,34299.38,45025.84,50828.3,48455.28,45539.46,48012.33,50105.75,38542.55,36324.01,15898.81,1033.65,0.0,0.0,0.0,0.0,0.0,0.0,TX4
2019-11-21 00:00:00,EL PASO,SOLAR,RAD SOLAR,ENDG,DESPACHADO CENTRALMENTE,0.0,0.0,0.0,0.0,0.0,0.0,9469.53,37612.8,47031.65,51247.19,53917.73,55506.82,52498.63,48461.25,47962.44,37881.37,13579.87,371.19,0.0,0.0,0.0,0.0,0.0,0.0,TX4
2019-11-22 00:00:00,EL PASO,SOLAR,RAD SOLAR,ENDG,DESPACHADO CENTRALMENTE,0.0,0.0,0.0,0.0,0.0,0.0,8717.68,39399.42,48111.59,49120.01,52438.17,48254.16,34726.48,40242.92,46409.72,40693.5,17506.86,775.36,0.0,0.0,0.0,0.0,0.0,0.0,TX4
2019-11-23 00:00:00,EL PASO,SOLAR,RAD SOLAR,ENDG,DESPACHADO CENTRALMENTE,0.0,0.0,0.0,0.0,0.0,0.0,10446.65,33643.5,40246.96,48682.87,44695.65,52158.06,51444.61,51059.15,48578.52,44093.19,9427.91,307.46,0.0,0.0,0.0,0.0,0.0,0.0,TX4
2019-11-24 00:00:00,EL PASO,SOLAR,RAD SOLAR,ENDG,DESPACHADO CENTRALMENTE,0.0,0.0,0.0,0.0,0.0,0.0,9861.07,39530.37,49029.12,50817.74,50206.47,51195.69,49579.73,50234.25,47857.93,42719.94,19129.67,791.16,0.0,0.0,0.0,0.0,0.0,0.0,TX4
2019-11-25 00:00:00,EL PASO,SOLAR,RAD SOLAR,ENDG,DESPACHADO CENTRALMENTE,0.0,0.0,0.0,0.0,0.0,0.0,9875.48,38238.56,47919.73,50156.28,50714.14,47295.09,50956.03,49940.09,46573.33,38298.99,17438.95,667.48,0.0,0.0,0.0,0.0,0.0,0.0,TX4
2019-11-26 00:00:00,EL PASO,SOLAR,RAD SOLAR,ENDG,DESPACHADO CENTRALMENTE,0.0,0.0,0.0,0.0,0.0,0.0,9758.11,38968.61,49693.04,53377.7,52445.71,52225.6,51382.47,51025.74,45075.22,29567.84,13044.06,1046.83,0.0,0.0,0.0,0.0,0.0,0.0,TX4
2019-11-27 00:00:00,EL PASO,SOLAR,RAD SOLAR,ENDG,DESPACHADO CENTRALMENTE,0.0,0.0,0.0,0.0,0.0,0.0,9524.5,39235.83,49135.08,52764.75,55549.4,55571.61,54789.64,53127.23,47473.55,40049.63,18003.64,648.08,0.0,0.0,0.0,0.0,0.0,0.0,TX4
2019-11-28 00:00:00,EL PASO,SOLAR,RAD SOLAR,ENDG,DESPACHADO CENTRALMENTE,0.0,0.0,0.0,0.0,0.0,0.0,6812.41,30726.65,39874.44,44306.2,45470.96,49787.76,44894.37,47374.04,42446.45,41840.07,11926.98,1116.75,0.0,0.0,0.0,0.0,0.0,0.0,TX4
2019-11-29 00:00:00,EL PASO,SOLAR,RAD SOLAR,ENDG,DESPACHADO CENTRALMENTE,0.0,0.0,0.0,0.0,0.0,0.0,5453.53,15042.81,23023.08,32479.82,37823.43,41873.5,42459.11,38555.28,30380.43,17189.2,5656.09,167.53,0.0,0.0,0.0,0.0,0.0,0.0,TX4
2019-11-30 00:00:00,EL PASO,SOLAR,RAD SOLAR,ENDG,DESPACHADO CENTRALMENTE,0.0,0.0,0.0,0.0,0.0,0.0,9046.38,35634.92,47780.88,53726.67,55972.83,57564.92,55399.45,54731.12,51852.56,45078.27,20468.05,736.81,0.0,0.0,0.0,0.0,0.0,0.0,TX4
2019-12-01 00:00:00,EL PASO,SOLAR,RAD SOLAR,ENDG,DESPACHADO CENTRALMENTE,0.0,0.0,0.0,0.0,0.0,0.0,9660.92,41669.2,52683.53,55401.72,56060.53,56294.17,55589.85,53952.19,50952.8,45442.01,20469.68,913.29,0.0,0.0,0.0,0.0,0.0,0.0,TX4
2019-12-02 00:00:00,EL PASO,SOLAR,RAD SOLAR,ENDG,DESPACHADO CENTRALMENTE,0.0,0.0,0.0,0.0,0.0,0.0,259.38,0.0,0.0,0.0,0.0,0.0,0.0,0.0,0.0,0.0,0.0,0.0,0.0,0.0,0.0,0.0,0.0,0.0,TX4
2019-12-03 00:00:00,EL PASO,SOLAR,RAD SOLAR,ENDG,DESPACHADO CENTRALMENTE,0.0,0.0,0.0,0.0,0.0,0.0,5421.21,33691.22,47032.51,50712.22,52008.48,50010.19,48650.02,48646.78,43664.47,17967.78,7765.32,32.22,0.0,0.0,0.0,0.0,0.0,0.0,TX4
2019-12-04 00:00:00,EL PASO,SOLAR,RAD SOLAR,ENDG,DESPACHADO CENTRALMENTE,0.0,0.0,0.0,0.0,0.0,0.0,1463.17,9275.13,14216.48,40740.08,42671.05,21528.05,42828.14,24308.39,46902.37,38274.64,13808.93,638.09,0.0,0.0,0.0,0.0,0.0,0.0,TX4
2019-12-05 00:00:00,EL PASO,SOLAR,RAD SOLAR,ENDG,DESPACHADO CENTRALMENTE,0.0,0.0,0.0,0.0,0.0,0.0,6420.52,30548.26,40900.46,42743.42,46930.63,52027.26,48527.58,36736.32,23010.21,24122.55,7533.22,583.67,0.0,0.0,0.0,0.0,0.0,0.0,TX4
2019-12-06 00:00:00,EL PASO,SOLAR,RAD SOLAR,ENDG,DESPACHADO CENTRALMENTE,0.0,0.0,0.0,0.0,0.0,0.0,6983.28,35235.0,46278.39,50767.59,15314.2,3273.27,49891.83,48256.83,47380.12,40260.55,14290.86,160.7,0.0,0.0,0.0,0.0,0.0,0.0,TX4
2019-12-07 00:00:00,EL PASO,SOLAR,RAD SOLAR,ENDG,DESPACHADO CENTRALMENTE,0.0,0.0,0.0,0.0,0.0,0.0,3494.47,14151.27,35687.06,38747.54,45291.01,45339.19,45999.29,41291.49,45482.48,43268.92,17426.66,644.39,0.0,0.0,0.0,0.0,0.0,0.0,TX4
2019-12-08 00:00:00,EL PASO,SOLAR,RAD SOLAR,ENDG,DESPACHADO CENTRALMENTE,0.0,0.0,0.0,0.0,0.0,0.0,7483.49,35440.8,43824.53,51046.66,53439.49,52551.42,49903.61,50886.15,50055.55,45215.64,20915.1,961.19,0.0,0.0,0.0,0.0,0.0,0.0,TX4
2019-12-09 00:00:00,EL PASO,SOLAR,RAD SOLAR,ENDG,DESPACHADO CENTRALMENTE,0.0,0.0,0.0,0.0,0.0,0.0,7473.99,36777.0,50321.2,53134.15,54138.72,51286.65,54645.49,53183.24,48767.1,43505.23,19279.06,1125.51,0.0,0.0,0.0,0.0,0.0,0.0,TX4
2019-12-10 00:00:00,EL PASO,SOLAR,RAD SOLAR,ENDG,DESPACHADO CENTRALMENTE,0.0,0.0,0.0,0.0,0.0,0.0,6216.17,33367.76,46900.06,55178.36,56338.98,48692.51,41851.95,47829.83,50071.55,41443.21,15611.67,1062.87,0.0,0.0,0.0,0.0,0.0,0.0,TX4
2019-12-11 00:00:00,EL PASO,SOLAR,RAD SOLAR,ENDG,DESPACHADO CENTRALMENTE,0.0,0.0,0.0,0.0,0.0,0.0,4099.1,28432.01,49227.45,44571.6,46819.23,45489.72,1495.54,855.09,754.89,35143.16,15949.18,735.01,0.0,0.0,0.0,0.0,0.0,0.0,TX4
2019-12-12 00:00:00,EL PASO,SOLAR,RAD SOLAR,ENDG,DESPACHADO CENTRALMENTE,0.0,0.0,0.0,0.0,0.0,0.0,3279.94,24706.73,52206.67,56733.39,50183.42,50363.89,45458.34,59194.73,52695.89,30810.39,20336.75,1409.43,0.0,0.0,0.0,0.0,0.0,0.0,TX4
2019-12-13 00:00:00,EL PASO,SOLAR,RAD SOLAR,ENDG,DESPACHADO CENTRALMENTE,0.0,0.0,0.0,0.0,0.0,0.0,6885.56,36274.08,51818.18,56282.13,56191.44,55511.37,50629.98,49671.18,49535.78,35604.71,16441.46,2054.49,0.0,0.0,0.0,0.0,0.0,0.0,TX4
2019-12-14 00:00:00,EL PASO,SOLAR,RAD SOLAR,ENDG,DESPACHADO CENTRALMENTE,0.0,0.0,0.0,0.0,0.0,0.0,5458.27,26175.43,47732.61,49692.75,55449.96,46649.82,43331.26,39736.19,22234.78,7888.8,14298.93,471.89,0.0,0.0,0.0,0.0,0.0,0.0,TX4
2019-12-15 00:00:00,EL PASO,SOLAR,RAD SOLAR,ENDG,DESPACHADO CENTRALMENTE,0.0,0.0,0.0,0.0,0.0,0.0,2789.3,24565.22,48757.4,45869.85,46054.75,56356.02,53719.86,52660.63,47590.55,37022.98,6144.39,1444.72,0.0,0.0,0.0,0.0,0.0,0.0,TX4
2019-12-16 00:00:00,EL PASO,SOLAR,RAD SOLAR,ENDG,DESPACHADO CENTRALMENTE,0.0,0.0,0.0,0.0,0.0,0.0,1923.14,28590.01,48469.25,45559.24,50120.03,52718.49,49806.39,49767.34,47510.34,43487.13,19682.35,1297.44,0.0,0.0,0.0,0.0,0.0,0.0,TX4
2019-12-17 00:00:00,EL PASO,SOLAR,RAD SOLAR,ENDG,DESPACHADO CENTRALMENTE,0.0,0.0,0.0,0.0,0.0,0.0,5221.25,33711.84,47392.03,51488.21,53131.42,51923.41,54018.82,54050.24,37986.81,42229.08,15649.39,1446.55,0.0,0.0,0.0,0.0,0.0,0.0,TX4
2019-12-18 00:00:00,EL PASO,SOLAR,RAD SOLAR,ENDG,DESPACHADO CENTRALMENTE,0.0,0.0,0.0,0.0,0.0,0.0,1852.7,8590.17,18258.56,29781.29,33167.33,44573.51,45417.81,37032.97,25494.72,16865.29,6158.8,658.84,0.0,0.0,0.0,0.0,0.0,0.0,TX4
2019-12-19 00:00:00,EL PASO,SOLAR,RAD SOLAR,ENDG,DESPACHADO CENTRALMENTE,0.0,0.0,0.0,0.0,0.0,0.0,3510.67,13403.47,44378.94,33471.39,34817.74,45611.64,46576.06,52766.85,49163.48,40311.98,9255.11,744.42,0.0,0.0,0.0,0.0,0.0,0.0,TX4
2019-12-20 00:00:00,EL PASO,SOLAR,RAD SOLAR,ENDG,DESPACHADO CENTRALMENTE,0.0,0.0,0.0,0.0,0.0,0.0,3528.82,29460.35,45787.97,48762.94,54614.67,54281.86,50002.43,53433.05,42458.43,37024.11,9552.33,1220.26,0.0,0.0,0.0,0.0,0.0,0.0,TX4
2019-12-21 00:00:00,EL PASO,SOLAR,RAD SOLAR,ENDG,DESPACHADO CENTRALMENTE,0.0,0.0,0.0,0.0,0.0,0.0,3102.91,31747.25,49563.35,50079.69,46480.68,40344.82,34435.48,39818.03,20545.85,13978.7,6013.3,745.9,0.0,0.0,0.0,0.0,0.0,0.0,TX4
2019-12-22 00:00:00,EL PASO,SOLAR,RAD SOLAR,ENDG,DESPACHADO CENTRALMENTE,0.0,0.0,0.0,0.0,0.0,0.0,4930.4,26764.61,44704.85,46129.46,51427.12,46554.57,46996.99,46886.41,45353.46,45356.68,23909.37,1071.35,0.0,0.0,0.0,0.0,0.0,0.0,TX4
2019-12-23 00:00:00,EL PASO,SOLAR,RAD SOLAR,ENDG,DESPACHADO CENTRALMENTE,0.0,0.0,0.0,0.0,0.0,0.0,3920.9,30549.57,46619.68,50208.77,50155.69,50659.13,47501.47,33805.49,44391.79,24909.68,22824.14,1740.65,0.0,0.0,0.0,0.0,0.0,0.0,TX4
2019-12-24 00:00:00,EL PASO,SOLAR,RAD SOLAR,ENDG,DESPACHADO CENTRALMENTE,0.0,0.0,0.0,0.0,0.0,0.0,2896.02,28632.71,44422.49,49460.33,42421.44,41519.48,50566.58,51824.13,49016.28,36408.0,22184.16,270.48,0.0,0.0,0.0,0.0,0.0,0.0,TX4
2019-12-25 00:00:00,EL PASO,SOLAR,RAD SOLAR,ENDG,DESPACHADO CENTRALMENTE,0.0,0.0,0.0,0.0,0.0,0.0,1169.51,5604.05,10688.06,18579.85,23649.24,33468.81,20539.23,20425.21,20505.65,8091.36,3320.7,435.06,0.0,0.0,0.0,0.0,0.0,0.0,TX4
2019-12-26 00:00:00,EL PASO,SOLAR,RAD SOLAR,ENDG,DESPACHADO CENTRALMENTE,0.0,0.0,0.0,0.0,0.0,0.0,1076.31,4380.93,8625.65,28517.95,45072.57,38577.58,42358.67,44809.9,23418.82,36947.58,13712.58,1306.57,0.0,0.0,0.0,0.0,0.0,0.0,TX4
2019-12-27 00:00:00,EL PASO,SOLAR,RAD SOLAR,ENDG,DESPACHADO CENTRALMENTE,0.0,0.0,0.0,0.0,0.0,0.0,50.27,3387.61,15723.33,36393.6,37939.42,46113.42,46659.3,47362.59,24793.25,23031.22,12164.65,598.65,0.0,0.0,0.0,0.0,0.0,0.0,TX4
2019-12-28 00:00:00,EL PASO,SOLAR,RAD SOLAR,ENDG,DESPACHADO CENTRALMENTE,0.0,0.0,0.0,0.0,0.0,0.0,2112.55,17693.52,29296.46,30094.49,29548.67,32065.28,32594.91,31515.86,31464.33,18373.96,4120.81,978.58,0.0,0.0,0.0,0.0,0.0,0.0,TX4
2019-12-29 00:00:00,EL PASO,SOLAR,RAD SOLAR,ENDG,DESPACHADO CENTRALMENTE,0.0,0.0,0.0,0.0,0.0,0.0,2118.0,10890.74,27247.79,33066.38,33141.1,34328.35,34624.93,28983.52,32583.26,29721.85,16980.15,408.18,0.0,0.0,0.0,0.0,0.0,0.0,TX4
2019-12-30 00:00:00,EL PASO,SOLAR,RAD SOLAR,ENDG,DESPACHADO CENTRALMENTE,0.0,0.0,0.0,0.0,0.0,0.0,2494.07,20516.31,32225.43,35676.47,37734.17,39177.48,36426.72,31567.8,24628.29,20752.74,8307.24,1165.16,0.0,0.0,0.0,0.0,0.0,0.0,TX4
2019-12-31 00:00:00,EL PASO,SOLAR,RAD SOLAR,ENDG,DESPACHADO CENTRALMENTE,0.0,0.0,0.0,0.0,0.0,0.0,3317.8,21136.07,32120.45,34721.28,35547.54,33695.56,28072.86,23681.01,20685.88,12854.67,6969.54,1032.48,0.0,0.0,0.0,0.0,0.0,0.0,TX4
2020-01-01,EL PASO,SOLAR,RAD SOLAR,ENDG,DESPACHADO CENTRALMENTE,0.0,0.0,0.0,0.0,0.0,0.0,2261.75,20316.48,37234.34,39393.82,38752.9,42201.74,49459.59,49091.9,31808.42,34184.3,21763.99,1698.27,0.0,0.0,0.0,0.0,0.0,0.0,TX5
2020-01-02,EL PASO,SOLAR,RAD SOLAR,ENDG,DESPACHADO CENTRALMENTE,0.0,0.0,0.0,0.0,0.0,0.0,3135.59,27257.06,44444.02,49395.48,50771.8,51918.11,51040.76,49226.25,44853.2,42770.16,23111.03,2332.84,0.0,0.0,0.0,0.0,0.0,0.0,TX5
2020-01-03,EL PASO,SOLAR,RAD SOLAR,ENDG,DESPACHADO CENTRALMENTE,0.0,0.0,0.0,0.0,0.0,0.0,2765.44,27207.75,46863.6,51096.65,51829.38,51171.06,52015.48,50470.82,46831.12,42316.74,21719.6,2358.57,0.0,0.0,0.0,0.0,0.0,0.0,TX5
2020-01-04,EL PASO,SOLAR,RAD SOLAR,ENDG,DESPACHADO CENTRALMENTE,0.0,0.0,0.0,0.0,0.0,0.0,3079.03,29186.94,48533.83,52049.97,52525.5,53044.75,52954.64,52026.02,48232.55,41792.0,27243.19,2466.01,0.0,0.0,0.0,0.0,0.0,0.0,TX5
2020-01-05,EL PASO,SOLAR,RAD SOLAR,ENDG,DESPACHADO CENTRALMENTE,0.0,0.0,0.0,0.0,0.0,0.0,1625.79,11617.17,39251.31,50574.78,52924.01,53963.89,47888.4,52427.85,49810.66,43828.05,24765.34,3024.19,0.0,0.0,0.0,0.0,0.0,0.0,TX5
2020-01-06,EL PASO,SOLAR,RAD SOLAR,ENDG,DESPACHADO CENTRALMENTE,0.0,0.0,0.0,0.0,0.0,0.0,2837.7,28898.25,47412.96,52346.73,53183.47,52999.86,40389.26,37196.77,34834.52,37133.81,7320.24,2492.55,0.0,0.0,0.0,0.0,0.0,0.0,TX5
2020-01-07,EL PASO,SOLAR,RAD SOLAR,ENDG,DESPACHADO CENTRALMENTE,0.0,0.0,0.0,0.0,0.0,0.0,2834.24,28267.67,47155.99,51034.17,51694.68,52022.9,52912.8,36710.13,50779.8,45155.31,23260.04,1876.92,0.0,0.0,0.0,0.0,0.0,0.0,TX5
2020-01-08,EL PASO,SOLAR,RAD SOLAR,ENDG,DESPACHADO CENTRALMENTE,0.0,0.0,0.0,0.0,0.0,0.0,2900.61,29329.5,48860.3,51508.94,53627.57,54213.47,54735.13,53545.94,50130.12,45240.83,26064.51,3273.77,0.0,0.0,0.0,0.0,0.0,0.0,TX5
2020-01-09,EL PASO,SOLAR,RAD SOLAR,ENDG,DESPACHADO CENTRALMENTE,0.0,0.0,0.0,0.0,0.0,0.0,2872.73,29748.44,49118.75,52586.72,50568.79,54124.43,54293.82,52617.02,50181.08,45109.69,26432.35,3373.45,0.0,0.0,0.0,0.0,0.0,0.0,TX5
2020-01-10,EL PASO,SOLAR,RAD SOLAR,ENDG,DESPACHADO CENTRALMENTE,0.0,0.0,0.0,0.0,0.0,0.0,2703.71,28973.89,49241.32,52269.17,53444.0,52013.31,53169.46,50697.25,44883.55,45127.45,26510.76,3532.94,0.0,0.0,0.0,0.0,0.0,0.0,TX5
2020-01-11,EL PASO,SOLAR,RAD SOLAR,ENDG,DESPACHADO CENTRALMENTE,0.0,0.0,0.0,0.0,0.0,0.0,2584.27,28490.15,49563.4,53980.46,55507.5,55906.15,56138.59,54826.66,49212.93,44220.48,28633.76,3857.56,0.0,0.0,0.0,0.0,0.0,0.0,TX5
2020-01-12,EL PASO,SOLAR,RAD SOLAR,ENDG,DESPACHADO CENTRALMENTE,0.0,0.0,0.0,0.0,0.0,0.0,2569.6,28510.69,49684.33,54153.6,55308.22,55011.79,54668.98,53524.55,50869.16,45479.08,27435.92,3566.15,0.0,0.0,0.0,0.0,0.0,0.0,TX5
2020-01-13,EL PASO,SOLAR,RAD SOLAR,ENDG,DESPACHADO CENTRALMENTE,0.0,0.0,0.0,0.0,0.0,0.0,2577.65,28556.97,49484.99,52923.85,54071.62,54459.59,55347.69,54534.9,47459.26,41724.99,26398.4,3731.78,0.0,0.0,0.0,0.0,0.0,0.0,TX5
2020-01-14,EL PASO,SOLAR,RAD SOLAR,ENDG,DESPACHADO CENTRALMENTE,0.0,0.0,0.0,0.0,0.0,0.0,2429.57,26817.22,49612.41,53843.92,55673.34,55856.17,55347.86,45508.73,51380.08,46052.8,29125.64,4127.05,0.0,0.0,0.0,0.0,0.0,0.0,TX5
2020-01-15,EL PASO,SOLAR,RAD SOLAR,ENDG,DESPACHADO CENTRALMENTE,0.0,0.0,0.0,0.0,0.0,0.0,1164.01,22956.2,50058.71,52832.12,51077.25,54693.2,54353.06,52616.79,45174.36,40022.56,24212.92,3476.77,0.0,0.0,0.0,0.0,0.0,0.0,TX5
2020-01-16,EL PASO,SOLAR,RAD SOLAR,ENDG,DESPACHADO CENTRALMENTE,0.0,0.0,0.0,0.0,0.0,0.0,1459.65,26318.78,45076.47,50569.71,52027.78,52709.56,52518.11,51937.34,47748.05,41863.02,25650.54,3607.3,0.0,0.0,0.0,0.0,0.0,0.0,TX5
2020-01-17,EL PASO,SOLAR,RAD SOLAR,ENDG,DESPACHADO CENTRALMENTE,0.0,0.0,0.0,0.0,0.0,0.0,2308.93,28477.98,47843.99,52944.2,54655.92,54769.85,54217.56,52720.81,46680.94,41025.34,26854.14,4224.49,0.0,0.0,0.0,0.0,0.0,0.0,TX5
2020-01-18,EL PASO,SOLAR,RAD SOLAR,ENDG,DESPACHADO CENTRALMENTE,0.0,0.0,0.0,0.0,0.0,0.0,2414.19,28468.52,50015.11,54654.53,55869.98,55806.96,55940.48,54783.86,52128.37,48336.91,30340.43,4628.05,0.0,0.0,0.0,0.0,0.0,0.0,TX5
2020-01-19,EL PASO,SOLAR,RAD SOLAR,ENDG,DESPACHADO CENTRALMENTE,0.0,0.0,0.0,0.0,0.0,0.0,2263.64,29266.03,49561.71,53391.55,54516.44,54052.07,53783.35,52294.75,49799.2,44650.12,24966.09,3542.09,0.0,0.0,0.0,0.0,0.0,0.0,TX5
2020-01-20,EL PASO,SOLAR,RAD SOLAR,ENDG,DESPACHADO CENTRALMENTE,0.0,0.0,0.0,0.0,0.0,0.0,2341.57,18854.19,42649.91,47720.92,49484.82,51829.04,51665.88,43986.53,43527.42,34585.91,14039.69,2353.94,0.0,0.0,0.0,0.0,0.0,0.0,TX5
2020-01-21,EL PASO,SOLAR,RAD SOLAR,ENDG,DESPACHADO CENTRALMENTE,0.0,0.0,0.0,0.0,0.0,0.0,0.0,351.17,11422.6,52199.54,51602.6,54409.55,56058.82,55546.88,51048.58,16623.49,4775.61,2437.99,0.0,0.0,0.0,0.0,0.0,0.0,TX5
2020-01-22,EL PASO,SOLAR,RAD SOLAR,ENDG,DESPACHADO CENTRALMENTE,0.0,0.0,0.0,0.0,0.0,0.0,3138.05,9319.12,9939.47,12111.6,33901.86,41024.82,32542.77,35982.41,32963.82,40885.08,7650.01,485.56,0.0,0.0,0.0,0.0,0.0,0.0,TX5
2020-01-23,EL PASO,SOLAR,RAD SOLAR,ENDG,DESPACHADO CENTRALMENTE,0.0,0.0,0.0,0.0,0.0,0.0,888.21,8477.77,20987.57,47020.0,54475.89,55780.56,49046.73,53425.83,50655.48,44204.82,21148.98,4800.05,0.0,0.0,0.0,0.0,0.0,0.0,TX5
2020-01-24,EL PASO,SOLAR,RAD SOLAR,ENDG,DESPACHADO CENTRALMENTE,0.0,0.0,0.0,0.0,0.0,0.0,398.39,5737.07,9149.3,31484.07,35486.97,47755.82,49500.28,48258.45,46924.53,39622.64,17438.53,2854.23,0.0,0.0,0.0,0.0,0.0,0.0,TX5
2020-01-25,EL PASO,SOLAR,RAD SOLAR,ENDG,DESPACHADO CENTRALMENTE,0.0,0.0,0.0,0.0,0.0,0.0,2204.58,27764.96,50752.11,56059.17,57570.57,57322.54,48950.02,53783.43,51581.45,47462.02,30552.46,4154.68,0.0,0.0,0.0,0.0,0.0,0.0,TX5
2020-01-26,EL PASO,SOLAR,RAD SOLAR,ENDG,DESPACHADO CENTRALMENTE,0.0,0.0,0.0,0.0,0.0,0.0,1567.93,20604.77,49458.1,56074.48,57926.0,57019.89,56736.66,55630.05,53942.46,50480.95,32070.5,4299.71,0.0,0.0,0.0,0.0,0.0,0.0,TX5
2020-01-27,EL PASO,SOLAR,RAD SOLAR,ENDG,DESPACHADO CENTRALMENTE,0.0,0.0,0.0,0.0,0.0,0.0,1756.1,19482.87,47697.95,47576.59,53329.71,42004.58,46128.32,53671.87,52856.96,39818.07,33013.49,5694.8,0.0,0.0,0.0,0.0,0.0,0.0,TX5
2020-01-28,EL PASO,SOLAR,RAD SOLAR,ENDG,DESPACHADO CENTRALMENTE,0.0,0.0,0.0,0.0,0.0,0.0,1434.67,17255.21,48433.73,53954.28,50490.14,53801.04,51631.38,50100.2,49890.77,29140.98,30747.49,7650.36,0.0,0.0,0.0,0.0,0.0,0.0,TX5
2020-01-29,EL PASO,SOLAR,RAD SOLAR,ENDG,DESPACHADO CENTRALMENTE,0.0,0.0,0.0,0.0,0.0,0.0,818.63,11783.44,18476.67,36403.61,49256.79,43218.91,54055.86,56244.67,50725.81,45096.28,19320.35,3014.43,0.0,0.0,0.0,0.0,0.0,0.0,TX5
2020-01-30,EL PASO,SOLAR,RAD SOLAR,ENDG,DESPACHADO CENTRALMENTE,0.0,0.0,0.0,0.0,0.0,0.0,2283.3,26888.12,48151.05,52837.9,54245.58,46350.87,53977.32,54326.28,39431.29,32525.6,16454.56,6390.53,0.0,0.0,0.0,0.0,0.0,0.0,TX5
2020-01-31,EL PASO,SOLAR,RAD SOLAR,ENDG,DESPACHADO CENTRALMENTE,0.0,0.0,0.0,0.0,0.0,0.0,2188.51,28553.02,50230.7,53254.87,54633.26,56909.87,57146.88,55815.69,51821.69,44803.72,30351.45,5817.27,0.0,0.0,0.0,0.0,0.0,0.0,TX5
2020-02-01,EL PASO,SOLAR,RAD SOLAR,ENDG,DESPACHADO CENTRALMENTE,0.0,0.0,0.0,0.0,0.0,0.0,2168.36,28904.93,50387.98,55706.26,56309.56,55485.83,55314.35,54411.79,52220.21,45429.21,28819.43,6459.41,0.0,0.0,0.0,0.0,0.0,0.0,TX6
2020-02-02,EL PASO,SOLAR,RAD SOLAR,ENDG,DESPACHADO CENTRALMENTE,0.0,0.0,0.0,0.0,0.0,0.0,391.51,14368.12,43566.29,51756.61,53625.06,48542.43,39671.07,35402.56,43511.35,33251.38,16686.01,631.12,0.0,0.0,0.0,0.0,0.0,0.0,TX6
2020-02-03,EL PASO,SOLAR,RAD SOLAR,ENDG,DESPACHADO CENTRALMENTE,0.0,0.0,0.0,0.0,0.0,0.0,2005.61,24894.95,48205.92,54158.23,56459.05,53239.72,56794.11,55250.34,52487.28,38263.8,23920.61,7229.91,0.0,0.0,0.0,0.0,0.0,0.0,TX6
2020-02-04,EL PASO,SOLAR,RAD SOLAR,ENDG,DESPACHADO CENTRALMENTE,0.0,0.0,0.0,0.0,0.0,0.0,2006.38,25394.86,48071.02,53677.45,55357.17,55316.8,58051.83,57072.25,52176.15,44995.68,31441.3,6250.28,0.0,0.0,0.0,0.0,0.0,0.0,TX6
2020-02-05,EL PASO,SOLAR,RAD SOLAR,ENDG,DESPACHADO CENTRALMENTE,0.0,0.0,0.0,0.0,0.0,0.0,1696.75,24491.85,47259.75,53561.67,56296.27,56931.68,56548.01,55739.36,53212.3,49241.16,31389.42,6047.51,0.0,0.0,0.0,0.0,0.0,0.0,TX6
2020-02-06,EL PASO,SOLAR,RAD SOLAR,ENDG,DESPACHADO CENTRALMENTE,0.0,0.0,0.0,0.0,0.0,0.0,2116.53,26230.82,49018.26,54128.58,54800.89,53907.81,58020.87,55530.42,54142.29,49681.6,32940.3,7226.84,0.0,0.0,0.0,0.0,0.0,0.0,TX6
2020-02-07,EL PASO,SOLAR,RAD SOLAR,ENDG,DESPACHADO CENTRALMENTE,0.0,0.0,0.0,0.0,0.0,0.0,2029.81,24883.87,47502.27,53164.79,54560.65,54857.4,54744.87,54648.91,53342.68,48671.88,32644.01,7764.11,0.0,0.0,0.0,0.0,0.0,0.0,TX6
2020-02-08,EL PASO,SOLAR,RAD SOLAR,ENDG,DESPACHADO CENTRALMENTE,0.0,0.0,0.0,0.0,0.0,0.0,2016.26,24681.76,48835.65,54320.58,55667.08,55907.94,56422.71,56218.38,53494.87,50485.11,35799.4,7505.47,0.0,0.0,0.0,0.0,0.0,0.0,TX6
2020-02-09,EL PASO,SOLAR,RAD SOLAR,ENDG,DESPACHADO CENTRALMENTE,0.0,0.0,0.0,0.0,0.0,0.0,0.0,0.0,0.0,0.0,0.0,0.0,0.0,0.0,0.0,0.0,868.91,2850.8,0.0,0.0,0.0,0.0,0.0,0.0,TX6
2020-02-10,EL PASO,SOLAR,RAD SOLAR,ENDG,DESPACHADO CENTRALMENTE,0.0,0.0,0.0,0.0,0.0,0.0,1812.63,22222.05,42442.24,54097.77,56600.24,53694.84,53871.19,53305.85,52011.65,47108.84,30197.77,6089.65,0.0,0.0,0.0,0.0,0.0,0.0,TX6
2020-02-11,EL PASO,SOLAR,RAD SOLAR,ENDG,DESPACHADO CENTRALMENTE,0.0,0.0,0.0,0.0,0.0,0.0,2198.99,26886.92,49253.32,54819.53,56970.09,53052.92,56336.29,54827.96,51807.07,47371.08,31612.54,6637.47,0.0,0.0,0.0,0.0,0.0,0.0,TX6
2020-02-12,EL PASO,SOLAR,RAD SOLAR,ENDG,DESPACHADO CENTRALMENTE,0.0,0.0,0.0,0.0,0.0,0.0,2132.02,25746.51,48317.84,54702.79,57156.5,56983.28,55009.88,52696.69,53226.26,48559.16,30212.03,6381.13,0.0,0.0,0.0,0.0,0.0,0.0,TX6
2020-02-13,EL PASO,SOLAR,RAD SOLAR,ENDG,DESPACHADO CENTRALMENTE,0.0,0.0,0.0,0.0,0.0,0.0,2092.81,25708.83,49212.68,53793.25,56029.0,57098.19,57586.36,53581.65,53393.05,49453.64,31642.06,6355.34,0.0,0.0,0.0,0.0,0.0,0.0,TX6
2020-02-14,EL PASO,SOLAR,RAD SOLAR,ENDG,DESPACHADO CENTRALMENTE,0.0,0.0,0.0,0.0,0.0,0.0,2462.84,28055.37,52036.64,57437.92,58462.26,57602.8,56949.86,53142.92,42985.94,46799.87,30009.65,3275.43,0.0,0.0,0.0,0.0,0.0,0.0,TX6
2020-02-15,EL PASO,SOLAR,RAD SOLAR,ENDG,DESPACHADO CENTRALMENTE,0.0,0.0,0.0,0.0,0.0,0.0,2508.79,28492.79,51944.91,57170.76,57963.0,53111.85,50767.24,52928.22,50318.33,40939.97,31420.49,6263.39,0.0,0.0,0.0,0.0,0.0,0.0,TX6
2020-02-16,EL PASO,SOLAR,RAD SOLAR,ENDG,DESPACHADO CENTRALMENTE,0.0,0.0,0.0,0.0,0.0,0.0,2407.3,27171.21,50454.78,56624.03,52859.3,52260.48,50779.52,49470.83,47112.74,32616.62,31581.11,7437.81,0.0,0.0,0.0,0.0,0.0,0.0,TX6
2020-02-17,EL PASO,SOLAR,RAD SOLAR,ENDG,DESPACHADO CENTRALMENTE,0.0,0.0,0.0,0.0,0.0,0.0,2582.84,27934.3,49603.12,54178.37,54833.54,54055.12,56465.35,53706.21,51469.03,44320.43,33339.17,7079.05,0.0,0.0,0.0,0.0,0.0,0.0,TX6
2020-02-18,EL PASO,SOLAR,RAD SOLAR,ENDG,DESPACHADO CENTRALMENTE,0.0,0.0,0.0,0.0,0.0,0.0,2876.53,31051.91,54480.64,58239.72,58239.53,57793.92,57118.45,56137.78,51094.15,50936.63,36331.25,7520.38,0.0,0.0,0.0,0.0,0.0,0.0,TX6
2020-02-19,EL PASO,SOLAR,RAD SOLAR,ENDG,DESPACHADO CENTRALMENTE,0.0,0.0,0.0,0.0,0.0,0.0,3012.57,31471.09,54277.01,58278.55,58331.67,58218.22,59832.67,57962.17,54309.25,50297.79,31765.31,5545.02,0.0,0.0,0.0,0.0,0.0,0.0,TX6
2020-02-20,EL PASO,SOLAR,RAD SOLAR,ENDG,DESPACHADO CENTRALMENTE,0.0,0.0,0.0,0.0,0.0,0.0,2963.93,30385.73,52662.51,57575.35,58870.94,58648.38,58346.21,54002.68,48763.51,26451.31,16871.13,2195.69,0.0,0.0,0.0,0.0,0.0,0.0,TX6
2020-02-21,EL PASO,SOLAR,RAD SOLAR,ENDG,DESPACHADO CENTRALMENTE,0.0,0.0,0.0,0.0,0.0,0.0,2546.02,27530.05,48886.65,55477.69,55782.18,55768.53,52444.65,45786.52,19363.81,44220.04,19847.3,3849.65,0.0,0.0,0.0,0.0,0.0,0.0,TX6
2020-02-22,EL PASO,SOLAR,RAD SOLAR,ENDG,DESPACHADO CENTRALMENTE,0.0,0.0,0.0,0.0,0.0,0.0,1914.16,3875.7,11992.69,20369.78,47223.21,59424.36,58777.93,54891.07,44865.88,28903.96,31451.03,5866.4,0.0,0.0,0.0,0.0,0.0,0.0,TX6
2020-02-23,EL PASO,SOLAR,RAD SOLAR,ENDG,DESPACHADO CENTRALMENTE,0.0,0.0,0.0,0.0,0.0,0.0,3564.86,28333.34,49824.29,55723.89,57885.68,56327.5,57023.82,50237.12,47444.53,41489.6,25943.94,4470.21,0.0,0.0,0.0,0.0,0.0,0.0,TX6
2020-02-24,EL PASO,SOLAR,RAD SOLAR,ENDG,DESPACHADO CENTRALMENTE,0.0,0.0,0.0,0.0,0.0,0.0,2169.99,27165.07,50605.02,57421.39,58247.84,58406.44,58073.94,55440.24,56952.93,45405.15,31660.19,8736.27,0.0,0.0,0.0,0.0,0.0,0.0,TX6
2020-02-25,EL PASO,SOLAR,RAD SOLAR,ENDG,DESPACHADO CENTRALMENTE,0.0,0.0,0.0,0.0,0.0,0.0,3242.52,30180.37,48469.67,52656.46,54943.0,56323.68,58047.02,47163.56,55869.72,43455.21,31577.28,8249.7,0.0,0.0,0.0,0.0,0.0,0.0,TX6
2020-02-26,EL PASO,SOLAR,RAD SOLAR,ENDG,DESPACHADO CENTRALMENTE,0.0,0.0,0.0,0.0,0.0,0.0,1767.16,16152.44,24424.61,40984.45,43245.06,41283.56,53061.83,50546.44,53851.26,47817.77,32826.8,7256.36,0.0,0.0,0.0,0.0,0.0,0.0,TX6
2020-02-27,EL PASO,SOLAR,RAD SOLAR,ENDG,DESPACHADO CENTRALMENTE,0.0,0.0,0.0,0.0,0.0,0.0,2271.15,19528.7,44387.46,44833.13,55717.5,51744.15,55387.92,51443.04,46062.6,41008.97,17557.17,2668.41,0.0,0.0,0.0,0.0,0.0,0.0,TX6
2020-02-28,EL PASO,SOLAR,RAD SOLAR,ENDG,DESPACHADO CENTRALMENTE,0.0,0.0,0.0,0.0,0.0,0.0,3730.84,31861.15,56967.73,60493.14,53277.61,57602.46,54271.4,58410.9,58260.81,56727.03,40357.48,10337.64,0.0,0.0,0.0,0.0,0.0,0.0,TX6
2020-02-29,EL PASO,SOLAR,RAD SOLAR,ENDG,DESPACHADO CENTRALMENTE,0.0,0.0,0.0,0.0,0.0,0.0,3938.4,34283.85,55497.12,60886.21,62573.69,62339.32,61061.36,60086.55,58063.17,53423.69,36057.82,8557.46,0.0,0.0,0.0,0.0,0.0,0.0,TX6
2020-03-01,EL PASO,SOLAR,RAD SOLAR,ENDG,DESPACHADO CENTRALMENTE,0.0,0.0,0.0,0.0,0.0,0.0,3966.74,34434.03,54821.92,59944.34,60883.3,60236.87,60456.42,58964.0,55644.9,48831.8,26223.83,6528.93,0.0,0.0,0.0,0.0,0.0,0.0,TX6
2020-03-02,EL PASO,SOLAR,RAD SOLAR,ENDG,DESPACHADO CENTRALMENTE,0.0,0.0,0.0,0.0,0.0,0.0,3535.59,28818.98,47439.94,53037.33,58168.77,59397.54,59128.25,57568.88,50579.64,46405.64,30913.68,7012.09,0.0,0.0,0.0,0.0,0.0,0.0,TX6
2020-03-03,EL PASO,SOLAR,RAD SOLAR,ENDG,DESPACHADO CENTRALMENTE,0.0,0.0,0.0,0.0,0.0,0.0,3766.9,31002.4,53195.78,56943.18,57922.46,57356.03,58983.82,57661.06,54530.17,46078.15,29158.37,6288.93,0.0,0.0,0.0,0.0,0.0,0.0,TX6
2020-03-04,EL PASO,SOLAR,RAD SOLAR,ENDG,DESPACHADO CENTRALMENTE,0.0,0.0,0.0,0.0,0.0,0.0,3575.72,28517.15,50929.99,56501.34,57749.23,57893.77,59380.37,57718.04,54995.11,48705.27,30767.81,6000.85,0.0,0.0,0.0,0.0,0.0,0.0,TX6
2020-03-05,EL PASO,SOLAR,RAD SOLAR,ENDG,DESPACHADO CENTRALMENTE,0.0,0.0,0.0,0.0,0.0,0.0,3837.75,30725.1,51819.35,55839.27,57487.72,56706.35,55723.49,54323.99,51548.23,48015.67,32790.28,7725.84,0.0,0.0,0.0,0.0,0.0,0.0,TX6
2020-03-06,EL PASO,SOLAR,RAD SOLAR,ENDG,DESPACHADO CENTRALMENTE,0.0,0.0,0.0,0.0,0.0,0.0,3137.89,25573.17,45079.28,55672.48,56542.97,55979.4,55574.45,51821.44,49418.13,46449.17,30599.28,6650.86,0.0,0.0,0.0,0.0,0.0,0.0,TX6
2020-03-07,EL PASO,SOLAR,RAD SOLAR,ENDG,DESPACHADO CENTRALMENTE,0.0,0.0,0.0,0.0,0.0,0.0,2901.07,20422.9,20549.25,24680.52,35990.8,54645.21,55854.47,49099.31,42088.61,36673.77,19320.56,3020.77,0.0,0.0,0.0,0.0,0.0,0.0,TX6
2020-03-08,EL PASO,SOLAR,RAD SOLAR,ENDG,DESPACHADO CENTRALMENTE,0.0,0.0,0.0,0.0,0.0,0.0,3176.23,25208.01,47366.86,52230.13,57591.39,57963.99,58438.61,56739.52,50450.3,45929.31,27123.74,5573.78,0.0,0.0,0.0,0.0,0.0,0.0,TX6
2020-03-09,EL PASO,SOLAR,RAD SOLAR,ENDG,DESPACHADO CENTRALMENTE,0.0,0.0,0.0,0.0,0.0,0.0,4226.59,31112.03,51039.91,56795.94,58204.76,57760.31,28195.3,39919.61,38683.25,37911.48,28642.6,6689.37,0.0,0.0,0.0,0.0,0.0,0.0,TX6
2020-03-10,EL PASO,SOLAR,RAD SOLAR,ENDG,DESPACHADO CENTRALMENTE,0.0,0.0,0.0,0.0,0.0,0.0,2307.44,14099.8,39174.43,47780.85,51159.87,52277.61,48559.29,48604.76,42973.33,29576.83,20958.79,4184.76,0.0,0.0,0.0,0.0,0.0,0.0,TX6
2020-03-11,EL PASO,SOLAR,RAD SOLAR,ENDG,DESPACHADO CENTRALMENTE,0.0,0.0,0.0,0.0,0.0,0.0,1973.51,7789.23,33531.59,43197.88,39305.36,42751.43,43082.81,39632.65,27239.36,21375.78,9399.03,3120.84,0.0,0.0,0.0,0.0,0.0,0.0,TX6
2020-03-12,EL PASO,SOLAR,RAD SOLAR,ENDG,DESPACHADO CENTRALMENTE,0.0,0.0,0.0,0.0,0.0,0.0,1382.65,20413.55,27299.52,41660.9,42276.34,45033.71,36740.86,35366.58,46066.73,40634.97,22822.49,4565.07,0.0,0.0,0.0,0.0,0.0,0.0,TX6
2020-03-13,EL PASO,SOLAR,RAD SOLAR,ENDG,DESPACHADO CENTRALMENTE,0.0,0.0,0.0,0.0,0.0,0.0,2630.29,20893.37,43969.93,50642.18,44371.72,51646.75,41599.17,33321.54,24509.21,24027.33,28609.52,2774.52,0.0,0.0,0.0,0.0,0.0,0.0,TX6
2020-03-14,EL PASO,SOLAR,RAD SOLAR,ENDG,DESPACHADO CENTRALMENTE,0.0,0.0,0.0,0.0,0.0,0.0,3947.99,22446.77,29254.84,53269.48,56779.43,55981.69,58989.89,57134.37,55553.9,50729.07,33702.88,6694.02,0.0,0.0,0.0,0.0,0.0,0.0,TX6
2020-03-15,EL PASO,SOLAR,RAD SOLAR,ENDG,DESPACHADO CENTRALMENTE,0.0,0.0,0.0,0.0,0.0,0.0,4589.92,25975.98,47260.06,56724.2,58420.1,54409.99,50681.83,42355.31,44063.63,38092.65,24552.17,5637.46,0.0,0.0,0.0,0.0,0.0,0.0,TX6
2020-03-16,EL PASO,SOLAR,RAD SOLAR,ENDG,DESPACHADO CENTRALMENTE,0.0,0.0,0.0,0.0,0.0,0.0,4154.66,26316.8,40919.43,45475.21,48795.62,51630.03,53582.89,48683.89,47240.33,44285.38,32256.19,7259.04,0.0,0.0,0.0,0.0,0.0,0.0,TX6
2020-03-17,EL PASO,SOLAR,RAD SOLAR,ENDG,DESPACHADO CENTRALMENTE,0.0,0.0,0.0,0.0,0.0,0.0,5945.44,35739.28,53780.34,58104.42,58790.52,57750.05,56109.79,50058.26,54641.69,42040.57,20168.74,2729.5,0.0,0.0,0.0,0.0,0.0,0.0,TX6
2020-03-18,EL PASO,SOLAR,RAD SOLAR,ENDG,DESPACHADO CENTRALMENTE,0.0,0.0,0.0,0.0,0.0,0.0,5763.66,33396.04,48262.18,56881.88,58170.0,57328.75,57487.54,55177.63,41702.87,29976.74,20214.37,3418.57,0.0,0.0,0.0,0.0,0.0,0.0,TX6
2020-03-19,EL PASO,SOLAR,RAD SOLAR,ENDG,DESPACHADO CENTRALMENTE,0.0,0.0,0.0,0.0,0.0,0.0,5089.91,32420.2,51385.23,57842.86,58758.91,58808.14,58922.64,58009.61,51371.89,31624.15,11020.33,2963.48,0.0,0.0,0.0,0.0,0.0,0.0,TX6
2020-03-20,EL PASO,SOLAR,RAD SOLAR,ENDG,DESPACHADO CENTRALMENTE,0.0,0.0,0.0,0.0,0.0,0.0,5024.91,29226.21,45974.88,48004.98,53928.54,53781.75,51289.71,47187.39,42078.33,31634.29,7856.62,101.23,0.0,0.0,0.0,0.0,0.0,0.0,TX6
2020-03-21,EL PASO,SOLAR,RAD SOLAR,ENDG,DESPACHADO CENTRALMENTE,0.0,0.0,0.0,0.0,0.0,0.0,3483.11,20522.11,40250.46,50435.66,52413.21,53523.95,54416.68,49211.34,50720.96,44904.85,27708.79,5051.13,0.0,0.0,0.0,0.0,0.0,0.0,TX6
2020-03-22,EL PASO,SOLAR,RAD SOLAR,ENDG,DESPACHADO CENTRALMENTE,0.0,0.0,0.0,0.0,0.0,0.0,5747.48,34085.16,42616.7,54950.42,56821.86,56898.55,56981.31,55786.62,53074.33,48605.77,35303.67,7479.08,0.0,0.0,0.0,0.0,0.0,0.0,TX6
2020-03-23,EL PASO,SOLAR,RAD SOLAR,ENDG,DESPACHADO CENTRALMENTE,0.0,0.0,0.0,0.0,0.0,0.0,4989.48,28813.27,46367.86,52703.77,54207.69,53600.09,52717.1,48787.01,45349.17,37714.55,23450.27,5788.86,0.0,0.0,0.0,0.0,0.0,0.0,TX6
2020-03-24,EL PASO,SOLAR,RAD SOLAR,ENDG,DESPACHADO CENTRALMENTE,0.0,0.0,0.0,0.0,0.0,0.0,2887.53,24300.06,41278.5,49710.15,51566.14,52423.89,52397.9,50135.01,45723.37,35890.97,21103.04,5623.7,0.0,0.0,0.0,0.0,0.0,0.0,TX6
2020-03-25,EL PASO,SOLAR,RAD SOLAR,ENDG,DESPACHADO CENTRALMENTE,0.0,0.0,0.0,0.0,0.0,0.0,3413.3,23570.23,43388.69,50789.75,53996.28,54084.08,54319.89,49122.88,41103.23,41755.0,20386.96,1867.21,0.0,0.0,0.0,0.0,0.0,0.0,TX6
2020-03-26,EL PASO,SOLAR,RAD SOLAR,ENDG,DESPACHADO CENTRALMENTE,0.0,0.0,0.0,0.0,0.0,0.0,5738.12,28132.17,43957.15,51308.9,53289.5,53771.71,54321.26,48566.64,49536.39,37639.26,24242.82,3813.73,0.0,0.0,0.0,0.0,0.0,0.0,TX6
2020-03-27,EL PASO,SOLAR,RAD SOLAR,ENDG,DESPACHADO CENTRALMENTE,0.0,0.0,0.0,0.0,0.0,0.0,3512.69,19675.54,38461.52,42234.01,50293.71,50893.96,50079.51,53754.1,42502.42,43588.19,29864.48,5535.38,0.0,0.0,0.0,0.0,0.0,0.0,TX6
2020-03-28,EL PASO,SOLAR,RAD SOLAR,ENDG,DESPACHADO CENTRALMENTE,0.0,0.0,0.0,0.0,0.0,0.0,8145.42,39191.39,54613.87,58432.39,58931.2,58118.66,52918.43,38551.33,37598.15,27648.76,18355.08,2856.45,0.0,0.0,0.0,0.0,0.0,0.0,TX6
2020-03-29,EL PASO,SOLAR,RAD SOLAR,ENDG,DESPACHADO CENTRALMENTE,0.0,0.0,0.0,0.0,0.0,0.0,7034.02,31736.6,43405.12,46744.43,46528.69,46201.86,45511.26,35422.93,33192.26,34265.98,21128.06,3897.04,0.0,0.0,0.0,0.0,0.0,0.0,TX6
2020-03-30,EL PASO,SOLAR,RAD SOLAR,ENDG,DESPACHADO CENTRALMENTE,0.0,0.0,0.0,0.0,0.0,0.0,5197.17,24374.3,35778.33,43662.14,46685.0,51145.25,50018.56,39813.91,42580.41,38372.41,25357.66,2869.67,0.0,0.0,0.0,0.0,0.0,0.0,TX6
2020-03-31,EL PASO,SOLAR,RAD SOLAR,ENDG,DESPACHADO CENTRALMENTE,0.0,0.0,0.0,0.0,0.0,0.0,5438.9,25447.3,41488.12,49233.95,51951.93,49087.08,50547.19,49634.58,31658.29,34724.03,17494.85,758.55,0.0,0.0,0.0,0.0,0.0,0.0,TX6
2020-04-01,EL PASO,SOLAR,RAD SOLAR,ENDG,DESPACHADO CENTRALMENTE,0.0,0.0,0.0,0.0,0.0,0.0,4005.53,16494.14,16518.75,17961.67,35602.76,38294.44,47883.2,51497.57,37181.38,23867.63,11296.82,3120.25,0.0,0.0,0.0,0.0,0.0,0.0,TX5
2020-04-02,EL PASO,SOLAR,RAD SOLAR,ENDG,DESPACHADO CENTRALMENTE,0.0,0.0,0.0,0.0,0.0,0.0,4082.2,21538.49,19221.75,28396.6,51485.03,52025.03,51436.18,49053.45,23580.65,21390.35,15444.01,3600.43,0.0,0.0,0.0,0.0,0.0,0.0,TX5
2020-04-03,EL PASO,SOLAR,RAD SOLAR,ENDG,DESPACHADO CENTRALMENTE,0.0,0.0,0.0,0.0,0.0,0.0,5120.01,22732.83,39652.43,50459.79,53373.76,54143.29,43530.0,51870.02,50075.09,41888.09,24589.27,4713.4,0.0,0.0,0.0,0.0,0.0,0.0,TX5
2020-04-04,EL PASO,SOLAR,RAD SOLAR,ENDG,DESPACHADO CENTRALMENTE,0.0,0.0,0.0,0.0,0.0,0.0,6914.58,25267.6,35606.31,46682.09,56056.27,56371.93,55581.71,49110.57,40375.03,43868.48,26850.57,2731.67,0.0,0.0,0.0,0.0,0.0,0.0,TX5
2020-04-05,EL PASO,SOLAR,RAD SOLAR,ENDG,DESPACHADO CENTRALMENTE,0.0,0.0,0.0,0.0,0.0,0.0,7850.64,33908.48,49111.16,54743.01,55453.76,54564.51,53735.81,49649.62,47429.31,33261.19,13440.5,1162.09,0.0,0.0,0.0,0.0,0.0,0.0,TX5
2020-04-06,EL PASO,SOLAR,RAD SOLAR,ENDG,DESPACHADO CENTRALMENTE,0.0,0.0,0.0,0.0,0.0,0.0,4768.68,19464.29,28992.48,6610.86,8893.16,13248.01,13252.34,20352.02,35905.99,25404.03,5438.27,1340.77,0.0,0.0,0.0,0.0,0.0,0.0,TX5
2020-04-07,EL PASO,SOLAR,RAD SOLAR,ENDG,DESPACHADO CENTRALMENTE,0.0,0.0,0.0,0.0,0.0,0.0,6646.45,29071.42,39783.72,48578.33,52183.26,58260.99,56125.92,57424.65,53406.52,41649.29,18780.32,1139.07,0.0,0.0,0.0,0.0,0.0,0.0,TX5
2020-04-08,EL PASO,SOLAR,RAD SOLAR,ENDG,DESPACHADO CENTRALMENTE,0.0,0.0,0.0,0.0,0.0,0.0,6883.95,36369.68,51192.76,56629.25,58480.06,58944.16,58336.27,52047.75,54210.75,47691.36,31822.69,5984.85,0.0,0.0,0.0,0.0,0.0,0.0,TX5
2020-04-09,EL PASO,SOLAR,RAD SOLAR,ENDG,DESPACHADO CENTRALMENTE,0.0,0.0,0.0,0.0,0.0,0.0,4450.07,19815.6,40600.41,39689.05,48115.13,52974.53,57489.56,57164.49,53162.91,47324.38,32346.98,5683.65,0.0,0.0,0.0,0.0,0.0,0.0,TX5
2020-04-10,EL PASO,SOLAR,RAD SOLAR,ENDG,DESPACHADO CENTRALMENTE,0.0,0.0,0.0,0.0,0.0,0.0,6978.7,27478.09,46288.09,52732.48,56516.32,50667.6,49114.79,38389.68,40933.14,48005.07,26931.85,3366.71,0.0,0.0,0.0,0.0,0.0,0.0,TX5
2020-04-11,EL PASO,SOLAR,RAD SOLAR,ENDG,DESPACHADO CENTRALMENTE,0.0,0.0,0.0,0.0,0.0,0.0,4574.25,28370.7,37814.88,47318.54,48681.06,48828.75,51959.72,49560.15,52695.14,38816.55,15735.03,1784.59,0.0,0.0,0.0,0.0,0.0,0.0,TX5
2020-04-12,EL PASO,SOLAR,RAD SOLAR,ENDG,DESPACHADO CENTRALMENTE,0.0,0.0,0.0,0.0,0.0,0.0,7794.27,26495.86,43533.56,49726.6,49402.54,50507.84,43321.35,38936.31,37833.08,35494.72,19774.1,2518.87,0.0,0.0,0.0,0.0,0.0,0.0,TX5
2020-04-13,EL PASO,SOLAR,RAD SOLAR,ENDG,DESPACHADO CENTRALMENTE,0.0,0.0,0.0,0.0,0.0,0.0,7297.44,29571.9,43720.55,51136.55,53172.92,46847.06,44241.0,46931.23,50125.56,42162.33,25193.45,351.02,0.0,0.0,0.0,0.0,0.0,0.0,TX5
2020-04-14,EL PASO,SOLAR,RAD SOLAR,ENDG,DESPACHADO CENTRALMENTE,0.0,0.0,0.0,0.0,0.0,0.0,9643.56,35020.68,49579.25,53658.58,55532.2,56376.46,55891.19,51305.31,50729.49,46980.53,21364.33,3668.8,0.0,0.0,0.0,0.0,0.0,0.0,TX5
2020-04-15,EL PASO,SOLAR,RAD SOLAR,ENDG,DESPACHADO CENTRALMENTE,0.0,0.0,0.0,0.0,0.0,0.0,7924.28,33336.22,48369.22,52453.82,54759.57,51123.58,47834.31,44615.41,51397.66,46541.28,30176.73,5776.44,0.0,0.0,0.0,0.0,0.0,0.0,TX5
2020-04-16,EL PASO,SOLAR,RAD SOLAR,ENDG,DESPACHADO CENTRALMENTE,0.0,0.0,0.0,0.0,0.0,0.0,12245.25,41914.8,52806.21,54995.61,55502.27,55846.57,50518.21,47067.38,53072.12,48424.02,33415.85,6573.9,0.0,0.0,0.0,0.0,0.0,0.0,TX5
2020-04-17,EL PASO,SOLAR,RAD SOLAR,ENDG,DESPACHADO CENTRALMENTE,0.0,0.0,0.0,0.0,0.0,0.0,7559.18,30608.32,47350.34,52869.77,53063.09,50775.09,54475.48,39221.55,36517.0,32079.53,21043.29,4480.97,0.0,0.0,0.0,0.0,0.0,0.0,TX5
2020-04-18,EL PASO,SOLAR,RAD SOLAR,ENDG,DESPACHADO CENTRALMENTE,0.0,0.0,0.0,0.0,0.0,0.0,7931.84,31510.51,46109.98,50469.47,50999.28,50810.79,40541.9,43936.17,38134.55,23533.42,5167.77,1310.44,0.0,0.0,0.0,0.0,0.0,0.0,TX5
2020-04-19,EL PASO,SOLAR,RAD SOLAR,ENDG,DESPACHADO CENTRALMENTE,0.0,0.0,0.0,0.0,0.0,0.0,4062.03,6534.46,24711.72,43268.12,47961.67,37215.27,40373.84,36114.29,40417.91,32074.66,26297.81,3983.78,0.0,0.0,0.0,0.0,0.0,0.0,TX5
2020-04-20,EL PASO,SOLAR,RAD SOLAR,ENDG,DESPACHADO CENTRALMENTE,0.0,0.0,0.0,0.0,0.0,0.0,6445.94,26787.98,43231.62,48258.12,46608.99,49085.14,42139.12,48844.37,44821.3,38707.31,16779.35,1124.98,0.0,0.0,0.0,0.0,0.0,0.0,TX5
2020-04-21,EL PASO,SOLAR,RAD SOLAR,ENDG,DESPACHADO CENTRALMENTE,0.0,0.0,0.0,0.0,0.0,0.0,9584.09,18396.47,24370.74,53098.07,50152.92,55822.39,57052.07,45906.99,50104.1,20776.0,2350.79,359.23,0.0,0.0,0.0,0.0,0.0,0.0,TX5
2020-04-22,EL PASO,SOLAR,RAD SOLAR,ENDG,DESPACHADO CENTRALMENTE,0.0,0.0,0.0,0.0,0.0,0.0,7113.94,27185.8,48711.73,51310.11,39537.81,36777.47,44894.68,54680.86,51260.18,46779.47,28370.11,5785.92,0.0,0.0,0.0,0.0,0.0,0.0,TX5
2020-04-23,EL PASO,SOLAR,RAD SOLAR,ENDG,DESPACHADO CENTRALMENTE,0.0,0.0,0.0,0.0,0.0,0.0,4434.53,24781.02,41181.92,35815.89,30598.7,10175.8,44467.8,26180.17,18292.73,19326.27,15294.03,3450.52,0.0,0.0,0.0,0.0,0.0,0.0,TX5
2020-04-24,EL PASO,SOLAR,RAD SOLAR,ENDG,DESPACHADO CENTRALMENTE,0.0,0.0,0.0,0.0,0.0,124.04,6895.93,16318.25,31953.27,48280.1,50760.47,51649.15,49428.18,49762.27,49394.65,45242.04,34553.5,7909.62,0.0,0.0,0.0,0.0,0.0,0.0,TX5
2020-04-25,EL PASO,SOLAR,RAD SOLAR,ENDG,DESPACHADO CENTRALMENTE,0.0,0.0,0.0,0.0,0.0,306.61,12474.27,37685.85,51175.27,55058.44,56718.57,56724.25,54636.58,53281.97,50064.46,35271.92,26548.58,3735.63,0.0,0.0,0.0,0.0,0.0,0.0,TX5
2020-04-26,EL PASO,SOLAR,RAD SOLAR,ENDG,DESPACHADO CENTRALMENTE,0.0,0.0,0.0,0.0,0.0,57.37,13075.19,40836.0,51647.04,54488.81,54682.31,54558.21,55192.69,53199.84,51496.22,46505.54,29353.37,4423.19,0.0,0.0,0.0,0.0,0.0,0.0,TX5
2020-04-27,EL PASO,SOLAR,RAD SOLAR,ENDG,DESPACHADO CENTRALMENTE,0.0,0.0,0.0,0.0,0.0,138.58,12344.81,39711.0,50453.31,54248.54,54728.33,52268.04,49571.57,52458.39,33270.82,36506.94,25578.52,7219.88,0.0,0.0,0.0,0.0,0.0,0.0,TX5
2020-04-28,EL PASO,SOLAR,RAD SOLAR,ENDG,DESPACHADO CENTRALMENTE,0.0,0.0,0.0,0.0,0.0,39.69,10216.3,34403.22,42913.7,38811.51,46756.08,42248.78,43237.87,45497.68,36354.72,38023.16,9284.34,1022.36,0.0,0.0,0.0,0.0,0.0,0.0,TX5
2020-04-29,EL PASO,SOLAR,RAD SOLAR,ENDG,DESPACHADO CENTRALMENTE,0.0,0.0,0.0,0.0,0.0,117.35,10790.59,33599.41,42999.25,46560.24,52125.38,52581.26,53395.54,48208.87,46540.28,22292.64,29748.0,1806.89,0.0,0.0,0.0,0.0,0.0,0.0,TX5
2020-04-30,EL PASO,SOLAR,RAD SOLAR,ENDG,DESPACHADO CENTRALMENTE,0.0,0.0,0.0,0.0,0.0,254.4,8334.0,12949.98,26424.14,29825.67,45720.01,56901.02,46541.18,35074.01,25582.73,17061.56,9776.4,2121.23,0.0,0.0,0.0,0.0,0.0,0.0,TX5
2020-05-01,EL PASO,SOLAR,RAD SOLAR,ENDG,DESPACHADO CENTRALMENTE,0.0,0.0,0.0,0.0,0.0,0.0,4588.85,25037.93,42716.48,48684.56,39114.72,52045.19,55054.79,54084.72,51440.68,46139.64,30026.87,4618.56,0.0,0.0,0.0,0.0,0.0,0.0,TX5
2020-05-02,EL PASO,SOLAR,RAD SOLAR,ENDG,DESPACHADO CENTRALMENTE,0.0,0.0,0.0,0.0,0.0,74.02,8739.54,30041.62,43420.61,40550.8,51759.59,54702.94,54132.88,52936.78,50960.25,43915.54,26233.09,3310.48,0.0,0.0,0.0,0.0,0.0,0.0,TX5
2020-05-03,EL PASO,SOLAR,RAD SOLAR,ENDG,DESPACHADO CENTRALMENTE,0.0,0.0,0.0,0.0,0.0,154.84,5834.39,21565.46,40650.06,47981.61,36826.09,37813.44,31754.6,25494.9,33657.36,43651.66,15877.48,2558.89,0.0,0.0,0.0,0.0,0.0,0.0,TX5
2020-05-04,EL PASO,SOLAR,RAD SOLAR,ENDG,DESPACHADO CENTRALMENTE,0.0,0.0,0.0,0.0,0.0,210.14,4811.47,6866.25,8363.0,15265.66,38348.63,51048.81,39155.49,27174.55,28004.49,45545.92,29719.75,4840.88,0.0,0.0,0.0,0.0,0.0,0.0,TX5
2020-05-05,EL PASO,SOLAR,RAD SOLAR,ENDG,DESPACHADO CENTRALMENTE,0.0,0.0,0.0,0.0,0.0,0.0,5830.21,15717.0,23499.33,44066.59,53647.55,33441.52,50879.31,23568.11,48432.07,45108.0,28070.25,1478.79,0.0,0.0,0.0,0.0,0.0,0.0,TX5
2020-05-06,EL PASO,SOLAR,RAD SOLAR,ENDG,DESPACHADO CENTRALMENTE,0.0,0.0,0.0,0.0,0.0,0.0,3755.24,7240.63,31800.14,32347.66,45879.81,49814.47,45452.3,52412.92,46738.36,37552.28,8780.92,2941.18,0.0,0.0,0.0,0.0,0.0,0.0,TX5
2020-05-07,EL PASO,SOLAR,RAD SOLAR,ENDG,DESPACHADO CENTRALMENTE,0.0,0.0,0.0,0.0,0.0,138.8,8635.46,25832.06,27638.02,44952.63,43703.38,44973.07,53693.94,38149.2,41198.72,20043.54,14232.16,1903.82,0.0,0.0,0.0,0.0,0.0,0.0,TX5
2020-05-08,EL PASO,SOLAR,RAD SOLAR,ENDG,DESPACHADO CENTRALMENTE,0.0,0.0,0.0,0.0,0.0,71.62,11023.87,26450.13,44099.92,50501.33,52386.14,52442.83,50825.78,44301.75,42341.29,38608.68,12491.44,2407.64,0.0,0.0,0.0,0.0,0.0,0.0,TX5
2020-05-09,EL PASO,SOLAR,RAD SOLAR,ENDG,DESPACHADO CENTRALMENTE,0.0,0.0,0.0,0.0,0.0,269.49,12889.95,39574.58,49374.35,52295.33,53528.4,53947.36,53572.03,52630.87,51125.08,47905.26,29152.41,3256.3,0.0,0.0,0.0,0.0,0.0,0.0,TX5
2020-05-10,EL PASO,SOLAR,RAD SOLAR,ENDG,DESPACHADO CENTRALMENTE,0.0,0.0,0.0,0.0,0.0,314.48,12648.52,37733.05,48902.21,52661.52,53397.22,52398.9,52205.19,51351.86,49410.51,43949.64,30504.18,6494.48,0.0,0.0,0.0,0.0,0.0,0.0,TX5
2020-05-11,EL PASO,SOLAR,RAD SOLAR,ENDG,DESPACHADO CENTRALMENTE,0.0,0.0,0.0,0.0,0.0,0.0,3098.93,12492.27,45774.86,48178.5,48246.72,53874.92,52760.65,52228.05,49475.35,41351.46,19940.25,1600.04,0.0,0.0,0.0,0.0,0.0,0.0,TX5
2020-05-12,EL PASO,SOLAR,RAD SOLAR,ENDG,DESPACHADO CENTRALMENTE,0.0,0.0,0.0,0.0,0.0,144.05,7665.23,28454.33,45964.57,50140.55,49250.01,49760.68,39176.0,45866.36,42997.84,19490.78,599.99,0.0,0.0,0.0,0.0,0.0,0.0,0.0,TX5
2020-05-13,EL PASO,SOLAR,RAD SOLAR,ENDG,DESPACHADO CENTRALMENTE,0.0,0.0,0.0,0.0,0.0,311.55,6187.73,23133.91,18905.66,31862.62,40454.9,32268.68,32029.59,30802.29,26750.95,21319.42,16669.24,3407.88,0.0,0.0,0.0,0.0,0.0,0.0,TX5
2020-05-14,EL PASO,SOLAR,RAD SOLAR,ENDG,DESPACHADO CENTRALMENTE,0.0,0.0,0.0,0.0,0.0,0.0,931.55,1934.96,16599.7,20186.38,30883.23,19570.78,13208.65,13204.3,36639.6,44180.0,29701.05,1573.0,0.0,0.0,0.0,0.0,0.0,0.0,TX5
2020-05-15,EL PASO,SOLAR,RAD SOLAR,ENDG,DESPACHADO CENTRALMENTE,0.0,0.0,0.0,0.0,0.0,180.71,13016.31,39802.51,50480.59,49434.18,50701.38,52669.28,51324.97,44533.43,26906.0,42155.15,34022.87,5817.79,0.0,0.0,0.0,0.0,0.0,0.0,TX5
2020-05-16,EL PASO,SOLAR,RAD SOLAR,ENDG,DESPACHADO CENTRALMENTE,0.0,0.0,0.0,0.0,0.0,191.38,14819.77,39443.16,42728.3,48892.22,52124.12,52501.25,51865.71,51319.51,49692.8,45597.57,26876.15,3109.76,0.0,0.0,0.0,0.0,0.0,0.0,TX5
2020-05-17,EL PASO,SOLAR,RAD SOLAR,ENDG,DESPACHADO CENTRALMENTE,0.0,0.0,0.0,0.0,0.0,342.07,13414.45,34557.99,37450.26,45493.08,49299.37,51784.51,52186.93,52073.57,48961.24,35778.23,3325.1,240.78,0.0,0.0,0.0,0.0,0.0,0.0,TX5
2020-05-18,EL PASO,SOLAR,RAD SOLAR,ENDG,DESPACHADO CENTRALMENTE,0.0,0.0,0.0,0.0,0.0,215.91,6425.41,20082.6,36562.32,44789.29,43805.03,46084.96,49661.28,50008.19,48554.6,44991.11,20138.01,2746.65,0.0,0.0,0.0,0.0,0.0,0.0,TX5
2020-05-19,EL PASO,SOLAR,RAD SOLAR,ENDG,DESPACHADO CENTRALMENTE,0.0,0.0,0.0,0.0,0.0,62.62,4784.11,18690.98,24921.42,41291.91,47374.33,41616.75,51525.56,43793.85,41286.61,42287.73,15187.79,2820.1,0.0,0.0,0.0,0.0,0.0,0.0,TX5
2020-05-20,EL PASO,SOLAR,RAD SOLAR,ENDG,DESPACHADO CENTRALMENTE,0.0,0.0,0.0,0.0,0.0,331.48,11194.45,17490.25,24889.88,28632.7,41393.16,49614.13,46590.81,46055.1,46567.9,41103.24,32239.43,7723.91,0.0,0.0,0.0,0.0,0.0,0.0,TX5
2020-05-21,EL PASO,SOLAR,RAD SOLAR,ENDG,DESPACHADO CENTRALMENTE,0.0,0.0,0.0,0.0,0.0,248.2,12000.58,34097.15,45133.73,49079.34,52720.42,52578.4,50955.61,48944.59,46794.76,43845.46,31728.38,6315.94,0.0,0.0,0.0,0.0,0.0,0.0,TX5
2020-05-22,EL PASO,SOLAR,RAD SOLAR,ENDG,DESPACHADO CENTRALMENTE,0.0,0.0,0.0,0.0,0.0,498.42,7711.94,20363.44,22363.61,24322.49,34673.79,38726.43,36460.39,41081.94,40251.47,39496.98,18863.2,3849.69,0.0,0.0,0.0,0.0,0.0,0.0,TX5
2020-05-23,EL PASO,SOLAR,RAD SOLAR,ENDG,DESPACHADO CENTRALMENTE,0.0,0.0,0.0,0.0,0.0,442.07,11595.63,27383.52,31332.03,46867.23,40851.25,47205.33,55928.38,53606.31,51670.7,48131.98,35556.94,2779.51,0.0,0.0,0.0,0.0,0.0,0.0,TX5
2020-05-24,EL PASO,SOLAR,RAD SOLAR,ENDG,DESPACHADO CENTRALMENTE,0.0,0.0,0.0,0.0,0.0,244.25,11176.24,32397.8,46258.84,52368.53,54936.86,54034.11,53876.11,50758.09,50983.86,42409.85,22544.6,1675.35,0.0,0.0,0.0,0.0,0.0,0.0,TX5
2020-05-25,EL PASO,SOLAR,RAD SOLAR,ENDG,DESPACHADO CENTRALMENTE,0.0,0.0,0.0,0.0,0.0,135.98,11841.2,35424.55,46559.05,49900.01,53280.62,53894.61,43274.76,43918.99,40723.96,36307.95,7747.17,256.68,0.0,0.0,0.0,0.0,0.0,0.0,TX5
2020-05-26,EL PASO,SOLAR,RAD SOLAR,ENDG,DESPACHADO CENTRALMENTE,0.0,0.0,0.0,0.0,0.0,231.1,8719.28,29958.51,41317.94,49907.43,52311.97,53067.25,49133.38,47247.58,24739.55,20606.67,1410.62,147.86,0.0,0.0,0.0,0.0,0.0,0.0,TX5
2020-05-27,EL PASO,SOLAR,RAD SOLAR,ENDG,DESPACHADO CENTRALMENTE,0.0,0.0,0.0,0.0,0.0,0.0,10237.76,39015.74,32836.82,27525.86,32806.67,32908.3,46930.51,39336.59,25267.28,32331.92,11491.08,2936.83,0.0,0.0,0.0,0.0,0.0,0.0,TX5
2020-05-28,EL PASO,SOLAR,RAD SOLAR,ENDG,DESPACHADO CENTRALMENTE,0.0,0.0,0.0,0.0,0.0,171.81,9425.46,29592.12,43120.69,42118.71,51721.4,44141.95,34366.98,52576.44,29733.46,5390.46,134.7,0.0,0.0,0.0,0.0,0.0,0.0,0.0,TX5
2020-05-29,EL PASO,SOLAR,RAD SOLAR,ENDG,DESPACHADO CENTRALMENTE,0.0,0.0,0.0,0.0,0.0,171.61,4061.72,13864.79,21987.53,43446.93,40650.67,46406.06,51415.81,52347.28,42583.74,6479.29,1022.74,418.38,0.0,0.0,0.0,0.0,0.0,0.0,TX5
2020-05-30,EL PASO,SOLAR,RAD SOLAR,ENDG,DESPACHADO CENTRALMENTE,0.0,0.0,0.0,0.0,0.0,0.0,2456.97,5567.92,8035.8,6156.52,17271.66,20938.68,28772.28,20376.38,16195.76,25364.64,16273.98,3894.33,0.0,0.0,0.0,0.0,0.0,0.0,TX5
2020-05-31,EL PASO,SOLAR,RAD SOLAR,ENDG,DESPACHADO CENTRALMENTE,0.0,0.0,0.0,0.0,0.0,0.0,960.17,1887.3,544.04,2056.42,5739.55,13192.01,21261.55,25523.39,28535.56,39254.96,35441.74,4062.7,0.0,0.0,0.0,0.0,0.0,0.0,TX5
2020-06-01,EL PASO,SOLAR,RAD SOLAR,ENDG,DESPACHADO CENTRALMENTE,0.0,0.0,0.0,0.0,0.0,262.29,10596.75,12315.57,17011.97,32368.54,43729.5,46258.32,52963.3,52168.07,29211.33,20315.48,24815.55,2787.32,0.0,0.0,0.0,0.0,0.0,0.0,TX6
2020-06-02,EL PASO,SOLAR,RAD SOLAR,ENDG,DESPACHADO CENTRALMENTE,0.0,0.0,0.0,0.0,0.0,186.3,7030.36,42323.72,49092.93,54610.92,56122.1,55728.53,54021.4,54120.08,25258.27,10177.3,2957.37,243.15,0.0,0.0,0.0,0.0,0.0,0.0,TX6
2020-06-03,EL PASO,SOLAR,RAD SOLAR,ENDG,DESPACHADO CENTRALMENTE,0.0,0.0,0.0,0.0,0.0,20.7,4770.51,20608.55,43341.54,46951.47,50417.55,53506.88,52923.02,48904.1,48013.1,29926.86,10286.46,1463.35,0.0,0.0,0.0,0.0,0.0,0.0,TX6
2020-06-04,EL PASO,SOLAR,RAD SOLAR,ENDG,DESPACHADO CENTRALMENTE,0.0,0.0,0.0,0.0,0.0,0.0,8218.7,24175.24,41838.24,44669.96,43768.47,42918.0,47715.09,46779.7,44816.01,41177.17,32856.17,9935.82,0.0,0.0,0.0,0.0,0.0,0.0,TX6
2020-06-05,EL PASO,SOLAR,RAD SOLAR,ENDG,DESPACHADO CENTRALMENTE,0.0,0.0,0.0,0.0,0.0,254.17,12066.41,32149.3,40181.95,43661.99,44966.73,45323.71,44914.93,44215.51,36324.61,10045.73,1014.53,773.97,0.0,0.0,0.0,0.0,0.0,0.0,TX6
2020-06-06,EL PASO,SOLAR,RAD SOLAR,ENDG,DESPACHADO CENTRALMENTE,0.0,0.0,0.0,0.0,0.0,303.18,11129.94,19339.11,13971.53,7102.11,4170.78,8483.57,8142.79,7212.72,10875.96,32381.82,16131.84,2532.75,0.0,0.0,0.0,0.0,0.0,0.0,TX6
2020-06-07,EL PASO,SOLAR,RAD SOLAR,ENDG,DESPACHADO CENTRALMENTE,0.0,0.0,0.0,0.0,0.0,232.34,9984.13,39048.16,50645.08,53347.11,47874.28,51698.89,48302.36,54107.08,53083.42,49259.73,24751.28,1802.65,0.0,0.0,0.0,0.0,0.0,0.0,TX6
2020-06-08,EL PASO,SOLAR,RAD SOLAR,ENDG,DESPACHADO CENTRALMENTE,0.0,0.0,0.0,0.0,0.0,279.99,15308.56,42768.25,43426.58,45220.39,54421.7,53976.87,54336.98,55347.3,52932.08,47681.28,19657.75,3374.54,0.0,0.0,0.0,0.0,0.0,0.0,TX6
2020-06-09,EL PASO,SOLAR,RAD SOLAR,ENDG,DESPACHADO CENTRALMENTE,0.0,0.0,0.0,0.0,0.0,377.28,14749.2,37120.33,47437.16,52144.22,48223.25,50406.59,50716.67,52838.31,48062.71,36647.09,15498.87,1010.32,0.0,0.0,0.0,0.0,0.0,0.0,TX6
2020-06-10,EL PASO,SOLAR,RAD SOLAR,ENDG,DESPACHADO CENTRALMENTE,0.0,0.0,0.0,0.0,0.0,0.0,5163.46,24471.75,11660.55,13015.23,34548.86,37241.73,29747.72,21341.08,22783.75,18356.79,11083.57,1834.61,0.0,0.0,0.0,0.0,0.0,0.0,TX6
2020-06-11,EL PASO,SOLAR,RAD SOLAR,ENDG,DESPACHADO CENTRALMENTE,0.0,0.0,0.0,0.0,0.0,5.26,3595.58,15912.63,29671.58,29383.44,30155.37,29961.36,29962.02,29956.56,29953.65,29958.36,29890.59,9476.51,30.25,0.0,0.0,0.0,0.0,0.0,TX6
2020-06-12,EL PASO,SOLAR,RAD SOLAR,ENDG,DESPACHADO CENTRALMENTE,0.0,0.0,0.0,0.0,0.0,0.0,11211.33,13783.42,32259.91,27101.8,42951.89,40333.0,47262.13,49236.98,36237.37,38778.76,34301.39,4175.64,0.0,0.0,0.0,0.0,0.0,0.0,TX6
2020-06-13,EL PASO,SOLAR,RAD SOLAR,ENDG,DESPACHADO CENTRALMENTE,0.0,0.0,0.0,0.0,0.0,254.39,3533.68,3146.81,10226.54,39635.05,40753.41,50025.03,53598.65,53151.12,55044.25,51349.89,37511.01,7411.52,0.0,0.0,0.0,0.0,0.0,0.0,TX6
2020-06-14,EL PASO,SOLAR,RAD SOLAR,ENDG,DESPACHADO CENTRALMENTE,0.0,0.0,0.0,0.0,0.0,420.21,6258.65,36741.7,50626.82,49533.84,42767.17,55015.08,56355.21,56738.27,54542.51,49729.29,38371.87,4649.37,0.0,0.0,0.0,0.0,0.0,0.0,TX6
2020-06-15,EL PASO,SOLAR,RAD SOLAR,ENDG,DESPACHADO CENTRALMENTE,0.0,0.0,0.0,0.0,0.0,0.0,2407.07,8353.65,18310.95,33347.76,39976.71,42866.07,26893.4,19306.42,28580.48,34606.32,27978.04,7088.0,0.0,0.0,0.0,0.0,0.0,0.0,TX6
2020-06-16,EL PASO,SOLAR,RAD SOLAR,ENDG,DESPACHADO CENTRALMENTE,0.0,0.0,0.0,0.0,0.0,15.46,4225.17,12805.4,20999.15,41774.14,47808.93,44627.21,48738.97,39516.62,38904.59,38593.95,10606.91,239.76,0.0,0.0,0.0,0.0,0.0,0.0,TX6
2020-06-17,EL PASO,SOLAR,RAD SOLAR,ENDG,DESPACHADO CENTRALMENTE,0.0,0.0,0.0,0.0,0.0,281.6,12703.31,33363.82,39543.37,17905.17,20305.54,27320.93,25023.2,20030.38,7007.36,41423.54,31095.16,5082.37,0.0,0.0,0.0,0.0,0.0,0.0,TX6
2020-06-18,EL PASO,SOLAR,RAD SOLAR,ENDG,DESPACHADO CENTRALMENTE,0.0,0.0,0.0,0.0,0.0,236.34,13520.75,37799.73,41795.36,47670.01,52356.24,52527.71,31697.81,49314.48,32408.61,18848.11,9751.88,1828.16,0.0,0.0,0.0,0.0,0.0,0.0,TX6
2020-06-19,EL PASO,SOLAR,RAD SOLAR,ENDG,DESPACHADO CENTRALMENTE,0.0,0.0,0.0,0.0,0.0,0.0,7302.14,13443.99,12173.38,14879.72,28454.04,30960.97,15825.61,38548.68,32917.54,31267.32,22665.46,3318.99,0.0,0.0,0.0,0.0,0.0,0.0,TX6
2020-06-20,EL PASO,SOLAR,RAD SOLAR,ENDG,DESPACHADO CENTRALMENTE,0.0,0.0,0.0,0.0,0.0,117.32,5729.19,12088.51,35548.42,45325.49,52095.37,51741.62,53337.02,44816.84,30886.66,38893.52,33752.53,5950.4,0.0,0.0,0.0,0.0,0.0,0.0,TX6
2020-06-21,EL PASO,SOLAR,RAD SOLAR,ENDG,DESPACHADO CENTRALMENTE,0.0,0.0,0.0,0.0,0.0,210.26,13082.56,27713.4,40772.9,40624.07,31242.69,28971.26,31124.08,25237.89,20617.13,7289.67,4523.99,2519.48,0.0,0.0,0.0,0.0,0.0,0.0,TX6
2020-06-22,EL PASO,SOLAR,RAD SOLAR,ENDG,DESPACHADO CENTRALMENTE,0.0,0.0,0.0,0.0,0.0,67.46,4777.4,15133.33,27768.39,36134.86,34298.43,48691.46,43998.03,41355.0,36207.55,24529.33,11999.63,4655.46,0.0,0.0,0.0,0.0,0.0,0.0,TX6
2020-06-23,EL PASO,SOLAR,RAD SOLAR,ENDG,DESPACHADO CENTRALMENTE,0.0,0.0,0.0,0.0,0.0,82.56,11138.35,34048.84,46601.74,50424.93,51554.42,51199.05,52277.46,51674.49,49927.73,43526.71,30806.93,8045.58,0.0,0.0,0.0,0.0,0.0,0.0,TX6
2020-06-24,EL PASO,SOLAR,RAD SOLAR,ENDG,DESPACHADO CENTRALMENTE,0.0,0.0,0.0,0.0,0.0,173.9,6726.16,12754.48,39094.05,48141.38,51028.7,50074.81,51104.75,51380.21,22924.06,0.0,3585.35,5112.37,0.0,0.0,0.0,0.0,0.0,0.0,TX6
2020-06-25,EL PASO,SOLAR,RAD SOLAR,ENDG,DESPACHADO CENTRALMENTE,0.0,0.0,0.0,0.0,0.0,117.35,9234.62,30189.19,42372.47,46265.33,47525.57,48998.33,50486.07,50860.6,48090.02,39120.01,19938.63,7684.81,0.0,0.0,0.0,0.0,0.0,0.0,TX6
2020-06-26,EL PASO,SOLAR,RAD SOLAR,ENDG,DESPACHADO CENTRALMENTE,0.0,0.0,0.0,0.0,0.0,0.0,2941.4,3597.5,13494.11,35331.01,35328.57,49505.69,56281.48,53200.39,46860.01,48170.44,36413.42,3947.99,0.0,0.0,0.0,0.0,0.0,0.0,TX6
2020-06-27,EL PASO,SOLAR,RAD SOLAR,ENDG,DESPACHADO CENTRALMENTE,0.0,0.0,0.0,0.0,0.0,0.0,1440.08,15740.34,40424.7,53401.54,53482.34,54675.22,56409.43,56085.06,46773.65,41174.67,32711.59,7328.22,2.74,0.0,0.0,0.0,0.0,0.0,TX6
2020-06-28,EL PASO,SOLAR,RAD SOLAR,ENDG,DESPACHADO CENTRALMENTE,0.0,0.0,0.0,0.0,0.0,228.97,13009.44,31468.68,45578.06,51915.25,54116.22,46045.63,43100.78,55828.01,40974.76,28162.42,9778.31,1715.59,0.0,0.0,0.0,0.0,0.0,0.0,TX6
2020-06-29,EL PASO,SOLAR,RAD SOLAR,ENDG,DESPACHADO CENTRALMENTE,0.0,0.0,0.0,0.0,0.0,0.0,4856.17,30881.2,41406.83,32368.26,54373.14,54759.96,55258.98,54598.14,52594.31,33634.69,34177.88,8624.61,65.74,0.0,0.0,0.0,0.0,0.0,TX6
2020-06-30,EL PASO,SOLAR,RAD SOLAR,ENDG,DESPACHADO CENTRALMENTE,0.0,0.0,0.0,0.0,0.0,117.53,10021.85,31532.51,26939.3,30206.51,43873.5,29675.17,42312.64,30686.87,33683.97,44713.01,33668.59,8053.8,15.09,0.0,0.0,0.0,0.0,0.0,TX6
2020-07-01,EL PASO,SOLAR,RAD SOLAR,ENDG,DESPACHADO CENTRALMENTE,0.0,0.0,0.0,0.0,0.0,72.19,5032.16,14288.47,30394.5,25034.39,18295.51,40040.17,34208.15,34519.66,35747.78,27725.81,14301.44,5860.25,0.0,0.0,0.0,0.0,0.0,0.0,TX4
2020-07-02,EL PASO,SOLAR,RAD SOLAR,ENDG,DESPACHADO CENTRALMENTE,0.0,0.0,0.0,0.0,0.0,0.0,7573.59,19065.11,16303.01,17256.83,26374.46,35536.03,32833.34,40592.66,45601.37,36396.45,15872.52,594.67,0.0,0.0,0.0,0.0,0.0,0.0,TX4
2020-07-03,EL PASO,SOLAR,RAD SOLAR,ENDG,DESPACHADO CENTRALMENTE,0.0,0.0,0.0,0.0,0.0,170.46,7888.75,12236.27,39111.14,15540.66,44640.99,37264.25,48204.78,34938.0,49161.35,31848.87,11492.06,1333.28,0.0,0.0,0.0,0.0,0.0,0.0,TX4
2020-07-04,EL PASO,SOLAR,RAD SOLAR,ENDG,DESPACHADO CENTRALMENTE,0.0,0.0,0.0,0.0,0.0,182.25,11380.22,29251.86,32265.91,33538.91,45065.07,48033.04,51546.34,47077.94,46834.98,37057.71,12125.0,1296.13,0.0,0.0,0.0,0.0,0.0,0.0,TX4
2020-07-05,EL PASO,SOLAR,RAD SOLAR,ENDG,DESPACHADO CENTRALMENTE,0.0,0.0,0.0,0.0,0.0,0.0,5191.41,5476.23,28282.17,31650.35,36587.61,36567.61,38874.98,36927.87,45840.64,32702.72,29739.59,4721.45,0.0,0.0,0.0,0.0,0.0,0.0,TX4
2020-07-06,EL PASO,SOLAR,RAD SOLAR,ENDG,DESPACHADO CENTRALMENTE,0.0,0.0,0.0,0.0,0.0,0.0,1619.82,7589.71,13287.13,17277.04,32786.82,42486.51,48421.95,40560.16,37650.41,30996.41,22022.89,5806.85,0.0,0.0,0.0,0.0,0.0,0.0,TX4
2020-07-07,EL PASO,SOLAR,RAD SOLAR,ENDG,DESPACHADO CENTRALMENTE,0.0,0.0,0.0,0.0,0.0,0.0,3626.94,13974.34,14338.68,39866.75,48536.75,42661.73,49777.4,49781.77,46483.63,7413.83,190.92,1525.05,0.0,0.0,0.0,0.0,0.0,0.0,TX4
2020-07-08,EL PASO,SOLAR,RAD SOLAR,ENDG,DESPACHADO CENTRALMENTE,0.0,0.0,0.0,0.0,0.0,0.0,1320.34,3283.59,31565.32,42410.89,36680.61,48383.44,48857.24,54816.66,53734.89,49898.74,30671.84,4277.53,0.0,0.0,0.0,0.0,0.0,0.0,TX4
2020-07-09,EL PASO,SOLAR,RAD SOLAR,ENDG,DESPACHADO CENTRALMENTE,0.0,0.0,0.0,0.0,0.0,290.37,9028.33,21602.54,46868.88,52678.32,53047.3,55928.67,55218.34,54596.57,52590.03,48058.32,36470.67,9410.7,294.58,0.0,0.0,0.0,0.0,0.0,TX4
2020-07-10,EL PASO,SOLAR,RAD SOLAR,ENDG,DESPACHADO CENTRALMENTE,0.0,0.0,0.0,0.0,0.0,15.78,3619.66,12368.75,36793.25,50703.9,53835.13,54094.57,51649.81,45651.36,43298.33,26127.56,16315.62,9207.78,39.84,0.0,0.0,0.0,0.0,0.0,TX4
2020-07-11,EL PASO,SOLAR,RAD SOLAR,ENDG,DESPACHADO CENTRALMENTE,0.0,0.0,0.0,0.0,0.0,0.0,1624.86,1966.54,6431.13,20766.81,27793.76,42613.08,50812.39,40824.97,48016.67,25547.19,12361.48,1203.27,0.0,0.0,0.0,0.0,0.0,0.0,TX4
2020-07-12,EL PASO,SOLAR,RAD SOLAR,ENDG,DESPACHADO CENTRALMENTE,0.0,0.0,0.0,0.0,0.0,0.0,2350.67,5062.96,15776.96,18963.69,19414.78,28958.38,45961.74,34785.24,29779.12,28011.03,13601.14,6326.21,68.22,0.0,0.0,0.0,0.0,0.0,TX4
2020-07-13,EL PASO,SOLAR,RAD SOLAR,ENDG,DESPACHADO CENTRALMENTE,0.0,0.0,0.0,0.0,0.0,130.75,12149.58,36269.69,46256.4,51147.03,53370.46,51615.44,55888.08,53615.69,51321.0,46826.26,32484.12,8658.88,35.25,0.0,0.0,0.0,0.0,0.0,TX4
2020-07-14,EL PASO,SOLAR,RAD SOLAR,ENDG,DESPACHADO CENTRALMENTE,0.0,0.0,0.0,0.0,0.0,149.45,9916.06,22257.12,32878.03,31234.98,32344.57,38828.21,48602.81,36210.5,46361.24,51916.04,24942.84,4512.0,0.0,0.0,0.0,0.0,0.0,0.0,TX4
2020-07-15,EL PASO,SOLAR,RAD SOLAR,ENDG,DESPACHADO CENTRALMENTE,0.0,0.0,0.0,0.0,0.0,10.82,8668.36,29912.15,43024.05,49068.42,51902.08,53317.55,53966.85,52583.13,49914.79,44674.09,31078.83,9593.63,40.5,0.0,0.0,0.0,0.0,0.0,TX4
2020-07-16,EL PASO,SOLAR,RAD SOLAR,ENDG,DESPACHADO CENTRALMENTE,0.0,0.0,0.0,0.0,0.0,13.69,9470.09,18684.56,38523.84,48684.57,50571.46,53327.4,54187.74,52799.81,51627.37,48857.8,20422.92,2582.78,0.0,0.0,0.0,0.0,0.0,0.0,TX4
2020-07-17,EL PASO,SOLAR,RAD SOLAR,ENDG,DESPACHADO CENTRALMENTE,0.0,0.0,0.0,0.0,0.0,0.0,3809.78,14122.81,23299.08,35015.93,38030.33,49372.94,54519.38,54500.51,52463.6,46536.3,15988.31,4355.74,30.24,0.0,0.0,0.0,0.0,0.0,TX4
2020-07-18,EL PASO,SOLAR,RAD SOLAR,ENDG,DESPACHADO CENTRALMENTE,0.0,0.0,0.0,0.0,0.0,0.0,5116.28,32184.64,39542.32,44621.89,49487.93,52067.2,53560.24,51211.8,50546.64,19856.32,1746.33,688.96,0.0,0.0,0.0,0.0,0.0,0.0,TX4
2020-07-19,EL PASO,SOLAR,RAD SOLAR,ENDG,DESPACHADO CENTRALMENTE,0.0,0.0,0.0,0.0,0.0,0.0,3736.87,30579.89,44404.69,40507.45,53096.97,53160.38,54049.39,47496.21,49279.33,45174.68,27273.56,2607.16,44.5,0.0,0.0,0.0,0.0,0.0,TX4
2020-07-20,EL PASO,SOLAR,RAD SOLAR,ENDG,DESPACHADO CENTRALMENTE,0.0,0.0,0.0,0.0,0.0,0.0,1412.96,3788.72,20179.0,31040.09,32509.63,41429.84,25999.58,34402.06,48349.85,25532.29,14704.62,4334.59,0.0,0.0,0.0,0.0,0.0,0.0,TX4
2020-07-21,EL PASO,SOLAR,RAD SOLAR,ENDG,DESPACHADO CENTRALMENTE,0.0,0.0,0.0,0.0,0.0,0.0,0.0,252.89,18647.68,44525.92,49165.36,54531.04,46175.21,34020.15,33682.46,10954.48,5465.05,1755.78,0.0,0.0,0.0,0.0,0.0,0.0,TX4
2020-07-22,EL PASO,SOLAR,RAD SOLAR,ENDG,DESPACHADO CENTRALMENTE,0.0,0.0,0.0,0.0,0.0,0.0,965.43,461.95,2081.68,10262.0,18829.62,34600.88,45868.03,41645.58,39354.33,37107.96,23770.58,4571.91,0.0,0.0,0.0,0.0,0.0,0.0,TX4
2020-07-23,EL PASO,SOLAR,RAD SOLAR,ENDG,DESPACHADO CENTRALMENTE,0.0,0.0,0.0,0.0,0.0,0.0,0.0,4884.07,30651.42,41419.69,48170.38,51391.49,52437.91,52220.86,46769.62,38309.81,20341.46,3680.19,64.16,0.0,0.0,0.0,0.0,0.0,TX4
2020-07-24,EL PASO,SOLAR,RAD SOLAR,ENDG,DESPACHADO CENTRALMENTE,0.0,0.0,0.0,0.0,0.0,0.0,1138.22,3509.64,3056.58,11942.48,21327.67,24987.05,33751.93,42180.85,28920.85,20607.45,11010.0,3293.05,0.0,0.0,0.0,0.0,0.0,0.0,TX4
2020-07-25,EL PASO,SOLAR,RAD SOLAR,ENDG,DESPACHADO CENTRALMENTE,0.0,0.0,0.0,0.0,0.0,0.0,1129.73,4243.0,11340.33,25539.41,27088.29,35306.84,40709.61,29641.84,43326.78,31185.24,11801.8,7449.38,10.85,0.0,0.0,0.0,0.0,0.0,TX4
2020-07-26,EL PASO,SOLAR,RAD SOLAR,ENDG,DESPACHADO CENTRALMENTE,0.0,0.0,0.0,0.0,0.0,0.0,2487.38,12241.03,23831.14,35748.55,39395.38,47041.51,54226.74,54587.73,52084.95,47739.74,39371.59,5579.69,0.0,0.0,0.0,0.0,0.0,0.0,TX4
2020-07-27,EL PASO,SOLAR,RAD SOLAR,ENDG,DESPACHADO CENTRALMENTE,0.0,0.0,0.0,0.0,0.0,0.0,2052.22,9168.64,27416.66,38120.22,42941.7,47983.45,45519.54,36373.13,40669.29,47014.05,36280.86,10057.34,0.0,0.0,0.0,0.0,0.0,0.0,TX4
2020-07-28,EL PASO,SOLAR,RAD SOLAR,ENDG,DESPACHADO CENTRALMENTE,0.0,0.0,0.0,0.0,0.0,0.0,3151.22,11348.92,36291.11,43010.8,44646.45,48497.0,48063.65,49677.35,48334.73,46704.08,30222.11,5741.57,0.0,0.0,0.0,0.0,0.0,0.0,TX4
2020-07-29,EL PASO,SOLAR,RAD SOLAR,ENDG,DESPACHADO CENTRALMENTE,0.0,0.0,0.0,0.0,0.0,0.0,4704.84,26594.02,30171.24,39061.03,46202.8,50076.17,51463.05,39449.42,38010.67,40816.54,20457.82,3692.76,0.0,0.0,0.0,0.0,0.0,0.0,TX4
2020-07-30,EL PASO,SOLAR,RAD SOLAR,ENDG,DESPACHADO CENTRALMENTE,0.0,0.0,0.0,0.0,0.0,0.0,4172.89,14633.0,34131.75,45359.06,38508.7,41475.58,46238.52,49129.64,44904.19,43954.45,11713.16,3845.61,28.1,0.0,0.0,0.0,0.0,0.0,TX4
2020-07-31,EL PASO,SOLAR,RAD SOLAR,ENDG,DESPACHADO CENTRALMENTE,0.0,0.0,0.0,0.0,0.0,0.0,2846.48,9776.05,25979.12,40820.67,48132.08,49493.58,46403.92,48950.36,46974.93,42821.21,12536.67,90.34,0.0,0.0,0.0,0.0,0.0,0.0,TX4
2020-08-01,EL PASO,SOLAR,RAD SOLAR,ENDG,DESPACHADO CENTRALMENTE,0.0,0.0,0.0,0.0,0.0,63.58,6919.32,23231.73,41897.55,46721.54,50756.55,52440.2,52440.9,51494.63,49003.62,44539.4,19506.57,5240.99,0.0,0.0,0.0,0.0,0.0,0.0,TX5
2020-08-02,EL PASO,SOLAR,RAD SOLAR,ENDG,DESPACHADO CENTRALMENTE,0.0,0.0,0.0,0.0,0.0,32.8,5252.18,27092.46,41848.54,46731.83,49820.39,51359.25,50842.34,52158.09,41826.33,23508.14,17287.54,2122.46,0.0,0.0,0.0,0.0,0.0,0.0,TX5
2020-08-03,EL PASO,SOLAR,RAD SOLAR,ENDG,DESPACHADO CENTRALMENTE,0.0,0.0,0.0,0.0,0.0,0.0,2984.59,12708.24,27649.0,37417.57,42477.07,46141.11,48078.21,37711.1,25616.22,14358.11,3683.78,0.0,0.0,0.0,0.0,0.0,0.0,0.0,TX5
2020-08-04,EL PASO,SOLAR,RAD SOLAR,ENDG,DESPACHADO CENTRALMENTE,0.0,0.0,0.0,0.0,0.0,0.0,3297.88,20025.39,44280.97,48544.82,45406.75,47309.23,46497.66,47410.05,46953.25,42212.23,15189.63,1543.49,0.0,0.0,0.0,0.0,0.0,0.0,TX5
2020-08-05,EL PASO,SOLAR,RAD SOLAR,ENDG,DESPACHADO CENTRALMENTE,0.0,0.0,0.0,0.0,0.0,0.0,4783.8,25724.99,36167.31,37546.84,42637.07,49791.88,51764.92,48240.04,42503.91,17854.1,7415.34,2664.76,0.0,0.0,0.0,0.0,0.0,0.0,TX5
2020-08-06,EL PASO,SOLAR,RAD SOLAR,ENDG,DESPACHADO CENTRALMENTE,0.0,0.0,0.0,0.0,0.0,0.0,2671.77,8919.36,25353.69,46787.08,50858.13,52247.84,54535.64,51925.5,37004.32,2736.79,2879.0,1057.31,0.0,0.0,0.0,0.0,0.0,0.0,TX5
2020-08-07,EL PASO,SOLAR,RAD SOLAR,ENDG,DESPACHADO CENTRALMENTE,0.0,0.0,0.0,0.0,0.0,0.0,2092.94,9176.86,22073.83,43592.3,48177.54,39670.48,45696.13,43681.98,40264.85,30811.65,14370.87,3670.41,0.0,0.0,0.0,0.0,0.0,0.0,TX5
2020-08-08,EL PASO,SOLAR,RAD SOLAR,ENDG,DESPACHADO CENTRALMENTE,0.0,0.0,0.0,0.0,0.0,0.0,9981.04,34113.87,41032.37,26944.17,29051.42,42812.94,47172.1,46977.04,46577.62,6327.01,3992.99,2284.24,6.06,0.0,0.0,0.0,0.0,0.0,TX5
2020-08-09,EL PASO,SOLAR,RAD SOLAR,ENDG,DESPACHADO CENTRALMENTE,0.0,0.0,0.0,0.0,0.0,0.0,904.88,2560.04,2408.94,4708.99,17993.74,37532.14,56146.48,49598.24,49006.79,43157.09,32301.08,8722.91,0.0,0.0,0.0,0.0,0.0,0.0,TX5
2020-08-10,EL PASO,SOLAR,RAD SOLAR,ENDG,DESPACHADO CENTRALMENTE,0.0,0.0,0.0,0.0,0.0,0.0,9482.62,31538.29,39856.52,49794.68,49530.91,48029.67,51411.16,51498.97,40057.51,22495.96,14714.82,3029.79,0.0,0.0,0.0,0.0,0.0,0.0,TX5
2020-08-11,EL PASO,SOLAR,RAD SOLAR,ENDG,DESPACHADO CENTRALMENTE,0.0,0.0,0.0,0.0,0.0,0.0,2871.59,23308.59,37609.1,24093.61,13616.66,21744.27,41181.63,27097.03,30451.62,10698.01,6001.55,2810.22,0.0,0.0,0.0,0.0,0.0,0.0,TX5
2020-08-12,EL PASO,SOLAR,RAD SOLAR,ENDG,DESPACHADO CENTRALMENTE,0.0,0.0,0.0,0.0,0.0,0.0,5166.75,15246.52,18791.03,24684.72,40931.62,34458.63,27073.13,21947.69,18948.12,14057.65,8543.31,4847.95,0.0,0.0,0.0,0.0,0.0,0.0,TX5
2020-08-13,EL PASO,SOLAR,RAD SOLAR,ENDG,DESPACHADO CENTRALMENTE,0.0,0.0,0.0,0.0,0.0,0.0,8583.16,31738.32,45143.35,48407.59,49672.18,44734.35,36005.48,31357.61,38385.88,30814.25,7704.89,1862.51,0.0,0.0,0.0,0.0,0.0,0.0,TX5
2020-08-14,EL PASO,SOLAR,RAD SOLAR,ENDG,DESPACHADO CENTRALMENTE,0.0,0.0,0.0,0.0,0.0,0.0,3050.45,7900.06,17049.84,30439.74,42782.08,45197.07,50922.42,44132.67,31007.84,32948.07,24359.95,9503.66,0.0,0.0,0.0,0.0,0.0,0.0,TX5
2020-08-15,EL PASO,SOLAR,RAD SOLAR,ENDG,DESPACHADO CENTRALMENTE,0.0,0.0,0.0,0.0,0.0,0.0,1516.34,8843.5,17856.02,22548.24,36455.66,41531.07,34912.26,41851.75,44981.35,42611.13,20307.45,5020.3,0.0,0.0,0.0,0.0,0.0,0.0,TX5
2020-08-16,EL PASO,SOLAR,RAD SOLAR,ENDG,DESPACHADO CENTRALMENTE,0.0,0.0,0.0,0.0,0.0,0.0,4812.6,21963.06,44127.45,50593.53,52981.32,53110.84,46602.0,39269.73,36226.5,28746.5,21371.51,4346.64,0.0,0.0,0.0,0.0,0.0,0.0,TX5
2020-08-17,EL PASO,SOLAR,RAD SOLAR,ENDG,DESPACHADO CENTRALMENTE,0.0,0.0,0.0,0.0,0.0,0.0,1783.95,6484.53,15503.04,18064.9,33620.5,42754.72,40053.44,35515.19,50060.08,30259.22,16327.96,8514.66,0.0,0.0,0.0,0.0,0.0,0.0,TX5
2020-08-18,EL PASO,SOLAR,RAD SOLAR,ENDG,DESPACHADO CENTRALMENTE,0.0,0.0,0.0,0.0,0.0,0.0,2983.61,9305.96,17927.37,31280.58,49902.93,55997.52,47611.47,33806.78,26394.05,22002.71,7946.17,2985.77,0.0,0.0,0.0,0.0,0.0,0.0,TX5
2020-08-19,EL PASO,SOLAR,RAD SOLAR,ENDG,DESPACHADO CENTRALMENTE,0.0,0.0,0.0,0.0,0.0,0.0,908.45,932.05,6550.13,6373.1,7577.38,23726.28,34109.36,13596.35,4457.05,6361.79,4664.53,2138.02,0.0,0.0,0.0,0.0,0.0,0.0,TX5
2020-08-20,EL PASO,SOLAR,RAD SOLAR,ENDG,DESPACHADO CENTRALMENTE,0.0,0.0,0.0,0.0,0.0,0.0,1188.48,12910.01,17344.9,28756.8,46472.41,47345.81,50960.39,37926.74,34393.99,25829.34,13388.92,944.76,0.0,0.0,0.0,0.0,0.0,0.0,TX5
2020-08-21,EL PASO,SOLAR,RAD SOLAR,ENDG,DESPACHADO CENTRALMENTE,0.0,0.0,0.0,0.0,0.0,0.0,5274.46,20309.55,24321.08,33326.09,42921.26,36408.2,48369.01,45970.76,30139.56,14658.56,13041.63,4394.33,0.0,0.0,0.0,0.0,0.0,0.0,TX5
2020-08-22,EL PASO,SOLAR,RAD SOLAR,ENDG,DESPACHADO CENTRALMENTE,0.0,0.0,0.0,0.0,0.0,0.0,2948.01,15327.0,29788.89,27695.42,38281.9,48051.08,50852.54,41607.41,44869.14,37116.46,2652.34,189.5,0.0,0.0,0.0,0.0,0.0,0.0,TX5
2020-08-23,EL PASO,SOLAR,RAD SOLAR,ENDG,DESPACHADO CENTRALMENTE,0.0,0.0,0.0,0.0,0.0,0.0,7743.44,10734.76,24192.76,39765.46,51886.51,51407.78,46566.82,51215.88,44863.02,35203.03,17373.58,3468.49,0.0,0.0,0.0,0.0,0.0,0.0,TX5
2020-08-24,EL PASO,SOLAR,RAD SOLAR,ENDG,DESPACHADO CENTRALMENTE,0.0,0.0,0.0,0.0,0.0,0.0,6352.42,23228.66,29683.93,44867.71,44331.32,52562.46,50360.43,46064.41,48270.9,28774.41,4988.56,962.16,0.0,0.0,0.0,0.0,0.0,0.0,TX5
2020-08-25,EL PASO,SOLAR,RAD SOLAR,ENDG,DESPACHADO CENTRALMENTE,0.0,0.0,0.0,0.0,0.0,0.0,1075.88,5524.07,16906.1,41878.95,40810.75,38707.64,39535.12,46861.67,48316.1,32964.09,16692.09,4103.81,0.0,0.0,0.0,0.0,0.0,0.0,TX5
2020-08-26,EL PASO,SOLAR,RAD SOLAR,ENDG,DESPACHADO CENTRALMENTE,0.0,0.0,0.0,0.0,0.0,0.0,128.03,1587.6,3884.18,10516.65,22825.68,22701.34,28393.32,37195.84,33985.59,16740.78,1533.02,1800.33,0.0,0.0,0.0,0.0,0.0,0.0,TX5
2020-08-27,EL PASO,SOLAR,RAD SOLAR,ENDG,DESPACHADO CENTRALMENTE,0.0,0.0,0.0,0.0,0.0,0.0,2964.59,13121.49,34891.26,42109.51,43281.55,45632.75,51913.18,37719.38,44567.49,36926.05,8756.94,1337.29,0.0,0.0,0.0,0.0,0.0,0.0,TX5
2020-08-28,EL PASO,SOLAR,RAD SOLAR,ENDG,DESPACHADO CENTRALMENTE,0.0,0.0,0.0,0.0,0.0,0.0,5980.86,12629.32,26031.62,27304.57,39958.47,47438.28,49334.76,47201.8,48045.51,40063.35,26420.69,5896.15,0.0,0.0,0.0,0.0,0.0,0.0,TX5
2020-08-29,EL PASO,SOLAR,RAD SOLAR,ENDG,DESPACHADO CENTRALMENTE,0.0,0.0,0.0,0.0,0.0,27.16,9456.92,30701.49,42429.9,50101.8,53422.27,54234.51,53351.3,49481.09,46127.74,40576.66,26904.46,2981.06,0.0,0.0,0.0,0.0,0.0,0.0,TX5
2020-08-30,EL PASO,SOLAR,RAD SOLAR,ENDG,DESPACHADO CENTRALMENTE,0.0,0.0,0.0,0.0,0.0,0.0,2318.45,0.0,0.0,0.0,0.0,0.0,0.0,0.0,0.0,0.0,0.0,0.0,0.0,0.0,0.0,0.0,0.0,0.0,TX5
2020-08-31,EL PASO,SOLAR,RAD SOLAR,ENDG,DESPACHADO CENTRALMENTE,0.0,0.0,0.0,0.0,0.0,0.0,0.0,936.38,20724.68,37626.41,34140.79,48689.4,40133.73,37979.54,28728.1,34899.2,25091.3,6378.25,0.0,0.0,0.0,0.0,0.0,0.0,TX5
2020-09-01,EL PASO,SOLAR,RAD SOLAR,ENDG,DESPACHADO CENTRALMENTE,0.0,0.0,0.0,0.0,0.0,0.0,9040.97,19031.91,31438.73,46814.34,50340.78,47495.01,48324.46,45077.45,41991.51,34280.19,5230.81,90.18,0.0,0.0,0.0,0.0,0.0,0.0,TX5
2020-09-02,EL PASO,SOLAR,RAD SOLAR,ENDG,DESPACHADO CENTRALMENTE,0.0,0.0,0.0,0.0,0.0,0.0,655.7,753.69,2018.62,4558.91,28136.0,23551.85,30467.2,31991.08,16574.56,27414.5,18577.89,4405.15,0.0,0.0,0.0,0.0,0.0,0.0,TX5
2020-09-03,EL PASO,SOLAR,RAD SOLAR,ENDG,DESPACHADO CENTRALMENTE,0.0,0.0,0.0,0.0,0.0,0.0,2886.44,21441.13,39840.14,46503.6,48608.56,40188.14,50196.33,50896.32,47175.35,36705.96,25601.23,3656.31,0.0,0.0,0.0,0.0,0.0,0.0,TX5
2020-09-04,EL PASO,SOLAR,RAD SOLAR,ENDG,DESPACHADO CENTRALMENTE,0.0,0.0,0.0,0.0,0.0,0.0,1856.98,6050.14,33476.7,41404.9,26435.11,36661.41,37304.85,33640.59,43811.82,37839.98,28606.18,2879.4,0.0,0.0,0.0,0.0,0.0,0.0,TX5
2020-09-05,EL PASO,SOLAR,RAD SOLAR,ENDG,DESPACHADO CENTRALMENTE,0.0,0.0,0.0,0.0,0.0,0.0,2884.37,19387.89,37504.51,47543.14,53160.01,53870.91,45145.38,50973.72,46267.53,39887.36,27071.31,5649.49,0.0,0.0,0.0,0.0,0.0,0.0,TX5
2020-09-06,EL PASO,SOLAR,RAD SOLAR,ENDG,DESPACHADO CENTRALMENTE,0.0,0.0,0.0,0.0,0.0,0.0,2711.4,10178.37,15126.33,18031.67,35230.98,40178.44,29473.63,23083.49,20892.34,12055.47,7412.31,1527.02,0.0,0.0,0.0,0.0,0.0,0.0,TX5
2020-09-07,EL PASO,SOLAR,RAD SOLAR,ENDG,DESPACHADO CENTRALMENTE,0.0,0.0,0.0,0.0,0.0,0.0,5739.83,16114.95,37944.57,49422.09,46180.98,30636.07,43955.75,27318.02,33698.39,29279.56,16271.21,1099.82,0.0,0.0,0.0,0.0,0.0,0.0,TX5
2020-09-08,EL PASO,SOLAR,RAD SOLAR,ENDG,DESPACHADO CENTRALMENTE,0.0,0.0,0.0,0.0,0.0,0.0,1707.89,10602.76,19876.13,19612.39,16694.78,5595.47,13541.6,31553.3,31296.26,29565.15,12636.78,3596.88,0.0,0.0,0.0,0.0,0.0,0.0,TX5
2020-09-09,EL PASO,SOLAR,RAD SOLAR,ENDG,DESPACHADO CENTRALMENTE,0.0,0.0,0.0,0.0,0.0,60.07,10124.76,27583.0,37025.75,48463.87,41996.99,43749.49,46101.18,49089.88,48613.17,41037.82,17517.7,1872.44,0.0,0.0,0.0,0.0,0.0,0.0,TX5
2020-09-10,EL PASO,SOLAR,RAD SOLAR,ENDG,DESPACHADO CENTRALMENTE,0.0,0.0,0.0,0.0,0.0,0.0,360.59,3538.68,37266.08,51150.93,49644.63,54824.12,54511.22,51912.5,48180.62,40483.97,26655.92,4938.47,0.0,0.0,0.0,0.0,0.0,0.0,TX5
2020-09-11,EL PASO,SOLAR,RAD SOLAR,ENDG,DESPACHADO CENTRALMENTE,0.0,0.0,0.0,0.0,0.0,0.0,5732.07,27081.81,35535.33,35428.72,45037.14,51334.95,52775.41,48102.56,44151.54,28085.89,22835.71,2161.88,0.0,0.0,0.0,0.0,0.0,0.0,TX5
2020-09-12,EL PASO,SOLAR,RAD SOLAR,ENDG,DESPACHADO CENTRALMENTE,0.0,0.0,0.0,0.0,0.0,0.0,3601.6,15504.88,16069.65,45683.07,51198.62,52739.33,50745.82,52049.28,45400.95,19534.67,8057.8,1385.92,0.0,0.0,0.0,0.0,0.0,0.0,TX5
2020-09-13,EL PASO,SOLAR,RAD SOLAR,ENDG,DESPACHADO CENTRALMENTE,0.0,0.0,0.0,0.0,0.0,0.0,5211.29,27352.95,25327.91,29452.66,48569.42,49310.52,47301.73,50196.78,45748.46,33949.09,12984.72,3016.03,0.0,0.0,0.0,0.0,0.0,0.0,TX5
2020-09-14,EL PASO,SOLAR,RAD SOLAR,ENDG,DESPACHADO CENTRALMENTE,0.0,0.0,0.0,0.0,0.0,0.0,1922.11,4532.79,18628.2,30206.23,41168.62,46812.87,53085.66,52832.36,48174.19,40650.8,24207.74,3122.78,0.0,0.0,0.0,0.0,0.0,0.0,TX5
2020-09-15,EL PASO,SOLAR,RAD SOLAR,ENDG,DESPACHADO CENTRALMENTE,0.0,0.0,0.0,0.0,0.0,0.0,5203.02,12417.6,18085.33,17894.88,38568.58,50143.88,46885.71,49236.95,46298.73,9154.23,4075.56,712.81,0.0,0.0,0.0,0.0,0.0,0.0,TX5
2020-09-16,EL PASO,SOLAR,RAD SOLAR,ENDG,DESPACHADO CENTRALMENTE,0.0,0.0,0.0,0.0,0.0,0.0,3237.83,13365.01,34658.5,50382.82,38694.99,46665.53,35016.15,54206.38,36358.17,30248.06,23169.38,1645.18,0.0,0.0,0.0,0.0,0.0,0.0,TX5
2020-09-17,EL PASO,SOLAR,RAD SOLAR,ENDG,DESPACHADO CENTRALMENTE,0.0,0.0,0.0,0.0,0.0,49.37,4694.11,26231.06,40916.49,43196.92,49380.84,53031.81,52664.49,47401.26,41295.53,34000.88,7313.62,1240.09,0.0,0.0,0.0,0.0,0.0,0.0,TX5
2020-09-18,EL PASO,SOLAR,RAD SOLAR,ENDG,DESPACHADO CENTRALMENTE,0.0,0.0,0.0,0.0,0.0,0.0,4425.81,12963.48,36116.97,49493.99,47356.87,51337.07,52498.8,52371.02,44537.74,21505.95,2563.14,1157.37,0.0,0.0,0.0,0.0,0.0,0.0,TX5
2020-09-19,EL PASO,SOLAR,RAD SOLAR,ENDG,DESPACHADO CENTRALMENTE,0.0,0.0,0.0,0.0,0.0,0.0,3105.65,13858.54,28451.75,39750.89,46152.62,55181.2,54975.06,51325.68,47505.01,37385.5,24883.73,3854.93,0.0,0.0,0.0,0.0,0.0,0.0,TX5
2020-09-20,EL PASO,SOLAR,RAD SOLAR,ENDG,DESPACHADO CENTRALMENTE,0.0,0.0,0.0,0.0,0.0,0.0,1773.2,7217.47,14471.68,33269.38,47722.2,45236.86,42682.87,33589.0,29304.72,16769.17,16246.02,2908.81,0.0,0.0,0.0,0.0,0.0,0.0,TX5
2020-09-21,EL PASO,SOLAR,RAD SOLAR,ENDG,DESPACHADO CENTRALMENTE,0.0,0.0,0.0,0.0,0.0,0.0,9484.99,25036.38,28824.41,38349.53,42762.85,44833.53,49945.76,41589.2,37524.2,25949.28,8278.29,147.94,0.0,0.0,0.0,0.0,0.0,0.0,TX5
2020-09-22,EL PASO,SOLAR,RAD SOLAR,ENDG,DESPACHADO CENTRALMENTE,0.0,0.0,0.0,0.0,0.0,0.0,7063.5,14084.53,29862.21,46489.91,54194.11,54873.89,53413.77,51015.74,42834.28,29543.68,14557.18,1871.13,0.0,0.0,0.0,0.0,0.0,0.0,TX5
2020-09-23,EL PASO,SOLAR,RAD SOLAR,ENDG,DESPACHADO CENTRALMENTE,0.0,0.0,0.0,0.0,0.0,0.0,2252.78,6522.38,12868.44,25092.41,43123.84,50278.19,50722.94,41367.56,36395.92,28967.48,14360.38,2397.69,0.0,0.0,0.0,0.0,0.0,0.0,TX5
2020-09-24,EL PASO,SOLAR,RAD SOLAR,ENDG,DESPACHADO CENTRALMENTE,0.0,0.0,0.0,0.0,0.0,0.0,2625.53,18854.81,30817.02,19433.35,38971.49,37981.64,36986.29,36349.13,31229.11,20002.59,10333.22,1960.43,0.0,0.0,0.0,0.0,0.0,0.0,TX5
2020-09-25,EL PASO,SOLAR,RAD SOLAR,ENDG,DESPACHADO CENTRALMENTE,0.0,0.0,0.0,0.0,0.0,0.0,3238.83,9805.14,38242.03,47076.19,38734.01,45694.35,49924.51,50952.37,38110.65,28801.42,7584.36,1548.17,0.0,0.0,0.0,0.0,0.0,0.0,TX5
2020-09-26,EL PASO,SOLAR,RAD SOLAR,ENDG,DESPACHADO CENTRALMENTE,0.0,0.0,0.0,0.0,0.0,0.0,777.52,6624.84,26751.94,35509.53,32440.7,42841.2,51101.62,45122.36,37539.93,27461.24,4899.02,1206.78,0.0,0.0,0.0,0.0,0.0,0.0,TX5
2020-09-27,EL PASO,SOLAR,RAD SOLAR,ENDG,DESPACHADO CENTRALMENTE,0.0,0.0,0.0,0.0,0.0,0.0,3569.77,10464.12,17887.59,19130.9,36977.2,38037.6,43446.18,37796.66,41492.33,28437.6,12482.26,1495.84,0.0,0.0,0.0,0.0,0.0,0.0,TX5
2020-09-28,EL PASO,SOLAR,RAD SOLAR,ENDG,DESPACHADO CENTRALMENTE,0.0,0.0,0.0,0.0,0.0,0.0,2975.59,17037.33,35268.07,46249.87,49421.27,45967.87,44955.17,37071.06,42013.78,29927.23,15626.4,0.0,0.0,0.0,0.0,0.0,0.0,0.0,TX5
2020-09-29,EL PASO,SOLAR,RAD SOLAR,ENDG,DESPACHADO CENTRALMENTE,0.0,0.0,0.0,0.0,0.0,0.0,5838.74,16379.98,37103.92,47765.35,52061.77,45019.87,48510.12,48832.25,41353.99,30647.69,14258.67,1259.51,0.0,0.0,0.0,0.0,0.0,0.0,TX5
2020-09-30,EL PASO,SOLAR,RAD SOLAR,ENDG,DESPACHADO CENTRALMENTE,0.0,0.0,0.0,0.0,0.0,0.0,556.39,3343.67,10598.94,17084.34,31923.79,37880.6,36886.48,41729.3,27976.09,20880.59,13134.59,1790.65,0.0,0.0,0.0,0.0,0.0,0.0,TX5
2020-10-01,EL PASO,SOLAR,RAD SOLAR,ENDG,DESPACHADO CENTRALMENTE,0.0,0.0,0.0,0.0,0.0,0.0,5079.77,13506.03,25935.7,28410.75,46697.68,42116.5,31896.22,43766.21,39371.61,30312.13,13991.25,1595.99,0.0,0.0,0.0,0.0,0.0,0.0,TX4
2020-10-02,EL PASO,SOLAR,RAD SOLAR,ENDG,DESPACHADO CENTRALMENTE,0.0,0.0,0.0,0.0,0.0,0.0,3224.51,13360.56,27963.55,40732.92,50881.94,48915.24,44239.96,41339.22,27690.98,21079.79,8473.35,1242.2,0.0,0.0,0.0,0.0,0.0,0.0,TX4
2020-10-03,EL PASO,SOLAR,RAD SOLAR,ENDG,DESPACHADO CENTRALMENTE,0.0,0.0,0.0,0.0,0.0,0.0,5611.73,17311.96,29585.67,44132.61,50240.49,38892.36,46686.37,42630.48,27553.67,13456.54,7429.87,857.67,0.0,0.0,0.0,0.0,0.0,0.0,TX4
2020-10-04,EL PASO,SOLAR,RAD SOLAR,ENDG,DESPACHADO CENTRALMENTE,0.0,0.0,0.0,0.0,0.0,0.0,3048.91,8799.45,27607.05,22199.78,42956.97,51765.61,44660.96,37830.28,31163.88,28922.6,10951.97,876.85,0.0,0.0,0.0,0.0,0.0,0.0,TX4
2020-10-05,EL PASO,SOLAR,RAD SOLAR,ENDG,DESPACHADO CENTRALMENTE,0.0,0.0,0.0,0.0,0.0,0.0,4233.61,18702.66,28244.5,37303.93,42145.79,41656.28,42860.12,46391.83,33755.8,27902.75,8573.56,1160.87,0.0,0.0,0.0,0.0,0.0,0.0,TX4
2020-10-06,EL PASO,SOLAR,RAD SOLAR,ENDG,DESPACHADO CENTRALMENTE,0.0,0.0,0.0,0.0,0.0,0.0,2886.39,15889.71,13143.67,9458.43,19805.71,44058.73,44717.5,43242.73,39496.04,17135.87,6238.58,490.53,0.0,0.0,0.0,0.0,0.0,0.0,TX4
2020-10-07,EL PASO,SOLAR,RAD SOLAR,ENDG,DESPACHADO CENTRALMENTE,0.0,0.0,0.0,0.0,0.0,0.0,8681.69,22949.39,34863.68,47199.26,48881.35,52484.39,46947.77,43982.63,19080.58,10480.48,2476.99,65.47,0.0,0.0,0.0,0.0,0.0,0.0,TX4
2020-10-08,EL PASO,SOLAR,RAD SOLAR,ENDG,DESPACHADO CENTRALMENTE,0.0,0.0,0.0,0.0,0.0,0.0,3632.58,9044.84,21521.2,24293.41,24283.59,38549.15,45189.43,42746.47,40194.76,31340.78,13526.81,1067.18,0.0,0.0,0.0,0.0,0.0,0.0,TX4
2020-10-09,EL PASO,SOLAR,RAD SOLAR,ENDG,DESPACHADO CENTRALMENTE,0.0,0.0,0.0,0.0,0.0,0.0,2822.62,12943.37,31463.91,40708.83,41578.54,40001.02,49924.92,47699.22,40040.35,26796.84,12839.47,1355.55,0.0,0.0,0.0,0.0,0.0,0.0,TX4
2020-10-10,EL PASO,SOLAR,RAD SOLAR,ENDG,DESPACHADO CENTRALMENTE,0.0,0.0,0.0,0.0,0.0,0.0,3935.46,19275.04,27798.11,33303.18,40935.6,53899.9,48271.36,49517.88,42345.69,15240.49,6196.17,412.17,0.0,0.0,0.0,0.0,0.0,0.0,TX4
2020-10-11,EL PASO,SOLAR,RAD SOLAR,ENDG,DESPACHADO CENTRALMENTE,0.0,0.0,0.0,0.0,0.0,0.0,3618.66,15861.49,22468.59,37031.34,40663.87,54960.7,48817.63,49468.16,40661.99,24969.69,12967.98,1611.11,0.0,0.0,0.0,0.0,0.0,0.0,TX4
2020-10-12,EL PASO,SOLAR,RAD SOLAR,ENDG,DESPACHADO CENTRALMENTE,0.0,0.0,0.0,0.0,0.0,0.0,2988.48,7568.1,18883.86,21673.14,39642.76,41747.01,37154.17,27883.01,23515.79,15919.52,6151.7,456.71,0.0,0.0,0.0,0.0,0.0,0.0,TX4
2020-10-13,EL PASO,SOLAR,RAD SOLAR,ENDG,DESPACHADO CENTRALMENTE,0.0,0.0,0.0,0.0,0.0,0.0,4950.7,12454.05,25372.81,38288.28,46250.13,38685.02,41886.22,30654.1,21839.79,14925.22,5898.92,510.99,0.0,0.0,0.0,0.0,0.0,0.0,TX4
2020-10-14,EL PASO,SOLAR,RAD SOLAR,ENDG,DESPACHADO CENTRALMENTE,0.0,0.0,0.0,0.0,0.0,0.0,3259.81,7101.16,29292.7,31645.66,39763.21,34327.76,36426.05,34804.27,19518.44,17032.3,9992.5,854.39,0.0,0.0,0.0,0.0,0.0,0.0,TX4
2020-10-15,EL PASO,SOLAR,RAD SOLAR,ENDG,DESPACHADO CENTRALMENTE,0.0,0.0,0.0,0.0,0.0,0.0,7041.7,22483.41,37017.75,46638.69,50665.12,50002.27,52553.35,46696.57,37860.56,26698.67,10670.6,578.97,0.0,0.0,0.0,0.0,0.0,0.0,TX4
2020-10-16,EL PASO,SOLAR,RAD SOLAR,ENDG,DESPACHADO CENTRALMENTE,0.0,0.0,0.0,0.0,0.0,0.0,6442.5,21749.12,36750.5,46738.5,51133.35,52090.9,51906.84,47923.0,37543.58,27335.7,11590.79,695.49,0.0,0.0,0.0,0.0,0.0,0.0,TX4
2020-10-17,EL PASO,SOLAR,RAD SOLAR,ENDG,DESPACHADO CENTRALMENTE,0.0,0.0,0.0,0.0,0.0,0.0,5320.73,18299.47,36519.01,46340.54,50881.9,49724.19,45905.83,40675.24,28130.48,10753.63,1636.33,0.0,0.0,0.0,0.0,0.0,0.0,0.0,TX4
2020-10-18,EL PASO,SOLAR,RAD SOLAR,ENDG,DESPACHADO CENTRALMENTE,0.0,0.0,0.0,0.0,0.0,0.0,821.3,2793.51,22921.59,32074.92,50976.09,40863.73,43638.17,38948.44,39998.19,27777.2,7568.42,142.89,0.0,0.0,0.0,0.0,0.0,0.0,TX4
2020-10-19,EL PASO,SOLAR,RAD SOLAR,ENDG,DESPACHADO CENTRALMENTE,0.0,0.0,0.0,0.0,0.0,0.0,1912.58,9475.25,20559.73,27742.06,30027.12,34216.86,32633.95,31378.62,23302.42,14830.01,5163.92,478.98,0.0,0.0,0.0,0.0,0.0,0.0,TX4
2020-10-20,EL PASO,SOLAR,RAD SOLAR,ENDG,DESPACHADO CENTRALMENTE,0.0,0.0,0.0,0.0,0.0,0.0,2527.18,12081.04,18079.21,28106.33,35007.43,44660.4,46569.96,33550.21,36166.22,20810.38,10877.63,927.04,0.0,0.0,0.0,0.0,0.0,0.0,TX4
2020-10-21,EL PASO,SOLAR,RAD SOLAR,ENDG,DESPACHADO CENTRALMENTE,0.0,0.0,0.0,0.0,0.0,23.74,6661.65,21740.56,36278.29,45759.03,51613.66,52587.95,53459.96,45362.4,38336.81,17954.92,10125.3,783.54,0.0,0.0,0.0,0.0,0.0,0.0,TX4
2020-10-22,EL PASO,SOLAR,RAD SOLAR,ENDG,DESPACHADO CENTRALMENTE,0.0,0.0,0.0,0.0,0.0,0.0,6138.89,21467.53,35048.38,39853.57,49870.91,50433.89,50847.59,45413.96,35228.29,21967.82,3639.68,454.24,0.0,0.0,0.0,0.0,0.0,0.0,TX4
2020-10-23,EL PASO,SOLAR,RAD SOLAR,ENDG,DESPACHADO CENTRALMENTE,0.0,0.0,0.0,0.0,0.0,0.0,4898.17,19600.64,35788.84,44424.26,43610.63,51086.77,50397.41,46980.3,39006.47,19735.55,6395.47,0.0,0.0,0.0,0.0,0.0,0.0,0.0,TX4
2020-10-24,EL PASO,SOLAR,RAD SOLAR,ENDG,DESPACHADO CENTRALMENTE,0.0,0.0,0.0,0.0,0.0,0.0,2496.02,6594.86,15496.64,35246.48,44935.71,44716.43,43576.74,40430.95,20268.15,19771.25,4884.3,435.66,0.0,0.0,0.0,0.0,0.0,0.0,TX4
2020-10-25,EL PASO,SOLAR,RAD SOLAR,ENDG,DESPACHADO CENTRALMENTE,0.0,0.0,0.0,0.0,0.0,0.0,2762.82,7252.32,14243.53,25596.23,33701.26,44841.43,47940.75,44072.74,36647.42,23789.56,14086.52,885.19,0.0,0.0,0.0,0.0,0.0,0.0,TX4
2020-10-26,EL PASO,SOLAR,RAD SOLAR,ENDG,DESPACHADO CENTRALMENTE,0.0,0.0,0.0,0.0,0.0,0.0,3684.65,20059.8,35969.53,38124.56,52164.64,52057.54,50884.95,41295.09,36440.68,21951.05,2143.91,0.0,0.0,0.0,0.0,0.0,0.0,0.0,TX4
2020-10-27,EL PASO,SOLAR,RAD SOLAR,ENDG,DESPACHADO CENTRALMENTE,0.0,0.0,0.0,0.0,0.0,0.0,6554.41,23047.9,37884.97,48462.58,53857.13,56111.41,53888.15,47803.45,38289.1,23317.6,6046.29,240.02,0.0,0.0,0.0,0.0,0.0,0.0,TX4
2020-10-28,EL PASO,SOLAR,RAD SOLAR,ENDG,DESPACHADO CENTRALMENTE,0.0,0.0,0.0,0.0,0.0,0.0,5846.58,18295.2,36348.2,46357.88,44890.0,43906.17,38514.68,40672.54,35605.34,26459.87,6671.36,101.26,0.0,0.0,0.0,0.0,0.0,0.0,TX4
2020-10-29,EL PASO,SOLAR,RAD SOLAR,ENDG,DESPACHADO CENTRALMENTE,0.0,0.0,0.0,0.0,0.0,0.0,589.96,2104.1,7451.43,11322.96,19762.39,29459.59,19476.35,29154.17,35576.89,20705.19,9050.46,534.95,0.0,0.0,0.0,0.0,0.0,0.0,TX4
2020-10-30,EL PASO,SOLAR,RAD SOLAR,ENDG,DESPACHADO CENTRALMENTE,0.0,0.0,0.0,0.0,0.0,0.0,3209.02,10549.61,22627.64,38625.54,41910.7,30961.44,40441.49,46604.3,32782.68,31239.88,12165.32,726.47,0.0,0.0,0.0,0.0,0.0,0.0,TX4
2020-10-31,EL PASO,SOLAR,RAD SOLAR,ENDG,DESPACHADO CENTRALMENTE,0.0,0.0,0.0,0.0,0.0,0.0,400.44,6111.09,21922.84,43038.12,47727.18,49443.93,35221.39,47565.13,42520.43,18332.27,2570.56,0.0,0.0,0.0,0.0,0.0,0.0,0.0,TX4
2020-11-01,EL PASO,SOLAR,RAD SOLAR,ENDG,DESPACHADO CENTRALMENTE,0.0,0.0,0.0,0.0,0.0,0.0,0.0,0.0,1543.29,12099.2,33862.05,34310.59,34144.53,36310.53,31335.48,22312.3,10247.09,421.64,0.0,0.0,0.0,0.0,0.0,0.0,TX5
2020-11-02,EL PASO,SOLAR,RAD SOLAR,ENDG,DESPACHADO CENTRALMENTE,0.0,0.0,0.0,0.0,0.0,0.0,3565.31,7662.7,19152.32,26577.45,50554.49,46931.01,49519.5,45774.36,24177.29,26525.36,9163.98,1581.43,0.0,0.0,0.0,0.0,0.0,0.0,TX5
2020-11-03,EL PASO,SOLAR,RAD SOLAR,ENDG,DESPACHADO CENTRALMENTE,0.0,0.0,0.0,0.0,0.0,0.0,8499.36,24793.9,41484.59,44926.37,42911.07,42747.8,46579.23,41890.74,21238.6,12560.4,10476.23,1236.34,0.0,0.0,0.0,0.0,0.0,0.0,TX5
2020-11-04,EL PASO,SOLAR,RAD SOLAR,ENDG,DESPACHADO CENTRALMENTE,0.0,0.0,0.0,0.0,0.0,0.0,670.86,4075.87,26036.99,46107.2,47454.86,50071.44,50801.23,43293.97,38331.53,29694.72,15476.58,604.63,0.0,0.0,0.0,0.0,0.0,0.0,TX5
2020-11-05,EL PASO,SOLAR,RAD SOLAR,ENDG,DESPACHADO CENTRALMENTE,0.0,0.0,0.0,0.0,0.0,0.0,1158.55,4625.01,12866.6,28356.85,33385.39,35367.58,12571.74,5092.42,11958.0,4806.88,3130.7,156.4,0.0,0.0,0.0,0.0,0.0,0.0,TX5
2020-11-06,EL PASO,SOLAR,RAD SOLAR,ENDG,DESPACHADO CENTRALMENTE,0.0,0.0,0.0,0.0,0.0,0.0,1705.67,12420.15,33856.17,28468.7,40175.63,35507.46,46881.78,31217.0,8233.88,6469.33,3809.46,265.35,0.0,0.0,0.0,0.0,0.0,0.0,TX5
2020-11-07,EL PASO,SOLAR,RAD SOLAR,ENDG,DESPACHADO CENTRALMENTE,0.0,0.0,0.0,0.0,0.0,0.0,1816.47,11760.2,33435.87,41792.93,43055.94,44627.2,45418.72,44800.81,38046.23,25701.67,9710.73,875.79,0.0,0.0,0.0,0.0,0.0,0.0,TX5
2020-11-08,EL PASO,SOLAR,RAD SOLAR,ENDG,DESPACHADO CENTRALMENTE,0.0,0.0,0.0,0.0,0.0,0.0,2395.37,8320.51,10472.97,16982.14,23675.01,27657.6,32686.22,38984.52,26551.44,23522.56,12084.09,623.68,0.0,0.0,0.0,0.0,0.0,0.0,TX5
2020-11-09,EL PASO,SOLAR,RAD SOLAR,ENDG,DESPACHADO CENTRALMENTE,0.0,0.0,0.0,0.0,0.0,0.0,6060.56,25368.51,35451.11,40372.58,45921.48,50212.29,38729.27,32569.84,37547.37,10264.54,2248.72,0.0,0.0,0.0,0.0,0.0,0.0,0.0,TX5
2020-11-10,EL PASO,SOLAR,RAD SOLAR,ENDG,DESPACHADO CENTRALMENTE,0.0,0.0,0.0,0.0,0.0,0.0,1320.63,5946.59,29542.22,36285.05,33409.23,48239.4,42507.35,26891.15,28005.76,20821.72,14376.74,386.05,0.0,0.0,0.0,0.0,0.0,0.0,TX5
2020-11-11,EL PASO,SOLAR,RAD SOLAR,ENDG,DESPACHADO CENTRALMENTE,0.0,0.0,0.0,0.0,0.0,0.0,1185.24,12649.12,13007.16,32942.32,35731.49,28526.37,33522.26,31465.2,23707.56,15335.37,5436.31,149.64,0.0,0.0,0.0,0.0,0.0,0.0,TX5
2020-11-12,EL PASO,SOLAR,RAD SOLAR,ENDG,DESPACHADO CENTRALMENTE,0.0,0.0,0.0,0.0,0.0,0.0,4418.96,22598.62,21423.77,24850.86,37723.6,39226.93,41740.05,41540.36,22340.42,12513.86,7139.6,296.53,0.0,0.0,0.0,0.0,0.0,0.0,TX5
2020-11-13,EL PASO,SOLAR,RAD SOLAR,ENDG,DESPACHADO CENTRALMENTE,0.0,0.0,0.0,0.0,0.0,0.0,2221.98,11589.61,18189.1,26819.66,34354.81,10116.93,6993.62,7713.71,3670.0,339.97,666.42,0.0,0.0,0.0,0.0,0.0,0.0,0.0,TX5
2020-11-14,EL PASO,SOLAR,RAD SOLAR,ENDG,DESPACHADO CENTRALMENTE,0.0,0.0,0.0,0.0,0.0,0.0,1246.77,4076.82,9899.63,13576.26,17937.16,23191.93,28420.75,20770.37,6392.65,5216.37,4476.08,142.53,0.0,0.0,0.0,0.0,0.0,0.0,TX5
2020-11-15,EL PASO,SOLAR,RAD SOLAR,ENDG,DESPACHADO CENTRALMENTE,0.0,0.0,0.0,0.0,0.0,0.0,5530.78,19332.54,28415.37,30678.31,33526.42,41793.38,46283.86,43191.09,39630.89,29543.73,13889.77,1035.76,0.0,0.0,0.0,0.0,0.0,0.0,TX5
2020-11-16,EL PASO,SOLAR,RAD SOLAR,ENDG,DESPACHADO CENTRALMENTE,0.0,0.0,0.0,0.0,0.0,0.0,5067.1,23061.0,33224.91,41362.63,28579.92,40891.8,46044.83,42119.69,30330.15,19787.72,9990.27,751.07,0.0,0.0,0.0,0.0,0.0,0.0,TX5
2020-11-17,EL PASO,SOLAR,RAD SOLAR,ENDG,DESPACHADO CENTRALMENTE,0.0,0.0,0.0,0.0,0.0,0.0,1514.0,3258.04,15412.48,22136.43,32612.8,22208.45,27261.12,31148.79,9693.89,1524.58,847.51,0.0,0.0,0.0,0.0,0.0,0.0,0.0,TX5
2020-11-18,EL PASO,SOLAR,RAD SOLAR,ENDG,DESPACHADO CENTRALMENTE,0.0,0.0,0.0,0.0,0.0,0.0,1835.04,8013.29,8432.66,25126.73,34931.01,34430.57,40199.63,43679.62,39311.22,30336.01,15831.36,1142.48,0.0,0.0,0.0,0.0,0.0,0.0,TX5
2020-11-19,EL PASO,SOLAR,RAD SOLAR,ENDG,DESPACHADO CENTRALMENTE,0.0,0.0,0.0,0.0,0.0,0.0,1148.37,11614.12,17959.08,29432.17,28865.13,30888.22,30805.97,43744.36,31137.78,25527.67,9079.19,423.58,0.0,0.0,0.0,0.0,0.0,0.0,TX5
2020-11-20,EL PASO,SOLAR,RAD SOLAR,ENDG,DESPACHADO CENTRALMENTE,0.0,0.0,0.0,0.0,0.0,0.0,4931.01,18034.19,24254.84,36092.36,39978.78,39884.62,30813.54,36904.8,35654.09,25637.83,9977.25,508.12,0.0,0.0,0.0,0.0,0.0,0.0,TX5
2020-11-21,EL PASO,SOLAR,RAD SOLAR,ENDG,DESPACHADO CENTRALMENTE,0.0,0.0,0.0,0.0,0.0,0.0,1479.96,6427.08,8388.73,19290.6,26554.33,44081.05,35570.08,40193.03,30741.97,16932.56,7757.84,330.14,0.0,0.0,0.0,0.0,0.0,0.0,TX5
2020-11-22,EL PASO,SOLAR,RAD SOLAR,ENDG,DESPACHADO CENTRALMENTE,0.0,0.0,0.0,0.0,0.0,0.0,2251.34,1045.24,0.0,0.0,0.0,0.0,0.0,0.0,0.0,0.0,0.0,0.0,0.0,0.0,0.0,0.0,0.0,0.0,TX5
2020-11-23,EL PASO,SOLAR,RAD SOLAR,ENDG,DESPACHADO CENTRALMENTE,0.0,0.0,0.0,0.0,0.0,0.0,3417.02,21069.99,35985.25,42039.33,43788.03,44351.77,46517.17,37468.22,36606.78,17843.8,8185.8,280.49,0.0,0.0,0.0,0.0,0.0,0.0,TX5
2020-11-24,EL PASO,SOLAR,RAD SOLAR,ENDG,DESPACHADO CENTRALMENTE,0.0,0.0,0.0,0.0,0.0,0.0,3679.71,18090.65,30663.55,36431.28,43549.63,41513.64,41560.0,44613.82,30705.06,15684.41,6728.68,517.74,0.0,0.0,0.0,0.0,0.0,0.0,TX5
2020-11-25,EL PASO,SOLAR,RAD SOLAR,ENDG,DESPACHADO CENTRALMENTE,0.0,0.0,0.0,0.0,0.0,0.0,4654.34,20504.41,33533.77,42867.33,47018.29,49028.15,47060.07,38505.73,37736.33,25207.95,10149.59,268.05,0.0,0.0,0.0,0.0,0.0,0.0,TX5
2020-11-26,EL PASO,SOLAR,RAD SOLAR,ENDG,DESPACHADO CENTRALMENTE,0.0,0.0,0.0,0.0,0.0,0.0,4191.74,20909.57,31438.93,40928.06,47388.73,49669.72,48201.55,43593.46,36355.94,27981.31,9635.65,169.77,0.0,0.0,0.0,0.0,0.0,0.0,TX5
2020-11-27,EL PASO,SOLAR,RAD SOLAR,ENDG,DESPACHADO CENTRALMENTE,0.0,0.0,0.0,0.0,0.0,0.0,1441.32,8960.36,34181.42,44160.58,48783.06,50171.42,44339.65,39454.55,29335.81,19323.75,4411.32,226.33,0.0,0.0,0.0,0.0,0.0,0.0,TX5
2020-11-28,EL PASO,SOLAR,RAD SOLAR,ENDG,DESPACHADO CENTRALMENTE,0.0,0.0,0.0,0.0,0.0,0.0,2989.2,15642.06,32926.12,35790.18,40706.54,38882.68,40330.54,37298.61,35385.53,23130.81,6723.56,0.0,0.0,0.0,0.0,0.0,0.0,0.0,TX5
2020-11-29,EL PASO,SOLAR,RAD SOLAR,ENDG,DESPACHADO CENTRALMENTE,0.0,0.0,0.0,0.0,0.0,0.0,1663.89,20383.96,36153.12,42497.96,46517.24,47843.62,46163.19,42204.59,35921.05,21925.39,9929.75,108.05,0.0,0.0,0.0,0.0,0.0,0.0,TX5
2020-11-30,EL PASO,SOLAR,RAD SOLAR,ENDG,DESPACHADO CENTRALMENTE,0.0,0.0,0.0,0.0,0.0,0.0,2985.45,21166.67,28258.1,42746.1,47660.28,42679.83,43217.59,29355.89,15000.25,12422.8,6161.07,157.77,0.0,0.0,0.0,0.0,0.0,0.0,TX5
2020-12-01,EL PASO,SOLAR,RAD SOLAR,ENDG,DESPACHADO CENTRALMENTE,0.0,0.0,0.0,0.0,0.0,0.0,2506.0,11660.12,31151.0,29241.41,23839.33,29673.38,5436.29,0.0,0.0,10240.48,9704.39,251.45,0.0,0.0,0.0,0.0,0.0,0.0,TX4
2020-12-02,EL PASO,SOLAR,RAD SOLAR,ENDG,DESPACHADO CENTRALMENTE,0.0,0.0,0.0,0.0,0.0,0.0,2043.93,10591.14,30228.99,40580.83,41780.37,21605.02,40723.62,34283.5,24687.42,13264.34,3790.22,24.62,0.0,0.0,0.0,0.0,0.0,0.0,TX4
2020-12-03,EL PASO,SOLAR,RAD SOLAR,ENDG,DESPACHADO CENTRALMENTE,0.0,0.0,0.0,0.0,0.0,0.0,3979.72,22541.01,35188.31,39883.48,46620.02,48212.59,48180.34,44071.03,37961.05,28460.29,10117.93,241.47,0.0,0.0,0.0,0.0,0.0,0.0,TX4
2020-12-04,EL PASO,SOLAR,RAD SOLAR,ENDG,DESPACHADO CENTRALMENTE,0.0,0.0,0.0,0.0,0.0,0.0,4057.18,20728.11,35012.46,42379.17,47161.38,49034.93,48075.5,44072.89,36850.44,27533.54,11356.7,718.21,0.0,0.0,0.0,0.0,0.0,0.0,TX4
2020-12-05,EL PASO,SOLAR,RAD SOLAR,ENDG,DESPACHADO CENTRALMENTE,0.0,0.0,0.0,0.0,0.0,0.0,4245.66,22404.66,34598.23,41718.65,45745.66,47323.27,46478.72,41617.47,34812.4,22558.43,10797.87,924.5,0.0,0.0,0.0,0.0,0.0,0.0,TX4
2020-12-06,EL PASO,SOLAR,RAD SOLAR,ENDG,DESPACHADO CENTRALMENTE,0.0,0.0,0.0,0.0,0.0,0.0,3795.19,19836.04,33843.68,40472.43,45348.14,46616.86,45822.76,41069.62,25895.09,24999.92,12423.19,626.77,0.0,0.0,0.0,0.0,0.0,0.0,TX4
2020-12-07,EL PASO,SOLAR,RAD SOLAR,ENDG,DESPACHADO CENTRALMENTE,0.0,0.0,0.0,0.0,0.0,0.0,3467.89,15902.05,27373.93,40791.12,44891.69,45083.28,47878.33,30338.38,15599.73,21963.92,8897.84,469.79,0.0,0.0,0.0,0.0,0.0,0.0,TX4
2020-12-08,EL PASO,SOLAR,RAD SOLAR,ENDG,DESPACHADO CENTRALMENTE,0.0,0.0,0.0,0.0,0.0,0.0,2853.16,15262.38,26965.42,24371.69,35569.59,32691.64,27912.26,27300.96,21567.79,10768.29,15267.18,625.08,0.0,0.0,0.0,0.0,0.0,0.0,TX4
2020-12-09,EL PASO,SOLAR,RAD SOLAR,ENDG,DESPACHADO CENTRALMENTE,0.0,0.0,0.0,0.0,0.0,0.0,3421.78,16749.99,25786.35,34085.57,42078.93,38110.83,38714.58,26098.87,30749.9,12361.78,3743.67,379.56,0.0,0.0,0.0,0.0,0.0,0.0,TX4
2020-12-10,EL PASO,SOLAR,RAD SOLAR,ENDG,DESPACHADO CENTRALMENTE,0.0,0.0,0.0,0.0,0.0,0.0,1387.86,12223.61,32756.6,40488.98,45289.42,47757.84,46932.83,43013.44,36256.78,22720.24,9725.61,392.47,0.0,0.0,0.0,0.0,0.0,0.0,TX4
2020-12-11,EL PASO,SOLAR,RAD SOLAR,ENDG,DESPACHADO CENTRALMENTE,0.0,0.0,0.0,0.0,0.0,0.0,3414.83,16807.42,26523.71,39415.15,45008.24,46706.12,45879.36,42165.04,35951.6,26689.36,11686.28,793.66,0.0,0.0,0.0,0.0,0.0,0.0,TX4
2020-12-12,EL PASO,SOLAR,RAD SOLAR,ENDG,DESPACHADO CENTRALMENTE,0.0,0.0,0.0,0.0,0.0,0.0,1517.06,18324.47,28473.61,34311.56,42426.68,44392.88,43484.6,40068.19,33620.61,24760.08,11542.11,759.98,0.0,0.0,0.0,0.0,0.0,0.0,TX4
2020-12-13,EL PASO,SOLAR,RAD SOLAR,ENDG,DESPACHADO CENTRALMENTE,0.0,0.0,0.0,0.0,0.0,0.0,3098.23,18446.93,32397.64,40223.3,44068.77,45674.1,44786.03,42283.57,36049.2,26689.34,12087.34,832.41,0.0,0.0,0.0,0.0,0.0,0.0,TX4
2020-12-14,EL PASO,SOLAR,RAD SOLAR,ENDG,DESPACHADO CENTRALMENTE,0.0,0.0,0.0,0.0,0.0,0.0,3474.17,19938.5,32946.56,40559.06,44504.35,45095.53,44812.17,42292.44,35536.58,25196.86,12773.09,832.66,0.0,0.0,0.0,0.0,0.0,0.0,TX4
2020-12-15,EL PASO,SOLAR,RAD SOLAR,ENDG,DESPACHADO CENTRALMENTE,0.0,0.0,0.0,0.0,0.0,0.0,3025.78,18952.52,31545.57,39006.39,44041.05,45059.83,44634.57,42039.05,37423.62,20410.01,3247.49,284.81,0.0,0.0,0.0,0.0,0.0,0.0,TX4
2020-12-16,EL PASO,SOLAR,RAD SOLAR,ENDG,DESPACHADO CENTRALMENTE,0.0,0.0,0.0,0.0,0.0,0.0,732.59,12583.64,31919.15,34424.94,41728.27,45539.71,44517.23,38827.62,36335.39,26054.05,12279.27,511.04,0.0,0.0,0.0,0.0,0.0,0.0,TX4
2020-12-17,EL PASO,SOLAR,RAD SOLAR,ENDG,DESPACHADO CENTRALMENTE,0.0,0.0,0.0,0.0,0.0,0.0,2958.95,18446.97,31461.51,39070.49,43433.04,44886.75,44404.07,41453.13,35543.03,26030.96,11807.9,949.19,0.0,0.0,0.0,0.0,0.0,0.0,TX4
2020-12-18,EL PASO,SOLAR,RAD SOLAR,ENDG,DESPACHADO CENTRALMENTE,0.0,0.0,0.0,0.0,0.0,0.0,2800.81,18847.59,31934.07,39575.37,44170.3,45788.7,44927.05,41755.24,35868.57,27338.76,11919.76,1354.73,0.0,0.0,0.0,0.0,0.0,0.0,TX4
2020-12-19,EL PASO,SOLAR,RAD SOLAR,ENDG,DESPACHADO CENTRALMENTE,0.0,0.0,0.0,0.0,0.0,0.0,961.12,14212.15,32255.32,39664.57,43979.33,44735.22,44608.56,35907.57,38400.5,18042.48,7210.39,742.21,0.0,0.0,0.0,0.0,0.0,0.0,TX4
2020-12-20,EL PASO,SOLAR,RAD SOLAR,ENDG,DESPACHADO CENTRALMENTE,0.0,0.0,0.0,0.0,0.0,0.0,1651.57,12367.85,31447.05,38557.61,44030.75,45841.33,45547.71,41919.82,36627.03,28219.52,13507.53,902.59,0.0,0.0,0.0,0.0,0.0,0.0,TX4
2020-12-21,EL PASO,SOLAR,RAD SOLAR,ENDG,DESPACHADO CENTRALMENTE,0.0,0.0,0.0,0.0,0.0,0.0,2579.08,18233.95,31913.38,39058.05,42410.82,43743.08,43574.47,41155.73,34462.22,19022.78,11511.69,1062.04,0.0,0.0,0.0,0.0,0.0,0.0,TX4
2020-12-22,EL PASO,SOLAR,RAD SOLAR,ENDG,DESPACHADO CENTRALMENTE,0.0,0.0,0.0,0.0,0.0,0.0,2282.06,17516.96,31299.13,39125.64,44266.88,45733.94,45511.16,42525.53,36073.86,27118.72,13167.3,1029.03,0.0,0.0,0.0,0.0,0.0,0.0,TX4
2020-12-23,EL PASO,SOLAR,RAD SOLAR,ENDG,DESPACHADO CENTRALMENTE,0.0,0.0,0.0,0.0,0.0,0.0,2522.15,18679.12,31935.77,39432.61,44946.24,46341.88,45438.74,40927.16,35875.09,26443.19,10699.09,1124.9,0.0,0.0,0.0,0.0,0.0,0.0,TX4
2020-12-24,EL PASO,SOLAR,RAD SOLAR,ENDG,DESPACHADO CENTRALMENTE,0.0,0.0,0.0,0.0,0.0,0.0,832.41,4377.87,13314.84,25943.77,37319.49,46262.9,44817.45,43510.59,37319.42,28606.67,11317.56,1105.58,0.0,0.0,0.0,0.0,0.0,0.0,TX4
2020-12-25,EL PASO,SOLAR,RAD SOLAR,ENDG,DESPACHADO CENTRALMENTE,0.0,0.0,0.0,0.0,0.0,0.0,639.7,8090.57,29255.04,36913.74,44204.16,47047.92,44873.14,41794.77,36274.96,8796.47,5556.57,370.78,0.0,0.0,0.0,0.0,0.0,0.0,TX4
2020-12-26,EL PASO,SOLAR,RAD SOLAR,ENDG,DESPACHADO CENTRALMENTE,0.0,0.0,0.0,0.0,0.0,0.0,969.1,8540.5,16236.23,39478.14,43763.05,47005.25,28467.67,42488.25,38363.89,29327.65,19015.21,1768.4,0.0,0.0,0.0,0.0,0.0,0.0,TX4
2020-12-27,EL PASO,SOLAR,RAD SOLAR,ENDG,DESPACHADO CENTRALMENTE,0.0,0.0,0.0,0.0,0.0,0.0,2200.45,16865.54,30470.26,39172.85,43797.17,44903.43,37864.62,37205.94,30408.17,30008.81,18984.59,1793.97,0.0,0.0,0.0,0.0,0.0,0.0,TX4
2020-12-28,EL PASO,SOLAR,RAD SOLAR,ENDG,DESPACHADO CENTRALMENTE,0.0,0.0,0.0,0.0,0.0,0.0,2255.87,16969.65,30647.34,32854.17,35766.15,38217.24,43335.78,44195.87,36179.77,29064.56,14391.63,1005.19,0.0,0.0,0.0,0.0,0.0,0.0,TX4
2020-12-29,EL PASO,SOLAR,RAD SOLAR,ENDG,DESPACHADO CENTRALMENTE,0.0,0.0,0.0,0.0,0.0,0.0,1770.0,17399.61,32105.43,40409.97,45501.47,48224.58,46559.18,43059.73,39461.66,30284.02,15872.86,1578.06,0.0,0.0,0.0,0.0,0.0,0.0,TX4
2020-12-30,EL PASO,SOLAR,RAD SOLAR,ENDG,DESPACHADO CENTRALMENTE,0.0,0.0,0.0,0.0,0.0,0.0,2820.95,19657.59,31433.96,40994.88,45157.84,42862.78,46661.0,43852.42,36333.71,25558.65,15717.99,1330.45,0.0,0.0,0.0,0.0,0.0,0.0,TX4
2020-12-31,EL PASO,SOLAR,RAD SOLAR,ENDG,DESPACHADO CENTRALMENTE,0.0,0.0,0.0,0.0,0.0,0.0,2088.46,17968.92,32818.43,41462.03,46235.32,48262.32,48411.26,45511.41,39566.75,30526.34,15837.96,1719.57,0.0,0.0,0.0,0.0,0.0,0.0,TX4
2021-01-01 00:00:00,EL PASO,SOLAR,RAD SOLAR,ENDG,DESPACHADO CENTRALMENTE,0.0,0.0,0.0,0.0,0.0,0.0,2119.4,17791.47,33287.48,41551.12,46438.93,48312.17,47895.66,45639.77,38362.91,30437.0,16329.31,1854.25,0.0,0.0,0.0,0.0,0.0,0.0,TX4
2021-01-02 00:00:00,EL PASO,SOLAR,RAD SOLAR,ENDG,DESPACHADO CENTRALMENTE,0.0,0.0,0.0,0.0,0.0,0.0,2044.14,17826.82,32741.9,41076.75,46271.43,48774.4,48132.85,45257.74,38898.6,26915.19,14669.18,1686.9,0.0,0.0,0.0,0.0,0.0,0.0,TX4
2021-01-03 00:00:00,EL PASO,SOLAR,RAD SOLAR,ENDG,DESPACHADO CENTRALMENTE,0.0,0.0,0.0,0.0,0.0,0.0,2006.44,17395.37,32378.91,41253.65,46056.23,48256.75,48367.43,45485.07,39558.71,30731.34,16523.41,1742.06,0.0,0.0,0.0,0.0,0.0,0.0,TX4
2021-01-04 00:00:00,EL PASO,SOLAR,RAD SOLAR,ENDG,DESPACHADO CENTRALMENTE,0.0,0.0,0.0,0.0,0.0,0.0,2065.02,18100.85,33351.6,42138.86,47071.77,49025.94,48267.84,45514.39,39932.37,30955.46,16897.02,2097.81,0.0,0.0,0.0,0.0,0.0,0.0,TX4
2021-01-05 00:00:00,EL PASO,SOLAR,RAD SOLAR,ENDG,DESPACHADO CENTRALMENTE,0.0,0.0,0.0,0.0,0.0,0.0,1958.12,17501.97,32959.43,41089.73,45921.21,48016.19,47630.64,45420.29,39672.72,30923.79,16841.11,2107.82,0.0,0.0,0.0,0.0,0.0,0.0,TX4
2021-01-06 00:00:00,EL PASO,SOLAR,RAD SOLAR,ENDG,DESPACHADO CENTRALMENTE,0.0,0.0,0.0,0.0,0.0,0.0,1820.38,16737.47,32032.66,39420.03,44655.75,45515.32,46767.32,35421.89,29677.07,31563.44,16550.97,2287.56,0.0,0.0,0.0,0.0,0.0,0.0,TX4
2021-01-07 00:00:00,EL PASO,SOLAR,RAD SOLAR,ENDG,DESPACHADO CENTRALMENTE,0.0,0.0,0.0,0.0,0.0,0.0,2445.48,14649.05,28389.31,36851.5,41121.53,42847.97,34576.98,38763.84,39783.37,16779.02,10141.52,1356.89,0.0,0.0,0.0,0.0,0.0,0.0,TX4
2021-01-08 00:00:00,EL PASO,SOLAR,RAD SOLAR,ENDG,DESPACHADO CENTRALMENTE,0.0,0.0,0.0,0.0,0.0,0.0,750.14,14193.39,28947.49,37889.38,43899.91,46901.41,48094.65,45364.31,32467.28,15844.36,7746.08,990.36,0.0,0.0,0.0,0.0,0.0,0.0,TX4
2021-01-09 00:00:00,EL PASO,SOLAR,RAD SOLAR,ENDG,DESPACHADO CENTRALMENTE,0.0,0.0,0.0,0.0,0.0,0.0,278.88,4753.94,25817.99,36835.81,35392.74,31089.25,39865.59,41740.91,35122.35,20777.49,2102.7,41.28,0.0,0.0,0.0,0.0,0.0,0.0,TX4
2021-01-10 00:00:00,EL PASO,SOLAR,RAD SOLAR,ENDG,DESPACHADO CENTRALMENTE,0.0,0.0,0.0,0.0,0.0,0.0,1545.59,6275.97,15365.35,33833.26,38712.65,36998.95,43905.75,35712.14,31195.56,30311.68,11326.34,2401.4,0.0,0.0,0.0,0.0,0.0,0.0,TX4
2021-01-11 00:00:00,EL PASO,SOLAR,RAD SOLAR,ENDG,DESPACHADO CENTRALMENTE,0.0,0.0,0.0,0.0,0.0,0.0,1279.41,13775.37,26821.06,15626.08,35353.31,46267.12,48628.17,41807.93,14769.78,15686.09,10972.7,1802.14,0.0,0.0,0.0,0.0,0.0,0.0,TX4
2021-01-12 00:00:00,EL PASO,SOLAR,RAD SOLAR,ENDG,DESPACHADO CENTRALMENTE,0.0,0.0,0.0,0.0,0.0,0.0,1968.22,14608.48,16176.32,21681.81,39563.03,44822.54,48269.77,45436.52,39523.9,30469.11,17166.67,2277.58,0.0,0.0,0.0,0.0,0.0,0.0,TX4
2021-01-13 00:00:00,EL PASO,SOLAR,RAD SOLAR,ENDG,DESPACHADO CENTRALMENTE,0.0,0.0,0.0,0.0,0.0,0.0,1294.48,10828.52,24991.12,38934.98,44905.46,47637.61,45344.78,42344.05,40901.69,31192.76,9160.18,981.28,0.0,0.0,0.0,0.0,0.0,0.0,TX4
2021-01-14 00:00:00,EL PASO,SOLAR,RAD SOLAR,ENDG,DESPACHADO CENTRALMENTE,0.0,0.0,0.0,0.0,0.0,0.0,2084.78,16158.11,30470.94,39781.94,44713.52,46419.34,46716.28,32286.46,38306.07,30788.09,16505.5,2957.96,0.0,0.0,0.0,0.0,0.0,0.0,TX4
2021-01-15 00:00:00,EL PASO,SOLAR,RAD SOLAR,ENDG,DESPACHADO CENTRALMENTE,0.0,0.0,0.0,0.0,0.0,0.0,2101.61,15566.8,30138.75,39061.81,44023.06,45328.84,44822.83,39214.01,39763.34,24995.54,14559.98,2579.37,0.0,0.0,0.0,0.0,0.0,0.0,TX4
2021-01-16 00:00:00,EL PASO,SOLAR,RAD SOLAR,ENDG,DESPACHADO CENTRALMENTE,0.0,0.0,0.0,0.0,0.0,0.0,1649.44,15613.17,31012.74,39259.8,44532.45,45374.37,44480.58,27314.83,33213.64,20725.24,8785.86,2590.42,0.0,0.0,0.0,0.0,0.0,0.0,TX4
2021-01-17 00:00:00,EL PASO,SOLAR,RAD SOLAR,ENDG,DESPACHADO CENTRALMENTE,0.0,0.0,0.0,0.0,0.0,0.0,1495.94,15678.9,30933.26,39686.68,44224.04,43305.3,47585.73,45763.56,39655.63,23257.86,18149.58,2872.81,0.0,0.0,0.0,0.0,0.0,0.0,TX4
2021-01-18 00:00:00,EL PASO,SOLAR,RAD SOLAR,ENDG,DESPACHADO CENTRALMENTE,0.0,0.0,0.0,0.0,0.0,0.0,1582.15,16591.56,32486.11,40743.12,45715.59,47952.03,48079.79,44423.55,37716.15,21864.37,17321.33,4165.57,0.0,0.0,0.0,0.0,0.0,0.0,TX4
2021-01-19 00:00:00,EL PASO,SOLAR,RAD SOLAR,ENDG,DESPACHADO CENTRALMENTE,0.0,0.0,0.0,0.0,0.0,0.0,1532.12,17076.72,32800.21,41328.29,39506.53,42758.89,43494.61,43776.36,39317.61,29582.68,19389.71,3040.21,0.0,0.0,0.0,0.0,0.0,0.0,TX4
2021-01-20 00:00:00,EL PASO,SOLAR,RAD SOLAR,ENDG,DESPACHADO CENTRALMENTE,0.0,0.0,0.0,0.0,0.0,0.0,1438.09,16710.9,32274.29,41068.75,45569.51,47146.81,48233.57,42641.12,41800.62,31787.86,19096.75,1492.97,0.0,0.0,0.0,0.0,0.0,0.0,TX4
2021-01-21 00:00:00,EL PASO,SOLAR,RAD SOLAR,ENDG,DESPACHADO CENTRALMENTE,0.0,0.0,0.0,0.0,0.0,0.0,1366.48,16340.28,32135.96,40617.9,45044.34,47670.29,47278.84,44966.47,36542.97,32356.26,19513.05,2959.6,0.0,0.0,0.0,0.0,0.0,0.0,TX4
2021-01-22 00:00:00,EL PASO,SOLAR,RAD SOLAR,ENDG,DESPACHADO CENTRALMENTE,0.0,0.0,0.0,0.0,0.0,0.0,145.46,7555.34,31898.12,39091.47,44818.62,46445.45,46016.55,42046.15,38566.93,32493.25,16657.1,2825.31,0.0,0.0,0.0,0.0,0.0,0.0,TX4
2021-01-23 00:00:00,EL PASO,SOLAR,RAD SOLAR,ENDG,DESPACHADO CENTRALMENTE,0.0,0.0,0.0,0.0,0.0,0.0,1474.53,15892.69,31128.52,38863.89,43439.16,45656.03,45096.38,42152.35,30720.35,18240.08,12895.09,1756.53,0.0,0.0,0.0,0.0,0.0,0.0,TX4
2021-01-24 00:00:00,EL PASO,SOLAR,RAD SOLAR,ENDG,DESPACHADO CENTRALMENTE,0.0,0.0,0.0,0.0,0.0,0.0,1373.41,14932.93,30280.14,38609.77,43841.43,44580.83,47136.09,44069.85,38531.33,29720.61,18447.9,2323.48,0.0,0.0,0.0,0.0,0.0,0.0,TX4
2021-01-25 00:00:00,EL PASO,SOLAR,RAD SOLAR,ENDG,DESPACHADO CENTRALMENTE,0.0,0.0,0.0,0.0,0.0,0.0,1907.16,17001.96,34157.96,43197.87,41231.23,38632.08,48926.56,42680.97,27213.98,17624.93,9018.38,2238.84,0.0,0.0,0.0,0.0,0.0,0.0,TX4
2021-01-26 00:00:00,EL PASO,SOLAR,RAD SOLAR,ENDG,DESPACHADO CENTRALMENTE,0.0,0.0,0.0,0.0,0.0,0.0,282.94,3194.41,15044.85,40462.13,45336.45,42984.49,46822.55,38002.55,34875.82,29066.57,18100.47,2937.48,0.0,0.0,0.0,0.0,0.0,0.0,TX4
2021-01-27 00:00:00,EL PASO,SOLAR,RAD SOLAR,ENDG,DESPACHADO CENTRALMENTE,0.0,0.0,0.0,0.0,0.0,0.0,1947.01,15220.16,30461.94,37668.04,43359.02,47558.54,47152.64,44661.49,39461.61,34202.19,20477.31,3843.19,0.0,0.0,0.0,0.0,0.0,0.0,TX4
2021-01-28 00:00:00,EL PASO,SOLAR,RAD SOLAR,ENDG,DESPACHADO CENTRALMENTE,0.0,0.0,0.0,0.0,0.0,0.0,1593.61,16956.5,32834.03,41728.58,45021.43,46314.67,46222.41,44691.08,40040.27,33209.96,19679.61,3464.01,0.0,0.0,0.0,0.0,0.0,0.0,TX4
2021-01-29 00:00:00,EL PASO,SOLAR,RAD SOLAR,ENDG,DESPACHADO CENTRALMENTE,0.0,0.0,0.0,0.0,0.0,0.0,1962.4,14031.89,25590.87,33859.79,45915.99,46131.37,46060.57,44464.14,41640.23,29933.38,19957.33,3872.96,0.0,0.0,0.0,0.0,0.0,0.0,TX4
2021-01-30 00:00:00,EL PASO,SOLAR,RAD SOLAR,ENDG,DESPACHADO CENTRALMENTE,0.0,0.0,0.0,0.0,0.0,0.0,1600.37,18151.24,34761.71,43031.18,47741.59,50344.57,45459.91,44573.79,41642.1,34583.82,21352.76,3966.51,0.0,0.0,0.0,0.0,0.0,0.0,TX4
2021-01-31 00:00:00,EL PASO,SOLAR,RAD SOLAR,ENDG,DESPACHADO CENTRALMENTE,0.0,0.0,0.0,0.0,0.0,0.0,1621.0,17726.68,34162.81,42218.9,46404.23,48433.82,39938.08,42640.75,39261.84,33154.13,19473.41,3576.14,0.0,0.0,0.0,0.0,0.0,0.0,TX4
2021-02-01 00:00:00,EL PASO,SOLAR,RAD SOLAR,ENDG,DESPACHADO CENTRALMENTE,0.0,0.0,0.0,0.0,0.0,0.0,1540.97,16456.12,32182.95,40301.2,43307.37,46176.81,46726.43,44605.52,41332.34,28735.35,19266.5,3240.32,0.0,0.0,0.0,0.0,0.0,0.0,TX4
2021-02-02 00:00:00,EL PASO,SOLAR,RAD SOLAR,ENDG,DESPACHADO CENTRALMENTE,0.0,0.0,0.0,0.0,0.0,0.0,1394.92,15849.59,30924.56,28655.27,43008.16,41027.45,46945.12,47426.72,34271.19,29316.32,22314.32,4226.35,0.0,0.0,0.0,0.0,0.0,0.0,TX4
2021-02-03 00:00:00,EL PASO,SOLAR,RAD SOLAR,ENDG,DESPACHADO CENTRALMENTE,0.0,0.0,0.0,0.0,0.0,0.0,1451.2,14848.76,32514.67,42752.76,48081.8,50371.25,49740.79,48210.72,43791.42,33100.08,21073.77,4072.61,0.0,0.0,0.0,0.0,0.0,0.0,TX4
2021-02-04 00:00:00,EL PASO,SOLAR,RAD SOLAR,ENDG,DESPACHADO CENTRALMENTE,0.0,0.0,0.0,0.0,0.0,0.0,1182.0,15669.07,31201.72,41291.79,47582.87,49970.23,49580.03,47797.4,42569.41,33295.64,23112.69,4019.41,0.0,0.0,0.0,0.0,0.0,0.0,TX4
2021-02-05 00:00:00,EL PASO,SOLAR,RAD SOLAR,ENDG,DESPACHADO CENTRALMENTE,0.0,0.0,0.0,0.0,0.0,0.0,1588.49,16820.45,33439.77,42811.83,47389.96,47719.11,47506.43,44512.19,34411.67,14800.97,20626.95,4130.18,0.0,0.0,0.0,0.0,0.0,0.0,TX4
2021-02-06 00:00:00,EL PASO,SOLAR,RAD SOLAR,ENDG,DESPACHADO CENTRALMENTE,0.0,0.0,0.0,0.0,0.0,0.0,1598.53,14993.88,34761.06,43353.21,48025.99,50092.35,48115.4,42871.2,42892.02,35061.37,23475.42,4678.39,0.0,0.0,0.0,0.0,0.0,0.0,TX4
2021-02-07 00:00:00,EL PASO,SOLAR,RAD SOLAR,ENDG,DESPACHADO CENTRALMENTE,0.0,0.0,0.0,0.0,0.0,0.0,1652.6,17745.68,35989.93,44876.72,49533.05,50845.51,47752.36,44644.28,43773.58,36236.44,16515.07,4534.98,0.0,0.0,0.0,0.0,0.0,0.0,TX4
2021-02-08 00:00:00,EL PASO,SOLAR,RAD SOLAR,ENDG,DESPACHADO CENTRALMENTE,0.0,0.0,0.0,0.0,0.0,0.0,1748.02,18548.62,35372.75,43966.4,47505.85,49795.64,49639.76,42258.35,30255.37,29680.03,17112.17,2566.73,0.0,0.0,0.0,0.0,0.0,0.0,TX4
2021-02-09 00:00:00,EL PASO,SOLAR,RAD SOLAR,ENDG,DESPACHADO CENTRALMENTE,0.0,0.0,0.0,0.0,0.0,0.0,1753.61,18090.25,35656.37,44988.39,49723.59,51890.11,51925.31,48660.98,31526.43,20598.51,20527.01,4415.52,0.0,0.0,0.0,0.0,0.0,0.0,TX4
2021-02-10 00:00:00,EL PASO,SOLAR,RAD SOLAR,ENDG,DESPACHADO CENTRALMENTE,0.0,0.0,0.0,0.0,0.0,0.0,1839.63,18647.83,35710.34,43168.71,44272.18,50335.54,42256.94,39410.06,30334.6,30055.98,7490.86,2529.84,0.0,0.0,0.0,0.0,0.0,0.0,TX4
2021-02-11 00:00:00,EL PASO,SOLAR,RAD SOLAR,ENDG,DESPACHADO CENTRALMENTE,0.0,0.0,0.0,0.0,0.0,0.0,1985.82,19548.14,35819.77,43416.42,47031.68,50762.83,50392.66,48866.67,42024.82,36185.01,20282.65,1629.41,0.0,0.0,0.0,0.0,0.0,0.0,TX4
2021-02-12 00:00:00,EL PASO,SOLAR,RAD SOLAR,ENDG,DESPACHADO CENTRALMENTE,0.0,0.0,0.0,0.0,0.0,0.0,1977.99,19268.27,36094.88,44878.12,49134.01,51802.16,50527.77,49297.32,38725.53,28767.65,23195.39,4679.75,0.0,0.0,0.0,0.0,0.0,0.0,TX4
2021-02-13 00:00:00,EL PASO,SOLAR,RAD SOLAR,ENDG,DESPACHADO CENTRALMENTE,0.0,0.0,0.0,0.0,0.0,0.0,1469.43,8313.81,29612.24,37852.87,47389.43,49075.55,47277.72,37290.65,41631.74,36738.16,14351.17,2538.49,0.0,0.0,0.0,0.0,0.0,0.0,TX4
2021-02-14 00:00:00,EL PASO,SOLAR,RAD SOLAR,ENDG,DESPACHADO CENTRALMENTE,0.0,0.0,0.0,0.0,0.0,0.0,975.87,9407.53,17254.47,41088.25,46333.2,46454.16,44451.28,34520.27,23372.22,29053.2,8155.14,781.28,0.0,0.0,0.0,0.0,0.0,0.0,TX4
2021-02-15 00:00:00,EL PASO,SOLAR,RAD SOLAR,ENDG,DESPACHADO CENTRALMENTE,0.0,0.0,0.0,0.0,0.0,0.0,1448.5,15949.88,28407.9,41517.38,47245.62,50609.51,51081.89,49226.68,43771.81,35642.01,22199.44,4681.53,0.0,0.0,0.0,0.0,0.0,0.0,TX4
2021-02-16 00:00:00,EL PASO,SOLAR,RAD SOLAR,ENDG,DESPACHADO CENTRALMENTE,0.0,0.0,0.0,0.0,0.0,0.0,1785.31,16153.48,27766.23,41674.56,47645.71,49989.39,38332.26,33862.23,42059.04,28476.42,10787.75,1889.91,0.0,0.0,0.0,0.0,0.0,0.0,TX4
2021-02-17 00:00:00,EL PASO,SOLAR,RAD SOLAR,ENDG,DESPACHADO CENTRALMENTE,0.0,0.0,0.0,0.0,0.0,0.0,1021.51,10730.99,33323.35,42685.19,48053.44,51748.62,50652.95,50255.69,40535.03,29594.47,11928.94,1876.15,0.0,0.0,0.0,0.0,0.0,0.0,TX4
2021-02-18 00:00:00,EL PASO,SOLAR,RAD SOLAR,ENDG,DESPACHADO CENTRALMENTE,0.0,0.0,0.0,0.0,0.0,0.0,2376.1,21146.36,37676.33,46099.79,50983.74,52365.96,53232.76,50748.49,46023.97,38651.45,24967.36,5353.27,0.0,0.0,0.0,0.0,0.0,0.0,TX4
2021-02-19 00:00:00,EL PASO,SOLAR,RAD SOLAR,ENDG,DESPACHADO CENTRALMENTE,0.0,0.0,0.0,0.0,0.0,0.0,2307.33,20254.94,37045.94,45323.83,49754.61,48262.03,44541.33,31948.93,44917.59,36684.76,17092.49,4618.43,0.0,0.0,0.0,0.0,0.0,0.0,TX4
2021-02-20 00:00:00,EL PASO,SOLAR,RAD SOLAR,ENDG,DESPACHADO CENTRALMENTE,0.0,0.0,0.0,0.0,0.0,0.0,2524.54,18060.78,34382.72,42952.86,40955.03,43699.06,48698.14,42065.7,40649.53,33749.24,19617.08,1741.58,0.0,0.0,0.0,0.0,0.0,0.0,TX4
2021-02-21 00:00:00,EL PASO,SOLAR,RAD SOLAR,ENDG,DESPACHADO CENTRALMENTE,0.0,0.0,0.0,0.0,0.0,0.0,1579.51,13709.44,22142.99,42043.13,50129.94,51936.64,45188.48,42098.59,44758.81,38349.86,20719.63,2326.63,0.0,0.0,0.0,0.0,0.0,0.0,TX4
2021-02-22 00:00:00,EL PASO,SOLAR,RAD SOLAR,ENDG,DESPACHADO CENTRALMENTE,0.0,0.0,0.0,0.0,0.0,0.0,3204.74,20605.75,39128.33,47363.08,52441.87,54229.29,54277.55,51814.64,46879.9,28350.95,7970.09,2505.11,0.0,0.0,0.0,0.0,0.0,0.0,TX4
2021-02-23 00:00:00,EL PASO,SOLAR,RAD SOLAR,ENDG,DESPACHADO CENTRALMENTE,0.0,0.0,0.0,0.0,0.0,0.0,2736.77,22584.74,38389.05,45305.77,48631.96,51601.68,48919.46,43326.71,45655.56,38311.78,24492.3,5588.79,0.0,0.0,0.0,0.0,0.0,0.0,TX4
2021-02-24 00:00:00,EL PASO,SOLAR,RAD SOLAR,ENDG,DESPACHADO CENTRALMENTE,0.0,0.0,0.0,0.0,0.0,0.0,2608.73,21821.6,37794.87,45721.01,49927.2,52304.26,52682.99,50834.92,40927.68,23395.41,17196.99,4509.93,0.0,0.0,0.0,0.0,0.0,0.0,TX4
2021-02-25 00:00:00,EL PASO,SOLAR,RAD SOLAR,ENDG,DESPACHADO CENTRALMENTE,0.0,0.0,0.0,0.0,0.0,0.0,2915.8,22037.29,38653.4,46929.85,50736.84,50789.8,49971.56,47682.11,39478.27,24942.04,12934.61,4225.51,0.0,0.0,0.0,0.0,0.0,0.0,TX4
2021-02-26 00:00:00,EL PASO,SOLAR,RAD SOLAR,ENDG,DESPACHADO CENTRALMENTE,0.0,0.0,0.0,0.0,0.0,0.0,2995.35,23515.71,39407.92,47027.85,51246.07,52667.0,53018.28,51637.53,47118.86,39917.78,25975.92,5350.31,0.0,0.0,0.0,0.0,0.0,0.0,TX4
2021-02-27 00:00:00,EL PASO,SOLAR,RAD SOLAR,ENDG,DESPACHADO CENTRALMENTE,0.0,0.0,0.0,0.0,0.0,0.0,3027.66,24587.27,40642.88,48078.81,52576.46,54393.72,53811.26,51610.03,48063.01,40606.1,26839.62,5420.84,0.0,0.0,0.0,0.0,0.0,0.0,TX4
2021-02-28 00:00:00,EL PASO,SOLAR,RAD SOLAR,ENDG,DESPACHADO CENTRALMENTE,0.0,0.0,0.0,0.0,0.0,0.0,3336.18,25481.78,41904.08,47850.44,48542.79,52762.5,44145.11,52945.49,47891.64,38928.18,20523.61,4004.38,0.0,0.0,0.0,0.0,0.0,0.0,TX4
2021-03-01 00:00:00,EL PASO,SOLAR,RAD SOLAR,ENDG,DESPACHADO CENTRALMENTE,0.0,0.0,0.0,0.0,0.0,0.0,3593.35,24190.47,42031.1,48997.53,53014.93,55965.8,56281.23,52209.62,44920.08,34872.18,21863.25,4339.97,0.0,0.0,0.0,0.0,0.0,0.0,TX5
2021-03-02 00:00:00,EL PASO,SOLAR,RAD SOLAR,ENDG,DESPACHADO CENTRALMENTE,0.0,0.0,0.0,0.0,0.0,0.0,1351.58,10794.95,31877.95,48719.83,53146.85,53691.13,54506.26,51143.78,38644.8,37517.7,27348.37,5867.94,0.0,0.0,0.0,0.0,0.0,0.0,TX5
2021-03-03 00:00:00,EL PASO,SOLAR,RAD SOLAR,ENDG,DESPACHADO CENTRALMENTE,0.0,0.0,0.0,0.0,0.0,0.0,3258.26,24154.37,40121.77,46015.77,50075.0,50489.81,50764.07,44943.99,36369.28,28401.32,17102.69,3571.88,0.0,0.0,0.0,0.0,0.0,0.0,TX5
2021-03-04 00:00:00,EL PASO,SOLAR,RAD SOLAR,ENDG,DESPACHADO CENTRALMENTE,0.0,0.0,0.0,0.0,0.0,0.0,2918.15,20392.56,34594.9,42385.73,47197.96,49042.88,46160.87,45943.15,42092.05,35892.11,21018.24,4856.18,0.0,0.0,0.0,0.0,0.0,0.0,TX5
2021-03-05 00:00:00,EL PASO,SOLAR,RAD SOLAR,ENDG,DESPACHADO CENTRALMENTE,0.0,0.0,0.0,0.0,0.0,0.0,2259.43,16876.52,35701.49,35169.44,45271.08,42098.44,44837.91,33293.56,27760.97,31225.04,23391.18,4806.3,0.0,0.0,0.0,0.0,0.0,0.0,TX5
2021-03-06 00:00:00,EL PASO,SOLAR,RAD SOLAR,ENDG,DESPACHADO CENTRALMENTE,0.0,0.0,0.0,0.0,0.0,0.0,2835.75,20158.57,34656.81,41746.64,45804.65,42212.93,46083.77,33160.44,41226.05,33497.62,21949.43,4897.36,0.0,0.0,0.0,0.0,0.0,0.0,TX5
2021-03-07 00:00:00,EL PASO,SOLAR,RAD SOLAR,ENDG,DESPACHADO CENTRALMENTE,0.0,0.0,0.0,0.0,0.0,0.0,2913.68,21818.31,35875.09,42953.05,45783.5,47590.4,47064.62,44717.64,29568.4,29965.1,3855.37,268.86,0.0,0.0,0.0,0.0,0.0,0.0,TX5
2021-03-08 00:00:00,EL PASO,SOLAR,RAD SOLAR,ENDG,DESPACHADO CENTRALMENTE,0.0,0.0,0.0,0.0,0.0,0.0,2402.99,14893.45,26690.13,35268.73,40867.72,36811.63,38439.61,30851.44,22389.48,18014.85,9219.24,1617.86,0.0,0.0,0.0,0.0,0.0,0.0,TX5
2021-03-09 00:00:00,EL PASO,SOLAR,RAD SOLAR,ENDG,DESPACHADO CENTRALMENTE,0.0,0.0,0.0,0.0,0.0,0.0,2000.4,8272.85,30641.23,28791.54,44394.05,49401.77,41418.12,35896.82,43035.72,35326.44,18712.87,5064.1,0.0,0.0,0.0,0.0,0.0,0.0,TX5
2021-03-10 00:00:00,EL PASO,SOLAR,RAD SOLAR,ENDG,DESPACHADO CENTRALMENTE,0.0,0.0,0.0,0.0,0.0,0.0,4039.65,24345.03,35811.29,42556.95,39443.95,43644.98,45175.86,45683.32,41879.45,33950.27,20120.43,3881.81,0.0,0.0,0.0,0.0,0.0,0.0,TX5
2021-03-11 00:00:00,EL PASO,SOLAR,RAD SOLAR,ENDG,DESPACHADO CENTRALMENTE,0.0,0.0,0.0,0.0,0.0,0.0,2299.09,9887.0,30434.09,40093.67,44950.19,44310.38,35431.83,38546.92,41029.73,32853.94,6567.58,1518.96,0.0,0.0,0.0,0.0,0.0,0.0,TX5
2021-03-12 00:00:00,EL PASO,SOLAR,RAD SOLAR,ENDG,DESPACHADO CENTRALMENTE,0.0,0.0,0.0,0.0,0.0,0.0,2637.15,19664.51,30725.94,35941.06,34750.46,38976.66,45330.87,34998.4,35153.74,13408.99,20780.11,3332.06,0.0,0.0,0.0,0.0,0.0,0.0,TX5
2021-03-13 00:00:00,EL PASO,SOLAR,RAD SOLAR,ENDG,DESPACHADO CENTRALMENTE,0.0,0.0,0.0,0.0,0.0,0.0,2176.99,16091.07,31447.28,36283.14,44596.14,45928.77,46448.14,41744.55,38035.48,23279.9,12866.6,4962.63,0.0,0.0,0.0,0.0,0.0,0.0,TX5
2021-03-14 00:00:00,EL PASO,SOLAR,RAD SOLAR,ENDG,DESPACHADO CENTRALMENTE,0.0,0.0,0.0,0.0,0.0,0.0,3400.96,23249.37,36905.45,43616.07,42140.92,44330.1,38271.91,34572.74,37023.26,31316.63,23535.89,5190.13,0.0,0.0,0.0,0.0,0.0,0.0,TX5
2021-03-15 00:00:00,EL PASO,SOLAR,RAD SOLAR,ENDG,DESPACHADO CENTRALMENTE,0.0,0.0,0.0,0.0,0.0,0.0,4105.68,20250.6,37657.22,44188.97,46898.92,47021.69,49194.32,37239.57,27489.87,28966.75,14571.43,1808.22,0.0,0.0,0.0,0.0,0.0,0.0,TX5
2021-03-16 00:00:00,EL PASO,SOLAR,RAD SOLAR,ENDG,DESPACHADO CENTRALMENTE,0.0,0.0,0.0,0.0,0.0,0.0,4160.86,26767.9,39665.03,45769.41,35112.4,47831.22,49080.27,46351.83,37935.7,5751.33,2182.29,0.0,0.0,0.0,0.0,0.0,0.0,0.0,TX5
2021-03-17 00:00:00,EL PASO,SOLAR,RAD SOLAR,ENDG,DESPACHADO CENTRALMENTE,0.0,0.0,0.0,0.0,0.0,0.0,1607.78,8676.24,30836.47,42556.62,46178.47,30385.95,37347.63,36368.83,28444.45,40560.38,25410.26,2782.1,0.0,0.0,0.0,0.0,0.0,0.0,TX5
2021-03-18 00:00:00,EL PASO,SOLAR,RAD SOLAR,ENDG,DESPACHADO CENTRALMENTE,0.0,0.0,0.0,0.0,0.0,0.0,6031.93,17540.14,29500.83,36275.56,41742.07,39590.06,44594.15,38217.67,32005.36,21772.46,12623.37,344.02,0.0,0.0,0.0,0.0,0.0,0.0,TX5
2021-03-19 00:00:00,EL PASO,SOLAR,RAD SOLAR,ENDG,DESPACHADO CENTRALMENTE,0.0,0.0,0.0,0.0,0.0,0.0,7002.17,12390.53,16061.94,28072.06,44902.77,41978.23,42909.08,37984.98,41808.74,37404.22,26068.84,5698.04,0.0,0.0,0.0,0.0,0.0,0.0,TX5
2021-03-20 00:00:00,EL PASO,SOLAR,RAD SOLAR,ENDG,DESPACHADO CENTRALMENTE,0.0,0.0,0.0,0.0,0.0,0.0,4861.6,28032.25,42323.99,48790.76,49996.97,50776.66,51581.2,46808.04,39260.71,31585.86,22267.98,5138.86,0.0,0.0,0.0,0.0,0.0,0.0,TX5
2021-03-21 00:00:00,EL PASO,SOLAR,RAD SOLAR,ENDG,DESPACHADO CENTRALMENTE,0.0,0.0,0.0,0.0,0.0,0.0,6404.32,27200.53,42258.31,48919.6,51998.09,52206.1,52205.81,49534.73,47299.88,40504.35,28012.25,6173.82,0.0,0.0,0.0,0.0,0.0,0.0,TX5
2021-03-23 00:00:00,EL PASO,SOLAR,RAD SOLAR,ENDG,DESPACHADO CENTRALMENTE,0.0,0.0,0.0,0.0,0.0,0.0,1593.16,9719.67,17776.16,28412.67,30735.62,6905.05,3859.19,23163.44,40318.25,39304.9,26629.58,1549.84,0.0,0.0,0.0,0.0,0.0,0.0,TX5
2021-03-24 00:00:00,EL PASO,SOLAR,RAD SOLAR,ENDG,DESPACHADO CENTRALMENTE,0.0,0.0,0.0,0.0,0.0,0.0,3542.1,28485.65,42351.61,47860.88,49143.31,49393.26,42995.84,33671.27,45067.67,40390.25,11947.59,2142.47,0.0,0.0,0.0,0.0,0.0,0.0,TX5
2021-03-25 00:00:00,EL PASO,SOLAR,RAD SOLAR,ENDG,DESPACHADO CENTRALMENTE,0.0,0.0,0.0,0.0,0.0,0.0,5791.27,12148.57,18118.11,29653.58,49965.35,51532.48,50678.71,37221.92,44388.21,37566.55,6417.74,1259.83,0.0,0.0,0.0,0.0,0.0,0.0,TX5
2021-03-26 00:00:00,EL PASO,SOLAR,RAD SOLAR,ENDG,DESPACHADO CENTRALMENTE,0.0,0.0,0.0,0.0,0.0,0.0,8018.6,32037.18,45451.62,39384.58,48595.06,52080.62,51709.76,49357.81,44115.65,41769.49,29109.77,6785.56,0.0,0.0,0.0,0.0,0.0,0.0,TX5
2021-03-27 00:00:00,EL PASO,SOLAR,RAD SOLAR,ENDG,DESPACHADO CENTRALMENTE,0.0,0.0,0.0,0.0,0.0,0.0,9314.74,35414.05,39959.09,38764.55,52524.79,39803.76,42822.6,22246.69,27595.76,14702.44,7826.6,3366.73,0.0,0.0,0.0,0.0,0.0,0.0,TX5
2021-03-28 00:00:00,EL PASO,SOLAR,RAD SOLAR,ENDG,DESPACHADO CENTRALMENTE,0.0,0.0,0.0,0.0,0.0,0.0,3741.55,29522.67,46046.02,53614.88,55144.51,55242.53,53150.53,41120.39,40178.24,44056.36,27079.56,3616.47,0.0,0.0,0.0,0.0,0.0,0.0,TX5
2021-03-29 00:00:00,EL PASO,SOLAR,RAD SOLAR,ENDG,DESPACHADO CENTRALMENTE,0.0,0.0,0.0,0.0,0.0,0.0,4670.82,27425.72,41491.05,49579.0,52454.79,49548.12,51634.49,41773.95,35663.4,44480.67,19538.47,6636.19,0.0,0.0,0.0,0.0,0.0,0.0,TX5
2021-03-30 00:00:00,EL PASO,SOLAR,RAD SOLAR,ENDG,DESPACHADO CENTRALMENTE,0.0,0.0,0.0,0.0,0.0,0.0,3717.94,22693.62,45963.14,50844.33,47011.73,53482.34,47393.37,51478.42,39303.77,21787.62,11878.21,797.25,0.0,0.0,0.0,0.0,0.0,0.0,TX5
2021-03-31 00:00:00,EL PASO,SOLAR,RAD SOLAR,ENDG,DESPACHADO CENTRALMENTE,0.0,0.0,0.0,0.0,0.0,0.0,3997.15,7135.03,10698.43,27024.28,52083.96,33218.15,47925.69,47969.95,48679.09,25855.78,16924.67,6660.02,0.0,0.0,0.0,0.0,0.0,0.0,TX5
2021-04-01 00:00:00,EL PASO,SOLAR,RAD SOLAR,ENDG,DESPACHADO CENTRALMENTE,0.0,0.0,0.0,0.0,0.0,0.0,3960.25,14622.26,29376.88,44327.46,50291.94,44741.71,45555.16,45898.79,35931.02,18864.84,6330.64,1397.39,0.0,0.0,0.0,0.0,0.0,0.0,TX5
2021-04-02 00:00:00,EL PASO,SOLAR,RAD SOLAR,ENDG,DESPACHADO CENTRALMENTE,0.0,0.0,0.0,0.0,0.0,0.0,4550.62,28982.69,36163.35,49664.03,49838.53,49751.82,40806.98,44311.62,30188.03,31451.56,21956.03,2052.07,0.0,0.0,0.0,0.0,0.0,0.0,TX5
2021-04-03 00:00:00,EL PASO,SOLAR,RAD SOLAR,ENDG,DESPACHADO CENTRALMENTE,0.0,0.0,0.0,0.0,0.0,0.0,2203.62,9319.68,19193.1,31814.18,33372.72,24618.31,29326.33,34692.26,40445.34,43877.55,16231.33,1169.99,0.0,0.0,0.0,0.0,0.0,0.0,TX5
2021-04-04 00:00:00,EL PASO,SOLAR,RAD SOLAR,ENDG,DESPACHADO CENTRALMENTE,0.0,0.0,0.0,0.0,0.0,0.0,9544.63,27853.51,41652.08,44119.84,50938.3,42763.23,33355.51,40844.16,35747.16,30790.33,17893.89,4615.66,0.0,0.0,0.0,0.0,0.0,0.0,TX5
2021-04-05 00:00:00,EL PASO,SOLAR,RAD SOLAR,ENDG,DESPACHADO CENTRALMENTE,0.0,0.0,0.0,0.0,0.0,0.0,4501.36,12261.77,34885.06,43178.48,29733.11,45080.29,50587.39,50034.65,36094.2,14004.83,3465.32,2052.41,0.0,0.0,0.0,0.0,0.0,0.0,TX5
2021-04-06 00:00:00,EL PASO,SOLAR,RAD SOLAR,ENDG,DESPACHADO CENTRALMENTE,0.0,0.0,0.0,0.0,0.0,0.0,2380.76,9474.19,30007.49,39683.11,36980.17,33275.5,46122.82,50729.64,46295.25,32993.42,17140.66,8198.26,0.0,0.0,0.0,0.0,0.0,0.0,TX5
2021-04-07 00:00:00,EL PASO,SOLAR,RAD SOLAR,ENDG,DESPACHADO CENTRALMENTE,0.0,0.0,0.0,0.0,0.0,0.0,780.54,3988.11,7567.5,23830.89,38072.57,39912.23,42182.35,43204.92,37517.68,35871.81,25833.52,5188.95,0.0,0.0,0.0,0.0,0.0,0.0,TX5
2021-04-08 00:00:00,EL PASO,SOLAR,RAD SOLAR,ENDG,DESPACHADO CENTRALMENTE,0.0,0.0,0.0,0.0,0.0,0.0,3754.47,19740.17,16617.88,46706.46,47054.63,41091.88,47797.74,41296.73,44555.47,36703.22,24626.19,4585.64,0.0,0.0,0.0,0.0,0.0,0.0,TX5
2021-04-09 00:00:00,EL PASO,SOLAR,RAD SOLAR,ENDG,DESPACHADO CENTRALMENTE,0.0,0.0,0.0,0.0,0.0,0.0,853.3,5198.3,10518.61,20082.26,24745.18,26266.21,17120.6,18211.83,14514.66,8360.33,5976.6,1717.56,0.0,0.0,0.0,0.0,0.0,0.0,TX5
2021-04-10 00:00:00,EL PASO,SOLAR,RAD SOLAR,ENDG,DESPACHADO CENTRALMENTE,0.0,0.0,0.0,0.0,0.0,0.0,5542.89,12060.21,17468.1,39599.7,43261.23,42993.37,40043.18,46635.84,46319.6,32723.67,6605.32,956.71,0.0,0.0,0.0,0.0,0.0,0.0,TX5
2021-04-11 00:00:00,EL PASO,SOLAR,RAD SOLAR,ENDG,DESPACHADO CENTRALMENTE,0.0,0.0,0.0,0.0,0.0,0.0,3013.12,19092.15,41226.03,49620.31,48482.46,51210.63,51607.77,50182.59,30662.75,39008.35,24755.06,1397.5,0.0,0.0,0.0,0.0,0.0,0.0,TX5
2021-04-12 00:00:00,EL PASO,SOLAR,RAD SOLAR,ENDG,DESPACHADO CENTRALMENTE,0.0,0.0,0.0,0.0,0.0,0.0,3776.11,32351.7,44828.44,48626.05,51173.69,51740.03,49806.53,45271.41,41446.54,31877.93,25201.27,3194.17,0.0,0.0,0.0,0.0,0.0,0.0,TX5
2021-04-13 00:00:00,EL PASO,SOLAR,RAD SOLAR,ENDG,DESPACHADO CENTRALMENTE,0.0,0.0,0.0,0.0,0.0,0.0,6535.04,25468.42,41942.19,47160.07,48825.37,50556.44,50059.92,43016.78,0.0,0.0,0.0,0.0,0.0,0.0,0.0,0.0,0.0,0.0,TX5
2021-04-14 00:00:00,EL PASO,SOLAR,RAD SOLAR,ENDG,DESPACHADO CENTRALMENTE,0.0,0.0,0.0,0.0,0.0,0.0,0.0,11166.32,12118.64,30982.92,39350.75,41531.71,44109.26,41273.31,27935.17,16066.53,6972.97,2355.14,0.0,0.0,0.0,0.0,0.0,0.0,TX5
2021-04-15 00:00:00,EL PASO,SOLAR,RAD SOLAR,ENDG,DESPACHADO CENTRALMENTE,0.0,0.0,0.0,0.0,0.0,0.0,8809.17,26656.35,41562.04,43180.38,40673.05,50237.56,47113.69,31740.58,32886.96,23330.09,8921.52,863.3,0.0,0.0,0.0,0.0,0.0,0.0,TX5
2021-04-16 00:00:00,EL PASO,SOLAR,RAD SOLAR,ENDG,DESPACHADO CENTRALMENTE,0.0,0.0,0.0,0.0,0.0,0.0,2472.97,7849.22,12836.72,19814.58,24623.33,36551.71,35595.5,37125.87,31734.1,31809.59,24075.54,3932.75,0.0,0.0,0.0,0.0,0.0,0.0,TX5
2021-04-17 00:00:00,EL PASO,SOLAR,RAD SOLAR,ENDG,DESPACHADO CENTRALMENTE,0.0,0.0,0.0,0.0,0.0,0.0,2408.76,16913.97,30384.15,30128.34,32355.19,37743.84,35447.81,42143.9,44826.82,38172.65,19879.48,5526.74,0.0,0.0,0.0,0.0,0.0,0.0,TX5
2021-04-18 00:00:00,EL PASO,SOLAR,RAD SOLAR,ENDG,DESPACHADO CENTRALMENTE,0.0,0.0,0.0,0.0,0.0,31.07,5302.63,18447.61,34650.35,35086.85,35225.11,43830.46,46078.86,47261.56,34696.21,19187.39,9989.94,2176.68,0.0,0.0,0.0,0.0,0.0,0.0,TX5
2021-04-19 00:00:00,EL PASO,SOLAR,RAD SOLAR,ENDG,DESPACHADO CENTRALMENTE,0.0,0.0,0.0,0.0,0.0,0.0,2730.08,6881.81,15322.24,30559.33,42229.74,48799.17,49274.84,48299.86,44900.08,37890.25,27747.15,7826.61,0.0,0.0,0.0,0.0,0.0,0.0,TX5
2021-04-20 00:00:00,EL PASO,SOLAR,RAD SOLAR,ENDG,DESPACHADO CENTRALMENTE,0.0,0.0,0.0,0.0,0.0,0.0,9079.42,30243.85,41754.08,47152.77,48485.1,49942.77,50893.68,45316.57,39205.97,20913.67,9454.93,2414.06,0.0,0.0,0.0,0.0,0.0,0.0,TX5
2021-04-21 00:00:00,EL PASO,SOLAR,RAD SOLAR,ENDG,DESPACHADO CENTRALMENTE,0.0,0.0,0.0,0.0,0.0,40.51,9075.91,29425.79,41660.24,47698.63,48098.3,46986.3,43219.58,38073.02,45666.61,38621.33,25390.06,3426.93,0.0,0.0,0.0,0.0,0.0,0.0,TX5
2021-04-22 00:00:00,EL PASO,SOLAR,RAD SOLAR,ENDG,DESPACHADO CENTRALMENTE,0.0,0.0,0.0,0.0,0.0,57.68,9877.56,31863.25,43279.35,48502.85,50829.07,47520.43,50872.69,48534.78,46372.74,36616.48,6243.8,3027.75,0.0,0.0,0.0,0.0,0.0,0.0,TX5
2021-04-23 00:00:00,EL PASO,SOLAR,RAD SOLAR,ENDG,DESPACHADO CENTRALMENTE,0.0,0.0,0.0,0.0,0.0,76.81,11110.26,33856.04,44428.69,49526.08,50486.66,51095.71,49602.31,49306.62,44344.5,32807.58,22918.92,3911.86,0.0,0.0,0.0,0.0,0.0,0.0,TX5
2021-04-24 00:00:00,EL PASO,SOLAR,RAD SOLAR,ENDG,DESPACHADO CENTRALMENTE,0.0,0.0,0.0,0.0,0.0,17.68,6566.41,26635.88,37204.31,41849.69,50235.16,50973.98,51937.62,45317.45,42559.04,39057.62,26749.33,2905.64,0.0,0.0,0.0,0.0,0.0,0.0,TX5
2021-04-26 00:00:00,EL PASO,SOLAR,RAD SOLAR,ENDG,DESPACHADO CENTRALMENTE,0.0,0.0,0.0,0.0,0.0,71.53,5886.48,6956.55,11166.1,46448.67,52261.08,51544.19,33030.67,46419.49,37278.14,25960.53,5242.29,966.58,0.0,0.0,0.0,0.0,0.0,0.0,TX5
2021-04-27 00:00:00,EL PASO,SOLAR,RAD SOLAR,ENDG,DESPACHADO CENTRALMENTE,0.0,0.0,0.0,0.0,0.0,0.0,4724.79,17555.58,26248.05,45068.27,44393.42,51079.98,39244.67,28498.29,30667.74,20863.22,6677.92,1609.31,0.0,0.0,0.0,0.0,0.0,0.0,TX5
2021-04-28 00:00:00,EL PASO,SOLAR,RAD SOLAR,ENDG,DESPACHADO CENTRALMENTE,0.0,0.0,0.0,0.0,0.0,0.0,3002.43,6790.16,9739.7,19558.24,27365.33,29793.6,37006.51,27682.7,16662.66,8629.92,3303.96,1094.22,0.0,0.0,0.0,0.0,0.0,0.0,TX5
2021-04-29 00:00:00,EL PASO,SOLAR,RAD SOLAR,ENDG,DESPACHADO CENTRALMENTE,0.0,0.0,0.0,0.0,0.0,177.71,6730.16,30007.28,42266.98,49846.77,44931.73,47736.38,49986.64,48501.22,47276.85,41649.08,24536.63,4114.62,0.0,0.0,0.0,0.0,0.0,0.0,TX5
2021-04-30 00:00:00,EL PASO,SOLAR,RAD SOLAR,ENDG,DESPACHADO CENTRALMENTE,0.0,0.0,0.0,0.0,0.0,21.12,8261.8,28984.24,34795.21,35517.54,38082.5,45727.25,48492.74,40618.76,41771.56,26591.34,17927.45,3576.2,0.0,0.0,0.0,0.0,0.0,0.0,TX5
2021-05-01 00:00:00,EL PASO,SOLAR,RAD SOLAR,ENDG,DESPACHADO CENTRALMENTE,0.0,0.0,0.0,0.0,0.0,298.12,10730.6,34181.24,46238.88,49799.47,54311.05,55214.58,54096.0,52429.13,35967.58,34353.58,14215.35,2093.71,0.0,0.0,0.0,0.0,0.0,0.0,TX4
2021-05-02 00:00:00,EL PASO,SOLAR,RAD SOLAR,ENDG,DESPACHADO CENTRALMENTE,0.0,0.0,0.0,0.0,0.0,0.0,2496.04,10032.38,38597.82,48936.57,39300.51,49511.73,48270.41,50814.46,48118.55,42852.88,26750.15,2649.88,0.0,0.0,0.0,0.0,0.0,0.0,TX4
2021-05-03 00:00:00,EL PASO,SOLAR,RAD SOLAR,ENDG,DESPACHADO CENTRALMENTE,0.0,0.0,0.0,0.0,0.0,0.0,1917.95,5667.24,10907.57,16926.89,27752.91,38645.01,40506.45,39898.89,25192.36,25637.68,22076.75,6892.39,0.0,0.0,0.0,0.0,0.0,0.0,TX4
2021-05-04 00:00:00,EL PASO,SOLAR,RAD SOLAR,ENDG,DESPACHADO CENTRALMENTE,0.0,0.0,0.0,0.0,0.0,0.0,2176.31,4474.31,15058.59,24362.35,25880.7,34125.72,35379.15,42369.48,34952.32,28809.54,12895.33,1967.24,0.0,0.0,0.0,0.0,0.0,0.0,TX4
2021-05-05 00:00:00,EL PASO,SOLAR,RAD SOLAR,ENDG,DESPACHADO CENTRALMENTE,0.0,0.0,0.0,0.0,0.0,17.22,3223.82,17163.31,31089.41,46205.04,54920.15,50574.46,45734.03,25190.18,26996.74,32762.97,29737.96,3701.64,0.0,0.0,0.0,0.0,0.0,0.0,TX4
2021-05-06 00:00:00,EL PASO,SOLAR,RAD SOLAR,ENDG,DESPACHADO CENTRALMENTE,0.0,0.0,0.0,0.0,0.0,0.0,10577.01,36008.42,46118.22,49778.78,52293.83,48781.18,50100.66,43389.45,25858.83,6485.35,4058.83,1716.0,0.0,0.0,0.0,0.0,0.0,0.0,TX4
2021-05-07 00:00:00,EL PASO,SOLAR,RAD SOLAR,ENDG,DESPACHADO CENTRALMENTE,0.0,0.0,0.0,0.0,0.0,0.0,0.0,319.47,17950.39,5257.13,17593.16,26038.74,34589.1,19347.27,26669.36,20801.49,6577.9,2292.12,0.0,0.0,0.0,0.0,0.0,0.0,TX4
2021-05-08 00:00:00,EL PASO,SOLAR,RAD SOLAR,ENDG,DESPACHADO CENTRALMENTE,0.0,0.0,0.0,0.0,0.0,0.0,3192.45,22781.14,37827.5,41537.95,43344.37,42314.38,44881.26,42057.34,36841.0,18025.66,2213.6,293.84,0.0,0.0,0.0,0.0,0.0,0.0,TX4
2021-05-09 00:00:00,EL PASO,SOLAR,RAD SOLAR,ENDG,DESPACHADO CENTRALMENTE,0.0,0.0,0.0,0.0,0.0,1.96,3643.26,7878.37,17906.01,37787.17,45349.05,45099.85,46556.08,44385.33,38245.51,24668.55,14062.78,4761.55,0.0,0.0,0.0,0.0,0.0,0.0,TX4
2021-05-10 00:00:00,EL PASO,SOLAR,RAD SOLAR,ENDG,DESPACHADO CENTRALMENTE,0.0,0.0,0.0,0.0,0.0,0.0,3516.76,6617.09,20861.11,36997.48,40136.12,32069.76,37927.05,37157.24,28192.81,17212.51,7360.08,1663.96,0.0,0.0,0.0,0.0,0.0,0.0,TX4
2021-05-11 00:00:00,EL PASO,SOLAR,RAD SOLAR,ENDG,DESPACHADO CENTRALMENTE,0.0,0.0,0.0,0.0,0.0,0.0,2894.5,10397.0,33183.43,42377.56,43555.78,46754.42,45673.42,41447.81,40643.38,32907.56,21351.69,4986.91,0.0,0.0,0.0,0.0,0.0,0.0,TX4
2021-05-12 00:00:00,EL PASO,SOLAR,RAD SOLAR,ENDG,DESPACHADO CENTRALMENTE,0.0,0.0,0.0,0.0,0.0,35.69,3388.68,16710.49,38171.25,41852.82,42494.73,45827.0,44464.55,32337.89,39493.39,33951.83,12689.25,1295.79,0.0,0.0,0.0,0.0,0.0,0.0,TX4
2021-05-13 00:00:00,EL PASO,SOLAR,RAD SOLAR,ENDG,DESPACHADO CENTRALMENTE,0.0,0.0,0.0,0.0,0.0,347.11,10887.33,27359.19,30244.51,34762.02,41077.5,43617.53,44199.11,34518.84,19060.52,14444.96,9550.6,2252.31,0.0,0.0,0.0,0.0,0.0,0.0,TX4
2021-05-14 00:00:00,EL PASO,SOLAR,RAD SOLAR,ENDG,DESPACHADO CENTRALMENTE,0.0,0.0,0.0,0.0,0.0,388.34,8898.67,26545.1,35950.09,41730.84,44439.79,44688.39,45423.34,41691.98,35636.48,25947.53,18008.4,3643.13,0.0,0.0,0.0,0.0,0.0,0.0,TX4
2021-05-15 00:00:00,EL PASO,SOLAR,RAD SOLAR,ENDG,DESPACHADO CENTRALMENTE,0.0,0.0,0.0,0.0,0.0,327.09,6154.93,28521.87,37293.01,42932.22,45048.5,45116.22,45393.73,42586.5,39124.13,29837.32,8175.16,5413.58,0.0,0.0,0.0,0.0,0.0,0.0,TX4
2021-05-16 00:00:00,EL PASO,SOLAR,RAD SOLAR,ENDG,DESPACHADO CENTRALMENTE,0.0,0.0,0.0,0.0,0.0,0.0,1140.7,1984.33,4997.26,25455.69,32701.92,42558.31,40480.64,25519.98,22979.51,13549.39,5735.11,3619.24,0.0,0.0,0.0,0.0,0.0,0.0,TX4
2021-05-17 00:00:00,EL PASO,SOLAR,RAD SOLAR,ENDG,DESPACHADO CENTRALMENTE,0.0,0.0,0.0,0.0,0.0,0.0,2578.84,7157.89,12659.9,13589.33,18719.89,33090.29,26835.21,22378.5,33303.75,23965.71,13811.97,2724.12,0.0,0.0,0.0,0.0,0.0,0.0,TX4
2021-05-18 00:00:00,EL PASO,SOLAR,RAD SOLAR,ENDG,DESPACHADO CENTRALMENTE,0.0,0.0,0.0,0.0,0.0,0.0,794.41,6555.4,14750.64,17157.98,15995.29,10759.72,19408.26,19775.82,14117.09,11334.72,6748.29,1998.3,0.0,0.0,0.0,0.0,0.0,0.0,TX4
2021-05-19 00:00:00,EL PASO,SOLAR,RAD SOLAR,ENDG,DESPACHADO CENTRALMENTE,0.0,0.0,0.0,0.0,0.0,124.7,3321.13,16156.14,29728.5,23792.88,30868.68,27132.08,24624.26,36980.81,33044.33,26335.25,17142.7,3690.58,0.0,0.0,0.0,0.0,0.0,0.0,TX4
2021-05-20 00:00:00,EL PASO,SOLAR,RAD SOLAR,ENDG,DESPACHADO CENTRALMENTE,0.0,0.0,0.0,0.0,0.0,0.0,1358.39,12470.78,30882.71,36736.99,39714.16,40432.54,38912.13,37708.08,31727.74,23373.76,17220.37,3689.01,0.0,0.0,0.0,0.0,0.0,0.0,TX4
2021-05-21 00:00:00,EL PASO,SOLAR,RAD SOLAR,ENDG,DESPACHADO CENTRALMENTE,0.0,0.0,0.0,0.0,0.0,369.15,7882.61,20002.92,31435.73,36974.01,39429.01,39146.85,36228.15,35347.32,32991.76,21846.88,4975.53,1309.71,0.0,0.0,0.0,0.0,0.0,0.0,TX4
2021-05-22 00:00:00,EL PASO,SOLAR,RAD SOLAR,ENDG,DESPACHADO CENTRALMENTE,0.0,0.0,0.0,0.0,0.0,125.47,4049.07,13972.63,27143.7,35512.16,39270.9,39738.59,38470.21,35800.28,26032.57,6213.18,2938.13,487.26,0.0,0.0,0.0,0.0,0.0,0.0,TX4
2021-05-24 00:00:00,EL PASO,SOLAR,RAD SOLAR,ENDG,DESPACHADO CENTRALMENTE,0.0,0.0,0.0,0.0,0.0,34.51,2751.46,10796.44,20160.25,26823.17,28368.3,27161.55,25326.98,26453.49,24169.7,20344.33,12466.81,154.94,0.0,0.0,0.0,0.0,0.0,0.0,TX4
2021-05-25 00:00:00,EL PASO,SOLAR,RAD SOLAR,ENDG,DESPACHADO CENTRALMENTE,0.0,0.0,0.0,0.0,0.0,0.0,1984.68,4459.58,11389.29,18559.46,23215.26,23537.57,28604.78,30189.59,29155.9,19838.05,4982.87,795.87,0.0,0.0,0.0,0.0,0.0,0.0,TX4
2021-05-26 00:00:00,EL PASO,SOLAR,RAD SOLAR,ENDG,DESPACHADO CENTRALMENTE,0.0,0.0,0.0,0.0,0.0,58.85,6485.49,18945.72,25589.16,28772.46,30842.91,30746.4,31575.6,29516.73,26957.32,23020.62,15761.4,3642.58,0.0,0.0,0.0,0.0,0.0,0.0,TX4
2021-05-27 00:00:00,EL PASO,SOLAR,RAD SOLAR,ENDG,DESPACHADO CENTRALMENTE,0.0,0.0,0.0,0.0,0.0,156.71,6521.21,17173.67,27012.71,36072.0,38055.22,40607.43,31827.45,28841.82,34484.51,20341.75,4073.44,1250.96,0.0,0.0,0.0,0.0,0.0,0.0,TX4
2021-05-28 00:00:00,EL PASO,SOLAR,RAD SOLAR,ENDG,DESPACHADO CENTRALMENTE,0.0,0.0,0.0,0.0,0.0,212.86,5634.9,16095.1,29868.93,27893.48,36015.92,38444.34,33371.56,27703.14,29910.28,30227.64,20349.93,4508.81,0.0,0.0,0.0,0.0,0.0,0.0,TX4
2021-05-29 00:00:00,EL PASO,SOLAR,RAD SOLAR,ENDG,DESPACHADO CENTRALMENTE,0.0,0.0,0.0,0.0,0.0,0.0,953.18,2188.98,6086.55,10143.83,17389.94,30261.47,27333.77,29229.84,9093.89,8449.28,5598.08,1733.09,0.0,0.0,0.0,0.0,0.0,0.0,TX4
2021-05-30 00:00:00,EL PASO,SOLAR,RAD SOLAR,ENDG,DESPACHADO CENTRALMENTE,0.0,0.0,0.0,0.0,0.0,115.35,8531.3,22464.95,27691.82,28209.7,26404.5,29317.25,31035.39,27186.58,13296.74,9858.1,7107.61,2373.93,0.0,0.0,0.0,0.0,0.0,0.0,TX4
2021-05-31 00:00:00,EL PASO,SOLAR,RAD SOLAR,ENDG,DESPACHADO CENTRALMENTE,0.0,0.0,0.0,0.0,0.0,0.0,1557.74,14808.47,34095.44,37826.55,40892.74,41090.22,33741.39,25563.99,36389.89,31717.89,22084.74,2512.73,0.0,0.0,0.0,0.0,0.0,0.0,TX4
2021-06-01 00:00:00,EL PASO,SOLAR,RAD SOLAR,ENDG,DESPACHADO CENTRALMENTE,0.0,0.0,0.0,0.0,0.0,0.0,1037.27,683.41,8564.4,14883.56,19552.29,31468.59,23204.88,24099.78,34690.99,25190.48,23105.83,4725.95,0.0,0.0,0.0,0.0,0.0,0.0,TX4
2021-06-02 00:00:00,EL PASO,SOLAR,RAD SOLAR,ENDG,DESPACHADO CENTRALMENTE,0.0,0.0,0.0,0.0,0.0,38.56,2887.41,9457.11,24078.59,37321.23,40999.97,40462.83,37816.48,36931.75,20718.95,2815.39,53.1,0.0,0.0,0.0,0.0,0.0,0.0,0.0,TX4
2021-06-03 00:00:00,EL PASO,SOLAR,RAD SOLAR,ENDG,DESPACHADO CENTRALMENTE,0.0,0.0,0.0,0.0,0.0,22.34,3362.99,9079.37,19205.54,40209.67,41425.35,42459.78,41177.54,35079.75,28286.86,27360.02,16276.11,1921.37,0.0,0.0,0.0,0.0,0.0,0.0,TX4
2021-06-04 00:00:00,EL PASO,SOLAR,RAD SOLAR,ENDG,DESPACHADO CENTRALMENTE,0.0,0.0,0.0,0.0,0.0,104.95,6738.57,27208.05,33300.31,38707.1,31689.83,35959.94,40051.9,36119.64,31449.08,20619.25,6704.4,1273.77,0.0,0.0,0.0,0.0,0.0,0.0,TX4
2021-06-05 00:00:00,EL PASO,SOLAR,RAD SOLAR,ENDG,DESPACHADO CENTRALMENTE,0.0,0.0,0.0,0.0,0.0,81.6,4494.25,15845.97,28693.86,38515.72,35180.39,35214.33,24849.87,15774.86,11639.76,17208.61,9423.85,1630.99,0.0,0.0,0.0,0.0,0.0,0.0,TX4
2021-06-06 00:00:00,EL PASO,SOLAR,RAD SOLAR,ENDG,DESPACHADO CENTRALMENTE,0.0,0.0,0.0,0.0,0.0,0.0,2240.03,11350.85,23341.02,21763.63,34331.61,36154.06,33867.89,40371.91,37355.46,21060.21,4524.1,1066.66,0.0,0.0,0.0,0.0,0.0,0.0,TX4
2021-06-07 00:00:00,EL PASO,SOLAR,RAD SOLAR,ENDG,DESPACHADO CENTRALMENTE,0.0,0.0,0.0,0.0,0.0,133.5,4703.04,7600.27,28124.2,16282.06,11972.55,12635.52,11925.35,11664.69,13286.77,17267.28,5122.45,0.0,0.0,0.0,0.0,0.0,0.0,0.0,TX4
2021-06-08 00:00:00,EL PASO,SOLAR,RAD SOLAR,ENDG,DESPACHADO CENTRALMENTE,0.0,0.0,0.0,0.0,0.0,116.33,1984.71,16212.64,19810.08,20000.5,22685.48,21725.59,29518.01,34675.31,32873.74,29611.64,12809.87,1972.66,0.0,0.0,0.0,0.0,0.0,0.0,TX4
2021-06-09 00:00:00,EL PASO,SOLAR,RAD SOLAR,ENDG,DESPACHADO CENTRALMENTE,0.0,0.0,0.0,0.0,0.0,0.0,2222.15,4156.31,9828.56,22680.03,22851.54,30439.26,26730.34,14385.64,12384.76,3901.06,2001.81,400.59,0.0,0.0,0.0,0.0,0.0,0.0,TX4
2021-06-10 00:00:00,EL PASO,SOLAR,RAD SOLAR,ENDG,DESPACHADO CENTRALMENTE,0.0,0.0,0.0,0.0,0.0,0.0,3515.94,15425.15,29311.52,29090.95,35331.38,34813.56,32683.8,28866.66,33936.7,29966.99,21335.28,5589.53,0.0,0.0,0.0,0.0,0.0,0.0,TX4
2021-06-11 00:00:00,EL PASO,SOLAR,RAD SOLAR,ENDG,DESPACHADO CENTRALMENTE,0.0,0.0,0.0,0.0,0.0,0.0,3379.41,22847.14,29575.35,22554.67,33742.47,33449.88,36323.48,36853.3,34788.12,30581.21,20146.45,2889.8,0.0,0.0,0.0,0.0,0.0,0.0,TX4
2021-06-12 00:00:00,EL PASO,SOLAR,RAD SOLAR,ENDG,DESPACHADO CENTRALMENTE,0.0,0.0,0.0,0.0,0.0,307.53,7879.17,23284.79,31955.82,33353.18,30152.45,33498.37,33633.59,38628.08,19415.72,2732.47,0.0,0.0,0.0,0.0,0.0,0.0,0.0,0.0,TX4
2021-06-13 00:00:00,EL PASO,SOLAR,RAD SOLAR,ENDG,DESPACHADO CENTRALMENTE,0.0,0.0,0.0,0.0,0.0,0.0,2809.22,4958.65,9093.65,27577.48,38069.41,29690.27,34136.7,35170.66,35382.36,28943.42,6419.12,1675.06,0.0,0.0,0.0,0.0,0.0,0.0,TX4
2021-06-14 00:00:00,EL PASO,SOLAR,RAD SOLAR,ENDG,DESPACHADO CENTRALMENTE,0.0,0.0,0.0,0.0,0.0,543.58,4939.9,13580.9,16210.01,23003.95,28264.36,33243.0,36787.89,35829.25,35550.32,16046.92,1411.57,0.0,0.0,0.0,0.0,0.0,0.0,0.0,TX4
2021-06-15 00:00:00,EL PASO,SOLAR,RAD SOLAR,ENDG,DESPACHADO CENTRALMENTE,0.0,0.0,0.0,0.0,0.0,0.0,2636.61,18777.03,25833.69,35411.35,39619.32,40969.83,34650.04,18749.28,18479.28,20184.16,17838.24,1831.13,0.0,0.0,0.0,0.0,0.0,0.0,TX4
2021-06-16 00:00:00,EL PASO,SOLAR,RAD SOLAR,ENDG,DESPACHADO CENTRALMENTE,0.0,0.0,0.0,0.0,0.0,148.48,7909.95,23176.09,31648.44,35297.48,38383.38,39602.76,37506.18,33507.43,34513.33,32065.71,22737.14,2753.97,0.0,0.0,0.0,0.0,0.0,0.0,TX4
2021-06-17 00:00:00,EL PASO,SOLAR,RAD SOLAR,ENDG,DESPACHADO CENTRALMENTE,0.0,0.0,0.0,0.0,0.0,56.29,8726.6,24686.29,31781.0,36745.34,39806.32,40064.95,34524.9,36164.18,33007.74,19655.0,18937.57,5143.83,0.0,0.0,0.0,0.0,0.0,0.0,TX4
2021-06-18 00:00:00,EL PASO,SOLAR,RAD SOLAR,ENDG,DESPACHADO CENTRALMENTE,0.0,0.0,0.0,0.0,0.0,11.47,1619.22,6396.6,8611.33,13696.45,20870.96,19873.66,28467.53,33796.02,30143.13,21264.73,5305.99,671.56,0.0,0.0,0.0,0.0,0.0,0.0,TX4
2021-06-19 00:00:00,EL PASO,SOLAR,RAD SOLAR,ENDG,DESPACHADO CENTRALMENTE,0.0,0.0,0.0,0.0,0.0,147.52,7007.22,22664.86,28651.86,35434.44,38127.17,39770.7,39482.54,38583.78,34759.55,29643.5,11662.96,2981.9,0.0,0.0,0.0,0.0,0.0,0.0,TX4
2021-06-20 00:00:00,EL PASO,SOLAR,RAD SOLAR,ENDG,DESPACHADO CENTRALMENTE,0.0,0.0,0.0,0.0,0.0,110.28,9465.24,26575.2,38847.81,41307.5,27255.4,31799.75,44605.05,42999.17,35688.86,26301.79,8510.16,895.44,0.0,0.0,0.0,0.0,0.0,0.0,TX4
2021-06-21 00:00:00,EL PASO,SOLAR,RAD SOLAR,ENDG,DESPACHADO CENTRALMENTE,0.0,0.0,0.0,0.0,0.0,41.86,5720.53,21812.47,37729.78,45051.51,41012.75,39792.07,38424.65,40273.64,26152.91,30859.46,12873.68,2269.16,0.0,0.0,0.0,0.0,0.0,0.0,TX4
2021-06-22 00:00:00,EL PASO,SOLAR,RAD SOLAR,ENDG,DESPACHADO CENTRALMENTE,0.0,0.0,0.0,0.0,0.0,0.0,663.36,1816.68,6794.8,23074.81,43268.98,42209.6,38469.11,46397.46,33818.9,34921.07,26394.38,5281.61,0.0,0.0,0.0,0.0,0.0,0.0,TX4
2021-06-23 00:00:00,EL PASO,SOLAR,RAD SOLAR,ENDG,DESPACHADO CENTRALMENTE,0.0,0.0,0.0,0.0,0.0,12.63,3546.86,27508.05,34575.51,43854.8,41328.22,47633.8,41024.91,32303.28,38365.93,23906.0,7566.62,4696.76,0.0,0.0,0.0,0.0,0.0,0.0,TX4
2021-06-24 00:00:00,EL PASO,SOLAR,RAD SOLAR,ENDG,DESPACHADO CENTRALMENTE,0.0,0.0,0.0,0.0,0.0,14.02,2713.85,5252.33,10262.87,16670.64,12645.08,24085.46,25372.85,37124.6,33680.42,15950.45,6778.45,3158.63,0.0,0.0,0.0,0.0,0.0,0.0,TX4
2021-06-25 00:00:00,EL PASO,SOLAR,RAD SOLAR,ENDG,DESPACHADO CENTRALMENTE,0.0,0.0,0.0,0.0,0.0,43.52,7736.58,12020.6,29071.72,45123.63,47062.82,40742.58,46419.96,48969.11,46286.46,39801.89,33082.96,5145.62,0.0,0.0,0.0,0.0,0.0,0.0,TX4
2021-06-26 00:00:00,EL PASO,SOLAR,RAD SOLAR,ENDG,DESPACHADO CENTRALMENTE,0.0,0.0,0.0,0.0,0.0,0.0,2948.85,4136.04,5592.74,12115.08,15739.03,21749.23,23798.03,26311.12,21790.68,22917.32,17656.92,7055.17,0.0,0.0,0.0,0.0,0.0,0.0,TX4
2021-06-27 00:00:00,EL PASO,SOLAR,RAD SOLAR,ENDG,DESPACHADO CENTRALMENTE,0.0,0.0,0.0,0.0,0.0,153.09,12277.51,33264.46,42626.89,44605.6,45755.68,47977.65,50520.86,44777.85,43191.83,38750.32,30240.24,5288.25,0.0,0.0,0.0,0.0,0.0,0.0,TX4
2021-06-28 00:00:00,EL PASO,SOLAR,RAD SOLAR,ENDG,DESPACHADO CENTRALMENTE,0.0,0.0,0.0,0.0,0.0,214.74,12393.28,20406.7,42220.75,46902.85,37472.51,48770.48,47496.26,48132.92,46684.39,42077.22,36075.24,8924.28,136.69,0.0,0.0,0.0,0.0,0.0,TX4
2021-06-29 00:00:00,EL PASO,SOLAR,RAD SOLAR,ENDG,DESPACHADO CENTRALMENTE,0.0,0.0,0.0,0.0,0.0,174.43,9944.04,28069.0,39678.64,45691.31,48687.65,49686.53,49249.83,48178.21,45435.61,41628.27,32973.29,10392.38,32.74,0.0,0.0,0.0,0.0,0.0,TX4
2021-06-30 00:00:00,EL PASO,SOLAR,RAD SOLAR,ENDG,DESPACHADO CENTRALMENTE,0.0,0.0,0.0,0.0,0.0,361.83,7835.4,18710.6,44968.5,48684.69,48124.58,48447.3,50213.08,49285.72,45956.02,42728.22,24897.21,2000.86,0.0,0.0,0.0,0.0,0.0,0.0,TX4
2021-07-01 00:00:00,EL PASO,SOLAR,RAD SOLAR,ENDG,DESPACHADO CENTRALMENTE,0.0,0.0,0.0,0.0,0.0,69.94,11042.06,33803.24,40035.09,47345.04,47836.66,49032.43,50065.04,49455.92,41123.0,34880.85,16904.42,330.53,0.0,0.0,0.0,0.0,0.0,0.0,TX4
2021-07-02 00:00:00,EL PASO,SOLAR,RAD SOLAR,ENDG,DESPACHADO CENTRALMENTE,0.0,0.0,0.0,0.0,0.0,0.0,3026.73,24484.17,26365.59,24645.01,40321.37,41201.02,44776.0,44368.48,42229.67,39028.72,33265.36,10669.09,0.0,0.0,0.0,0.0,0.0,0.0,TX4
2021-07-03 00:00:00,EL PASO,SOLAR,RAD SOLAR,ENDG,DESPACHADO CENTRALMENTE,0.0,0.0,0.0,0.0,0.0,42.35,4333.28,22990.01,29262.06,37895.1,42311.46,46776.63,48499.34,46644.76,45416.86,37497.91,16941.47,5541.71,0.0,0.0,0.0,0.0,0.0,0.0,TX4
2021-07-04 00:00:00,EL PASO,SOLAR,RAD SOLAR,ENDG,DESPACHADO CENTRALMENTE,0.0,0.0,0.0,0.0,0.0,44.66,2983.28,10688.8,31315.87,35476.05,34437.18,39032.75,49283.73,49085.53,48285.6,45364.6,31008.42,3002.53,0.0,0.0,0.0,0.0,0.0,0.0,TX4
2021-07-05 00:00:00,EL PASO,SOLAR,RAD SOLAR,ENDG,DESPACHADO CENTRALMENTE,0.0,0.0,0.0,0.0,0.0,0.0,3862.06,7011.01,16469.19,43175.73,38455.45,48550.48,50834.63,49931.86,47766.38,44455.53,18359.97,4136.26,52.77,0.0,0.0,0.0,0.0,0.0,TX4
2021-07-06 00:00:00,EL PASO,SOLAR,RAD SOLAR,ENDG,DESPACHADO CENTRALMENTE,0.0,0.0,0.0,0.0,0.0,304.18,4865.92,17798.35,41232.33,48889.18,41086.19,50054.02,50253.92,46723.22,48293.26,40298.12,25943.26,3795.73,0.0,0.0,0.0,0.0,0.0,0.0,TX4
2021-07-07 00:00:00,EL PASO,SOLAR,RAD SOLAR,ENDG,DESPACHADO CENTRALMENTE,0.0,0.0,0.0,0.0,0.0,0.0,3882.59,16053.55,39068.9,49806.19,50665.0,50852.33,50603.95,49246.63,47493.72,44299.19,34781.59,10826.45,0.0,0.0,0.0,0.0,0.0,0.0,TX4
2021-07-08 00:00:00,EL PASO,SOLAR,RAD SOLAR,ENDG,DESPACHADO CENTRALMENTE,0.0,0.0,0.0,0.0,0.0,0.0,3309.73,5411.08,12146.02,30759.42,51465.59,45439.62,49432.06,53585.29,50348.66,44541.9,32942.88,7838.14,3.85,0.0,0.0,0.0,0.0,0.0,TX4
2021-07-09 00:00:00,EL PASO,SOLAR,RAD SOLAR,ENDG,DESPACHADO CENTRALMENTE,0.0,0.0,0.0,0.0,0.0,17.38,7139.34,31888.47,43816.15,51242.59,51475.17,44814.29,50501.16,32679.82,47676.15,39792.15,10710.01,2860.11,0.0,0.0,0.0,0.0,0.0,0.0,TX4
2021-07-10 00:00:00,EL PASO,SOLAR,RAD SOLAR,ENDG,DESPACHADO CENTRALMENTE,0.0,0.0,0.0,0.0,0.0,0.0,2806.25,8218.62,24570.9,24240.85,39750.17,35174.65,35477.86,34207.85,28609.89,11163.7,6946.11,3069.2,0.0,0.0,0.0,0.0,0.0,0.0,TX4
2021-07-11 00:00:00,EL PASO,SOLAR,RAD SOLAR,ENDG,DESPACHADO CENTRALMENTE,0.0,0.0,0.0,0.0,0.0,0.0,5984.22,12036.38,21815.62,26999.24,48513.49,42005.74,45189.19,43363.18,39302.61,17107.26,5790.87,1700.57,0.0,0.0,0.0,0.0,0.0,0.0,TX4
2021-07-12 00:00:00,EL PASO,SOLAR,RAD SOLAR,ENDG,DESPACHADO CENTRALMENTE,0.0,0.0,0.0,0.0,0.0,0.0,10162.61,34586.99,46894.95,47428.42,52501.22,52568.26,52028.9,50718.25,46395.75,40479.88,31896.17,5369.22,64.37,0.0,0.0,0.0,0.0,0.0,TX4
2021-07-13 00:00:00,EL PASO,SOLAR,RAD SOLAR,ENDG,DESPACHADO CENTRALMENTE,0.0,0.0,0.0,0.0,0.0,94.42,12058.78,31049.33,44683.14,47338.33,50712.23,50457.96,51119.86,52061.78,47029.37,44173.73,33553.18,4776.25,0.0,0.0,0.0,0.0,0.0,0.0,TX4
2021-07-14 00:00:00,EL PASO,SOLAR,RAD SOLAR,ENDG,DESPACHADO CENTRALMENTE,0.0,0.0,0.0,0.0,0.0,0.0,8765.78,36781.98,46425.41,50491.68,51955.42,51966.71,52219.97,50685.73,47881.86,30422.13,11178.01,1789.82,0.0,0.0,0.0,0.0,0.0,0.0,TX4
2021-07-15 00:00:00,EL PASO,SOLAR,RAD SOLAR,ENDG,DESPACHADO CENTRALMENTE,0.0,0.0,0.0,0.0,0.0,0.0,4286.72,18651.26,25211.11,51097.22,51819.35,52584.26,53579.26,44231.62,47537.78,11730.66,3235.6,3479.65,0.0,0.0,0.0,0.0,0.0,0.0,TX4
2021-07-16 00:00:00,EL PASO,SOLAR,RAD SOLAR,ENDG,DESPACHADO CENTRALMENTE,0.0,0.0,0.0,0.0,0.0,59.86,4275.28,17815.18,36899.92,40806.36,36511.99,47632.35,53703.57,35474.15,44514.86,28983.44,33623.72,8861.63,0.0,0.0,0.0,0.0,0.0,0.0,TX4
2021-07-17 00:00:00,EL PASO,SOLAR,RAD SOLAR,ENDG,DESPACHADO CENTRALMENTE,0.0,0.0,0.0,0.0,0.0,0.0,12991.82,25720.52,19292.94,23949.88,35851.3,41802.09,41169.53,41765.02,32198.42,27160.07,28177.71,14366.83,74.31,0.0,0.0,0.0,0.0,0.0,TX4
2021-07-18 00:00:00,EL PASO,SOLAR,RAD SOLAR,ENDG,DESPACHADO CENTRALMENTE,0.0,0.0,0.0,0.0,0.0,43.73,11592.28,38017.74,47759.88,51247.07,52412.74,52595.75,52508.39,49738.33,47269.53,44040.94,33715.82,9484.81,34.58,0.0,0.0,0.0,0.0,0.0,TX4
2021-07-19 00:00:00,EL PASO,SOLAR,RAD SOLAR,ENDG,DESPACHADO CENTRALMENTE,0.0,0.0,0.0,0.0,0.0,0.0,11158.2,18725.42,37872.92,50817.27,52067.12,52676.6,52489.61,50211.42,49257.35,41822.56,23392.88,3012.02,0.0,0.0,0.0,0.0,0.0,0.0,TX4
2021-07-20 00:00:00,EL PASO,SOLAR,RAD SOLAR,ENDG,DESPACHADO CENTRALMENTE,0.0,0.0,0.0,0.0,0.0,0.0,12165.49,38181.08,48711.8,50727.25,51353.35,52458.05,51037.91,37204.56,21871.55,21893.75,15663.46,3066.76,0.0,0.0,0.0,0.0,0.0,0.0,TX4
2021-07-21 00:00:00,EL PASO,SOLAR,RAD SOLAR,ENDG,DESPACHADO CENTRALMENTE,0.0,0.0,0.0,0.0,0.0,0.0,10754.11,36420.52,45762.85,50239.7,50881.32,52335.71,52795.43,50451.55,46211.5,43344.71,30944.89,15387.25,241.8,0.0,0.0,0.0,0.0,0.0,TX4
2021-07-22 00:00:00,EL PASO,SOLAR,RAD SOLAR,ENDG,DESPACHADO CENTRALMENTE,0.0,0.0,0.0,0.0,0.0,20.11,11700.63,36046.37,48520.45,52460.06,51333.92,52715.29,52896.69,50325.52,48191.17,36150.39,15569.65,5314.78,0.0,0.0,0.0,0.0,0.0,0.0,TX4
2021-07-23 00:00:00,EL PASO,SOLAR,RAD SOLAR,ENDG,DESPACHADO CENTRALMENTE,0.0,0.0,0.0,0.0,0.0,0.0,8156.25,26292.13,43831.63,47970.04,50482.79,50768.9,49270.49,48612.33,48135.88,35903.95,4844.23,1857.05,0.0,0.0,0.0,0.0,0.0,0.0,TX4
2021-07-24 00:00:00,EL PASO,SOLAR,RAD SOLAR,ENDG,DESPACHADO CENTRALMENTE,0.0,0.0,0.0,0.0,0.0,0.0,3783.3,18689.46,32887.65,34145.88,39837.85,48877.5,49580.96,30488.17,4048.5,714.99,0.0,0.0,0.0,0.0,0.0,0.0,0.0,0.0,TX4
2021-07-25 00:00:00,EL PASO,SOLAR,RAD SOLAR,ENDG,DESPACHADO CENTRALMENTE,0.0,0.0,0.0,0.0,0.0,0.0,0.0,893.39,3274.53,7457.83,13838.24,21731.08,22366.62,15174.33,13007.4,11453.0,5049.2,3408.54,0.0,0.0,0.0,0.0,0.0,0.0,TX4
2021-07-26 00:00:00,EL PASO,SOLAR,RAD SOLAR,ENDG,DESPACHADO CENTRALMENTE,0.0,0.0,0.0,0.0,0.0,0.0,4015.14,22880.12,45648.58,44051.03,36193.86,42893.59,46169.98,44905.82,41840.69,19048.66,17609.37,5530.24,0.0,0.0,0.0,0.0,0.0,0.0,TX4
2021-07-27 00:00:00,EL PASO,SOLAR,RAD SOLAR,ENDG,DESPACHADO CENTRALMENTE,0.0,0.0,0.0,0.0,0.0,0.0,2810.38,12967.0,28728.35,37045.53,26892.79,27262.78,54811.67,53281.36,42238.68,46267.17,37036.64,3528.57,0.0,0.0,0.0,0.0,0.0,0.0,TX4
2021-07-28 00:00:00,EL PASO,SOLAR,RAD SOLAR,ENDG,DESPACHADO CENTRALMENTE,0.0,0.0,0.0,0.0,0.0,0.0,1199.76,6786.0,18456.59,36746.14,54094.6,52992.34,55888.08,55144.14,53802.58,48394.29,38617.85,12100.99,45.5,0.0,0.0,0.0,0.0,0.0,TX4
2021-07-29 00:00:00,EL PASO,SOLAR,RAD SOLAR,ENDG,DESPACHADO CENTRALMENTE,0.0,0.0,0.0,0.0,0.0,0.0,12502.36,40848.13,49754.01,51772.73,52334.12,53260.57,52503.82,49255.12,48715.79,40587.01,36828.98,1627.85,0.0,0.0,0.0,0.0,0.0,0.0,TX4
2021-07-30 00:00:00,EL PASO,SOLAR,RAD SOLAR,ENDG,DESPACHADO CENTRALMENTE,0.0,0.0,0.0,0.0,0.0,0.0,1926.14,7448.28,12463.94,23570.81,34075.87,49548.21,52198.1,51649.82,45822.25,42477.45,32254.71,9742.91,0.0,0.0,0.0,0.0,0.0,0.0,TX4
2021-07-31 00:00:00,EL PASO,SOLAR,RAD SOLAR,ENDG,DESPACHADO CENTRALMENTE,0.0,0.0,0.0,0.0,0.0,0.0,9343.5,37522.62,45642.49,52537.75,53377.78,53402.65,53554.31,53561.69,51777.96,47246.25,37650.82,11557.97,0.0,0.0,0.0,0.0,0.0,0.0,TX4
2021-08-01 00:00:00,EL PASO,SOLAR,RAD SOLAR,ENDG,DESPACHADO CENTRALMENTE,0.0,0.0,0.0,0.0,0.0,0.0,12130.68,38467.21,47210.01,50619.27,51127.18,50660.5,50857.71,49193.16,45382.27,38444.86,26059.7,1862.84,0.0,0.0,0.0,0.0,0.0,0.0,TX5
2021-08-02 00:00:00,EL PASO,SOLAR,RAD SOLAR,ENDG,DESPACHADO CENTRALMENTE,0.0,0.0,0.0,0.0,0.0,0.0,885.54,5339.3,16214.34,26041.36,32203.13,47657.23,48890.89,35004.84,44547.02,34014.48,6673.38,2954.28,0.0,0.0,0.0,0.0,0.0,0.0,TX5
2021-08-03 00:00:00,EL PASO,SOLAR,RAD SOLAR,ENDG,DESPACHADO CENTRALMENTE,0.0,0.0,0.0,0.0,0.0,0.0,2635.66,8413.28,26144.59,25167.09,44924.1,42338.81,39258.59,44404.61,44459.51,30323.71,5089.77,0.0,0.0,0.0,0.0,0.0,0.0,0.0,TX5
2021-08-04 00:00:00,EL PASO,SOLAR,RAD SOLAR,ENDG,DESPACHADO CENTRALMENTE,0.0,0.0,0.0,0.0,0.0,0.0,5095.89,17187.53,35910.35,43618.71,44766.63,41557.21,45093.0,37427.88,41174.93,36535.28,13352.26,2203.85,0.0,0.0,0.0,0.0,0.0,0.0,TX5
2021-08-05 00:00:00,EL PASO,SOLAR,RAD SOLAR,ENDG,DESPACHADO CENTRALMENTE,0.0,0.0,0.0,0.0,0.0,0.0,10756.03,34491.69,42699.12,43410.32,45406.01,45026.49,44773.09,44801.52,41313.26,39393.69,20522.02,6885.85,0.0,0.0,0.0,0.0,0.0,0.0,TX5
2021-08-06 00:00:00,EL PASO,SOLAR,RAD SOLAR,ENDG,DESPACHADO CENTRALMENTE,0.0,0.0,0.0,0.0,0.0,0.0,10233.63,27523.09,30207.46,39806.45,42670.1,44731.43,44490.23,43434.79,40876.75,40376.23,19967.36,1919.03,0.0,0.0,0.0,0.0,0.0,0.0,TX5
2021-08-07 00:00:00,EL PASO,SOLAR,RAD SOLAR,ENDG,DESPACHADO CENTRALMENTE,0.0,0.0,0.0,0.0,0.0,0.0,7026.16,7238.23,9310.48,35989.32,48163.34,45541.05,44262.05,47186.01,42628.83,9283.83,1692.24,1339.43,0.0,0.0,0.0,0.0,0.0,0.0,TX5
2021-08-08 00:00:00,EL PASO,SOLAR,RAD SOLAR,ENDG,DESPACHADO CENTRALMENTE,0.0,0.0,0.0,0.0,0.0,0.0,2759.53,18628.01,33988.41,43536.22,47814.22,49025.25,49005.64,46736.32,40162.93,39923.99,21020.22,4638.52,0.0,0.0,0.0,0.0,0.0,0.0,TX5
2021-08-09 00:00:00,EL PASO,SOLAR,RAD SOLAR,ENDG,DESPACHADO CENTRALMENTE,0.0,0.0,0.0,0.0,0.0,0.0,9087.15,33972.76,43449.43,47446.13,44996.22,45486.23,48283.49,48557.6,45079.96,41890.19,31388.17,8546.13,0.0,0.0,0.0,0.0,0.0,0.0,TX5
2021-08-10 00:00:00,EL PASO,SOLAR,RAD SOLAR,ENDG,DESPACHADO CENTRALMENTE,0.0,0.0,0.0,0.0,0.0,0.0,3035.36,12413.98,19216.96,31706.45,49788.3,46218.91,47600.54,48709.13,42779.57,40733.37,32147.94,6683.51,0.0,0.0,0.0,0.0,0.0,0.0,TX5
2021-08-11 00:00:00,EL PASO,SOLAR,RAD SOLAR,ENDG,DESPACHADO CENTRALMENTE,0.0,0.0,0.0,0.0,0.0,14.24,6438.72,13265.15,10302.44,16560.24,38312.26,42133.5,41650.11,41009.81,41981.75,29670.63,9742.18,3393.66,0.0,0.0,0.0,0.0,0.0,0.0,TX5
2021-08-12 00:00:00,EL PASO,SOLAR,RAD SOLAR,ENDG,DESPACHADO CENTRALMENTE,0.0,0.0,0.0,0.0,0.0,0.0,9687.67,23341.97,41243.33,45424.93,46902.12,47024.99,48534.17,39105.81,0.0,0.0,1814.62,2380.08,0.0,0.0,0.0,0.0,0.0,0.0,TX5
2021-08-13 00:00:00,EL PASO,SOLAR,RAD SOLAR,ENDG,DESPACHADO CENTRALMENTE,0.0,0.0,0.0,0.0,0.0,0.0,5914.13,11528.55,10310.57,29218.68,31616.75,46768.36,41768.33,47853.92,41209.5,39875.57,24203.62,1101.74,0.0,0.0,0.0,0.0,0.0,0.0,TX5
2021-08-14 00:00:00,EL PASO,SOLAR,RAD SOLAR,ENDG,DESPACHADO CENTRALMENTE,0.0,0.0,0.0,0.0,0.0,0.0,1445.8,6653.47,12302.02,30861.58,33924.06,28234.43,24657.14,20118.46,30568.8,41116.63,25120.74,6360.96,0.0,0.0,0.0,0.0,0.0,0.0,TX5
2021-08-15 00:00:00,EL PASO,SOLAR,RAD SOLAR,ENDG,DESPACHADO CENTRALMENTE,0.0,0.0,0.0,0.0,0.0,0.0,1157.38,6861.36,19096.64,32581.92,48176.46,47743.71,47264.0,48924.11,37446.47,29093.53,33898.54,8524.71,0.0,0.0,0.0,0.0,0.0,0.0,TX5
2021-08-16 00:00:00,EL PASO,SOLAR,RAD SOLAR,ENDG,DESPACHADO CENTRALMENTE,0.0,0.0,0.0,0.0,0.0,0.0,621.26,4189.94,9713.09,20100.54,38327.17,37973.6,47072.96,47067.93,35752.54,13308.96,1540.47,169.46,0.0,0.0,0.0,0.0,0.0,0.0,TX5
2021-08-17 00:00:00,EL PASO,SOLAR,RAD SOLAR,ENDG,DESPACHADO CENTRALMENTE,0.0,0.0,0.0,0.0,0.0,0.0,1500.24,2073.94,13391.22,33421.89,23572.26,39252.16,34872.28,36454.82,45383.29,43778.08,29620.98,5851.11,0.0,0.0,0.0,0.0,0.0,0.0,TX5
2021-08-18 00:00:00,EL PASO,SOLAR,RAD SOLAR,ENDG,DESPACHADO CENTRALMENTE,0.0,0.0,0.0,0.0,0.0,0.0,673.23,3488.91,17702.93,28596.08,30339.12,46864.33,43473.77,44637.46,44610.47,37799.1,8818.7,3116.5,0.0,0.0,0.0,0.0,0.0,0.0,TX5
2021-08-19 00:00:00,EL PASO,SOLAR,RAD SOLAR,ENDG,DESPACHADO CENTRALMENTE,0.0,0.0,0.0,0.0,0.0,0.0,4741.04,12293.2,34692.1,37294.57,40661.62,42554.81,4209.38,0.0,0.0,0.0,385.74,1345.74,0.0,0.0,0.0,0.0,0.0,0.0,TX5
2021-08-20 00:00:00,EL PASO,SOLAR,RAD SOLAR,ENDG,DESPACHADO CENTRALMENTE,0.0,0.0,0.0,0.0,0.0,0.0,4643.41,10599.91,26345.64,40307.27,48635.01,50839.25,50942.77,43692.46,47151.37,41252.89,22576.25,2622.03,0.0,0.0,0.0,0.0,0.0,0.0,TX5
2021-08-21 00:00:00,EL PASO,SOLAR,RAD SOLAR,ENDG,DESPACHADO CENTRALMENTE,0.0,0.0,0.0,0.0,0.0,0.0,10233.73,36179.97,34413.17,40503.75,44588.94,40075.25,45471.78,45928.25,43960.05,42065.86,32190.19,6420.98,0.0,0.0,0.0,0.0,0.0,0.0,TX5
2021-08-22 00:00:00,EL PASO,SOLAR,RAD SOLAR,ENDG,DESPACHADO CENTRALMENTE,0.0,0.0,0.0,0.0,0.0,0.0,7002.88,19919.79,19999.26,30574.1,37826.6,41140.63,45024.32,38049.37,37609.67,42584.15,31082.99,3243.82,0.0,0.0,0.0,0.0,0.0,0.0,TX5
2021-08-23 00:00:00,EL PASO,SOLAR,RAD SOLAR,ENDG,DESPACHADO CENTRALMENTE,0.0,0.0,0.0,0.0,0.0,0.0,4831.82,23769.09,38573.01,49236.83,47108.8,45172.98,34863.21,43296.47,43570.21,39468.85,21684.38,3342.01,0.0,0.0,0.0,0.0,0.0,0.0,TX5
2021-08-24 00:00:00,EL PASO,SOLAR,RAD SOLAR,ENDG,DESPACHADO CENTRALMENTE,0.0,0.0,0.0,0.0,0.0,0.0,2503.55,6429.78,7324.28,22703.87,39567.84,46023.68,35535.4,37053.65,42706.72,38865.81,20702.24,1163.55,0.0,0.0,0.0,0.0,0.0,0.0,TX5
2021-08-25 00:00:00,EL PASO,SOLAR,RAD SOLAR,ENDG,DESPACHADO CENTRALMENTE,0.0,0.0,0.0,0.0,0.0,0.0,1184.45,4272.88,11171.23,26553.46,30051.22,36713.86,45531.85,42140.96,39605.29,37329.56,22314.09,4454.66,0.0,0.0,0.0,0.0,0.0,0.0,TX5
2021-08-26 00:00:00,EL PASO,SOLAR,RAD SOLAR,ENDG,DESPACHADO CENTRALMENTE,0.0,0.0,0.0,0.0,0.0,0.0,2340.87,6959.84,15381.21,26047.46,38446.4,42635.14,42713.07,38877.61,20014.66,28166.54,24167.53,3992.91,0.0,0.0,0.0,0.0,0.0,0.0,TX5
2021-08-27 00:00:00,EL PASO,SOLAR,RAD SOLAR,ENDG,DESPACHADO CENTRALMENTE,0.0,0.0,0.0,0.0,0.0,0.0,1862.13,9515.35,24144.66,45344.04,41188.68,45341.03,44805.19,45178.48,43692.08,41375.07,31929.25,5971.45,0.0,0.0,0.0,0.0,0.0,0.0,TX5
2021-08-28 00:00:00,EL PASO,SOLAR,RAD SOLAR,ENDG,DESPACHADO CENTRALMENTE,0.0,0.0,0.0,0.0,0.0,0.0,8524.14,31153.11,16110.24,35233.94,44979.38,43012.35,35627.27,32070.71,36829.1,34350.72,24336.68,7982.29,0.0,0.0,0.0,0.0,0.0,0.0,TX5
2021-08-29 00:00:00,EL PASO,SOLAR,RAD SOLAR,ENDG,DESPACHADO CENTRALMENTE,0.0,0.0,0.0,0.0,0.0,0.0,10092.69,35011.2,45835.42,49801.17,50595.15,50304.53,35998.79,48980.35,46513.4,41972.06,23099.13,2998.01,0.0,0.0,0.0,0.0,0.0,0.0,TX5
2021-08-30 00:00:00,EL PASO,SOLAR,RAD SOLAR,ENDG,DESPACHADO CENTRALMENTE,0.0,0.0,0.0,0.0,0.0,0.0,136.93,343.48,1600.57,4757.7,7876.01,10594.03,17769.12,20206.94,30513.83,34654.75,31749.2,4538.82,0.0,0.0,0.0,0.0,0.0,0.0,TX5
2021-08-31 00:00:00,EL PASO,SOLAR,RAD SOLAR,ENDG,DESPACHADO CENTRALMENTE,0.0,0.0,0.0,0.0,0.0,0.0,1233.36,5802.95,13335.54,23687.25,26816.42,24715.79,26987.55,33001.0,33615.28,21639.11,14330.9,4284.69,0.0,0.0,0.0,0.0,0.0,0.0,TX5
2021-09-01 00:00:00,EL PASO,SOLAR,RAD SOLAR,ENDG,DESPACHADO CENTRALMENTE,0.0,0.0,0.0,0.0,0.0,0.0,2036.72,6542.17,14877.19,27728.14,35327.59,44108.1,37394.2,48703.08,47154.13,42512.39,29594.22,7481.29,0.0,0.0,0.0,0.0,0.0,0.0,TX4
2021-09-02 00:00:00,EL PASO,SOLAR,RAD SOLAR,ENDG,DESPACHADO CENTRALMENTE,0.0,0.0,0.0,0.0,0.0,0.0,4132.82,13536.19,15968.74,32643.22,41902.53,38846.46,43728.24,44386.56,41615.23,39575.2,28755.65,6962.06,0.0,0.0,0.0,0.0,0.0,0.0,TX4
2021-09-03 00:00:00,EL PASO,SOLAR,RAD SOLAR,ENDG,DESPACHADO CENTRALMENTE,0.0,0.0,0.0,0.0,0.0,0.0,3485.08,9015.5,17252.13,36618.8,47000.47,48299.79,49753.3,48513.61,45582.49,39879.15,22800.23,3606.29,0.0,0.0,0.0,0.0,0.0,0.0,TX4
2021-09-04 00:00:00,EL PASO,SOLAR,RAD SOLAR,ENDG,DESPACHADO CENTRALMENTE,0.0,0.0,0.0,0.0,0.0,0.0,1759.48,7933.27,26195.33,36864.3,39903.82,44610.72,48167.29,44401.35,37833.62,24308.9,14480.51,1335.4,0.0,0.0,0.0,0.0,0.0,0.0,TX4
2021-09-05 00:00:00,EL PASO,SOLAR,RAD SOLAR,ENDG,DESPACHADO CENTRALMENTE,0.0,0.0,0.0,0.0,0.0,0.0,690.64,2109.99,10533.06,2869.36,4304.6,13247.46,20273.69,16450.64,16642.63,33780.07,12598.18,2706.91,0.0,0.0,0.0,0.0,0.0,0.0,TX4
2021-09-06 00:00:00,EL PASO,SOLAR,RAD SOLAR,ENDG,DESPACHADO CENTRALMENTE,0.0,0.0,0.0,0.0,0.0,0.0,8165.38,18143.36,30541.28,45635.11,44159.02,47654.51,45346.08,47633.81,43724.92,35169.77,26733.81,6182.53,0.0,0.0,0.0,0.0,0.0,0.0,TX4
2021-09-07 00:00:00,EL PASO,SOLAR,RAD SOLAR,ENDG,DESPACHADO CENTRALMENTE,0.0,0.0,0.0,0.0,0.0,0.0,4683.4,15777.96,37904.92,41673.57,37812.04,38525.01,47246.65,44468.59,43266.21,35745.0,28569.73,8224.67,0.0,0.0,0.0,0.0,0.0,0.0,TX4
2021-09-08 00:00:00,EL PASO,SOLAR,RAD SOLAR,ENDG,DESPACHADO CENTRALMENTE,0.0,0.0,0.0,0.0,0.0,0.0,885.94,3080.23,7277.73,27220.26,33361.18,35286.86,40424.83,39076.86,47761.52,45490.34,33204.27,6503.64,0.0,0.0,0.0,0.0,0.0,0.0,TX4
2021-09-09 00:00:00,EL PASO,SOLAR,RAD SOLAR,ENDG,DESPACHADO CENTRALMENTE,0.0,0.0,0.0,0.0,0.0,0.0,2802.73,7806.04,9013.04,31936.49,29201.61,36608.27,33999.54,37103.46,42974.65,41851.49,28009.22,4731.1,0.0,0.0,0.0,0.0,0.0,0.0,TX4
2021-09-10 00:00:00,EL PASO,SOLAR,RAD SOLAR,ENDG,DESPACHADO CENTRALMENTE,0.0,0.0,0.0,0.0,0.0,0.0,6056.45,20653.4,35219.12,44666.3,49892.38,45696.96,40425.35,39447.51,28230.94,23545.13,22465.53,3603.79,0.0,0.0,0.0,0.0,0.0,0.0,TX4
2021-09-11 00:00:00,EL PASO,SOLAR,RAD SOLAR,ENDG,DESPACHADO CENTRALMENTE,0.0,0.0,0.0,0.0,0.0,0.0,2547.66,9384.4,24646.94,35910.89,29886.71,27349.35,28943.53,31069.29,21678.94,12535.84,8552.08,1862.13,0.0,0.0,0.0,0.0,0.0,0.0,TX4
2021-09-12 00:00:00,EL PASO,SOLAR,RAD SOLAR,ENDG,DESPACHADO CENTRALMENTE,0.0,0.0,0.0,0.0,0.0,0.0,1727.81,11364.67,24161.59,23633.44,28622.38,27830.48,34963.8,41903.03,41961.05,42759.72,27870.97,2958.2,0.0,0.0,0.0,0.0,0.0,0.0,TX4
2021-09-13 00:00:00,EL PASO,SOLAR,RAD SOLAR,ENDG,DESPACHADO CENTRALMENTE,0.0,0.0,0.0,0.0,0.0,0.0,3853.05,15404.78,9942.05,25035.56,38780.1,40441.7,45636.34,48261.24,46512.0,41990.49,21970.96,1420.63,0.0,0.0,0.0,0.0,0.0,0.0,TX4
2021-09-14 00:00:00,EL PASO,SOLAR,RAD SOLAR,ENDG,DESPACHADO CENTRALMENTE,0.0,0.0,0.0,0.0,0.0,0.0,4859.48,28376.01,42649.88,44324.07,46907.2,43124.18,41677.45,50252.3,46175.23,19547.24,10579.99,1423.12,0.0,0.0,0.0,0.0,0.0,0.0,TX4
2021-09-15 00:00:00,EL PASO,SOLAR,RAD SOLAR,ENDG,DESPACHADO CENTRALMENTE,0.0,0.0,0.0,0.0,0.0,0.0,3609.52,10911.3,30537.89,43424.53,42448.87,50415.21,50986.33,51059.65,48774.8,36368.31,24094.63,4665.06,0.0,0.0,0.0,0.0,0.0,0.0,TX4
2021-09-16 00:00:00,EL PASO,SOLAR,RAD SOLAR,ENDG,DESPACHADO CENTRALMENTE,0.0,0.0,0.0,0.0,0.0,0.0,2510.23,10945.61,27064.89,31899.09,44537.91,50533.64,49102.84,48589.54,47259.74,42090.04,17973.05,4998.75,0.0,0.0,0.0,0.0,0.0,0.0,TX4
2021-09-17 00:00:00,EL PASO,SOLAR,RAD SOLAR,ENDG,DESPACHADO CENTRALMENTE,0.0,0.0,0.0,0.0,0.0,0.0,2981.26,29823.65,46345.48,51018.23,52148.54,52693.39,52350.36,50561.37,47886.26,35571.0,17458.63,2930.31,0.0,0.0,0.0,0.0,0.0,0.0,TX4
2021-09-18 00:00:00,EL PASO,SOLAR,RAD SOLAR,ENDG,DESPACHADO CENTRALMENTE,0.0,0.0,0.0,0.0,0.0,0.0,11301.3,35663.54,46308.23,49808.04,51228.82,50957.56,48207.05,48697.95,46421.37,38437.66,8476.96,397.63,0.0,0.0,0.0,0.0,0.0,0.0,TX4
2021-09-19 00:00:00,EL PASO,SOLAR,RAD SOLAR,ENDG,DESPACHADO CENTRALMENTE,0.0,0.0,0.0,0.0,0.0,0.0,6560.56,12609.78,35924.38,38106.51,48646.77,42346.52,40755.17,44269.5,35673.38,36281.59,22919.22,3448.92,0.0,0.0,0.0,0.0,0.0,0.0,TX4
2021-09-20 00:00:00,EL PASO,SOLAR,RAD SOLAR,ENDG,DESPACHADO CENTRALMENTE,0.0,0.0,0.0,0.0,0.0,0.0,10204.53,32933.74,42214.44,49714.41,44958.89,52698.46,32352.04,28448.54,26523.06,24197.95,29035.26,3029.64,0.0,0.0,0.0,0.0,0.0,0.0,TX4
2021-09-21 00:00:00,EL PASO,SOLAR,RAD SOLAR,ENDG,DESPACHADO CENTRALMENTE,0.0,0.0,0.0,0.0,0.0,0.0,4362.32,12285.39,19811.39,25501.98,39158.56,43034.96,44621.89,44492.58,41633.22,41715.85,20224.12,590.82,0.0,0.0,0.0,0.0,0.0,0.0,TX4
2021-09-22 00:00:00,EL PASO,SOLAR,RAD SOLAR,ENDG,DESPACHADO CENTRALMENTE,0.0,0.0,0.0,0.0,0.0,0.0,2832.56,3396.95,2505.45,18627.21,44282.68,47845.83,50060.79,45309.12,40016.03,27891.3,12451.49,235.21,0.0,0.0,0.0,0.0,0.0,0.0,TX4
2021-09-23 00:00:00,EL PASO,SOLAR,RAD SOLAR,ENDG,DESPACHADO CENTRALMENTE,0.0,0.0,0.0,0.0,0.0,0.0,5648.15,19140.21,11520.39,28407.31,27814.12,43981.99,39061.1,37878.36,41524.19,29332.36,17516.39,2120.19,0.0,0.0,0.0,0.0,0.0,0.0,TX4
2021-09-24 00:00:00,EL PASO,SOLAR,RAD SOLAR,ENDG,DESPACHADO CENTRALMENTE,0.0,0.0,0.0,0.0,0.0,0.0,3690.09,19124.31,26549.63,38809.43,41287.0,51689.12,47288.9,47558.76,41204.62,33103.91,17979.65,2189.25,0.0,0.0,0.0,0.0,0.0,0.0,TX4
2021-09-25 00:00:00,EL PASO,SOLAR,RAD SOLAR,ENDG,DESPACHADO CENTRALMENTE,0.0,0.0,0.0,0.0,0.0,0.0,2307.18,5717.41,14623.52,32064.34,40862.02,53206.18,49858.64,48102.55,47093.46,42910.93,26200.04,1250.68,0.0,0.0,0.0,0.0,0.0,0.0,TX4
2021-09-26 00:00:00,EL PASO,SOLAR,RAD SOLAR,ENDG,DESPACHADO CENTRALMENTE,0.0,0.0,0.0,0.0,0.0,0.0,13503.42,37428.78,46325.84,48984.38,51731.85,50229.3,48532.36,47292.21,39444.32,18843.97,5068.12,1323.56,0.0,0.0,0.0,0.0,0.0,0.0,TX4
2021-09-27 00:00:00,EL PASO,SOLAR,RAD SOLAR,ENDG,DESPACHADO CENTRALMENTE,0.0,0.0,0.0,0.0,0.0,0.0,1781.79,9374.39,27516.56,41392.07,44288.34,48227.72,41061.58,44179.05,39338.53,23849.1,13468.13,1703.65,0.0,0.0,0.0,0.0,0.0,0.0,TX4
2021-09-28 00:00:00,EL PASO,SOLAR,RAD SOLAR,ENDG,DESPACHADO CENTRALMENTE,0.0,0.0,0.0,0.0,0.0,46.93,10185.96,14181.69,30016.13,30862.49,35096.0,34187.01,31527.55,19519.32,16650.51,19871.36,5839.43,946.3,0.0,0.0,0.0,0.0,0.0,0.0,TX4
2021-09-29 00:00:00,EL PASO,SOLAR,RAD SOLAR,ENDG,DESPACHADO CENTRALMENTE,0.0,0.0,0.0,0.0,0.0,0.0,4324.21,22785.12,35426.79,43957.85,41155.28,42707.14,45661.22,51197.23,15112.54,8788.71,0.0,0.0,0.0,0.0,0.0,0.0,0.0,0.0,TX4
2021-09-30 00:00:00,EL PASO,SOLAR,RAD SOLAR,ENDG,DESPACHADO CENTRALMENTE,0.0,0.0,0.0,0.0,0.0,0.0,6721.79,25042.58,24911.02,22990.79,53991.63,50596.11,50820.23,49558.5,42813.65,31109.66,8411.2,2546.77,0.0,0.0,0.0,0.0,0.0,0.0,TX4
2021-10-01 00:00:00,EL PASO,SOLAR,RAD SOLAR,ENDG,DESPACHADO CENTRALMENTE,0.0,0.0,0.0,0.0,0.0,0.0,12221.26,21396.88,30634.14,26490.8,32084.1,27944.98,32518.84,44674.35,42011.25,37907.32,25934.64,1305.41,0.0,0.0,0.0,0.0,0.0,0.0,TX4
2021-10-02 00:00:00,EL PASO,SOLAR,RAD SOLAR,ENDG,DESPACHADO CENTRALMENTE,0.0,0.0,0.0,0.0,0.0,0.0,13812.63,40659.48,48886.93,52822.11,54215.96,54872.97,55103.63,50576.39,50021.97,28352.65,22761.4,3049.74,0.0,0.0,0.0,0.0,0.0,0.0,TX4
2021-10-03 00:00:00,EL PASO,SOLAR,RAD SOLAR,ENDG,DESPACHADO CENTRALMENTE,0.0,0.0,0.0,0.0,0.0,0.0,0.0,0.0,0.0,0.0,0.0,0.0,0.0,0.0,0.0,0.0,846.85,380.4,0.0,0.0,0.0,0.0,0.0,0.0,TX4
2021-10-04 00:00:00,EL PASO,SOLAR,RAD SOLAR,ENDG,DESPACHADO CENTRALMENTE,0.0,0.0,0.0,0.0,0.0,0.0,8574.11,31476.56,47252.12,49284.96,40366.46,31675.15,48781.55,48299.68,50323.92,23863.21,9649.1,1795.28,0.0,0.0,0.0,0.0,0.0,0.0,TX4
2021-10-05 00:00:00,EL PASO,SOLAR,RAD SOLAR,ENDG,DESPACHADO CENTRALMENTE,0.0,0.0,0.0,0.0,0.0,0.0,3327.29,16427.37,25990.84,33655.09,45393.35,52374.34,50914.27,53266.49,46864.3,41236.51,16899.29,1341.58,0.0,0.0,0.0,0.0,0.0,0.0,TX4
2021-10-06 00:00:00,EL PASO,SOLAR,RAD SOLAR,ENDG,DESPACHADO CENTRALMENTE,0.0,0.0,0.0,0.0,0.0,0.0,0.0,0.0,151.58,9523.34,49264.89,47102.39,52178.13,50967.2,38841.12,32801.26,23657.72,1795.49,0.0,0.0,0.0,0.0,0.0,0.0,TX4
2021-10-07 00:00:00,EL PASO,SOLAR,RAD SOLAR,ENDG,DESPACHADO CENTRALMENTE,0.0,0.0,0.0,0.0,0.0,43.94,11208.7,34979.14,37056.85,48121.55,51542.74,54341.53,53768.42,48857.97,49536.8,42972.36,21738.07,1252.57,0.0,0.0,0.0,0.0,0.0,0.0,TX4
2021-10-08 00:00:00,EL PASO,SOLAR,RAD SOLAR,ENDG,DESPACHADO CENTRALMENTE,0.0,0.0,0.0,0.0,0.0,0.0,13722.08,36075.91,48332.56,52329.72,41001.41,55872.42,57054.63,54004.65,51488.9,45372.03,22983.06,1086.5,0.0,0.0,0.0,0.0,0.0,0.0,TX4
2021-10-09 00:00:00,EL PASO,SOLAR,RAD SOLAR,ENDG,DESPACHADO CENTRALMENTE,0.0,0.0,0.0,0.0,0.0,0.0,7663.39,14090.36,21040.65,34124.54,56975.12,55558.5,52778.87,52261.19,51578.83,39103.61,13165.92,1323.6,0.0,0.0,0.0,0.0,0.0,0.0,TX4
2021-10-10 00:00:00,EL PASO,SOLAR,RAD SOLAR,ENDG,DESPACHADO CENTRALMENTE,0.0,0.0,0.0,0.0,0.0,0.0,2705.28,29043.59,41136.88,40802.15,47934.31,44134.03,36947.86,27599.14,23050.29,21181.28,6014.08,1503.18,0.0,0.0,0.0,0.0,0.0,0.0,TX4
2021-10-11 00:00:00,EL PASO,SOLAR,RAD SOLAR,ENDG,DESPACHADO CENTRALMENTE,0.0,0.0,0.0,0.0,0.0,0.0,9734.44,20120.61,49171.76,51376.02,46736.94,43879.01,47240.07,29879.1,28873.51,14627.55,8134.13,803.18,0.0,0.0,0.0,0.0,0.0,0.0,TX4
2021-10-12 00:00:00,EL PASO,SOLAR,RAD SOLAR,ENDG,DESPACHADO CENTRALMENTE,0.0,0.0,0.0,0.0,0.0,0.0,7229.19,32696.34,40909.06,49474.44,50894.7,37693.43,39513.47,53553.99,46296.67,27855.75,7691.72,102.53,0.0,0.0,0.0,0.0,0.0,0.0,TX4
2021-10-13 00:00:00,EL PASO,SOLAR,RAD SOLAR,ENDG,DESPACHADO CENTRALMENTE,0.0,0.0,0.0,0.0,0.0,0.0,2117.71,7341.02,30474.32,32893.93,41827.76,40979.05,46309.2,36458.62,11531.93,6532.32,3800.35,470.84,0.0,0.0,0.0,0.0,0.0,0.0,TX4
2021-10-14 00:00:00,EL PASO,SOLAR,RAD SOLAR,ENDG,DESPACHADO CENTRALMENTE,0.0,0.0,0.0,0.0,0.0,0.0,4919.31,17131.31,30668.69,50610.26,44053.65,43718.45,40846.39,42809.21,21874.18,30419.1,9719.12,700.43,0.0,0.0,0.0,0.0,0.0,0.0,TX4
2021-10-15 00:00:00,EL PASO,SOLAR,RAD SOLAR,ENDG,DESPACHADO CENTRALMENTE,0.0,0.0,0.0,0.0,0.0,0.0,3094.63,10722.26,28811.14,58200.23,61212.16,44455.44,44237.71,46290.97,53114.62,36332.11,17124.19,217.67,0.0,0.0,0.0,0.0,0.0,0.0,TX4
2021-10-16 00:00:00,EL PASO,SOLAR,RAD SOLAR,ENDG,DESPACHADO CENTRALMENTE,0.0,0.0,0.0,0.0,0.0,0.0,1437.18,3574.44,6565.39,9351.22,19992.22,49808.4,48564.38,42031.62,38868.17,15284.4,3462.38,379.03,0.0,0.0,0.0,0.0,0.0,0.0,TX4
2021-10-17 00:00:00,EL PASO,SOLAR,RAD SOLAR,ENDG,DESPACHADO CENTRALMENTE,0.0,0.0,0.0,0.0,0.0,0.0,1970.02,8849.33,32521.43,42608.86,55486.19,53170.2,44196.08,46197.42,38515.79,32977.52,17615.34,546.04,0.0,0.0,0.0,0.0,0.0,0.0,TX4
2021-10-18 00:00:00,EL PASO,SOLAR,RAD SOLAR,ENDG,DESPACHADO CENTRALMENTE,0.0,0.0,0.0,0.0,0.0,0.0,2714.41,9256.16,11316.38,33634.75,40860.11,44158.97,46724.11,50980.45,52012.83,42998.36,23792.8,1474.98,0.0,0.0,0.0,0.0,0.0,0.0,TX4
2021-10-19 00:00:00,EL PASO,SOLAR,RAD SOLAR,ENDG,DESPACHADO CENTRALMENTE,0.0,0.0,0.0,0.0,0.0,0.0,5785.72,22804.34,29871.14,45812.39,49945.24,48199.26,56109.29,46309.72,51491.07,47019.39,20693.09,747.61,0.0,0.0,0.0,0.0,0.0,0.0,TX4
2021-10-20 00:00:00,EL PASO,SOLAR,RAD SOLAR,ENDG,DESPACHADO CENTRALMENTE,0.0,0.0,0.0,0.0,0.0,0.0,4148.52,9586.61,25426.02,46796.9,51720.95,54016.15,55143.65,55692.74,46898.62,44315.19,6343.97,136.39,0.0,0.0,0.0,0.0,0.0,0.0,TX4
2021-10-21 00:00:00,EL PASO,SOLAR,RAD SOLAR,ENDG,DESPACHADO CENTRALMENTE,0.0,0.0,0.0,0.0,0.0,0.0,11958.83,31084.9,45024.05,46725.55,49358.04,51776.03,54255.91,54242.48,51124.32,39746.08,6182.77,266.06,0.0,0.0,0.0,0.0,0.0,0.0,TX4
2021-10-22 00:00:00,EL PASO,SOLAR,RAD SOLAR,ENDG,DESPACHADO CENTRALMENTE,0.0,0.0,0.0,0.0,0.0,0.0,4141.13,31433.68,24826.84,22781.85,41345.12,55895.6,54926.0,53525.87,49825.3,45189.35,25722.7,1501.75,0.0,0.0,0.0,0.0,0.0,0.0,TX4
2021-10-23 00:00:00,EL PASO,SOLAR,RAD SOLAR,ENDG,DESPACHADO CENTRALMENTE,0.0,0.0,0.0,0.0,0.0,0.0,11870.9,34928.97,29107.38,54251.24,56345.39,50264.52,55411.59,51128.07,51813.34,45590.74,16006.32,603.88,0.0,0.0,0.0,0.0,0.0,0.0,TX4
2021-10-24 00:00:00,EL PASO,SOLAR,RAD SOLAR,ENDG,DESPACHADO CENTRALMENTE,0.0,0.0,0.0,0.0,0.0,0.0,4558.69,21832.34,39066.24,33748.96,34400.06,23911.15,17654.09,45712.04,34325.15,25235.4,6603.76,486.45,0.0,0.0,0.0,0.0,0.0,0.0,TX4
2021-10-25 00:00:00,EL PASO,SOLAR,RAD SOLAR,ENDG,DESPACHADO CENTRALMENTE,0.0,0.0,0.0,0.0,0.0,0.0,2750.98,16700.46,45310.2,50170.06,50094.16,50590.25,54913.24,52197.02,51053.13,43279.71,21911.41,838.04,0.0,0.0,0.0,0.0,0.0,0.0,TX4
2021-10-26 00:00:00,EL PASO,SOLAR,RAD SOLAR,ENDG,DESPACHADO CENTRALMENTE,0.0,0.0,0.0,0.0,0.0,0.0,10030.17,38905.18,49613.54,52565.72,54280.98,53429.81,47404.98,42915.74,40960.09,41835.73,18421.22,778.94,0.0,0.0,0.0,0.0,0.0,0.0,TX4
2021-10-27 00:00:00,EL PASO,SOLAR,RAD SOLAR,ENDG,DESPACHADO CENTRALMENTE,0.0,0.0,0.0,0.0,0.0,0.0,4789.58,13399.25,14325.2,25067.28,30314.0,38194.46,37842.54,25040.45,15696.13,11254.65,5055.45,387.02,0.0,0.0,0.0,0.0,0.0,0.0,TX4
2021-10-28 00:00:00,EL PASO,SOLAR,RAD SOLAR,ENDG,DESPACHADO CENTRALMENTE,0.0,0.0,0.0,0.0,0.0,0.0,3678.38,39683.3,39660.25,49319.48,45089.62,53955.96,54930.53,54098.26,51159.42,33897.63,5054.94,117.39,0.0,0.0,0.0,0.0,0.0,0.0,TX4
2021-10-29 00:00:00,EL PASO,SOLAR,RAD SOLAR,ENDG,DESPACHADO CENTRALMENTE,0.0,0.0,0.0,0.0,0.0,0.0,480.0,1623.9,1632.54,2057.48,5052.61,18136.72,21197.66,24226.25,25988.1,35783.54,12830.79,706.96,0.0,0.0,0.0,0.0,0.0,0.0,TX4
2021-10-30 00:00:00,EL PASO,SOLAR,RAD SOLAR,ENDG,DESPACHADO CENTRALMENTE,0.0,0.0,0.0,0.0,0.0,0.0,9046.68,17871.55,46501.28,27000.37,22420.3,41032.54,53648.92,54393.4,36697.8,19448.29,15902.67,572.54,0.0,0.0,0.0,0.0,0.0,0.0,TX4
2021-10-31 00:00:00,EL PASO,SOLAR,RAD SOLAR,ENDG,DESPACHADO CENTRALMENTE,0.0,0.0,0.0,0.0,0.0,0.0,3701.39,6615.43,16814.01,42569.4,47185.27,48890.24,54369.46,54046.25,50845.87,8548.46,0.0,0.0,0.0,0.0,0.0,0.0,0.0,0.0,TX4
2021-11-01 00:00:00,EL PASO,SOLAR,RAD SOLAR,ENDG,DESPACHADO CENTRALMENTE,0.0,0.0,0.0,0.0,0.0,0.0,2360.09,8426.67,16293.46,25074.92,38898.02,54952.74,48990.02,49846.43,37432.34,24491.65,7279.11,514.55,0.0,0.0,0.0,0.0,0.0,0.0,TX4
2021-11-02 00:00:00,EL PASO,SOLAR,RAD SOLAR,ENDG,DESPACHADO CENTRALMENTE,0.0,0.0,0.0,0.0,0.0,0.0,4799.44,14664.69,30273.84,29086.5,47561.12,47774.02,38372.39,40676.95,45479.86,42799.99,14588.59,547.49,0.0,0.0,0.0,0.0,0.0,0.0,TX4
2021-11-03 00:00:00,EL PASO,SOLAR,RAD SOLAR,ENDG,DESPACHADO CENTRALMENTE,0.0,0.0,0.0,0.0,0.0,0.0,3373.0,11871.68,30905.5,39820.87,36308.85,33353.42,42461.2,45468.79,50424.4,35976.78,8976.14,995.9,0.0,0.0,0.0,0.0,0.0,0.0,TX4
2021-11-04 00:00:00,EL PASO,SOLAR,RAD SOLAR,ENDG,DESPACHADO CENTRALMENTE,0.0,0.0,0.0,0.0,0.0,0.0,2471.0,14200.25,37482.05,45143.63,43068.79,51014.17,49107.73,55304.1,49783.84,45327.73,21073.96,900.06,0.0,0.0,0.0,0.0,0.0,0.0,TX4
2021-11-05 00:00:00,EL PASO,SOLAR,RAD SOLAR,ENDG,DESPACHADO CENTRALMENTE,0.0,0.0,0.0,0.0,0.0,0.0,5756.36,33824.71,47663.5,52706.11,51584.43,55411.82,54528.12,53517.62,49764.48,43634.42,21648.69,816.35,0.0,0.0,0.0,0.0,0.0,0.0,TX4
2021-11-06 00:00:00,EL PASO,SOLAR,RAD SOLAR,ENDG,DESPACHADO CENTRALMENTE,0.0,0.0,0.0,0.0,0.0,0.0,0.0,0.0,1804.23,22190.75,49551.93,52732.52,54547.81,53448.87,47245.01,43814.04,20312.38,597.89,0.0,0.0,0.0,0.0,0.0,0.0,TX4
2021-11-07 00:00:00,EL PASO,SOLAR,RAD SOLAR,ENDG,DESPACHADO CENTRALMENTE,0.0,0.0,0.0,0.0,0.0,0.0,10278.7,35571.25,49888.35,53193.91,48746.31,50656.79,55378.77,47862.58,43231.01,37482.59,20659.85,896.79,0.0,0.0,0.0,0.0,0.0,0.0,TX4
2021-11-08 00:00:00,EL PASO,SOLAR,RAD SOLAR,ENDG,DESPACHADO CENTRALMENTE,0.0,0.0,0.0,0.0,0.0,0.0,3781.57,8958.93,19683.04,26060.94,42790.3,42589.88,38826.13,41643.99,34000.17,35309.3,18158.71,384.95,0.0,0.0,0.0,0.0,0.0,0.0,TX4
2021-11-09 00:00:00,EL PASO,SOLAR,RAD SOLAR,ENDG,DESPACHADO CENTRALMENTE,0.0,0.0,0.0,0.0,0.0,0.0,8769.03,40095.36,48309.88,53392.23,55485.19,53163.48,49208.11,47463.97,47969.83,40754.28,20473.72,287.19,0.0,0.0,0.0,0.0,0.0,0.0,TX4
2021-11-10 00:00:00,EL PASO,SOLAR,RAD SOLAR,ENDG,DESPACHADO CENTRALMENTE,0.0,0.0,0.0,0.0,0.0,0.0,10273.22,38443.5,52003.05,56126.98,56139.93,55614.76,56193.04,54652.44,50428.74,44158.8,15693.81,694.33,0.0,0.0,0.0,0.0,0.0,0.0,TX4
2021-11-11 00:00:00,EL PASO,SOLAR,RAD SOLAR,ENDG,DESPACHADO CENTRALMENTE,0.0,0.0,0.0,0.0,0.0,5.19,14428.15,42763.76,49320.77,57368.28,57049.39,57099.48,56810.22,55102.24,51946.43,44367.9,13186.63,499.16,0.0,0.0,0.0,0.0,0.0,0.0,TX4
2021-11-12 00:00:00,EL PASO,SOLAR,RAD SOLAR,ENDG,DESPACHADO CENTRALMENTE,0.0,0.0,0.0,0.0,0.0,0.0,12391.09,41203.04,52627.41,55495.97,56444.78,56538.55,56551.05,53590.24,51393.9,43727.46,21049.24,725.87,0.0,0.0,0.0,0.0,0.0,0.0,TX4
2021-11-13 00:00:00,EL PASO,SOLAR,RAD SOLAR,ENDG,DESPACHADO CENTRALMENTE,0.0,0.0,0.0,0.0,0.0,0.0,11971.93,41962.49,52120.62,54761.87,54459.47,54694.38,54231.02,54034.96,51268.3,43510.34,20072.86,702.31,0.0,0.0,0.0,0.0,0.0,0.0,TX4
2021-11-14 00:00:00,EL PASO,SOLAR,RAD SOLAR,ENDG,DESPACHADO CENTRALMENTE,0.0,0.0,0.0,0.0,0.0,0.0,8834.59,36361.78,48655.26,52694.46,53554.33,51791.16,53596.8,52539.17,43227.63,19720.16,3658.42,508.34,0.0,0.0,0.0,0.0,0.0,0.0,TX4
2021-11-15 00:00:00,EL PASO,SOLAR,RAD SOLAR,ENDG,DESPACHADO CENTRALMENTE,0.0,0.0,0.0,0.0,0.0,0.0,7950.83,40969.01,52045.41,53947.4,54903.99,51861.07,54741.65,54388.72,46250.12,34817.08,5614.77,376.55,0.0,0.0,0.0,0.0,0.0,0.0,TX4
2021-11-16 00:00:00,EL PASO,SOLAR,RAD SOLAR,ENDG,DESPACHADO CENTRALMENTE,0.0,0.0,0.0,0.0,0.0,0.0,12036.95,40769.66,51991.21,55689.79,56769.79,57130.57,56697.6,54976.49,48825.28,34680.77,19074.55,782.23,0.0,0.0,0.0,0.0,0.0,0.0,TX4
2021-11-17 00:00:00,EL PASO,SOLAR,RAD SOLAR,ENDG,DESPACHADO CENTRALMENTE,0.0,0.0,0.0,0.0,0.0,0.0,12812.78,31565.86,38536.43,53445.88,55680.94,57305.99,57572.43,54066.29,51505.13,44658.42,18708.03,627.72,0.0,0.0,0.0,0.0,0.0,0.0,TX4
2021-11-18 00:00:00,EL PASO,SOLAR,RAD SOLAR,ENDG,DESPACHADO CENTRALMENTE,0.0,0.0,0.0,0.0,0.0,0.0,12210.35,42692.03,51441.26,53965.23,53858.92,53101.44,54495.73,37133.0,43016.1,45464.83,20045.63,595.45,0.0,0.0,0.0,0.0,0.0,0.0,TX4
2021-11-19 00:00:00,EL PASO,SOLAR,RAD SOLAR,ENDG,DESPACHADO CENTRALMENTE,0.0,0.0,0.0,0.0,0.0,0.0,5266.57,41431.85,52593.36,55833.76,56070.21,55888.88,55898.4,54418.41,52145.82,44124.11,17323.37,396.14,0.0,0.0,0.0,0.0,0.0,0.0,TX4
2021-11-20 00:00:00,EL PASO,SOLAR,RAD SOLAR,ENDG,DESPACHADO CENTRALMENTE,0.0,0.0,0.0,0.0,0.0,0.0,9556.8,38119.99,48382.5,52114.65,54469.67,54852.95,54588.28,53019.81,42900.86,37679.2,14477.18,526.45,0.0,0.0,0.0,0.0,0.0,0.0,TX4
2021-11-21 00:00:00,EL PASO,SOLAR,RAD SOLAR,ENDG,DESPACHADO CENTRALMENTE,0.0,0.0,0.0,0.0,0.0,0.0,9076.16,39474.51,49118.36,50021.73,50508.96,54164.62,52744.05,32496.94,24531.23,40593.87,20825.39,1156.53,0.0,0.0,0.0,0.0,0.0,0.0,TX4
2021-11-22 00:00:00,EL PASO,SOLAR,RAD SOLAR,ENDG,DESPACHADO CENTRALMENTE,0.0,0.0,0.0,0.0,0.0,0.0,6861.49,30500.72,35202.34,41110.6,36893.51,51207.16,32137.69,28422.54,19943.56,12689.06,11694.67,596.67,0.0,0.0,0.0,0.0,0.0,0.0,TX4
2021-11-23 00:00:00,EL PASO,SOLAR,RAD SOLAR,ENDG,DESPACHADO CENTRALMENTE,0.0,0.0,0.0,0.0,0.0,0.0,1652.93,3331.85,7864.55,17442.76,22300.01,32302.98,33873.29,33740.7,46317.8,25967.27,8426.52,121.01,0.0,0.0,0.0,0.0,0.0,0.0,TX4
2021-11-24 00:00:00,EL PASO,SOLAR,RAD SOLAR,ENDG,DESPACHADO CENTRALMENTE,0.0,0.0,0.0,0.0,0.0,0.0,2717.87,18161.34,15273.32,16077.65,36185.77,49508.41,42302.02,45176.97,33323.89,25948.33,2596.6,0.0,0.0,0.0,0.0,0.0,0.0,0.0,TX4
2021-11-25 00:00:00,EL PASO,SOLAR,RAD SOLAR,ENDG,DESPACHADO CENTRALMENTE,0.0,0.0,0.0,0.0,0.0,0.0,4633.27,37883.67,46661.12,51680.79,54588.86,52502.72,55935.2,40841.63,41108.95,30180.91,21227.81,607.57,0.0,0.0,0.0,0.0,0.0,0.0,TX4
2021-11-26 00:00:00,EL PASO,SOLAR,RAD SOLAR,ENDG,DESPACHADO CENTRALMENTE,0.0,0.0,0.0,0.0,0.0,0.0,4819.8,15938.33,14297.56,21454.34,23094.08,22574.63,30486.46,4925.42,6438.84,7529.41,7318.18,404.47,0.0,0.0,0.0,0.0,0.0,0.0,TX4
2021-11-27 00:00:00,EL PASO,SOLAR,RAD SOLAR,ENDG,DESPACHADO CENTRALMENTE,0.0,0.0,0.0,0.0,0.0,0.0,4609.07,14570.65,39318.72,48966.48,50341.77,47104.95,45097.0,42030.42,32214.9,45040.83,14739.91,913.57,0.0,0.0,0.0,0.0,0.0,0.0,TX4
2021-11-28 00:00:00,EL PASO,SOLAR,RAD SOLAR,ENDG,DESPACHADO CENTRALMENTE,0.0,0.0,0.0,0.0,0.0,0.0,5020.01,21599.82,42397.97,53288.25,56269.01,56052.68,56383.48,55570.73,52204.48,37248.45,23439.25,1067.01,0.0,0.0,0.0,0.0,0.0,0.0,TX4
2021-11-29 00:00:00,EL PASO,SOLAR,RAD SOLAR,ENDG,DESPACHADO CENTRALMENTE,0.0,0.0,0.0,0.0,0.0,0.0,9260.61,39556.96,52174.62,54696.55,54629.21,55224.46,52078.55,51438.72,52172.84,44433.96,7580.94,194.7,0.0,0.0,0.0,0.0,0.0,0.0,TX4
2021-11-30 00:00:00,EL PASO,SOLAR,RAD SOLAR,ENDG,DESPACHADO CENTRALMENTE,0.0,0.0,0.0,0.0,0.0,0.0,2426.84,13467.31,48691.88,53140.14,44639.29,50316.37,32275.67,30529.03,38308.58,10574.23,3091.77,69.67,0.0,0.0,0.0,0.0,0.0,0.0,TX4
2021-12-01 00:00:00,EL PASO,SOLAR,RAD SOLAR,ENDG,DESPACHADO CENTRALMENTE,0.0,0.0,0.0,0.0,0.0,0.0,1097.74,4574.44,21185.71,23677.11,41805.45,25129.3,31492.42,45198.34,51316.16,43673.34,21444.07,278.94,0.0,0.0,0.0,0.0,0.0,0.0,TX5
2021-12-02 00:00:00,EL PASO,SOLAR,RAD SOLAR,ENDG,DESPACHADO CENTRALMENTE,0.0,0.0,0.0,0.0,0.0,0.0,8693.09,40253.12,49064.34,49497.42,54410.89,54553.15,53859.46,53359.16,51288.56,45022.61,21652.56,924.13,0.0,0.0,0.0,0.0,0.0,0.0,TX5
2021-12-03 00:00:00,EL PASO,SOLAR,RAD SOLAR,ENDG,DESPACHADO CENTRALMENTE,0.0,0.0,0.0,0.0,0.0,0.0,8442.58,39847.38,52128.9,55015.46,55536.62,55742.27,55266.89,53767.43,51408.86,45996.38,22794.8,946.52,0.0,0.0,0.0,0.0,0.0,0.0,TX5
2021-12-04 00:00:00,EL PASO,SOLAR,RAD SOLAR,ENDG,DESPACHADO CENTRALMENTE,0.0,0.0,0.0,0.0,0.0,0.0,8442.89,39812.54,47685.78,50853.0,47124.25,55485.95,42552.8,48146.18,43266.76,17963.24,5386.2,427.95,0.0,0.0,0.0,0.0,0.0,0.0,TX5
2021-12-05 00:00:00,EL PASO,SOLAR,RAD SOLAR,ENDG,DESPACHADO CENTRALMENTE,0.0,0.0,0.0,0.0,0.0,0.0,6390.03,35478.04,51854.97,53880.08,55716.18,40194.39,54881.5,39910.28,42425.82,40146.96,18422.83,796.8,0.0,0.0,0.0,0.0,0.0,0.0,TX5
2021-12-06 00:00:00,EL PASO,SOLAR,RAD SOLAR,ENDG,DESPACHADO CENTRALMENTE,0.0,0.0,0.0,0.0,0.0,0.0,8103.82,33818.25,48385.35,55944.49,53977.33,54465.12,53873.18,52492.99,51907.61,44409.62,19643.34,827.45,0.0,0.0,0.0,0.0,0.0,0.0,TX5
2021-12-07 00:00:00,EL PASO,SOLAR,RAD SOLAR,ENDG,DESPACHADO CENTRALMENTE,0.0,0.0,0.0,0.0,0.0,0.0,7284.99,26758.3,22594.82,45949.81,55497.29,56022.44,55869.36,54314.63,51301.47,45283.29,22863.29,1003.5,0.0,0.0,0.0,0.0,0.0,0.0,TX5
2021-12-08 00:00:00,EL PASO,SOLAR,RAD SOLAR,ENDG,DESPACHADO CENTRALMENTE,0.0,0.0,0.0,0.0,0.0,0.0,6837.32,38698.48,52258.34,55613.07,55790.21,56075.11,55819.79,54482.46,51207.21,44912.78,20899.76,1144.57,0.0,0.0,0.0,0.0,0.0,0.0,TX5
2021-12-09 00:00:00,EL PASO,SOLAR,RAD SOLAR,ENDG,DESPACHADO CENTRALMENTE,0.0,0.0,0.0,0.0,0.0,0.0,2056.66,33509.36,51010.44,53395.61,53738.15,53771.6,52794.2,50187.86,47617.73,45096.75,8761.66,751.64,0.0,0.0,0.0,0.0,0.0,0.0,TX5
2021-12-10 00:00:00,EL PASO,SOLAR,RAD SOLAR,ENDG,DESPACHADO CENTRALMENTE,0.0,0.0,0.0,0.0,0.0,0.0,6674.75,37094.17,50456.21,53828.27,54005.36,54285.29,54237.31,52711.06,49928.91,44870.65,22059.18,926.84,0.0,0.0,0.0,0.0,0.0,0.0,TX5
2021-12-11 00:00:00,EL PASO,SOLAR,RAD SOLAR,ENDG,DESPACHADO CENTRALMENTE,0.0,0.0,0.0,0.0,0.0,0.0,6387.87,16147.84,29981.35,44483.3,47935.07,48657.17,47547.17,43655.26,44054.86,24581.71,11392.78,960.44,0.0,0.0,0.0,0.0,0.0,0.0,TX5
2021-12-12 00:00:00,EL PASO,SOLAR,RAD SOLAR,ENDG,DESPACHADO CENTRALMENTE,0.0,0.0,0.0,0.0,0.0,0.0,5855.71,31468.47,50069.24,45478.24,40267.42,49996.92,51632.07,34316.97,30153.76,31208.26,7829.27,623.59,0.0,0.0,0.0,0.0,0.0,0.0,TX5
2021-12-13 00:00:00,EL PASO,SOLAR,RAD SOLAR,ENDG,DESPACHADO CENTRALMENTE,0.0,0.0,0.0,0.0,0.0,0.0,7139.98,2264.49,0.0,0.0,0.0,0.0,0.0,0.0,0.0,207.83,2714.71,568.26,0.0,0.0,0.0,0.0,0.0,0.0,TX5
2021-12-14 00:00:00,EL PASO,SOLAR,RAD SOLAR,ENDG,DESPACHADO CENTRALMENTE,0.0,0.0,0.0,0.0,0.0,0.0,6091.37,36373.42,49944.19,52147.72,52182.5,51973.59,50858.88,50096.12,38755.06,19508.78,12692.18,752.2,0.0,0.0,0.0,0.0,0.0,0.0,TX5
2021-12-15 00:00:00,EL PASO,SOLAR,RAD SOLAR,ENDG,DESPACHADO CENTRALMENTE,0.0,0.0,0.0,0.0,0.0,0.0,6190.94,35744.28,49741.32,51683.7,51318.03,51232.88,52141.83,50875.33,32848.37,21882.84,2590.53,547.17,0.0,0.0,0.0,0.0,0.0,0.0,TX5
2021-12-16 00:00:00,EL PASO,SOLAR,RAD SOLAR,ENDG,DESPACHADO CENTRALMENTE,0.0,0.0,0.0,0.0,0.0,0.0,702.24,29174.3,50025.58,52438.54,52831.92,52452.52,52780.77,51101.65,28308.84,19440.22,11005.09,726.33,0.0,0.0,0.0,0.0,0.0,0.0,TX5
2021-12-17 00:00:00,EL PASO,SOLAR,RAD SOLAR,ENDG,DESPACHADO CENTRALMENTE,0.0,0.0,0.0,0.0,0.0,0.0,5498.87,12642.48,29060.26,44143.77,43299.7,27490.59,40413.43,32599.56,42283.2,40803.93,25142.27,433.55,0.0,0.0,0.0,0.0,0.0,0.0,TX5
2021-12-18 00:00:00,EL PASO,SOLAR,RAD SOLAR,ENDG,DESPACHADO CENTRALMENTE,0.0,0.0,0.0,0.0,0.0,0.0,4248.75,25230.02,47134.97,36879.35,50152.77,40155.08,47188.25,54445.25,41071.27,16942.33,10237.78,846.9,0.0,0.0,0.0,0.0,0.0,0.0,TX5
2021-12-19 00:00:00,EL PASO,SOLAR,RAD SOLAR,ENDG,DESPACHADO CENTRALMENTE,0.0,0.0,0.0,0.0,0.0,0.0,3325.77,24948.48,49652.2,53253.84,54398.5,55040.26,55276.11,54312.35,51269.66,45198.33,23662.61,1406.71,0.0,0.0,0.0,0.0,0.0,0.0,TX5
2021-12-20 00:00:00,EL PASO,SOLAR,RAD SOLAR,ENDG,DESPACHADO CENTRALMENTE,0.0,0.0,0.0,0.0,0.0,0.0,4434.77,33744.87,49379.71,54801.11,53756.65,53384.51,50520.51,51947.19,46416.21,44565.62,18452.78,1079.17,0.0,0.0,0.0,0.0,0.0,0.0,TX5
2021-12-21 00:00:00,EL PASO,SOLAR,RAD SOLAR,ENDG,DESPACHADO CENTRALMENTE,0.0,0.0,0.0,0.0,0.0,0.0,4218.97,29292.3,47704.13,51250.39,50114.05,38436.7,47514.25,27598.98,44419.54,30885.52,15236.9,1240.62,0.0,0.0,0.0,0.0,0.0,0.0,TX5
2021-12-22 00:00:00,EL PASO,SOLAR,RAD SOLAR,ENDG,DESPACHADO CENTRALMENTE,0.0,0.0,0.0,0.0,0.0,0.0,1237.9,5075.43,9958.96,23089.75,33301.46,47963.45,14816.33,15193.12,6345.74,10325.87,1723.94,1730.66,0.0,0.0,0.0,0.0,0.0,0.0,TX5
2021-12-23 00:00:00,EL PASO,SOLAR,RAD SOLAR,ENDG,DESPACHADO CENTRALMENTE,0.0,0.0,0.0,0.0,0.0,0.0,1081.51,12522.78,44559.75,52239.56,50325.64,40856.03,36131.52,28379.62,10023.64,9736.49,7692.44,863.69,0.0,0.0,0.0,0.0,0.0,0.0,TX5
2021-12-24 00:00:00,EL PASO,SOLAR,RAD SOLAR,ENDG,DESPACHADO CENTRALMENTE,0.0,0.0,0.0,0.0,0.0,0.0,4969.28,12702.62,40464.47,48644.75,49327.86,53090.43,50803.87,44778.97,47900.55,32697.21,11975.09,1711.73,0.0,0.0,0.0,0.0,0.0,0.0,TX5
2021-12-25 00:00:00,EL PASO,SOLAR,RAD SOLAR,ENDG,DESPACHADO CENTRALMENTE,0.0,0.0,0.0,0.0,0.0,0.0,1916.36,29981.56,29636.31,53214.07,55818.39,55242.32,55407.36,53391.49,52738.42,47586.79,26950.96,768.59,0.0,0.0,0.0,0.0,0.0,0.0,TX5
2021-12-26 00:00:00,EL PASO,SOLAR,RAD SOLAR,ENDG,DESPACHADO CENTRALMENTE,0.0,0.0,0.0,0.0,0.0,0.0,1423.92,30179.94,50610.32,54669.84,55172.24,54671.24,56163.32,55281.69,52218.15,44717.93,26774.37,2228.53,0.0,0.0,0.0,0.0,0.0,0.0,TX5
2021-12-27 00:00:00,EL PASO,SOLAR,RAD SOLAR,ENDG,DESPACHADO CENTRALMENTE,0.0,0.0,0.0,0.0,0.0,0.0,5393.39,25388.69,52936.93,55931.17,56177.08,56115.78,56868.74,56304.93,54432.65,48882.58,26029.77,782.74,0.0,0.0,0.0,0.0,0.0,0.0,TX5
2021-12-28 00:00:00,EL PASO,SOLAR,RAD SOLAR,ENDG,DESPACHADO CENTRALMENTE,0.0,0.0,0.0,0.0,0.0,0.0,3975.33,31237.08,50481.8,55430.32,56239.85,56060.75,56328.47,55206.04,53058.79,48839.89,29442.8,2605.31,0.0,0.0,0.0,0.0,0.0,0.0,TX5
2021-12-29 00:00:00,EL PASO,SOLAR,RAD SOLAR,ENDG,DESPACHADO CENTRALMENTE,0.0,0.0,0.0,0.0,0.0,0.0,1989.5,27775.41,42905.29,50743.36,53615.8,53991.09,55360.87,54756.85,52999.94,47804.41,29086.01,2374.63,0.0,0.0,0.0,0.0,0.0,0.0,TX5
2021-12-30 00:00:00,EL PASO,SOLAR,RAD SOLAR,ENDG,DESPACHADO CENTRALMENTE,0.0,0.0,0.0,0.0,0.0,0.0,3211.11,30734.14,48758.19,53547.15,54005.56,47880.28,53288.91,52993.01,45101.24,40942.59,27610.7,2545.56,0.0,0.0,0.0,0.0,0.0,0.0,TX5
2021-12-31 00:00:00,EL PASO,SOLAR,RAD SOLAR,ENDG,DESPACHADO CENTRALMENTE,0.0,0.0,0.0,0.0,0.0,0.0,4302.18,35469.31,53436.41,55859.82,55974.39,54778.32,54521.9,53574.36,50758.24,46473.8,30054.56,2946.05,0.0,0.0,0.0,0.0,0.0,0.0,TX5
2022-01-01 00:00:00,EL PASO,SOLAR,RAD SOLAR,ENDG,DESPACHADO CENTRALMENTE,0.0,0.0,0.0,0.0,0.0,0.0,3927.46,34038.37,51473.57,54444.2,54372.76,53000.63,54660.82,53551.01,51439.73,45112.14,25540.16,2195.45,0.0,0.0,0.0,0.0,0.0,0.0,TX4
2022-01-02 00:00:00,EL PASO,SOLAR,RAD SOLAR,ENDG,DESPACHADO CENTRALMENTE,0.0,0.0,0.0,0.0,0.0,0.0,3684.8,32826.25,50881.67,49384.54,51306.54,54527.28,53322.95,49579.44,42049.07,39555.35,28756.22,2689.33,0.0,0.0,0.0,0.0,0.0,0.0,TX4
2022-01-03 00:00:00,EL PASO,SOLAR,RAD SOLAR,ENDG,DESPACHADO CENTRALMENTE,0.0,0.0,0.0,0.0,0.0,0.0,2043.18,21198.93,51683.19,55228.38,55601.2,55084.12,55319.41,54525.66,51729.42,47321.01,23574.25,2908.48,0.0,0.0,0.0,0.0,0.0,0.0,TX4
2022-01-04 00:00:00,EL PASO,SOLAR,RAD SOLAR,ENDG,DESPACHADO CENTRALMENTE,0.0,0.0,0.0,0.0,0.0,0.0,3641.24,33510.32,52862.44,56504.03,56941.8,56727.31,56481.02,55650.67,52060.24,44930.14,25830.99,2689.35,0.0,0.0,0.0,0.0,0.0,0.0,TX4
2022-01-05 00:00:00,EL PASO,SOLAR,RAD SOLAR,ENDG,DESPACHADO CENTRALMENTE,0.0,0.0,0.0,0.0,0.0,0.0,2499.03,30505.28,53119.23,55245.14,55530.32,56091.11,56724.36,56113.14,54532.62,49335.82,31588.1,3475.51,0.0,0.0,0.0,0.0,0.0,0.0,TX4
2022-01-06 00:00:00,EL PASO,SOLAR,RAD SOLAR,ENDG,DESPACHADO CENTRALMENTE,0.0,0.0,0.0,0.0,0.0,0.0,3379.43,32109.91,52859.04,55564.64,55425.41,55063.19,55398.58,52299.57,43404.12,45317.85,31600.42,3241.67,0.0,0.0,0.0,0.0,0.0,0.0,TX4
2022-01-07 00:00:00,EL PASO,SOLAR,RAD SOLAR,ENDG,DESPACHADO CENTRALMENTE,0.0,0.0,0.0,0.0,0.0,0.0,3109.31,31516.26,50457.12,52530.99,48084.93,53902.35,50744.06,52468.78,49957.94,34262.92,22176.43,3241.25,0.0,0.0,0.0,0.0,0.0,0.0,TX4
2022-01-08 00:00:00,EL PASO,SOLAR,RAD SOLAR,ENDG,DESPACHADO CENTRALMENTE,0.0,0.0,0.0,0.0,0.0,0.0,2246.26,27915.92,40534.11,53738.13,54043.97,52509.75,56255.16,55342.26,52104.38,46629.56,27799.21,3560.06,0.0,0.0,0.0,0.0,0.0,0.0,TX4
2022-01-09 00:00:00,EL PASO,SOLAR,RAD SOLAR,ENDG,DESPACHADO CENTRALMENTE,0.0,0.0,0.0,0.0,0.0,0.0,1474.43,29102.18,50285.47,55145.43,55800.73,56662.89,57579.7,55673.43,53550.62,48403.04,26028.29,1609.09,0.0,0.0,0.0,0.0,0.0,0.0,TX4
2022-01-10 00:00:00,EL PASO,SOLAR,RAD SOLAR,ENDG,DESPACHADO CENTRALMENTE,0.0,0.0,0.0,0.0,0.0,0.0,3425.74,27322.74,53658.19,56584.14,52530.0,51585.66,51259.87,53071.53,51963.52,43580.52,24262.18,2310.18,0.0,0.0,0.0,0.0,0.0,0.0,TX4
2022-01-11 00:00:00,EL PASO,SOLAR,RAD SOLAR,ENDG,DESPACHADO CENTRALMENTE,0.0,0.0,0.0,0.0,0.0,0.0,909.37,10157.9,24028.56,34447.07,42239.47,56960.06,48653.08,47569.46,46502.38,50155.57,24570.03,3809.42,0.0,0.0,0.0,0.0,0.0,0.0,TX4
2022-01-12 00:00:00,EL PASO,SOLAR,RAD SOLAR,ENDG,DESPACHADO CENTRALMENTE,0.0,0.0,0.0,0.0,0.0,0.0,3010.32,31159.9,51763.92,55469.16,54645.19,54692.84,55489.78,49480.23,43550.61,43039.51,34109.97,3349.76,0.0,0.0,0.0,0.0,0.0,0.0,TX4
2022-01-13 00:00:00,EL PASO,SOLAR,RAD SOLAR,ENDG,DESPACHADO CENTRALMENTE,0.0,0.0,0.0,0.0,0.0,0.0,2056.52,26971.58,47528.38,52028.97,54023.97,54212.46,52163.59,39679.97,46925.95,43604.3,3536.78,1706.13,0.0,0.0,0.0,0.0,0.0,0.0,TX4
2022-01-14 00:00:00,EL PASO,SOLAR,RAD SOLAR,ENDG,DESPACHADO CENTRALMENTE,0.0,0.0,0.0,0.0,0.0,0.0,866.5,23393.95,19749.34,23452.65,47354.51,47836.77,55498.65,53084.66,51650.61,34742.63,4301.3,1930.55,0.0,0.0,0.0,0.0,0.0,0.0,TX4
2022-01-15 00:00:00,EL PASO,SOLAR,RAD SOLAR,ENDG,DESPACHADO CENTRALMENTE,0.0,0.0,0.0,0.0,0.0,0.0,658.22,27208.4,48231.72,51325.25,51843.6,52270.74,48896.09,47016.39,48768.43,43076.0,16742.08,4108.72,0.0,0.0,0.0,0.0,0.0,0.0,TX4
2022-01-16 00:00:00,EL PASO,SOLAR,RAD SOLAR,ENDG,DESPACHADO CENTRALMENTE,0.0,0.0,0.0,0.0,0.0,0.0,2695.79,23981.64,44453.04,48931.03,49269.45,53162.0,53727.79,49717.21,42944.99,43457.98,25466.98,3408.38,0.0,0.0,0.0,0.0,0.0,0.0,TX4
2022-01-17 00:00:00,EL PASO,SOLAR,RAD SOLAR,ENDG,DESPACHADO CENTRALMENTE,0.0,0.0,0.0,0.0,0.0,0.0,1527.17,22137.5,40039.45,48556.6,48829.92,28189.09,46907.77,40231.37,39643.83,44340.87,27821.66,3188.95,0.0,0.0,0.0,0.0,0.0,0.0,TX4
2022-01-18 00:00:00,EL PASO,SOLAR,RAD SOLAR,ENDG,DESPACHADO CENTRALMENTE,0.0,0.0,0.0,0.0,0.0,0.0,1276.57,22533.95,40798.98,52398.52,54761.57,55520.72,51951.93,40370.45,36496.65,31394.83,22350.17,1389.02,0.0,0.0,0.0,0.0,0.0,0.0,TX4
2022-01-19 00:00:00,EL PASO,SOLAR,RAD SOLAR,ENDG,DESPACHADO CENTRALMENTE,0.0,0.0,0.0,0.0,0.0,0.0,2576.37,30893.97,49793.65,51549.66,54019.69,52706.74,54879.63,53855.53,51480.87,47642.74,34575.59,5038.63,0.0,0.0,0.0,0.0,0.0,0.0,TX4
2022-01-20 00:00:00,EL PASO,SOLAR,RAD SOLAR,ENDG,DESPACHADO CENTRALMENTE,0.0,0.0,0.0,0.0,0.0,0.0,2562.07,29334.53,49031.02,52498.29,53848.57,51543.92,50937.21,50386.03,51221.18,46294.28,29965.07,4715.65,0.0,0.0,0.0,0.0,0.0,0.0,TX4
2022-01-21 00:00:00,EL PASO,SOLAR,RAD SOLAR,ENDG,DESPACHADO CENTRALMENTE,0.0,0.0,0.0,0.0,0.0,0.0,2187.59,23767.27,45514.23,50996.84,52398.25,53761.96,54116.19,53224.79,50830.37,46440.38,27800.07,4395.76,0.0,0.0,0.0,0.0,0.0,0.0,TX4
2022-01-22 00:00:00,EL PASO,SOLAR,RAD SOLAR,ENDG,DESPACHADO CENTRALMENTE,0.0,0.0,0.0,0.0,0.0,0.0,2242.26,27704.2,48064.05,53378.51,54199.67,53689.02,54055.22,53934.49,52579.61,46748.6,26732.89,5879.97,0.0,0.0,0.0,0.0,0.0,0.0,TX4
2022-01-23 00:00:00,EL PASO,SOLAR,RAD SOLAR,ENDG,DESPACHADO CENTRALMENTE,0.0,0.0,0.0,0.0,0.0,0.0,2452.87,28147.45,48816.11,52869.9,53261.99,53214.95,53374.91,48340.93,33312.85,42677.61,31653.35,4285.88,0.0,0.0,0.0,0.0,0.0,0.0,TX4
2022-01-24 00:00:00,EL PASO,SOLAR,RAD SOLAR,ENDG,DESPACHADO CENTRALMENTE,0.0,0.0,0.0,0.0,0.0,0.0,2356.02,27721.67,47600.35,52374.83,53372.22,53046.47,53107.29,52068.07,51435.07,45164.56,22717.27,4350.2,0.0,0.0,0.0,0.0,0.0,0.0,TX4
2022-01-25 00:00:00,EL PASO,SOLAR,RAD SOLAR,ENDG,DESPACHADO CENTRALMENTE,0.0,0.0,0.0,0.0,0.0,0.0,2354.62,28380.67,49120.33,51949.21,53447.75,53121.67,53553.46,48271.32,47180.46,47251.67,25410.53,4119.43,0.0,0.0,0.0,0.0,0.0,0.0,TX4
2022-01-26 00:00:00,EL PASO,SOLAR,RAD SOLAR,ENDG,DESPACHADO CENTRALMENTE,0.0,0.0,0.0,0.0,0.0,0.0,1726.84,23841.15,44941.44,50568.86,50133.27,39880.44,47548.89,43740.02,42349.3,39706.97,12219.59,2891.0,0.0,0.0,0.0,0.0,0.0,0.0,TX4
2022-01-27 00:00:00,EL PASO,SOLAR,RAD SOLAR,ENDG,DESPACHADO CENTRALMENTE,0.0,0.0,0.0,0.0,0.0,0.0,2168.77,26294.57,48066.41,52969.17,54442.42,53092.44,53575.97,52922.58,47755.74,37809.14,27382.54,1839.73,0.0,0.0,0.0,0.0,0.0,0.0,TX4
2022-01-28 00:00:00,EL PASO,SOLAR,RAD SOLAR,ENDG,DESPACHADO CENTRALMENTE,0.0,0.0,0.0,0.0,0.0,0.0,2268.09,28000.88,49068.69,52715.82,53225.0,53649.21,52350.31,51280.28,49320.15,35044.55,27671.35,5317.38,0.0,0.0,0.0,0.0,0.0,0.0,TX4
2022-01-29 00:00:00,EL PASO,SOLAR,RAD SOLAR,ENDG,DESPACHADO CENTRALMENTE,0.0,0.0,0.0,0.0,0.0,0.0,1735.28,22174.38,33363.26,37128.82,27742.84,33761.15,48837.77,37870.63,27198.21,38157.52,30649.8,5658.48,0.0,0.0,0.0,0.0,0.0,0.0,TX4
2022-01-30 00:00:00,EL PASO,SOLAR,RAD SOLAR,ENDG,DESPACHADO CENTRALMENTE,0.0,0.0,0.0,0.0,0.0,0.0,1725.54,20102.51,37259.09,43505.91,51108.86,54006.98,35599.45,53860.34,49392.52,14747.41,10166.27,2872.86,0.0,0.0,0.0,0.0,0.0,0.0,TX4
2022-01-31 00:00:00,EL PASO,SOLAR,RAD SOLAR,ENDG,DESPACHADO CENTRALMENTE,0.0,0.0,0.0,0.0,0.0,0.0,2607.51,29013.08,49218.11,52869.24,52193.88,47249.1,46686.63,47938.75,47156.22,30016.68,23231.52,6460.18,0.0,0.0,0.0,0.0,0.0,0.0,TX4
2022-02-01 00:00:00,EL PASO,SOLAR,RAD SOLAR,ENDG,DESPACHADO CENTRALMENTE,0.0,0.0,0.0,0.0,0.0,0.0,2074.08,27827.83,47490.42,53322.15,53937.15,54679.91,52211.58,51066.44,47514.78,44967.68,35184.82,6401.35,0.0,0.0,0.0,0.0,0.0,0.0,TX5
2022-02-02 00:00:00,EL PASO,SOLAR,RAD SOLAR,ENDG,DESPACHADO CENTRALMENTE,0.0,0.0,0.0,0.0,0.0,0.0,2208.89,25989.27,45934.28,50810.84,51966.34,53789.74,54164.91,50285.52,51381.55,47701.75,33802.91,6103.94,0.0,0.0,0.0,0.0,0.0,0.0,TX5
2022-02-03 00:00:00,EL PASO,SOLAR,RAD SOLAR,ENDG,DESPACHADO CENTRALMENTE,0.0,0.0,0.0,0.0,0.0,0.0,2440.84,27909.69,48220.06,52331.48,53583.05,53742.85,53680.44,51827.76,50739.68,47807.81,33358.24,5424.1,0.0,0.0,0.0,0.0,0.0,0.0,TX5
2022-02-04 00:00:00,EL PASO,SOLAR,RAD SOLAR,ENDG,DESPACHADO CENTRALMENTE,0.0,0.0,0.0,0.0,0.0,0.0,2128.65,26004.37,46958.49,52369.64,54344.05,54215.57,54435.88,53479.27,49753.38,46662.98,35817.98,4869.14,0.0,0.0,0.0,0.0,0.0,0.0,TX5
2022-02-05 00:00:00,EL PASO,SOLAR,RAD SOLAR,ENDG,DESPACHADO CENTRALMENTE,0.0,0.0,0.0,0.0,0.0,0.0,1769.06,24017.87,48006.77,53445.08,54312.35,53800.02,54776.01,53258.89,48385.96,44247.18,25294.06,4053.77,0.0,0.0,0.0,0.0,0.0,0.0,TX5
2022-02-06 00:00:00,EL PASO,SOLAR,RAD SOLAR,ENDG,DESPACHADO CENTRALMENTE,0.0,0.0,0.0,0.0,0.0,0.0,2336.62,28136.21,49035.38,53787.91,54337.05,53939.41,53810.54,46814.53,39783.59,43202.63,31497.36,6204.35,0.0,0.0,0.0,0.0,0.0,0.0,TX5
2022-02-07 00:00:00,EL PASO,SOLAR,RAD SOLAR,ENDG,DESPACHADO CENTRALMENTE,0.0,0.0,0.0,0.0,0.0,0.0,1060.37,9778.36,28388.76,32455.94,52870.65,45845.57,48208.83,45386.67,51333.7,46847.42,32774.71,2309.47,0.0,0.0,0.0,0.0,0.0,0.0,TX5
2022-02-08 00:00:00,EL PASO,SOLAR,RAD SOLAR,ENDG,DESPACHADO CENTRALMENTE,0.0,0.0,0.0,0.0,0.0,0.0,1064.55,13130.87,14037.98,42994.63,40803.8,40412.12,43693.99,32867.07,50219.86,33431.48,24676.16,3896.59,0.0,0.0,0.0,0.0,0.0,0.0,TX5
2022-02-09 00:00:00,EL PASO,SOLAR,RAD SOLAR,ENDG,DESPACHADO CENTRALMENTE,0.0,0.0,0.0,0.0,0.0,0.0,860.38,11334.89,23363.86,31739.37,32085.08,27770.74,25398.63,32544.48,50094.88,38184.28,12471.09,3214.5,0.0,0.0,0.0,0.0,0.0,0.0,TX5
2022-02-10 00:00:00,EL PASO,SOLAR,RAD SOLAR,ENDG,DESPACHADO CENTRALMENTE,0.0,0.0,0.0,0.0,0.0,0.0,2663.79,26562.07,45565.31,50017.91,54488.69,48314.36,45261.85,47523.73,38893.8,34791.67,24564.05,6097.03,0.0,0.0,0.0,0.0,0.0,0.0,TX5
2022-02-11 00:00:00,EL PASO,SOLAR,RAD SOLAR,ENDG,DESPACHADO CENTRALMENTE,0.0,0.0,0.0,0.0,0.0,0.0,3031.54,32374.71,53160.34,57075.38,57109.27,57043.51,57657.46,56606.46,54359.98,48775.29,33494.08,7048.81,0.0,0.0,0.0,0.0,0.0,0.0,TX5
2022-02-12 00:00:00,EL PASO,SOLAR,RAD SOLAR,ENDG,DESPACHADO CENTRALMENTE,0.0,0.0,0.0,0.0,0.0,0.0,2560.69,27108.08,46737.3,54553.63,57571.03,56445.75,54094.01,50170.67,43620.61,40876.03,26425.82,6934.89,0.0,0.0,0.0,0.0,0.0,0.0,TX5
2022-02-13 00:00:00,EL PASO,SOLAR,RAD SOLAR,ENDG,DESPACHADO CENTRALMENTE,0.0,0.0,0.0,0.0,0.0,0.0,3205.81,32083.0,52410.52,56516.32,56532.44,55380.53,55290.32,53758.99,51656.07,48062.28,36267.68,7601.57,0.0,0.0,0.0,0.0,0.0,0.0,TX5
2022-02-14 00:00:00,EL PASO,SOLAR,RAD SOLAR,ENDG,DESPACHADO CENTRALMENTE,0.0,0.0,0.0,0.0,0.0,0.0,2776.88,28014.08,50721.8,55228.59,56768.22,56418.81,57131.5,56221.99,45543.79,39284.86,30297.94,7663.9,0.0,0.0,0.0,0.0,0.0,0.0,TX5
2022-02-15 00:00:00,EL PASO,SOLAR,RAD SOLAR,ENDG,DESPACHADO CENTRALMENTE,0.0,0.0,0.0,0.0,0.0,0.0,2732.58,21851.51,39981.92,52878.03,59920.19,58421.17,58995.38,53843.65,26865.67,20976.03,17201.05,5655.94,0.0,0.0,0.0,0.0,0.0,0.0,TX5
2022-02-16 00:00:00,EL PASO,SOLAR,RAD SOLAR,ENDG,DESPACHADO CENTRALMENTE,0.0,0.0,0.0,0.0,0.0,0.0,2711.13,32552.35,54375.56,57352.77,57963.32,60209.91,54135.82,49035.9,49004.26,44102.99,38798.51,6459.9,0.0,0.0,0.0,0.0,0.0,0.0,TX5
2022-02-17 00:00:00,EL PASO,SOLAR,RAD SOLAR,ENDG,DESPACHADO CENTRALMENTE,0.0,0.0,0.0,0.0,0.0,0.0,2254.37,28380.83,49949.11,55658.45,57055.69,56542.91,56206.25,55432.48,53011.74,48040.36,33542.0,5414.23,0.0,0.0,0.0,0.0,0.0,0.0,TX5
2022-02-18 00:00:00,EL PASO,SOLAR,RAD SOLAR,ENDG,DESPACHADO CENTRALMENTE,0.0,0.0,0.0,0.0,0.0,0.0,2779.58,28404.79,49143.65,55762.44,57140.15,56794.7,57197.8,56616.1,53676.86,48596.76,36268.2,5362.94,0.0,0.0,0.0,0.0,0.0,0.0,TX5
2022-02-19 00:00:00,EL PASO,SOLAR,RAD SOLAR,ENDG,DESPACHADO CENTRALMENTE,0.0,0.0,0.0,0.0,0.0,0.0,2867.11,18597.49,37149.08,54406.32,55966.44,54034.53,54678.53,47169.79,35222.26,37040.88,23697.92,3561.02,0.0,0.0,0.0,0.0,0.0,0.0,TX5
2022-02-20 00:00:00,EL PASO,SOLAR,RAD SOLAR,ENDG,DESPACHADO CENTRALMENTE,0.0,0.0,0.0,0.0,0.0,0.0,1938.14,26832.31,53518.07,57318.38,59033.33,59331.11,59302.88,58630.82,56549.96,52356.95,39373.66,8274.89,0.0,0.0,0.0,0.0,0.0,0.0,TX5
2022-02-21 00:00:00,EL PASO,SOLAR,RAD SOLAR,ENDG,DESPACHADO CENTRALMENTE,0.0,0.0,0.0,0.0,0.0,0.0,3895.48,34303.51,53493.29,58289.84,59351.93,58506.21,58639.81,57775.35,55071.18,47728.13,25191.53,5777.29,0.0,0.0,0.0,0.0,0.0,0.0,TX5
2022-02-22 00:00:00,EL PASO,SOLAR,RAD SOLAR,ENDG,DESPACHADO CENTRALMENTE,0.0,0.0,0.0,0.0,0.0,0.0,3875.8,33763.7,54068.44,57907.88,58650.14,57551.89,57812.79,57133.24,53774.81,48935.37,37287.88,6499.89,0.0,0.0,0.0,0.0,0.0,0.0,TX5
2022-02-23 00:00:00,EL PASO,SOLAR,RAD SOLAR,ENDG,DESPACHADO CENTRALMENTE,0.0,0.0,0.0,0.0,0.0,0.0,3718.6,31738.97,51706.78,57052.79,57917.53,57648.02,56856.57,56598.16,53472.52,49856.15,36664.47,6962.51,0.0,0.0,0.0,0.0,0.0,0.0,TX5
2022-02-24 00:00:00,EL PASO,SOLAR,RAD SOLAR,ENDG,DESPACHADO CENTRALMENTE,0.0,0.0,0.0,0.0,0.0,0.0,3638.87,32086.17,52116.88,57343.76,58780.12,58508.75,58679.46,57784.76,55467.0,50646.8,38240.73,8508.03,0.0,0.0,0.0,0.0,0.0,0.0,TX5
2022-02-25 00:00:00,EL PASO,SOLAR,RAD SOLAR,ENDG,DESPACHADO CENTRALMENTE,0.0,0.0,0.0,0.0,0.0,0.0,4222.04,34928.4,53986.0,58283.41,59159.86,57742.29,57460.18,57126.74,53901.98,49605.98,19736.52,7585.55,0.0,0.0,0.0,0.0,0.0,0.0,TX5
2022-02-26 00:00:00,EL PASO,SOLAR,RAD SOLAR,ENDG,DESPACHADO CENTRALMENTE,0.0,0.0,0.0,0.0,0.0,0.0,4193.01,33688.09,52365.01,56219.79,56835.63,56070.24,55176.23,44530.89,44569.5,28574.03,27906.89,6765.98,0.0,0.0,0.0,0.0,0.0,0.0,TX5
2022-02-27 00:00:00,EL PASO,SOLAR,RAD SOLAR,ENDG,DESPACHADO CENTRALMENTE,0.0,0.0,0.0,0.0,0.0,0.0,3505.18,21085.14,21469.19,53136.01,49732.83,46905.39,50981.56,51422.98,34075.98,7460.6,4570.25,1609.41,0.0,0.0,0.0,0.0,0.0,0.0,TX5
2022-02-28 00:00:00,EL PASO,SOLAR,RAD SOLAR,ENDG,DESPACHADO CENTRALMENTE,0.0,0.0,0.0,0.0,0.0,0.0,1299.33,6737.43,27971.92,37754.04,44308.17,37176.5,37543.47,29591.47,26772.64,10109.24,2345.61,0.0,0.0,0.0,0.0,0.0,0.0,0.0,TX5
2022-03-01 00:00:00,EL PASO,SOLAR,RAD SOLAR,ENDG,DESPACHADO CENTRALMENTE,0.0,0.0,0.0,0.0,0.0,0.0,1359.79,9596.56,16447.97,50571.82,47690.17,46136.91,43662.47,48525.99,55799.82,48543.2,15806.88,279.66,0.0,0.0,0.0,0.0,0.0,0.0,TX4
2022-03-02 00:00:00,EL PASO,SOLAR,RAD SOLAR,ENDG,DESPACHADO CENTRALMENTE,0.0,0.0,0.0,0.0,0.0,0.0,4166.01,33105.14,48152.14,50489.54,58898.47,54685.38,45744.55,43762.75,39702.99,24071.62,631.85,0.0,0.0,0.0,0.0,0.0,0.0,0.0,TX4
2022-03-03 00:00:00,EL PASO,SOLAR,RAD SOLAR,ENDG,DESPACHADO CENTRALMENTE,0.0,0.0,0.0,0.0,0.0,0.0,1346.28,11017.62,43967.19,57777.47,59022.26,59428.44,58733.83,57140.74,54965.83,48559.44,7017.42,588.23,0.0,0.0,0.0,0.0,0.0,0.0,TX4
2022-03-04 00:00:00,EL PASO,SOLAR,RAD SOLAR,ENDG,DESPACHADO CENTRALMENTE,0.0,0.0,0.0,0.0,0.0,0.0,384.22,5972.89,12983.22,35419.17,35026.15,45237.48,49119.36,32065.83,35912.31,14162.77,7563.6,2973.73,0.0,0.0,0.0,0.0,0.0,0.0,TX4
2022-03-05 00:00:00,EL PASO,SOLAR,RAD SOLAR,ENDG,DESPACHADO CENTRALMENTE,0.0,0.0,0.0,0.0,0.0,0.0,911.08,25917.21,49087.93,56311.83,57738.66,56739.54,53802.22,53371.24,53043.0,44245.35,2962.29,438.71,0.0,0.0,0.0,0.0,0.0,0.0,TX4
2022-03-06 00:00:00,EL PASO,SOLAR,RAD SOLAR,ENDG,DESPACHADO CENTRALMENTE,0.0,0.0,0.0,0.0,0.0,0.0,690.62,4308.49,11387.59,26332.0,39325.18,48152.72,56949.33,59478.68,56455.79,53410.24,29012.89,1973.0,0.0,0.0,0.0,0.0,0.0,0.0,TX4
2022-03-07 00:00:00,EL PASO,SOLAR,RAD SOLAR,ENDG,DESPACHADO CENTRALMENTE,0.0,0.0,0.0,0.0,0.0,0.0,6811.04,26495.35,45269.74,59659.13,60137.61,59346.74,59309.17,52173.42,53372.17,51994.37,28883.64,3453.31,0.0,0.0,0.0,0.0,0.0,0.0,TX4
2022-03-08 00:00:00,EL PASO,SOLAR,RAD SOLAR,ENDG,DESPACHADO CENTRALMENTE,0.0,0.0,0.0,0.0,0.0,0.0,5384.75,35526.52,53908.4,58633.31,59045.58,57803.73,58110.9,57025.52,55039.69,51541.67,40583.49,7841.89,0.0,0.0,0.0,0.0,0.0,0.0,TX4
2022-03-09 00:00:00,EL PASO,SOLAR,RAD SOLAR,ENDG,DESPACHADO CENTRALMENTE,0.0,0.0,0.0,0.0,0.0,0.0,5875.57,37484.7,53592.07,56294.13,56942.64,56171.94,56787.77,55524.95,53492.05,50512.25,38717.62,2660.8,0.0,0.0,0.0,0.0,0.0,0.0,TX4
2022-03-10 00:00:00,EL PASO,SOLAR,RAD SOLAR,ENDG,DESPACHADO CENTRALMENTE,0.0,0.0,0.0,0.0,0.0,0.0,4681.45,24164.83,38280.73,24625.63,28104.19,45311.71,51363.45,47183.26,48474.34,25289.3,8338.25,573.75,0.0,0.0,0.0,0.0,0.0,0.0,TX4
2022-03-11 00:00:00,EL PASO,SOLAR,RAD SOLAR,ENDG,DESPACHADO CENTRALMENTE,0.0,0.0,0.0,0.0,0.0,0.0,1486.72,6997.14,16157.71,40766.0,43967.9,55904.22,58477.43,58012.74,50269.22,50431.75,27817.5,3859.69,0.0,0.0,0.0,0.0,0.0,0.0,TX4
2022-03-12 00:00:00,EL PASO,SOLAR,RAD SOLAR,ENDG,DESPACHADO CENTRALMENTE,0.0,0.0,0.0,0.0,0.0,0.0,6421.7,34888.59,46716.09,53655.29,57514.71,57477.4,58078.48,56054.72,50961.94,25205.95,33386.64,4362.85,0.0,0.0,0.0,0.0,0.0,0.0,TX4
2022-03-13 00:00:00,EL PASO,SOLAR,RAD SOLAR,ENDG,DESPACHADO CENTRALMENTE,0.0,0.0,0.0,0.0,0.0,0.0,0.0,1158.91,8289.11,15148.83,25320.63,37900.45,56963.84,50826.96,23715.7,19631.96,8528.56,6804.15,0.0,0.0,0.0,0.0,0.0,0.0,TX4
2022-03-14 00:00:00,EL PASO,SOLAR,RAD SOLAR,ENDG,DESPACHADO CENTRALMENTE,0.0,0.0,0.0,0.0,0.0,0.0,7666.65,41037.75,56989.7,60183.21,61393.3,61658.79,60836.22,59429.75,58123.03,54186.4,42401.82,9663.66,0.0,0.0,0.0,0.0,0.0,0.0,TX4
2022-03-15 00:00:00,EL PASO,SOLAR,RAD SOLAR,ENDG,DESPACHADO CENTRALMENTE,0.0,0.0,0.0,0.0,0.0,0.0,8088.58,42278.59,57206.56,60333.5,58565.6,58757.72,59593.05,59002.23,56588.19,53414.6,41176.34,4781.99,0.0,0.0,0.0,0.0,0.0,0.0,TX4
2022-03-16 00:00:00,EL PASO,SOLAR,RAD SOLAR,ENDG,DESPACHADO CENTRALMENTE,0.0,0.0,0.0,0.0,0.0,0.0,5912.74,40006.63,54900.84,58416.88,58385.65,58591.4,57726.53,57238.33,55699.7,51215.0,37887.37,9022.15,0.0,0.0,0.0,0.0,0.0,0.0,TX4
2022-03-17 00:00:00,EL PASO,SOLAR,RAD SOLAR,ENDG,DESPACHADO CENTRALMENTE,0.0,0.0,0.0,0.0,0.0,0.0,5730.17,32391.37,49742.31,55459.47,57714.9,50901.37,55360.67,41725.18,52731.18,47236.51,1037.63,967.19,0.0,0.0,0.0,0.0,0.0,0.0,TX4
2022-03-18 00:00:00,EL PASO,SOLAR,RAD SOLAR,ENDG,DESPACHADO CENTRALMENTE,0.0,0.0,0.0,0.0,0.0,0.0,6327.54,34605.88,52479.54,57990.63,59306.59,58382.35,59830.63,56687.34,55414.65,50520.85,38732.5,8782.87,0.0,0.0,0.0,0.0,0.0,0.0,TX4
2022-03-19 00:00:00,EL PASO,SOLAR,RAD SOLAR,ENDG,DESPACHADO CENTRALMENTE,0.0,0.0,0.0,0.0,0.0,0.0,7991.32,39448.97,48052.88,59728.93,62501.86,62131.76,60969.08,59157.54,55645.06,48163.05,38820.09,9877.48,0.0,0.0,0.0,0.0,0.0,0.0,TX4
2022-03-20 00:00:00,EL PASO,SOLAR,RAD SOLAR,ENDG,DESPACHADO CENTRALMENTE,0.0,0.0,0.0,0.0,0.0,0.0,3967.53,32790.82,42792.59,42890.78,56969.48,50520.49,47705.72,36514.22,32016.38,36287.77,17943.47,3168.79,0.0,0.0,0.0,0.0,0.0,0.0,TX4
2022-03-21 00:00:00,EL PASO,SOLAR,RAD SOLAR,ENDG,DESPACHADO CENTRALMENTE,0.0,0.0,0.0,0.0,0.0,0.0,7756.69,38388.02,51768.09,60852.52,60815.28,59697.52,58298.45,57157.39,49205.71,37411.56,11078.77,4301.99,0.0,0.0,0.0,0.0,0.0,0.0,TX4
2022-03-22 00:00:00,EL PASO,SOLAR,RAD SOLAR,ENDG,DESPACHADO CENTRALMENTE,0.0,0.0,0.0,0.0,0.0,0.0,8036.04,40369.24,55369.4,62256.87,63143.2,61787.33,61106.32,59301.85,56545.51,51733.32,36393.12,6691.48,0.0,0.0,0.0,0.0,0.0,0.0,TX4
2022-03-23 00:00:00,EL PASO,SOLAR,RAD SOLAR,ENDG,DESPACHADO CENTRALMENTE,0.0,0.0,0.0,0.0,0.0,0.0,8670.07,41636.32,56391.3,59730.2,61111.02,60349.2,59315.6,56902.39,55450.29,48943.96,32860.06,8912.06,0.0,0.0,0.0,0.0,0.0,0.0,TX4
2022-03-24 00:00:00,EL PASO,SOLAR,RAD SOLAR,ENDG,DESPACHADO CENTRALMENTE,0.0,0.0,0.0,0.0,0.0,0.0,8256.5,39537.84,55200.06,59146.2,59666.31,59867.39,59903.26,56235.66,43763.52,47566.52,31829.79,7146.29,0.0,0.0,0.0,0.0,0.0,0.0,TX4
2022-03-25 00:00:00,EL PASO,SOLAR,RAD SOLAR,ENDG,DESPACHADO CENTRALMENTE,0.0,0.0,0.0,0.0,0.0,0.0,7471.75,36879.13,53121.42,57191.86,57815.67,58646.86,58964.99,56771.92,45197.88,47454.22,29870.58,6148.24,0.0,0.0,0.0,0.0,0.0,0.0,TX4
2022-03-26 00:00:00,EL PASO,SOLAR,RAD SOLAR,ENDG,DESPACHADO CENTRALMENTE,0.0,0.0,0.0,0.0,0.0,0.0,2622.34,14836.83,20563.15,32284.01,39079.75,53356.35,40243.54,48531.34,39773.77,38710.99,22597.76,3815.34,0.0,0.0,0.0,0.0,0.0,0.0,TX4
2022-03-27 00:00:00,EL PASO,SOLAR,RAD SOLAR,ENDG,DESPACHADO CENTRALMENTE,0.0,0.0,0.0,0.0,0.0,0.0,2609.97,13559.87,16508.23,26875.21,49597.5,61956.46,56979.62,36390.92,11170.23,5680.81,761.74,15.55,0.0,0.0,0.0,0.0,0.0,0.0,TX4
2022-03-28 00:00:00,EL PASO,SOLAR,RAD SOLAR,ENDG,DESPACHADO CENTRALMENTE,0.0,0.0,0.0,0.0,0.0,0.0,3374.62,13476.48,14506.82,18649.5,30193.96,32154.28,29704.93,42942.56,27771.7,33716.28,18549.4,5184.74,0.0,0.0,0.0,0.0,0.0,0.0,TX4
2022-03-29 00:00:00,EL PASO,SOLAR,RAD SOLAR,ENDG,DESPACHADO CENTRALMENTE,0.0,0.0,0.0,0.0,0.0,0.0,2657.07,16297.79,37523.6,55339.84,43970.99,47636.52,50633.18,43134.62,31895.79,15594.61,7849.57,7918.01,0.0,0.0,0.0,0.0,0.0,0.0,TX4
2022-03-30 00:00:00,EL PASO,SOLAR,RAD SOLAR,ENDG,DESPACHADO CENTRALMENTE,0.0,0.0,0.0,0.0,0.0,0.0,6413.2,10483.15,20851.95,43179.03,47935.06,43084.81,40959.68,52856.76,48198.58,55597.7,17371.39,4958.68,0.0,0.0,0.0,0.0,0.0,0.0,TX4
2022-03-31 00:00:00,EL PASO,SOLAR,RAD SOLAR,ENDG,DESPACHADO CENTRALMENTE,0.0,0.0,0.0,0.0,0.0,0.0,1504.45,9754.55,34312.5,44269.59,37065.08,45573.36,56911.03,63852.61,60085.31,25260.97,20421.04,4279.36,0.0,0.0,0.0,0.0,0.0,0.0,TX4
2022-04-01 00:00:00,EL PASO,SOLAR,RAD SOLAR,ENDG,DESPACHADO CENTRALMENTE,0.0,0.0,0.0,0.0,0.0,0.0,1605.3,7110.73,22055.99,43546.0,59568.55,52098.92,48483.2,50978.92,51259.5,22419.57,12695.66,3854.82,0.0,0.0,0.0,0.0,0.0,0.0,TX4
2022-04-02 00:00:00,EL PASO,SOLAR,RAD SOLAR,ENDG,DESPACHADO CENTRALMENTE,0.0,0.0,0.0,0.0,0.0,0.0,4283.36,17871.91,46823.5,59070.22,56064.41,49940.18,50047.35,58012.79,56366.16,50078.94,37203.76,11238.2,0.0,0.0,0.0,0.0,0.0,0.0,TX4
2022-04-03 00:00:00,EL PASO,SOLAR,RAD SOLAR,ENDG,DESPACHADO CENTRALMENTE,0.0,0.0,0.0,0.0,0.0,0.0,9505.86,38583.9,53785.53,57991.56,58782.02,60655.38,51003.17,53414.53,56218.2,30062.6,9359.2,87.14,0.0,0.0,0.0,0.0,0.0,0.0,TX4
2022-04-04 00:00:00,EL PASO,SOLAR,RAD SOLAR,ENDG,DESPACHADO CENTRALMENTE,0.0,0.0,0.0,0.0,0.0,0.0,2193.25,4908.0,19856.11,24740.34,39168.7,43060.06,50568.44,50431.85,47631.39,47782.22,16750.63,2962.95,0.0,0.0,0.0,0.0,0.0,0.0,TX4
2022-04-05 00:00:00,EL PASO,SOLAR,RAD SOLAR,ENDG,DESPACHADO CENTRALMENTE,0.0,0.0,0.0,0.0,0.0,0.0,4757.09,29252.09,43336.66,38900.53,49501.42,47233.58,49157.3,45144.4,53936.73,50959.03,37372.22,7388.44,0.0,0.0,0.0,0.0,0.0,0.0,TX4
2022-04-06 00:00:00,EL PASO,SOLAR,RAD SOLAR,ENDG,DESPACHADO CENTRALMENTE,0.0,0.0,0.0,0.0,0.0,0.0,4141.9,18669.3,41907.65,59271.95,59998.62,60335.54,60078.41,56616.91,51150.0,51413.65,38759.71,2547.18,0.0,0.0,0.0,0.0,0.0,0.0,TX4
2022-04-07 00:00:00,EL PASO,SOLAR,RAD SOLAR,ENDG,DESPACHADO CENTRALMENTE,0.0,0.0,0.0,0.0,0.0,0.0,8837.65,16810.22,23127.37,45255.07,47972.64,49589.59,57507.41,56881.09,54189.46,44035.91,27079.13,2837.42,0.0,0.0,0.0,0.0,0.0,0.0,TX4
2022-04-08 00:00:00,EL PASO,SOLAR,RAD SOLAR,ENDG,DESPACHADO CENTRALMENTE,0.0,0.0,0.0,0.0,0.0,0.0,3882.15,22312.76,57215.0,52120.84,55458.61,60867.29,62448.23,35315.6,32435.41,32591.08,24405.12,3994.05,0.0,0.0,0.0,0.0,0.0,0.0,TX4
2022-04-09 00:00:00,EL PASO,SOLAR,RAD SOLAR,ENDG,DESPACHADO CENTRALMENTE,0.0,0.0,0.0,0.0,0.0,0.0,3599.53,21912.13,53623.83,58760.36,59718.32,60136.64,60118.29,51578.56,54312.15,48040.71,35242.88,9237.14,0.0,0.0,0.0,0.0,0.0,0.0,TX4
2022-04-10 00:00:00,EL PASO,SOLAR,RAD SOLAR,ENDG,DESPACHADO CENTRALMENTE,0.0,0.0,0.0,0.0,0.0,0.0,6555.48,32130.22,55427.0,63194.12,64747.34,64645.57,62174.67,60094.83,56617.22,51895.5,33923.23,6080.57,0.0,0.0,0.0,0.0,0.0,0.0,TX4
2022-04-11 00:00:00,EL PASO,SOLAR,RAD SOLAR,ENDG,DESPACHADO CENTRALMENTE,0.0,0.0,0.0,0.0,0.0,0.0,8705.57,25572.79,49408.61,60455.34,62105.12,59912.54,62259.41,58904.72,53109.47,48848.25,33647.65,7038.96,0.0,0.0,0.0,0.0,0.0,0.0,TX4
2022-04-12 00:00:00,EL PASO,SOLAR,RAD SOLAR,ENDG,DESPACHADO CENTRALMENTE,0.0,0.0,0.0,0.0,0.0,0.0,8609.91,37517.83,54683.93,61750.56,64367.86,64470.98,63767.06,60859.57,57459.31,51052.94,36495.12,8308.96,0.0,0.0,0.0,0.0,0.0,0.0,TX4
2022-04-13 00:00:00,EL PASO,SOLAR,RAD SOLAR,ENDG,DESPACHADO CENTRALMENTE,0.0,0.0,0.0,0.0,0.0,0.0,11382.95,42413.68,56873.09,61485.93,62200.31,59377.79,60197.49,58044.71,56766.54,51224.29,32387.58,5508.72,0.0,0.0,0.0,0.0,0.0,0.0,TX4
2022-04-14 00:00:00,EL PASO,SOLAR,RAD SOLAR,ENDG,DESPACHADO CENTRALMENTE,0.0,0.0,0.0,0.0,0.0,9.85,9942.58,39778.15,54980.8,59159.38,58933.31,59056.0,60923.9,59860.57,56723.28,50229.19,23987.6,1703.73,0.0,0.0,0.0,0.0,0.0,0.0,TX4
2022-04-15 00:00:00,EL PASO,SOLAR,RAD SOLAR,ENDG,DESPACHADO CENTRALMENTE,0.0,0.0,0.0,0.0,0.0,0.0,7087.84,22050.46,37742.08,55424.95,60564.98,59920.77,59751.67,58966.85,57937.79,51693.06,29399.57,2033.16,0.0,0.0,0.0,0.0,0.0,0.0,TX4
2022-04-16 00:00:00,EL PASO,SOLAR,RAD SOLAR,ENDG,DESPACHADO CENTRALMENTE,0.0,0.0,0.0,0.0,0.0,36.88,11586.63,41750.9,56324.38,60058.14,60921.83,59125.67,60579.56,58891.68,48403.59,10245.47,2091.39,206.69,0.0,0.0,0.0,0.0,0.0,0.0,TX4
2022-04-17 00:00:00,EL PASO,SOLAR,RAD SOLAR,ENDG,DESPACHADO CENTRALMENTE,0.0,0.0,0.0,0.0,0.0,0.0,2917.55,13156.09,32940.84,45123.94,53046.56,55762.3,58472.94,39666.72,27934.25,28851.71,28652.02,3644.95,0.0,0.0,0.0,0.0,0.0,0.0,TX4
2022-04-18 00:00:00,EL PASO,SOLAR,RAD SOLAR,ENDG,DESPACHADO CENTRALMENTE,0.0,0.0,0.0,0.0,0.0,0.0,8223.0,22961.89,33326.67,43653.72,50243.52,56877.91,51759.58,58157.4,27918.7,5923.9,817.04,62.7,0.0,0.0,0.0,0.0,0.0,0.0,TX4
2022-04-19 00:00:00,EL PASO,SOLAR,RAD SOLAR,ENDG,DESPACHADO CENTRALMENTE,0.0,0.0,0.0,0.0,0.0,0.0,3762.52,9088.68,7792.87,6328.88,14285.78,22631.8,29956.94,40086.47,42067.38,39041.69,13903.23,3349.85,0.0,0.0,0.0,0.0,0.0,0.0,TX4
2022-04-20 00:00:00,EL PASO,SOLAR,RAD SOLAR,ENDG,DESPACHADO CENTRALMENTE,0.0,0.0,0.0,0.0,0.0,0.0,2704.44,9169.83,18971.94,30518.73,52660.79,55629.93,53467.26,59048.55,38539.44,24327.63,18646.74,10972.57,0.0,0.0,0.0,0.0,0.0,0.0,TX4
2022-04-21 00:00:00,EL PASO,SOLAR,RAD SOLAR,ENDG,DESPACHADO CENTRALMENTE,0.0,0.0,0.0,0.0,0.0,0.0,3776.8,6638.49,14335.49,39129.4,46593.5,57464.58,54305.96,45802.41,47409.64,28620.34,27486.49,6221.28,0.0,0.0,0.0,0.0,0.0,0.0,TX4
2022-04-22 00:00:00,EL PASO,SOLAR,RAD SOLAR,ENDG,DESPACHADO CENTRALMENTE,0.0,0.0,0.0,0.0,0.0,90.89,10920.96,13390.29,27714.84,36669.71,46847.67,53558.2,40495.85,30545.29,21877.52,15933.9,13141.75,5676.79,0.0,0.0,0.0,0.0,0.0,0.0,TX4
2022-04-23 00:00:00,EL PASO,SOLAR,RAD SOLAR,ENDG,DESPACHADO CENTRALMENTE,0.0,0.0,0.0,0.0,0.0,0.0,2292.17,18418.26,41809.24,54792.46,54803.97,57991.82,60443.32,55415.91,54227.95,55140.34,24580.18,8531.72,0.0,0.0,0.0,0.0,0.0,0.0,TX4
2022-04-24 00:00:00,EL PASO,SOLAR,RAD SOLAR,ENDG,DESPACHADO CENTRALMENTE,0.0,0.0,0.0,0.0,0.0,139.62,21199.95,50975.34,59212.93,61506.55,60825.06,60313.55,58293.82,56961.81,57176.96,54564.95,36542.81,1095.51,0.0,0.0,0.0,0.0,0.0,0.0,TX4
2022-04-25 00:00:00,EL PASO,SOLAR,RAD SOLAR,ENDG,DESPACHADO CENTRALMENTE,0.0,0.0,0.0,0.0,0.0,0.0,5385.6,21675.32,44961.49,49694.26,56798.98,53083.66,50412.47,54835.24,57974.73,39672.73,13600.91,3433.34,0.0,0.0,0.0,0.0,0.0,0.0,TX4
2022-04-26 00:00:00,EL PASO,SOLAR,RAD SOLAR,ENDG,DESPACHADO CENTRALMENTE,0.0,0.0,0.0,0.0,0.0,0.0,14867.27,40655.15,49281.29,60138.55,59278.84,41987.17,42305.26,55086.5,43723.6,25122.95,14669.08,710.62,0.0,0.0,0.0,0.0,0.0,0.0,TX4
2022-04-28 00:00:00,EL PASO,SOLAR,RAD SOLAR,ENDG,DESPACHADO CENTRALMENTE,0.0,0.0,0.0,0.0,0.0,0.0,3782.75,14989.35,35233.87,46037.74,45715.19,39529.65,27362.0,12919.25,10036.78,9059.86,2696.2,458.47,0.0,0.0,0.0,0.0,0.0,0.0,TX4
2022-04-29 00:00:00,EL PASO,SOLAR,RAD SOLAR,ENDG,DESPACHADO CENTRALMENTE,0.0,0.0,0.0,0.0,0.0,88.13,8291.45,25540.85,53753.39,50133.94,45879.02,51607.59,42922.76,40799.71,44958.87,56852.36,40758.44,6674.69,0.0,0.0,0.0,0.0,0.0,0.0,TX4
2022-04-30 00:00:00,EL PASO,SOLAR,RAD SOLAR,ENDG,DESPACHADO CENTRALMENTE,0.0,0.0,0.0,0.0,0.0,42.51,6143.74,20256.97,53469.9,59761.03,58473.03,59985.14,57288.76,54854.64,47230.1,33508.85,12360.5,3373.7,0.0,0.0,0.0,0.0,0.0,0.0,TX4
2022-05-01 00:00:00,EL PASO,SOLAR,RAD SOLAR,ENDG,DESPACHADO CENTRALMENTE,0.0,0.0,0.0,0.0,0.0,0.0,1505.97,5275.61,13491.7,35133.67,44147.52,46255.17,61318.18,60285.18,54666.96,54024.64,41854.32,11316.88,0.0,0.0,0.0,0.0,0.0,0.0,TX4
2022-05-02 00:00:00,EL PASO,SOLAR,RAD SOLAR,ENDG,DESPACHADO CENTRALMENTE,0.0,0.0,0.0,0.0,0.0,153.18,16045.7,48416.51,38139.36,38709.0,51072.38,51092.77,58893.86,58381.41,50745.42,56324.42,33976.03,9555.18,0.0,0.0,0.0,0.0,0.0,0.0,TX4
2022-05-03 00:00:00,EL PASO,SOLAR,RAD SOLAR,ENDG,DESPACHADO CENTRALMENTE,0.0,0.0,0.0,0.0,0.0,80.47,6959.52,9248.61,34432.38,54296.13,59597.89,60109.95,59314.02,57083.72,52187.36,35895.47,33025.45,6382.71,0.0,0.0,0.0,0.0,0.0,0.0,TX4
2022-05-04 00:00:00,EL PASO,SOLAR,RAD SOLAR,ENDG,DESPACHADO CENTRALMENTE,0.0,0.0,0.0,0.0,0.0,238.47,15789.69,45104.01,54100.68,57826.32,57981.79,57695.78,58870.12,54989.37,50940.01,46385.17,29617.96,3343.31,0.0,0.0,0.0,0.0,0.0,0.0,TX4
2022-05-05 00:00:00,EL PASO,SOLAR,RAD SOLAR,ENDG,DESPACHADO CENTRALMENTE,0.0,0.0,0.0,0.0,0.0,149.52,6476.17,17916.21,32798.38,51385.54,37148.15,36080.59,34375.49,42430.17,33143.59,18328.04,6099.59,1749.87,0.0,0.0,0.0,0.0,0.0,0.0,TX4
2022-05-06 00:00:00,EL PASO,SOLAR,RAD SOLAR,ENDG,DESPACHADO CENTRALMENTE,0.0,0.0,0.0,0.0,0.0,0.0,2935.74,7317.56,9969.75,20121.64,23631.89,42936.87,38089.56,42872.95,30312.09,3993.45,1837.38,222.51,0.0,0.0,0.0,0.0,0.0,0.0,TX4
2022-05-07 00:00:00,EL PASO,SOLAR,RAD SOLAR,ENDG,DESPACHADO CENTRALMENTE,0.0,0.0,0.0,0.0,0.0,7.2,5943.44,11226.03,53782.62,48788.89,47379.41,47969.48,44519.12,48766.22,55666.0,54567.26,21200.85,3873.07,0.0,0.0,0.0,0.0,0.0,0.0,TX4
2022-05-08 00:00:00,EL PASO,SOLAR,RAD SOLAR,ENDG,DESPACHADO CENTRALMENTE,0.0,0.0,0.0,0.0,0.0,62.63,7867.49,11889.42,47947.15,55120.5,54581.74,54992.81,60152.36,60842.31,59303.63,55651.47,44081.84,8296.88,0.0,0.0,0.0,0.0,0.0,0.0,TX4
2022-05-09 00:00:00,EL PASO,SOLAR,RAD SOLAR,ENDG,DESPACHADO CENTRALMENTE,0.0,0.0,0.0,0.0,0.0,177.45,15443.14,49994.03,57029.82,58546.96,58066.8,59138.0,58626.33,54482.74,8890.98,6150.52,4204.96,1646.17,0.0,0.0,0.0,0.0,0.0,0.0,TX4
2022-05-10 00:00:00,EL PASO,SOLAR,RAD SOLAR,ENDG,DESPACHADO CENTRALMENTE,0.0,0.0,0.0,0.0,0.0,0.0,1967.34,323.75,3453.75,4293.89,4121.63,13351.82,16427.82,35008.66,33033.78,32256.31,10367.15,3282.67,0.0,0.0,0.0,0.0,0.0,0.0,TX4
2022-05-11 00:00:00,EL PASO,SOLAR,RAD SOLAR,ENDG,DESPACHADO CENTRALMENTE,0.0,0.0,0.0,0.0,0.0,0.0,442.44,1295.26,12338.3,29192.67,20893.51,44022.25,32980.6,36429.08,41555.52,17902.42,10445.65,2233.01,0.0,0.0,0.0,0.0,0.0,0.0,TX4
2022-05-12 00:00:00,EL PASO,SOLAR,RAD SOLAR,ENDG,DESPACHADO CENTRALMENTE,0.0,0.0,0.0,0.0,0.0,290.36,8334.3,10864.11,12811.64,25675.0,47562.21,58275.57,35355.41,31205.2,44907.78,49006.44,41286.88,2759.02,0.0,0.0,0.0,0.0,0.0,0.0,TX4
2022-05-13 00:00:00,EL PASO,SOLAR,RAD SOLAR,ENDG,DESPACHADO CENTRALMENTE,0.0,0.0,0.0,0.0,0.0,212.22,7770.87,34673.82,49082.98,49318.86,55426.82,60642.29,55782.37,54346.15,58985.68,37944.11,39699.33,5023.21,0.0,0.0,0.0,0.0,0.0,0.0,TX4
2022-05-14 00:00:00,EL PASO,SOLAR,RAD SOLAR,ENDG,DESPACHADO CENTRALMENTE,0.0,0.0,0.0,0.0,0.0,0.0,3833.83,10214.61,31284.37,43154.46,53179.85,56658.15,51871.08,58716.88,38398.81,23604.44,33533.17,4340.3,0.0,0.0,0.0,0.0,0.0,0.0,TX4
2022-05-15 00:00:00,EL PASO,SOLAR,RAD SOLAR,ENDG,DESPACHADO CENTRALMENTE,0.0,0.0,0.0,0.0,0.0,183.45,10383.51,24260.2,29542.27,51224.19,37387.1,46061.76,50836.84,39530.66,28168.77,27096.38,15601.27,4769.66,0.0,0.0,0.0,0.0,0.0,0.0,TX4
2022-05-16 00:00:00,EL PASO,SOLAR,RAD SOLAR,ENDG,DESPACHADO CENTRALMENTE,0.0,0.0,0.0,0.0,0.0,0.0,2760.87,20088.72,40277.16,46102.81,50975.93,57984.04,59494.08,57472.37,54443.9,40972.09,28984.84,4466.81,0.0,0.0,0.0,0.0,0.0,0.0,TX4
2022-05-17 00:00:00,EL PASO,SOLAR,RAD SOLAR,ENDG,DESPACHADO CENTRALMENTE,0.0,0.0,0.0,0.0,0.0,189.26,4905.8,1430.5,1335.57,6149.31,25067.71,40667.33,44997.94,36892.59,32444.95,21563.33,6594.47,164.03,0.0,0.0,0.0,0.0,0.0,0.0,TX4
2022-05-18 00:00:00,EL PASO,SOLAR,RAD SOLAR,ENDG,DESPACHADO CENTRALMENTE,0.0,0.0,0.0,0.0,0.0,262.71,6253.12,14476.43,21853.51,30025.01,21233.34,29726.22,41940.85,34474.01,35419.82,16441.15,8154.29,2528.66,0.0,0.0,0.0,0.0,0.0,0.0,TX4
2022-05-20 00:00:00,EL PASO,SOLAR,RAD SOLAR,ENDG,DESPACHADO CENTRALMENTE,0.0,0.0,0.0,0.0,0.0,456.06,16109.2,27450.95,49082.19,49780.86,46679.17,42895.67,49413.68,53092.43,53214.27,49518.64,36520.59,1845.67,0.0,0.0,0.0,0.0,0.0,0.0,TX4
2022-05-21 00:00:00,EL PASO,SOLAR,RAD SOLAR,ENDG,DESPACHADO CENTRALMENTE,0.0,0.0,0.0,0.0,0.0,401.01,16079.59,43641.05,54290.87,59253.95,60158.51,59125.27,58997.52,58335.83,56766.78,51691.55,37234.17,8643.49,0.0,0.0,0.0,0.0,0.0,0.0,TX4
2022-05-22 00:00:00,EL PASO,SOLAR,RAD SOLAR,ENDG,DESPACHADO CENTRALMENTE,0.0,0.0,0.0,0.0,0.0,341.17,14039.32,41558.48,54644.51,58811.83,59142.57,57070.7,56649.4,55944.79,53813.04,49353.4,34644.18,7718.56,0.0,0.0,0.0,0.0,0.0,0.0,TX4
2022-05-23 00:00:00,EL PASO,SOLAR,RAD SOLAR,ENDG,DESPACHADO CENTRALMENTE,0.0,0.0,0.0,0.0,0.0,470.56,15655.06,42619.76,54119.09,57616.68,58137.63,56607.42,56424.26,55529.11,52774.37,49520.66,16312.76,2189.6,0.0,0.0,0.0,0.0,0.0,0.0,TX4
2022-05-24 00:00:00,EL PASO,SOLAR,RAD SOLAR,ENDG,DESPACHADO CENTRALMENTE,0.0,0.0,0.0,0.0,0.0,403.08,10524.75,28426.33,30524.63,33246.93,44833.53,50521.87,53947.32,39563.81,36413.31,14481.87,8790.19,2447.87,0.0,0.0,0.0,0.0,0.0,0.0,TX4
2022-05-25 00:00:00,EL PASO,SOLAR,RAD SOLAR,ENDG,DESPACHADO CENTRALMENTE,0.0,0.0,0.0,0.0,0.0,40.29,5627.14,17593.04,21213.11,18111.0,31311.32,30709.34,31344.55,25923.56,22943.31,12484.64,6183.19,1753.36,0.0,0.0,0.0,0.0,0.0,0.0,TX4
2022-05-26 00:00:00,EL PASO,SOLAR,RAD SOLAR,ENDG,DESPACHADO CENTRALMENTE,0.0,0.0,0.0,0.0,0.0,332.55,6635.77,18429.21,35781.35,55385.16,50127.19,45947.04,53010.27,55701.55,45639.82,9119.74,0.0,0.0,0.0,0.0,0.0,0.0,0.0,0.0,TX4
2022-05-27 00:00:00,EL PASO,SOLAR,RAD SOLAR,ENDG,DESPACHADO CENTRALMENTE,0.0,0.0,0.0,0.0,0.0,0.0,4044.65,16221.57,23124.91,30243.79,34914.59,49124.04,48571.22,53585.43,41992.87,25177.23,32385.71,11313.43,0.0,0.0,0.0,0.0,0.0,0.0,TX4
2022-05-28 00:00:00,EL PASO,SOLAR,RAD SOLAR,ENDG,DESPACHADO CENTRALMENTE,0.0,0.0,0.0,0.0,0.0,466.62,21867.57,50544.04,48895.94,38880.39,53241.57,55799.67,55006.67,55605.81,54173.59,19962.02,2897.39,2139.32,0.0,0.0,0.0,0.0,0.0,0.0,TX4
2022-05-29 00:00:00,EL PASO,SOLAR,RAD SOLAR,ENDG,DESPACHADO CENTRALMENTE,0.0,0.0,0.0,0.0,0.0,373.67,13281.17,25479.03,35015.35,46915.78,53136.22,59317.26,59584.25,49019.37,56978.45,50060.97,30741.65,14322.61,0.0,0.0,0.0,0.0,0.0,0.0,TX4
2022-05-30 00:00:00,EL PASO,SOLAR,RAD SOLAR,ENDG,DESPACHADO CENTRALMENTE,0.0,0.0,0.0,0.0,0.0,167.02,12964.95,30755.93,48524.14,52220.14,52151.26,57005.09,57330.12,56141.09,54683.78,50157.55,18360.57,2990.2,0.0,0.0,0.0,0.0,0.0,0.0,TX4
2022-05-31 00:00:00,EL PASO,SOLAR,RAD SOLAR,ENDG,DESPACHADO CENTRALMENTE,0.0,0.0,0.0,0.0,0.0,316.99,9398.59,27185.89,15412.98,14646.04,47908.54,51006.47,47668.18,53415.29,54817.6,29149.9,8900.54,5970.01,0.0,0.0,0.0,0.0,0.0,0.0,TX4
2022-06-01 00:00:00,EL PASO,SOLAR,RAD SOLAR,ENDG,DESPACHADO CENTRALMENTE,0.0,0.0,0.0,0.0,0.0,373.51,18543.77,46358.79,54387.17,48217.01,53638.66,55925.0,57732.75,57045.91,56906.68,51808.08,19719.07,2076.84,0.0,0.0,0.0,0.0,0.0,0.0,TX6
2022-06-02 00:00:00,EL PASO,SOLAR,RAD SOLAR,ENDG,DESPACHADO CENTRALMENTE,0.0,0.0,0.0,0.0,0.0,183.93,3817.58,3470.32,11436.58,26636.59,11705.74,53797.92,56227.85,53133.58,52824.34,50562.54,41342.14,9289.37,0.0,0.0,0.0,0.0,0.0,0.0,TX6
2022-06-03 00:00:00,EL PASO,SOLAR,RAD SOLAR,ENDG,DESPACHADO CENTRALMENTE,0.0,0.0,0.0,0.0,0.0,0.0,0.0,2402.05,8507.62,18794.04,34188.91,31825.64,24864.21,21909.51,17650.58,12659.1,5954.74,2672.83,0.0,0.0,0.0,0.0,0.0,0.0,TX6
2022-06-04 00:00:00,EL PASO,SOLAR,RAD SOLAR,ENDG,DESPACHADO CENTRALMENTE,0.0,0.0,0.0,0.0,0.0,0.0,1744.09,2634.13,5153.19,13019.21,23270.06,26240.05,29316.6,25696.53,18390.58,18524.06,18027.42,4580.36,0.0,0.0,0.0,0.0,0.0,0.0,TX6
2022-06-05 00:00:00,EL PASO,SOLAR,RAD SOLAR,ENDG,DESPACHADO CENTRALMENTE,0.0,0.0,0.0,0.0,0.0,95.57,5418.35,14015.6,31489.77,43709.32,55832.33,50884.8,48434.14,44855.54,46766.21,51178.38,34341.62,12051.59,0.0,0.0,0.0,0.0,0.0,0.0,TX6
2022-06-06 00:00:00,EL PASO,SOLAR,RAD SOLAR,ENDG,DESPACHADO CENTRALMENTE,0.0,0.0,0.0,0.0,0.0,351.24,5766.33,30849.37,55619.08,58046.04,53402.02,54883.23,53199.97,52507.85,51405.82,23534.43,5684.59,1306.72,0.0,0.0,0.0,0.0,0.0,0.0,TX6
2022-06-07 00:00:00,EL PASO,SOLAR,RAD SOLAR,ENDG,DESPACHADO CENTRALMENTE,0.0,0.0,0.0,0.0,0.0,69.93,2835.24,22991.85,25555.14,34730.1,55964.58,33487.63,44030.19,29127.48,54854.78,35644.54,7849.66,88.24,0.0,0.0,0.0,0.0,0.0,0.0,TX6
2022-06-08 00:00:00,EL PASO,SOLAR,RAD SOLAR,ENDG,DESPACHADO CENTRALMENTE,0.0,0.0,0.0,0.0,0.0,347.57,10463.38,14839.12,37306.62,33171.3,47959.63,58955.55,55155.59,53327.04,52575.0,52795.94,39021.96,9082.7,0.0,0.0,0.0,0.0,0.0,0.0,TX6
2022-06-09 00:00:00,EL PASO,SOLAR,RAD SOLAR,ENDG,DESPACHADO CENTRALMENTE,0.0,0.0,0.0,0.0,0.0,37.46,3992.45,10742.24,26115.99,50815.51,39557.56,40308.21,49671.94,43505.92,50315.52,25513.17,4213.31,1062.18,0.0,0.0,0.0,0.0,0.0,0.0,TX6
2022-06-10 00:00:00,EL PASO,SOLAR,RAD SOLAR,ENDG,DESPACHADO CENTRALMENTE,0.0,0.0,0.0,0.0,0.0,82.48,6968.0,38866.15,44063.33,48738.94,57368.58,53850.08,52580.51,40036.56,51726.76,33486.25,24568.15,5622.52,0.0,0.0,0.0,0.0,0.0,0.0,TX6
2022-06-11 00:00:00,EL PASO,SOLAR,RAD SOLAR,ENDG,DESPACHADO CENTRALMENTE,0.0,0.0,0.0,0.0,0.0,56.98,4081.08,18811.3,38077.26,37124.98,44894.86,53320.51,51300.49,50578.93,32661.31,36904.49,15965.14,3369.44,0.0,0.0,0.0,0.0,0.0,0.0,TX6
2022-06-12 00:00:00,EL PASO,SOLAR,RAD SOLAR,ENDG,DESPACHADO CENTRALMENTE,0.0,0.0,0.0,0.0,0.0,0.0,1341.16,7158.87,26148.95,34564.53,35854.31,42865.08,41144.67,46655.99,48536.08,46297.32,26009.25,1594.81,0.0,0.0,0.0,0.0,0.0,0.0,TX6
2022-06-13 00:00:00,EL PASO,SOLAR,RAD SOLAR,ENDG,DESPACHADO CENTRALMENTE,0.0,0.0,0.0,0.0,0.0,143.63,6928.82,41977.24,56823.07,58094.61,59376.02,58087.47,54092.28,55480.21,38791.9,43774.48,27319.47,7160.62,37.89,0.0,0.0,0.0,0.0,0.0,TX6
2022-06-14 00:00:00,EL PASO,SOLAR,RAD SOLAR,ENDG,DESPACHADO CENTRALMENTE,0.0,0.0,0.0,0.0,0.0,184.48,4634.24,4967.92,10896.04,10144.32,7000.91,6997.67,8570.91,29449.26,20306.56,13897.7,17597.14,4321.55,0.0,0.0,0.0,0.0,0.0,0.0,TX6
2022-06-15 00:00:00,EL PASO,SOLAR,RAD SOLAR,ENDG,DESPACHADO CENTRALMENTE,0.0,0.0,0.0,0.0,0.0,43.65,5097.02,10972.47,32557.11,41986.6,38508.88,32050.15,38550.48,48238.18,45268.33,45060.19,24792.81,1573.35,0.0,0.0,0.0,0.0,0.0,0.0,TX6
2022-06-16 00:00:00,EL PASO,SOLAR,RAD SOLAR,ENDG,DESPACHADO CENTRALMENTE,0.0,0.0,0.0,0.0,0.0,243.8,10893.75,22938.8,32870.02,29547.8,13274.01,52464.9,44866.68,43309.2,41607.01,42238.23,23751.14,8712.08,0.0,0.0,0.0,0.0,0.0,0.0,TX6
2022-06-17 00:00:00,EL PASO,SOLAR,RAD SOLAR,ENDG,DESPACHADO CENTRALMENTE,0.0,0.0,0.0,0.0,0.0,0.0,774.57,3310.62,10336.55,14917.29,24369.23,28094.69,31110.93,40332.61,43153.92,27126.54,14580.3,4225.32,0.0,0.0,0.0,0.0,0.0,0.0,TX6
2022-06-18 00:00:00,EL PASO,SOLAR,RAD SOLAR,ENDG,DESPACHADO CENTRALMENTE,0.0,0.0,0.0,0.0,0.0,99.94,4828.9,18311.08,27365.19,44336.95,48960.0,51011.81,51621.62,42611.39,47278.07,44442.76,30258.96,5494.41,0.0,0.0,0.0,0.0,0.0,0.0,TX6
2022-06-19 00:00:00,EL PASO,SOLAR,RAD SOLAR,ENDG,DESPACHADO CENTRALMENTE,0.0,0.0,0.0,0.0,0.0,0.0,2513.29,2250.73,2007.01,7220.24,3253.5,24059.59,48054.78,34272.19,18221.9,32440.08,27535.73,11716.52,163.16,0.0,0.0,0.0,0.0,0.0,TX6
2022-06-20 00:00:00,EL PASO,SOLAR,RAD SOLAR,ENDG,DESPACHADO CENTRALMENTE,0.0,0.0,0.0,0.0,0.0,0.0,6410.69,19678.04,35484.79,46971.55,59509.83,58896.05,57684.8,55398.74,50963.66,45327.83,18301.66,3739.38,0.0,0.0,0.0,0.0,0.0,0.0,TX6
2022-06-21 00:00:00,EL PASO,SOLAR,RAD SOLAR,ENDG,DESPACHADO CENTRALMENTE,0.0,0.0,0.0,0.0,0.0,37.64,2092.09,4832.93,4332.09,12409.99,25040.85,28739.45,26325.83,39265.33,38253.06,13955.04,10748.36,4891.05,0.0,0.0,0.0,0.0,0.0,0.0,TX6
2022-06-22 00:00:00,EL PASO,SOLAR,RAD SOLAR,ENDG,DESPACHADO CENTRALMENTE,0.0,0.0,0.0,0.0,0.0,50.79,8222.83,38822.44,52428.26,49388.83,44791.94,54068.86,49857.07,43535.13,52599.46,48133.51,36957.5,10125.39,0.0,0.0,0.0,0.0,0.0,0.0,TX6
2022-06-23 00:00:00,EL PASO,SOLAR,RAD SOLAR,ENDG,DESPACHADO CENTRALMENTE,0.0,0.0,0.0,0.0,0.0,0.0,3444.37,23544.28,43016.01,52574.99,55170.69,42103.59,54266.2,52409.58,49663.25,48790.68,25197.09,3642.99,0.0,0.0,0.0,0.0,0.0,0.0,TX6
2022-06-24 00:00:00,EL PASO,SOLAR,RAD SOLAR,ENDG,DESPACHADO CENTRALMENTE,0.0,0.0,0.0,0.0,0.0,0.0,578.16,5743.5,16965.44,24122.63,33132.1,44969.09,50740.47,49345.16,33539.88,33597.51,21507.0,11051.15,0.0,0.0,0.0,0.0,0.0,0.0,TX6
2022-06-25 00:00:00,EL PASO,SOLAR,RAD SOLAR,ENDG,DESPACHADO CENTRALMENTE,0.0,0.0,0.0,0.0,0.0,0.0,5731.42,14576.59,16857.9,46857.05,35182.38,35612.04,15917.68,27244.57,39252.23,25358.84,5356.24,2138.81,0.0,0.0,0.0,0.0,0.0,0.0,TX6
2022-06-26 00:00:00,EL PASO,SOLAR,RAD SOLAR,ENDG,DESPACHADO CENTRALMENTE,0.0,0.0,0.0,0.0,0.0,0.0,3857.78,15657.52,29262.97,30196.92,44789.33,37608.79,26396.94,24696.77,45507.56,48774.41,18180.02,6309.72,0.0,0.0,0.0,0.0,0.0,0.0,TX6
2022-06-27 00:00:00,EL PASO,SOLAR,RAD SOLAR,ENDG,DESPACHADO CENTRALMENTE,0.0,0.0,0.0,0.0,0.0,0.0,4342.85,32690.1,46367.04,51887.23,51859.74,51551.09,41616.38,48500.37,40449.99,40042.97,22476.02,2008.88,0.0,0.0,0.0,0.0,0.0,0.0,TX6
2022-06-28 00:00:00,EL PASO,SOLAR,RAD SOLAR,ENDG,DESPACHADO CENTRALMENTE,0.0,0.0,0.0,0.0,0.0,0.0,4682.4,20235.01,29298.16,30286.4,50253.89,49805.55,50979.61,49958.04,45076.51,34336.0,28477.5,14104.33,84.14,0.0,0.0,0.0,0.0,0.0,TX6
2022-06-29 00:00:00,EL PASO,SOLAR,RAD SOLAR,ENDG,DESPACHADO CENTRALMENTE,0.0,0.0,0.0,0.0,0.0,144.94,9591.71,18266.56,45540.07,50521.7,54396.72,54871.27,59975.45,56434.01,47633.77,41554.53,19281.33,11275.28,0.0,0.0,0.0,0.0,0.0,0.0,TX6
2022-06-30 00:00:00,EL PASO,SOLAR,RAD SOLAR,ENDG,DESPACHADO CENTRALMENTE,0.0,0.0,0.0,0.0,0.0,0.0,6545.1,11838.73,27104.11,49215.3,52494.83,44376.65,58118.75,54469.86,10649.65,5885.58,7383.98,4938.17,0.0,0.0,0.0,0.0,0.0,0.0,TX6
2022-07-01 00:00:00,EL PASO,SOLAR,RAD SOLAR,ENDG,DESPACHADO CENTRALMENTE,0.0,0.0,0.0,0.0,0.0,0.0,2873.79,20852.16,25844.69,38637.9,43233.35,51446.5,39091.72,44630.12,54355.99,38572.44,36010.87,9801.77,631.61,0.0,0.0,0.0,0.0,0.0,TX4
2022-07-02 00:00:00,EL PASO,SOLAR,RAD SOLAR,ENDG,DESPACHADO CENTRALMENTE,0.0,0.0,0.0,0.0,0.0,6.1,6008.35,11375.86,41671.34,49536.37,51145.61,57412.75,58687.14,48688.49,44835.23,43051.2,41739.92,10551.7,0.0,0.0,0.0,0.0,0.0,0.0,TX4
2022-07-03 00:00:00,EL PASO,SOLAR,RAD SOLAR,ENDG,DESPACHADO CENTRALMENTE,0.0,0.0,0.0,0.0,0.0,130.46,11523.39,39170.94,27756.21,46034.18,58090.64,58546.05,58612.36,56526.5,55386.58,51968.66,20335.29,4306.77,0.0,0.0,0.0,0.0,0.0,0.0,TX4
2022-07-04 00:00:00,EL PASO,SOLAR,RAD SOLAR,ENDG,DESPACHADO CENTRALMENTE,0.0,0.0,0.0,0.0,0.0,0.0,6068.43,25135.47,45599.3,55044.89,49751.21,40693.65,38076.99,34127.77,47347.96,32553.34,18036.72,3534.93,0.0,0.0,0.0,0.0,0.0,0.0,TX4
2022-07-05 00:00:00,EL PASO,SOLAR,RAD SOLAR,ENDG,DESPACHADO CENTRALMENTE,0.0,0.0,0.0,0.0,0.0,0.0,13684.4,43071.07,52841.97,44546.22,50353.5,55794.65,58345.99,34347.99,27369.95,11653.59,5588.93,882.78,0.0,0.0,0.0,0.0,0.0,0.0,TX4
2022-07-06 00:00:00,EL PASO,SOLAR,RAD SOLAR,ENDG,DESPACHADO CENTRALMENTE,0.0,0.0,0.0,0.0,0.0,378.25,18686.83,23866.95,38807.48,58003.22,54356.04,49708.28,52328.33,47216.08,49575.95,46917.95,35034.04,5661.15,0.0,0.0,0.0,0.0,0.0,0.0,TX4
2022-07-07 00:00:00,EL PASO,SOLAR,RAD SOLAR,ENDG,DESPACHADO CENTRALMENTE,0.0,0.0,0.0,0.0,0.0,101.59,8639.64,42485.21,49520.51,58106.04,55987.95,57071.11,54205.65,51560.69,47003.56,21155.15,814.02,0.0,0.0,0.0,0.0,0.0,0.0,0.0,TX4
2022-07-08 00:00:00,EL PASO,SOLAR,RAD SOLAR,ENDG,DESPACHADO CENTRALMENTE,0.0,0.0,0.0,0.0,0.0,0.0,5392.58,13301.56,40908.43,47171.04,51381.3,54484.68,56932.06,41457.51,41052.48,35871.72,35772.96,13996.74,32.59,0.0,0.0,0.0,0.0,0.0,TX4
2022-07-09 00:00:00,EL PASO,SOLAR,RAD SOLAR,ENDG,DESPACHADO CENTRALMENTE,0.0,0.0,0.0,0.0,0.0,26.58,11228.42,29896.24,56362.81,58617.62,59864.86,57153.49,57609.04,57726.73,54952.77,50344.71,39095.01,12739.29,25.75,0.0,0.0,0.0,0.0,0.0,TX4
2022-07-10 00:00:00,EL PASO,SOLAR,RAD SOLAR,ENDG,DESPACHADO CENTRALMENTE,0.0,0.0,0.0,0.0,0.0,0.0,10204.36,28268.82,48549.4,54712.76,55367.06,51570.3,55642.78,51865.68,49678.06,37108.03,10755.54,4225.79,51.58,0.0,0.0,0.0,0.0,0.0,TX4
2022-07-11 00:00:00,EL PASO,SOLAR,RAD SOLAR,ENDG,DESPACHADO CENTRALMENTE,0.0,0.0,0.0,0.0,0.0,0.0,6997.75,25522.08,45671.03,49647.02,46852.16,47515.59,54586.61,18214.39,8395.9,10110.18,3487.06,1708.26,0.0,0.0,0.0,0.0,0.0,0.0,TX4
2022-07-12 00:00:00,EL PASO,SOLAR,RAD SOLAR,ENDG,DESPACHADO CENTRALMENTE,0.0,0.0,0.0,0.0,0.0,0.0,3492.96,18892.03,46271.93,52903.64,54201.92,55982.15,53283.04,52019.45,50124.79,34032.91,8238.8,5743.95,608.65,0.0,0.0,0.0,0.0,0.0,TX4
2022-07-13 00:00:00,EL PASO,SOLAR,RAD SOLAR,ENDG,DESPACHADO CENTRALMENTE,0.0,0.0,0.0,0.0,0.0,0.0,10285.76,24017.71,26722.88,35365.44,55648.13,58258.48,62941.01,59574.02,55780.25,47721.03,37212.37,12912.96,180.02,0.0,0.0,0.0,0.0,0.0,TX4
2022-07-14 00:00:00,EL PASO,SOLAR,RAD SOLAR,ENDG,DESPACHADO CENTRALMENTE,0.0,0.0,0.0,0.0,0.0,7.09,11785.27,37735.1,49927.73,54830.93,56087.05,54014.85,53270.47,51833.97,48681.37,46594.42,33924.54,6280.27,0.0,0.0,0.0,0.0,0.0,0.0,TX4
2022-07-15 00:00:00,EL PASO,SOLAR,RAD SOLAR,ENDG,DESPACHADO CENTRALMENTE,0.0,0.0,0.0,0.0,0.0,12.79,12105.73,39518.68,52047.86,56156.99,55957.46,55823.47,55342.63,53436.95,51468.24,48578.89,37816.01,12333.96,0.0,0.0,0.0,0.0,0.0,0.0,TX4
2022-07-16 00:00:00,EL PASO,SOLAR,RAD SOLAR,ENDG,DESPACHADO CENTRALMENTE,0.0,0.0,0.0,0.0,0.0,68.94,13522.27,40339.63,51502.77,55946.77,54127.49,56436.08,56017.78,52600.36,37213.31,35516.85,24629.18,11652.5,188.2,0.0,0.0,0.0,0.0,0.0,TX4
2022-07-17 00:00:00,EL PASO,SOLAR,RAD SOLAR,ENDG,DESPACHADO CENTRALMENTE,0.0,0.0,0.0,0.0,0.0,0.0,10149.45,33496.28,51090.08,54795.93,54825.66,54393.58,47170.38,54517.38,55146.35,27018.3,7287.03,2691.08,0.0,0.0,0.0,0.0,0.0,0.0,TX4
2022-07-18 00:00:00,EL PASO,SOLAR,RAD SOLAR,ENDG,DESPACHADO CENTRALMENTE,0.0,0.0,0.0,0.0,0.0,0.0,3376.09,14390.14,9920.78,37619.77,49655.53,36021.89,39572.69,38300.73,35318.21,52889.54,43193.29,16718.09,142.08,0.0,0.0,0.0,0.0,0.0,TX4
2022-07-19 00:00:00,EL PASO,SOLAR,RAD SOLAR,ENDG,DESPACHADO CENTRALMENTE,0.0,0.0,0.0,0.0,0.0,0.0,1083.54,0.0,0.0,0.0,0.0,0.0,0.0,0.0,0.0,0.0,239.79,1825.32,0.0,0.0,0.0,0.0,0.0,0.0,TX4
2022-07-20 00:00:00,EL PASO,SOLAR,RAD SOLAR,ENDG,DESPACHADO CENTRALMENTE,0.0,0.0,0.0,0.0,0.0,0.36,7359.39,33269.53,46084.74,55721.41,57315.32,56199.33,54669.19,51557.56,53577.32,32925.56,9328.24,4278.21,8.63,0.0,0.0,0.0,0.0,0.0,TX4
2022-07-21 00:00:00,EL PASO,SOLAR,RAD SOLAR,ENDG,DESPACHADO CENTRALMENTE,0.0,0.0,0.0,0.0,0.0,0.0,1900.1,29122.77,25471.84,46466.65,56266.55,53944.26,52742.12,43261.93,45608.22,33112.93,18873.39,3437.38,0.0,0.0,0.0,0.0,0.0,0.0,TX4
2022-07-22 00:00:00,EL PASO,SOLAR,RAD SOLAR,ENDG,DESPACHADO CENTRALMENTE,0.0,0.0,0.0,0.0,0.0,0.0,9306.31,40598.54,40935.78,43749.72,22194.37,30473.28,48298.7,56807.96,53768.01,43624.42,8533.1,626.74,0.0,0.0,0.0,0.0,0.0,0.0,TX4
2022-07-23 00:00:00,EL PASO,SOLAR,RAD SOLAR,ENDG,DESPACHADO CENTRALMENTE,0.0,0.0,0.0,0.0,0.0,0.0,2947.93,8895.91,44855.48,56603.64,57624.36,57511.22,57512.92,56386.61,52826.9,48889.16,26630.9,1961.52,0.0,0.0,0.0,0.0,0.0,0.0,TX4
2022-07-24 00:00:00,EL PASO,SOLAR,RAD SOLAR,ENDG,DESPACHADO CENTRALMENTE,0.0,0.0,0.0,0.0,0.0,6.37,8965.29,22202.23,34995.73,50024.12,52403.06,51838.92,52583.92,55963.96,54633.35,48989.32,29008.04,10633.21,12.03,0.0,0.0,0.0,0.0,0.0,TX4
2022-07-25 00:00:00,EL PASO,SOLAR,RAD SOLAR,ENDG,DESPACHADO CENTRALMENTE,0.0,0.0,0.0,0.0,0.0,0.0,3702.58,6854.09,30338.85,14267.86,22008.61,38585.12,40204.75,32762.96,32873.66,19045.72,22484.96,10281.74,111.6,0.0,0.0,0.0,0.0,0.0,TX4
2022-07-26 00:00:00,EL PASO,SOLAR,RAD SOLAR,ENDG,DESPACHADO CENTRALMENTE,0.0,0.0,0.0,0.0,0.0,0.0,1030.03,3812.89,23038.27,43199.85,55357.33,60898.78,59415.46,43696.33,42951.45,50746.99,36293.72,9696.98,121.26,0.0,0.0,0.0,0.0,0.0,TX4
2022-07-27 00:00:00,EL PASO,SOLAR,RAD SOLAR,ENDG,DESPACHADO CENTRALMENTE,0.0,0.0,0.0,0.0,0.0,53.74,12415.59,32134.68,43730.35,46151.14,43115.13,43083.91,40612.19,50099.45,58085.04,53238.03,25839.54,2213.86,0.0,0.0,0.0,0.0,0.0,0.0,TX4
2022-07-28 00:00:00,EL PASO,SOLAR,RAD SOLAR,ENDG,DESPACHADO CENTRALMENTE,0.0,0.0,0.0,0.0,0.0,0.0,1509.65,3142.71,3040.15,9356.83,18094.21,33936.76,32356.9,42159.33,27685.92,37827.32,20855.99,10548.14,90.7,0.0,0.0,0.0,0.0,0.0,TX4
2022-07-29 00:00:00,EL PASO,SOLAR,RAD SOLAR,ENDG,DESPACHADO CENTRALMENTE,0.0,0.0,0.0,0.0,0.0,0.0,4415.15,38275.56,43647.0,57002.38,58015.94,57336.37,56534.45,57317.93,55725.17,51469.7,41283.72,14824.35,42.36,0.0,0.0,0.0,0.0,0.0,TX4
2022-07-30 00:00:00,EL PASO,SOLAR,RAD SOLAR,ENDG,DESPACHADO CENTRALMENTE,0.0,0.0,0.0,0.0,0.0,0.0,14952.45,46040.26,56558.05,58853.9,59414.73,58069.52,59114.45,56225.37,50674.42,44724.19,41073.01,14873.84,53.34,0.0,0.0,0.0,0.0,0.0,TX4
2022-07-31 00:00:00,EL PASO,SOLAR,RAD SOLAR,ENDG,DESPACHADO CENTRALMENTE,0.0,0.0,0.0,0.0,0.0,0.0,13859.85,44219.54,54617.08,58990.06,58946.3,57594.21,57427.08,55733.21,48344.84,49826.85,12869.7,1485.47,0.0,0.0,0.0,0.0,0.0,0.0,TX4
2022-08-01 00:00:00,EL PASO,SOLAR,RAD SOLAR,ENDG,DESPACHADO CENTRALMENTE,0.0,0.0,0.0,0.0,0.0,0.0,11373.61,35565.85,54649.95,60340.94,56019.19,60824.87,62697.4,53855.89,40606.66,22472.69,6321.65,1449.36,0.0,0.0,0.0,0.0,0.0,0.0,TX5
2022-08-02 00:00:00,EL PASO,SOLAR,RAD SOLAR,ENDG,DESPACHADO CENTRALMENTE,0.0,0.0,0.0,0.0,0.0,0.0,6466.54,37531.92,46725.65,56999.22,58096.69,49433.84,55231.69,53911.5,30967.13,27189.8,2641.43,298.14,0.0,0.0,0.0,0.0,0.0,0.0,TX5
2022-08-03 00:00:00,EL PASO,SOLAR,RAD SOLAR,ENDG,DESPACHADO CENTRALMENTE,0.0,0.0,0.0,0.0,0.0,0.0,1655.94,1634.39,3415.13,9630.85,34448.05,52167.73,63196.79,57988.11,51109.79,50745.44,24187.96,8626.52,4.61,0.0,0.0,0.0,0.0,0.0,TX5
2022-08-04 00:00:00,EL PASO,SOLAR,RAD SOLAR,ENDG,DESPACHADO CENTRALMENTE,0.0,0.0,0.0,0.0,0.0,0.0,2807.88,16386.99,44053.06,61765.41,60447.34,57522.93,56522.79,56354.08,39055.32,26995.6,24004.76,3171.84,0.0,0.0,0.0,0.0,0.0,0.0,TX5
2022-08-05 00:00:00,EL PASO,SOLAR,RAD SOLAR,ENDG,DESPACHADO CENTRALMENTE,0.0,0.0,0.0,0.0,0.0,0.0,1624.91,22313.82,52840.44,49809.24,52153.93,58215.65,56101.28,44797.83,15806.99,6433.32,3048.54,805.38,0.0,0.0,0.0,0.0,0.0,0.0,TX5
2022-08-06 00:00:00,EL PASO,SOLAR,RAD SOLAR,ENDG,DESPACHADO CENTRALMENTE,0.0,0.0,0.0,0.0,0.0,0.0,2396.15,15590.75,23958.73,40835.06,42429.97,52025.6,56393.88,51583.14,49764.3,48431.83,27451.43,1317.48,0.0,0.0,0.0,0.0,0.0,0.0,TX5
2022-08-07 00:00:00,EL PASO,SOLAR,RAD SOLAR,ENDG,DESPACHADO CENTRALMENTE,0.0,0.0,0.0,0.0,0.0,0.0,8018.52,24723.04,45928.16,49286.83,49260.17,56528.38,54623.24,56440.31,37921.26,25418.89,7066.75,1758.45,0.0,0.0,0.0,0.0,0.0,0.0,TX5
2022-08-08 00:00:00,EL PASO,SOLAR,RAD SOLAR,ENDG,DESPACHADO CENTRALMENTE,0.0,0.0,0.0,0.0,0.0,0.0,14620.07,45510.09,54345.67,56757.24,57560.87,55782.45,56817.35,56123.68,55350.63,52084.1,40792.24,6905.99,63.97,0.0,0.0,0.0,0.0,0.0,TX5
2022-08-09 00:00:00,EL PASO,SOLAR,RAD SOLAR,ENDG,DESPACHADO CENTRALMENTE,0.0,0.0,0.0,0.0,0.0,0.0,7263.26,36315.42,53056.58,56966.26,59886.93,60174.63,60722.28,58002.02,55859.16,51535.11,35653.41,1332.66,0.0,0.0,0.0,0.0,0.0,0.0,TX5
2022-08-10 00:00:00,EL PASO,SOLAR,RAD SOLAR,ENDG,DESPACHADO CENTRALMENTE,0.0,0.0,0.0,0.0,0.0,0.0,2629.9,9969.14,36878.68,47208.93,47907.16,51403.02,54335.44,38457.91,30325.9,6428.9,6793.03,2963.42,27.05,0.0,0.0,0.0,0.0,0.0,TX5
2022-08-11 00:00:00,EL PASO,SOLAR,RAD SOLAR,ENDG,DESPACHADO CENTRALMENTE,0.0,0.0,0.0,0.0,0.0,0.0,2331.32,9944.75,27564.37,50733.27,60503.65,53112.78,55676.07,57425.55,49824.18,53156.97,37111.05,9330.42,0.0,0.0,0.0,0.0,0.0,0.0,TX5
2022-08-12 00:00:00,EL PASO,SOLAR,RAD SOLAR,ENDG,DESPACHADO CENTRALMENTE,0.0,0.0,0.0,0.0,0.0,57.82,8052.54,21983.89,31665.61,34960.34,40845.95,57244.91,57923.62,57449.69,57007.99,16272.62,0.0,0.0,0.0,0.0,0.0,0.0,0.0,0.0,TX5
2022-08-13 00:00:00,EL PASO,SOLAR,RAD SOLAR,ENDG,DESPACHADO CENTRALMENTE,0.0,0.0,0.0,0.0,0.0,0.0,3599.37,11122.3,8488.87,18725.2,29549.32,62515.99,52478.76,42412.9,29020.81,36320.61,15778.7,7041.85,0.0,0.0,0.0,0.0,0.0,0.0,TX5
2022-08-14 00:00:00,EL PASO,SOLAR,RAD SOLAR,ENDG,DESPACHADO CENTRALMENTE,0.0,0.0,0.0,0.0,0.0,0.0,1214.08,1727.09,3066.44,7712.1,12761.95,20023.44,31854.98,34465.5,45115.59,43992.56,28518.55,14362.44,0.0,0.0,0.0,0.0,0.0,0.0,TX5
2022-08-15 00:00:00,EL PASO,SOLAR,RAD SOLAR,ENDG,DESPACHADO CENTRALMENTE,0.0,0.0,0.0,0.0,0.0,0.0,2121.22,6679.2,16057.3,31348.36,46070.96,46761.39,46607.3,51712.11,44110.17,51545.14,33844.55,10941.44,0.0,0.0,0.0,0.0,0.0,0.0,TX5
2022-08-16 00:00:00,EL PASO,SOLAR,RAD SOLAR,ENDG,DESPACHADO CENTRALMENTE,0.0,0.0,0.0,0.0,0.0,0.0,2368.11,3664.0,9617.5,16358.47,43650.65,55894.38,41877.02,51666.71,42897.86,14781.89,4902.79,1663.33,0.0,0.0,0.0,0.0,0.0,0.0,TX5
2022-08-17 00:00:00,EL PASO,SOLAR,RAD SOLAR,ENDG,DESPACHADO CENTRALMENTE,0.0,0.0,0.0,0.0,0.0,0.0,14708.96,45485.22,55578.05,58389.62,58623.48,59060.4,59886.6,57971.37,54782.85,50992.36,40236.07,11513.27,0.0,0.0,0.0,0.0,0.0,0.0,TX5
2022-08-18 00:00:00,EL PASO,SOLAR,RAD SOLAR,ENDG,DESPACHADO CENTRALMENTE,0.0,0.0,0.0,0.0,0.0,0.0,11777.82,41073.0,54618.36,59398.47,59892.18,57555.29,57753.8,58433.39,55180.4,49367.2,36729.0,9505.02,0.0,0.0,0.0,0.0,0.0,0.0,TX5
2022-08-19 00:00:00,EL PASO,SOLAR,RAD SOLAR,ENDG,DESPACHADO CENTRALMENTE,0.0,0.0,0.0,0.0,0.0,0.0,11910.68,42058.98,55888.91,59529.27,59144.4,57597.48,56887.66,55758.65,53538.22,50478.58,38251.42,10178.58,0.0,0.0,0.0,0.0,0.0,0.0,TX5
2022-08-20 00:00:00,EL PASO,SOLAR,RAD SOLAR,ENDG,DESPACHADO CENTRALMENTE,0.0,0.0,0.0,0.0,0.0,0.0,4244.03,20011.67,42071.87,45212.64,31951.42,40652.52,42519.91,17772.86,26856.38,26987.95,4964.18,293.61,0.0,0.0,0.0,0.0,0.0,0.0,TX5
2022-08-21 00:00:00,EL PASO,SOLAR,RAD SOLAR,ENDG,DESPACHADO CENTRALMENTE,0.0,0.0,0.0,0.0,0.0,0.0,2918.4,20980.51,14879.51,26889.5,45753.85,46292.09,49475.17,44687.6,35214.41,44602.08,25855.3,4241.62,0.0,0.0,0.0,0.0,0.0,0.0,TX5
2022-08-22 00:00:00,EL PASO,SOLAR,RAD SOLAR,ENDG,DESPACHADO CENTRALMENTE,0.0,0.0,0.0,0.0,0.0,0.0,1642.53,5665.47,21951.9,31719.09,25737.49,27269.16,27174.4,28601.71,31912.31,32417.95,9341.9,1092.04,0.0,0.0,0.0,0.0,0.0,0.0,TX5
2022-08-23 00:00:00,EL PASO,SOLAR,RAD SOLAR,ENDG,DESPACHADO CENTRALMENTE,0.0,0.0,0.0,0.0,0.0,0.0,5762.78,10214.85,16032.14,19263.53,48143.79,52756.34,55806.48,52397.01,49218.35,53354.45,42822.33,11054.77,0.0,0.0,0.0,0.0,0.0,0.0,TX5
2022-08-24 00:00:00,EL PASO,SOLAR,RAD SOLAR,ENDG,DESPACHADO CENTRALMENTE,0.0,0.0,0.0,0.0,0.0,0.0,7794.66,34888.39,49770.15,53339.18,54012.93,53098.24,46368.58,37817.56,45972.18,49816.1,20278.82,1899.38,0.0,0.0,0.0,0.0,0.0,0.0,TX5
2022-08-25 00:00:00,EL PASO,SOLAR,RAD SOLAR,ENDG,DESPACHADO CENTRALMENTE,0.0,0.0,0.0,0.0,0.0,0.0,0.0,1677.95,9103.72,13366.84,39552.33,47420.61,42845.96,45518.26,42031.94,44641.35,37044.27,9269.14,0.0,0.0,0.0,0.0,0.0,0.0,TX5
2022-08-26 00:00:00,EL PASO,SOLAR,RAD SOLAR,ENDG,DESPACHADO CENTRALMENTE,0.0,0.0,0.0,0.0,0.0,0.0,0.0,1280.11,6338.26,19485.54,33851.72,26972.27,20481.85,19732.62,16415.07,12316.19,7093.89,3012.79,0.0,0.0,0.0,0.0,0.0,0.0,TX5
2022-08-27 00:00:00,EL PASO,SOLAR,RAD SOLAR,ENDG,DESPACHADO CENTRALMENTE,0.0,0.0,0.0,0.0,0.0,0.0,2039.33,8014.57,15490.11,37962.27,47514.19,58088.66,57091.87,57095.48,55228.77,49046.01,34033.09,953.56,0.0,0.0,0.0,0.0,0.0,0.0,TX5
2022-08-28 00:00:00,EL PASO,SOLAR,RAD SOLAR,ENDG,DESPACHADO CENTRALMENTE,0.0,0.0,0.0,0.0,0.0,0.0,3500.33,14130.93,42727.12,49642.52,48438.56,42262.62,60216.85,59841.21,57212.52,51487.58,26869.67,2654.38,0.0,0.0,0.0,0.0,0.0,0.0,TX5
2022-08-29 00:00:00,EL PASO,SOLAR,RAD SOLAR,ENDG,DESPACHADO CENTRALMENTE,0.0,0.0,0.0,0.0,0.0,0.0,2731.12,10751.81,15318.67,51654.2,45088.56,43339.72,43972.02,48955.25,43229.22,30283.59,11422.75,4944.61,0.0,0.0,0.0,0.0,0.0,0.0,TX5
2022-08-30 00:00:00,EL PASO,SOLAR,RAD SOLAR,ENDG,DESPACHADO CENTRALMENTE,0.0,0.0,0.0,0.0,0.0,0.0,10375.41,25150.44,55435.83,58610.29,55186.11,59470.54,58835.79,57029.49,54847.2,51376.82,39890.2,10149.09,0.0,0.0,0.0,0.0,0.0,0.0,TX5
2022-08-31 00:00:00,EL PASO,SOLAR,RAD SOLAR,ENDG,DESPACHADO CENTRALMENTE,0.0,0.0,0.0,0.0,0.0,0.0,15226.65,37289.68,43045.79,36707.29,6796.34,37707.73,52891.48,52078.36,55381.05,47604.1,8234.52,266.35,0.0,0.0,0.0,0.0,0.0,0.0,TX5
2022-09-01 00:00:00,EL PASO,SOLAR,RAD SOLAR,ENDG,DESPACHADO CENTRALMENTE,0.0,0.0,0.0,0.0,0.0,0.0,3280.15,20368.07,49414.21,41340.7,49123.48,44921.44,47343.54,48357.96,46934.12,30956.46,13583.36,0.0,0.0,0.0,0.0,0.0,0.0,0.0,TX3
2022-09-02 00:00:00,EL PASO,SOLAR,RAD SOLAR,ENDG,DESPACHADO CENTRALMENTE,0.0,0.0,0.0,0.0,0.0,0.0,8960.77,28984.66,46101.14,53511.2,57809.24,51195.48,51110.26,54453.84,56167.86,50930.35,36194.05,8058.59,0.0,0.0,0.0,0.0,0.0,0.0,TX3
2022-09-03 00:00:00,EL PASO,SOLAR,RAD SOLAR,ENDG,DESPACHADO CENTRALMENTE,0.0,0.0,0.0,0.0,0.0,0.0,5030.04,31079.23,55679.41,56853.28,51216.91,49053.96,52534.63,42751.54,28130.96,32493.13,22914.03,3442.48,0.0,0.0,0.0,0.0,0.0,0.0,TX3
2022-09-04 00:00:00,EL PASO,SOLAR,RAD SOLAR,ENDG,DESPACHADO CENTRALMENTE,0.0,0.0,0.0,0.0,0.0,0.0,2676.02,5763.98,10534.42,21631.45,31248.54,36823.67,57506.08,57414.09,57714.63,44418.49,38382.68,10146.54,0.0,0.0,0.0,0.0,0.0,0.0,TX3
2022-09-05 00:00:00,EL PASO,SOLAR,RAD SOLAR,ENDG,DESPACHADO CENTRALMENTE,0.0,0.0,0.0,0.0,0.0,0.0,2798.59,10123.74,23212.38,12342.5,20319.62,20617.35,33414.76,51524.39,52135.35,47045.71,36137.59,4568.33,0.0,0.0,0.0,0.0,0.0,0.0,TX3
2022-09-06 00:00:00,EL PASO,SOLAR,RAD SOLAR,ENDG,DESPACHADO CENTRALMENTE,0.0,0.0,0.0,0.0,0.0,0.0,4231.16,18369.65,40603.64,47354.28,39335.07,49002.68,54396.34,45856.8,52267.26,49259.03,36714.35,8184.8,0.0,0.0,0.0,0.0,0.0,0.0,TX3
2022-09-07 00:00:00,EL PASO,SOLAR,RAD SOLAR,ENDG,DESPACHADO CENTRALMENTE,0.0,0.0,0.0,0.0,0.0,0.0,11908.91,32072.14,41503.24,55594.78,50636.85,53382.68,44893.44,38720.76,33909.29,2080.98,298.3,0.0,0.0,0.0,0.0,0.0,0.0,0.0,TX3
2022-09-08 00:00:00,EL PASO,SOLAR,RAD SOLAR,ENDG,DESPACHADO CENTRALMENTE,0.0,0.0,0.0,0.0,0.0,0.0,4672.54,17278.92,14623.66,52510.18,44528.23,38294.25,53972.51,56049.55,56732.95,30219.44,15065.71,1470.58,0.0,0.0,0.0,0.0,0.0,0.0,TX3
2022-09-09 00:00:00,EL PASO,SOLAR,RAD SOLAR,ENDG,DESPACHADO CENTRALMENTE,0.0,0.0,0.0,0.0,0.0,0.0,16081.21,42759.37,43238.82,46336.65,44907.47,47687.11,50400.76,35153.89,44296.28,37418.21,23059.35,6751.48,0.0,0.0,0.0,0.0,0.0,0.0,TX3
2022-09-10 00:00:00,EL PASO,SOLAR,RAD SOLAR,ENDG,DESPACHADO CENTRALMENTE,0.0,0.0,0.0,0.0,0.0,0.0,12024.42,42907.26,53522.46,54289.65,57296.8,59790.82,58886.26,57559.57,55239.3,50714.98,27344.67,1906.45,0.0,0.0,0.0,0.0,0.0,0.0,TX3
2022-09-11 00:00:00,EL PASO,SOLAR,RAD SOLAR,ENDG,DESPACHADO CENTRALMENTE,0.0,0.0,0.0,0.0,0.0,0.0,0.0,2406.12,8247.34,23666.09,50710.04,58986.66,49790.62,37970.42,36574.12,40433.81,28267.86,4205.36,0.0,0.0,0.0,0.0,0.0,0.0,TX3
2022-09-12 00:00:00,EL PASO,SOLAR,RAD SOLAR,ENDG,DESPACHADO CENTRALMENTE,0.0,0.0,0.0,0.0,0.0,0.0,3151.62,12324.34,24677.44,44494.03,36560.4,31483.99,25377.94,15782.22,19161.9,20022.31,8719.97,2423.43,0.0,0.0,0.0,0.0,0.0,0.0,TX3
2022-09-13 00:00:00,EL PASO,SOLAR,RAD SOLAR,ENDG,DESPACHADO CENTRALMENTE,0.0,0.0,0.0,0.0,0.0,0.0,1356.82,6825.47,47644.36,40224.07,38237.88,43049.34,48613.33,51672.81,52416.26,46391.47,19261.07,1893.76,0.0,0.0,0.0,0.0,0.0,0.0,TX3
2022-09-14 00:00:00,EL PASO,SOLAR,RAD SOLAR,ENDG,DESPACHADO CENTRALMENTE,0.0,0.0,0.0,0.0,0.0,0.0,9131.24,33227.42,46495.21,54646.36,60079.62,56609.88,51270.38,55210.87,47335.72,40052.55,21378.18,1486.02,0.0,0.0,0.0,0.0,0.0,0.0,TX3
2022-09-15 00:00:00,EL PASO,SOLAR,RAD SOLAR,ENDG,DESPACHADO CENTRALMENTE,0.0,0.0,0.0,0.0,0.0,0.0,12315.25,40598.97,53836.57,57189.23,58467.03,56747.06,55080.31,54864.39,53295.11,41409.8,15587.33,2444.61,0.0,0.0,0.0,0.0,0.0,0.0,TX3
2022-09-16 00:00:00,EL PASO,SOLAR,RAD SOLAR,ENDG,DESPACHADO CENTRALMENTE,0.0,0.0,0.0,0.0,0.0,0.0,5755.22,25219.67,23869.53,40220.21,49936.58,53606.54,56853.06,56059.1,56995.94,43307.85,31658.99,3337.55,0.0,0.0,0.0,0.0,0.0,0.0,TX3
2022-09-17 00:00:00,EL PASO,SOLAR,RAD SOLAR,ENDG,DESPACHADO CENTRALMENTE,0.0,0.0,0.0,0.0,0.0,0.0,6754.63,28371.46,38385.99,57825.46,56314.11,54487.85,60175.18,52699.12,42351.58,27292.66,7298.18,2370.27,0.0,0.0,0.0,0.0,0.0,0.0,TX3
2022-09-18 00:00:00,EL PASO,SOLAR,RAD SOLAR,ENDG,DESPACHADO CENTRALMENTE,0.0,0.0,0.0,0.0,0.0,0.0,1950.43,9439.96,15623.94,39263.25,40114.95,48050.38,53928.37,60316.82,56659.07,35461.73,13930.49,4572.4,0.0,0.0,0.0,0.0,0.0,0.0,TX3
2022-09-19 00:00:00,EL PASO,SOLAR,RAD SOLAR,ENDG,DESPACHADO CENTRALMENTE,0.0,0.0,0.0,0.0,0.0,0.0,0.0,871.25,4134.71,21631.15,47397.67,33403.01,33087.11,36636.18,31362.92,13451.89,10653.17,2624.09,0.0,0.0,0.0,0.0,0.0,0.0,TX3
2022-09-20 00:00:00,EL PASO,SOLAR,RAD SOLAR,ENDG,DESPACHADO CENTRALMENTE,0.0,0.0,0.0,0.0,0.0,0.0,1006.3,5531.1,21763.3,38903.43,48856.17,54304.51,48472.4,50901.98,39748.53,47488.12,36862.53,4932.67,0.0,0.0,0.0,0.0,0.0,0.0,TX3
2022-09-21 00:00:00,EL PASO,SOLAR,RAD SOLAR,ENDG,DESPACHADO CENTRALMENTE,0.0,0.0,0.0,0.0,0.0,0.0,2547.74,5877.25,11866.94,36933.81,52948.38,48408.27,53673.91,50835.92,54756.05,50096.93,38178.78,6792.83,0.0,0.0,0.0,0.0,0.0,0.0,TX3
2022-09-22 00:00:00,EL PASO,SOLAR,RAD SOLAR,ENDG,DESPACHADO CENTRALMENTE,0.0,0.0,0.0,0.0,0.0,0.0,2199.01,4862.85,12871.2,34648.16,55170.08,44447.08,37789.25,44293.86,23762.51,18736.68,15048.07,1666.14,0.0,0.0,0.0,0.0,0.0,0.0,TX3
2022-09-23 00:00:00,EL PASO,SOLAR,RAD SOLAR,ENDG,DESPACHADO CENTRALMENTE,0.0,0.0,0.0,0.0,0.0,0.0,1741.65,5874.69,14215.88,30855.66,37468.91,44169.57,44700.38,54749.94,52723.13,45992.46,18016.2,1884.76,0.0,0.0,0.0,0.0,0.0,0.0,TX3
2022-09-24 00:00:00,EL PASO,SOLAR,RAD SOLAR,ENDG,DESPACHADO CENTRALMENTE,0.0,0.0,0.0,0.0,0.0,0.0,4659.97,19283.14,39889.1,44279.38,56851.85,56656.77,55429.05,52821.77,47088.46,31716.0,6317.32,213.45,0.0,0.0,0.0,0.0,0.0,0.0,TX3
2022-09-25 00:00:00,EL PASO,SOLAR,RAD SOLAR,ENDG,DESPACHADO CENTRALMENTE,0.0,0.0,0.0,0.0,0.0,0.0,2872.0,16347.55,34330.39,49992.61,50553.44,48743.88,53752.68,51460.58,48619.14,24578.72,10788.21,1311.58,0.0,0.0,0.0,0.0,0.0,0.0,TX3
2022-09-26 00:00:00,EL PASO,SOLAR,RAD SOLAR,ENDG,DESPACHADO CENTRALMENTE,0.0,0.0,0.0,0.0,0.0,10.73,17259.71,47709.53,55760.49,57186.28,57109.82,52518.36,57817.06,48817.93,54811.08,40682.57,8166.23,703.54,0.0,0.0,0.0,0.0,0.0,0.0,TX3
2022-09-27 00:00:00,EL PASO,SOLAR,RAD SOLAR,ENDG,DESPACHADO CENTRALMENTE,0.0,0.0,0.0,0.0,0.0,0.0,1013.28,4712.04,9591.16,30253.0,26391.14,34768.1,30063.13,33157.88,48280.69,42721.86,9948.75,4313.04,0.0,0.0,0.0,0.0,0.0,0.0,TX3
2022-09-28 00:00:00,EL PASO,SOLAR,RAD SOLAR,ENDG,DESPACHADO CENTRALMENTE,0.0,0.0,0.0,0.0,0.0,0.0,4107.01,20290.57,38587.46,55548.82,46764.0,47624.81,57605.09,55192.87,54645.91,38423.47,3958.72,0.0,0.0,0.0,0.0,0.0,0.0,0.0,TX3
2022-09-29 00:00:00,EL PASO,SOLAR,RAD SOLAR,ENDG,DESPACHADO CENTRALMENTE,0.0,0.0,0.0,0.0,0.0,0.0,6925.59,23922.15,32606.9,44771.84,55714.81,34169.95,54499.04,32094.45,6742.24,5459.12,3971.71,459.99,0.0,0.0,0.0,0.0,0.0,0.0,TX3
2022-09-30 00:00:00,EL PASO,SOLAR,RAD SOLAR,ENDG,DESPACHADO CENTRALMENTE,0.0,0.0,0.0,0.0,0.0,0.0,4426.3,26461.32,33078.71,28836.28,47993.0,43118.95,51635.58,52464.81,37769.08,4867.16,22595.48,876.16,0.0,0.0,0.0,0.0,0.0,0.0,TX3
2022-10-01 00:00:00,EL PASO,SOLAR,RAD SOLAR,ENDG,DESPACHADO CENTRALMENTE,0.0,0.0,0.0,0.0,0.0,0.0,2616.78,5426.55,14233.67,27629.41,37546.62,47616.02,49678.73,54881.59,54035.65,25044.59,19279.99,1405.25,0.0,0.0,0.0,0.0,0.0,0.0,TX6
2022-10-02 00:00:00,EL PASO,SOLAR,RAD SOLAR,ENDG,DESPACHADO CENTRALMENTE,0.0,0.0,0.0,0.0,0.0,0.0,7153.16,42766.91,43002.38,51480.81,50651.69,53989.27,46489.14,49946.41,42121.38,26839.03,18304.9,1754.79,0.0,0.0,0.0,0.0,0.0,0.0,TX6
2022-10-03 00:00:00,EL PASO,SOLAR,RAD SOLAR,ENDG,DESPACHADO CENTRALMENTE,0.0,0.0,0.0,0.0,0.0,0.0,3532.41,25538.44,49099.74,46803.91,58630.79,53515.29,52538.58,55713.33,53541.5,48990.66,31584.39,3091.94,0.0,0.0,0.0,0.0,0.0,0.0,TX6
2022-10-04 00:00:00,EL PASO,SOLAR,RAD SOLAR,ENDG,DESPACHADO CENTRALMENTE,0.0,0.0,0.0,0.0,0.0,0.0,8182.9,42782.64,56349.0,58378.0,56161.81,53046.72,54372.03,49529.01,52408.29,43905.49,18288.11,111.03,0.0,0.0,0.0,0.0,0.0,0.0,TX6
2022-10-05 00:00:00,EL PASO,SOLAR,RAD SOLAR,ENDG,DESPACHADO CENTRALMENTE,0.0,0.0,0.0,0.0,0.0,0.0,1858.24,7188.69,19226.55,17018.3,22147.32,33699.12,41858.16,36803.54,27231.52,16863.58,9032.47,804.56,0.0,0.0,0.0,0.0,0.0,0.0,TX6
2022-10-06 00:00:00,EL PASO,SOLAR,RAD SOLAR,ENDG,DESPACHADO CENTRALMENTE,0.0,0.0,0.0,0.0,0.0,0.0,1872.29,13908.97,20085.65,19015.58,36387.43,51358.29,41652.32,49305.28,53276.88,44243.21,6466.66,0.0,0.0,0.0,0.0,0.0,0.0,0.0,TX6
2022-10-07 00:00:00,EL PASO,SOLAR,RAD SOLAR,ENDG,DESPACHADO CENTRALMENTE,0.0,0.0,0.0,0.0,0.0,0.0,925.77,4472.11,12488.79,18971.35,27770.38,41764.77,41434.55,36811.03,31533.86,14665.11,6248.56,938.49,0.0,0.0,0.0,0.0,0.0,0.0,TX6
2022-10-08 00:00:00,EL PASO,SOLAR,RAD SOLAR,ENDG,DESPACHADO CENTRALMENTE,0.0,0.0,0.0,0.0,0.0,0.0,2284.34,5235.19,10802.66,26287.05,37606.73,43541.57,44726.15,53079.71,54558.75,44334.62,24999.06,502.06,0.0,0.0,0.0,0.0,0.0,0.0,TX6
2022-10-09 00:00:00,EL PASO,SOLAR,RAD SOLAR,ENDG,DESPACHADO CENTRALMENTE,0.0,0.0,0.0,0.0,0.0,0.0,3080.41,13185.77,21455.07,26569.0,39890.23,54435.61,56118.37,58225.38,40050.63,35140.92,7062.9,417.73,0.0,0.0,0.0,0.0,0.0,0.0,TX6
2022-10-10 00:00:00,EL PASO,SOLAR,RAD SOLAR,ENDG,DESPACHADO CENTRALMENTE,0.0,0.0,0.0,0.0,0.0,0.0,3494.97,10225.08,30813.55,29644.85,48267.21,53457.78,40752.85,57249.74,54144.76,43836.38,21935.93,2286.88,0.0,0.0,0.0,0.0,0.0,0.0,TX6
2022-10-11 00:00:00,EL PASO,SOLAR,RAD SOLAR,ENDG,DESPACHADO CENTRALMENTE,0.0,0.0,0.0,0.0,0.0,0.0,12449.14,36092.91,34244.6,36251.46,56592.36,56436.74,44892.36,51170.09,52208.42,44858.33,29305.06,2741.27,0.0,0.0,0.0,0.0,0.0,0.0,TX6
2022-10-12 00:00:00,EL PASO,SOLAR,RAD SOLAR,ENDG,DESPACHADO CENTRALMENTE,0.0,0.0,0.0,0.0,0.0,0.0,9407.04,36463.83,51354.32,55301.77,57091.62,56675.3,54835.34,53778.5,45462.86,38451.56,7593.28,0.0,0.0,0.0,0.0,0.0,0.0,0.0,TX6
2022-10-13 00:00:00,EL PASO,SOLAR,RAD SOLAR,ENDG,DESPACHADO CENTRALMENTE,0.0,0.0,0.0,0.0,0.0,0.0,2865.64,8035.08,8779.43,15395.85,20875.05,33203.63,35443.69,31969.53,54692.57,46273.98,21067.82,905.71,0.0,0.0,0.0,0.0,0.0,0.0,TX6
2022-10-14 00:00:00,EL PASO,SOLAR,RAD SOLAR,ENDG,DESPACHADO CENTRALMENTE,0.0,0.0,0.0,0.0,0.0,0.0,2735.94,8490.48,15088.12,36295.79,28710.95,34394.39,34504.18,39264.87,45985.21,31317.65,26019.08,861.95,0.0,0.0,0.0,0.0,0.0,0.0,TX6
2022-10-15 00:00:00,EL PASO,SOLAR,RAD SOLAR,ENDG,DESPACHADO CENTRALMENTE,0.0,0.0,0.0,0.0,0.0,0.0,11977.51,31080.07,33647.69,54466.82,52331.39,47428.63,37680.34,49273.51,52049.82,44014.3,19376.99,1298.95,0.0,0.0,0.0,0.0,0.0,0.0,TX6
2022-10-16 00:00:00,EL PASO,SOLAR,RAD SOLAR,ENDG,DESPACHADO CENTRALMENTE,0.0,0.0,0.0,0.0,0.0,7.86,10848.79,7097.62,23780.71,41193.39,51738.28,47984.13,48995.95,51711.13,50763.9,29983.41,4899.37,39.99,0.0,0.0,0.0,0.0,0.0,0.0,TX6
2022-10-17 00:00:00,EL PASO,SOLAR,RAD SOLAR,ENDG,DESPACHADO CENTRALMENTE,0.0,0.0,0.0,0.0,0.0,0.0,2100.64,0.0,0.0,0.0,0.0,0.0,0.0,0.0,0.0,0.0,596.72,0.0,0.0,0.0,0.0,0.0,0.0,0.0,TX6
2022-10-18 00:00:00,EL PASO,SOLAR,RAD SOLAR,ENDG,DESPACHADO CENTRALMENTE,0.0,0.0,0.0,0.0,0.0,0.0,2740.76,12575.42,17039.02,28106.99,33514.78,49976.49,50073.12,38785.77,39295.71,33293.4,25409.72,1445.76,0.0,0.0,0.0,0.0,0.0,0.0,TX6
2022-10-19 00:00:00,EL PASO,SOLAR,RAD SOLAR,ENDG,DESPACHADO CENTRALMENTE,0.0,0.0,0.0,0.0,0.0,0.0,4155.63,33952.59,48839.69,56550.09,51315.24,50713.05,45981.68,43128.11,48974.44,44333.0,9102.79,526.77,0.0,0.0,0.0,0.0,0.0,0.0,TX6
2022-10-20 00:00:00,EL PASO,SOLAR,RAD SOLAR,ENDG,DESPACHADO CENTRALMENTE,0.0,0.0,0.0,0.0,0.0,0.0,4817.78,9960.4,19788.8,38846.59,55144.46,56708.57,53010.69,51299.89,47832.7,47875.73,18136.14,1050.36,0.0,0.0,0.0,0.0,0.0,0.0,TX6
2022-10-21 00:00:00,EL PASO,SOLAR,RAD SOLAR,ENDG,DESPACHADO CENTRALMENTE,0.0,0.0,0.0,0.0,0.0,0.0,9494.07,31141.84,41593.9,50930.48,39527.49,49311.55,55328.13,54466.94,50175.56,35031.86,2390.73,0.0,0.0,0.0,0.0,0.0,0.0,0.0,TX6
2022-10-22 00:00:00,EL PASO,SOLAR,RAD SOLAR,ENDG,DESPACHADO CENTRALMENTE,0.0,0.0,0.0,0.0,0.0,0.0,2077.83,15978.67,43413.42,54095.37,55181.76,45492.81,53040.15,26705.5,36982.4,24496.75,10614.31,247.1,0.0,0.0,0.0,0.0,0.0,0.0,TX6
2022-10-23 00:00:00,EL PASO,SOLAR,RAD SOLAR,ENDG,DESPACHADO CENTRALMENTE,0.0,0.0,0.0,0.0,0.0,0.0,4902.15,10238.99,27164.01,18505.34,32863.66,41971.13,31890.23,53368.07,44915.21,46840.59,12092.33,606.58,0.0,0.0,0.0,0.0,0.0,0.0,TX6
2022-10-24 00:00:00,EL PASO,SOLAR,RAD SOLAR,ENDG,DESPACHADO CENTRALMENTE,0.0,0.0,0.0,0.0,0.0,0.0,1118.11,3355.64,11863.36,16234.71,15366.85,15340.24,28614.11,25060.06,27797.83,32255.34,16823.44,354.66,0.0,0.0,0.0,0.0,0.0,0.0,TX6
2022-10-25 00:00:00,EL PASO,SOLAR,RAD SOLAR,ENDG,DESPACHADO CENTRALMENTE,0.0,0.0,0.0,0.0,0.0,0.0,4420.77,21873.15,23912.53,34765.92,45679.24,51284.26,35930.54,48323.84,23248.01,15737.0,13985.04,1085.75,0.0,0.0,0.0,0.0,0.0,0.0,TX6
2022-10-26 00:00:00,EL PASO,SOLAR,RAD SOLAR,ENDG,DESPACHADO CENTRALMENTE,0.0,0.0,0.0,0.0,0.0,0.0,4541.53,23568.15,21475.53,36161.55,39205.19,38482.32,31380.87,33631.82,43725.44,27411.97,18066.14,546.15,0.0,0.0,0.0,0.0,0.0,0.0,TX6
2022-10-27 00:00:00,EL PASO,SOLAR,RAD SOLAR,ENDG,DESPACHADO CENTRALMENTE,0.0,0.0,0.0,0.0,0.0,0.0,5033.71,8120.67,38786.17,47885.05,54959.86,53172.94,56283.55,50604.54,45544.94,24978.19,17630.86,1017.83,0.0,0.0,0.0,0.0,0.0,0.0,TX6
2022-10-28 00:00:00,EL PASO,SOLAR,RAD SOLAR,ENDG,DESPACHADO CENTRALMENTE,0.0,0.0,0.0,0.0,0.0,0.0,12366.84,32119.12,50428.4,53620.3,50016.95,42712.91,56029.42,54686.56,52275.44,45024.81,18911.6,1842.37,0.0,0.0,0.0,0.0,0.0,0.0,TX6
2022-10-29 00:00:00,EL PASO,SOLAR,RAD SOLAR,ENDG,DESPACHADO CENTRALMENTE,0.0,0.0,0.0,0.0,0.0,0.0,6433.68,27396.69,49408.8,51555.1,54068.51,58064.41,54233.17,46279.71,50692.78,45839.7,19797.62,1169.83,0.0,0.0,0.0,0.0,0.0,0.0,TX6
2022-10-30 00:00:00,EL PASO,SOLAR,RAD SOLAR,ENDG,DESPACHADO CENTRALMENTE,0.0,0.0,0.0,0.0,0.0,0.0,4054.77,24468.0,38688.44,52324.95,52443.52,52770.75,52717.02,50502.07,44366.9,25526.79,11027.52,938.14,0.0,0.0,0.0,0.0,0.0,0.0,TX6
2022-10-31 00:00:00,EL PASO,SOLAR,RAD SOLAR,ENDG,DESPACHADO CENTRALMENTE,0.0,0.0,0.0,0.0,0.0,0.0,12681.17,43240.28,53522.68,57438.64,55049.28,48952.67,51397.8,54836.69,52904.91,45858.23,26477.37,1035.49,0.0,0.0,0.0,0.0,0.0,0.0,TX6
2022-11-01 00:00:00,EL PASO,SOLAR,RAD SOLAR,ENDG,DESPACHADO CENTRALMENTE,0.0,0.0,0.0,0.0,0.0,0.0,17397.31,42731.28,52362.88,55874.62,56230.25,55690.62,52494.61,48897.68,51384.78,37046.69,20856.96,1016.58,0.0,0.0,0.0,0.0,0.0,0.0,TX5
2022-11-02 00:00:00,EL PASO,SOLAR,RAD SOLAR,ENDG,DESPACHADO CENTRALMENTE,0.0,0.0,0.0,0.0,0.0,0.0,6121.87,16452.36,31694.16,55671.06,58766.1,54753.19,44874.22,49343.87,45904.59,12594.34,6757.65,251.84,0.0,0.0,0.0,0.0,0.0,0.0,TX5
2022-11-03 00:00:00,EL PASO,SOLAR,RAD SOLAR,ENDG,DESPACHADO CENTRALMENTE,0.0,0.0,0.0,0.0,0.0,0.0,9125.47,37229.83,46229.3,49669.38,37865.03,41518.85,54850.6,49111.6,50742.11,31238.35,4385.85,0.0,0.0,0.0,0.0,0.0,0.0,0.0,TX5
2022-11-04 00:00:00,EL PASO,SOLAR,RAD SOLAR,ENDG,DESPACHADO CENTRALMENTE,0.0,0.0,0.0,0.0,0.0,0.0,3383.52,6594.62,14175.32,29622.16,29337.96,42767.32,47968.86,52595.67,37000.94,8943.6,3753.64,97.36,0.0,0.0,0.0,0.0,0.0,0.0,TX5
2022-11-05 00:00:00,EL PASO,SOLAR,RAD SOLAR,ENDG,DESPACHADO CENTRALMENTE,0.0,0.0,0.0,0.0,0.0,0.0,2475.21,4972.02,5159.96,5838.06,10618.18,15887.72,16304.89,13269.78,8920.44,7535.64,2992.92,0.0,0.0,0.0,0.0,0.0,0.0,0.0,TX5
2022-11-06 00:00:00,EL PASO,SOLAR,RAD SOLAR,ENDG,DESPACHADO CENTRALMENTE,0.0,0.0,0.0,0.0,0.0,0.0,3281.77,4241.81,6662.51,10484.12,11691.54,18877.93,16844.81,16675.07,10377.11,6558.24,2232.53,94.27,0.0,0.0,0.0,0.0,0.0,0.0,TX5
2022-11-07 00:00:00,EL PASO,SOLAR,RAD SOLAR,ENDG,DESPACHADO CENTRALMENTE,0.0,0.0,0.0,0.0,0.0,0.0,3512.89,6677.08,28021.04,26047.84,23105.13,36827.72,34084.19,44465.75,21668.7,19464.21,9641.84,362.06,0.0,0.0,0.0,0.0,0.0,0.0,TX5
2022-11-08 00:00:00,EL PASO,SOLAR,RAD SOLAR,ENDG,DESPACHADO CENTRALMENTE,0.0,0.0,0.0,0.0,0.0,0.0,2465.23,7306.79,45894.11,54583.29,52661.74,56824.39,52987.26,44385.21,43555.05,42547.2,15539.75,54.2,0.0,0.0,0.0,0.0,0.0,0.0,TX5
2022-11-09 00:00:00,EL PASO,SOLAR,RAD SOLAR,ENDG,DESPACHADO CENTRALMENTE,0.0,0.0,0.0,0.0,0.0,0.0,3513.95,7703.94,11818.16,26271.5,29521.13,36800.84,51071.88,49627.3,53097.08,16491.12,2234.4,0.0,0.0,0.0,0.0,0.0,0.0,0.0,TX5
2022-11-10 00:00:00,EL PASO,SOLAR,RAD SOLAR,ENDG,DESPACHADO CENTRALMENTE,0.0,0.0,0.0,0.0,0.0,0.0,4828.42,13932.12,27964.55,36354.48,44196.22,26895.35,31279.85,36709.89,50505.32,46505.98,11530.45,0.0,0.0,0.0,0.0,0.0,0.0,0.0,TX5
2022-11-11 00:00:00,EL PASO,SOLAR,RAD SOLAR,ENDG,DESPACHADO CENTRALMENTE,0.0,0.0,0.0,0.0,0.0,0.0,3268.22,13567.73,21134.88,31913.36,40420.25,20416.51,35804.26,55115.4,50380.79,35819.81,11772.84,87.23,0.0,0.0,0.0,0.0,0.0,0.0,TX5
2022-11-12 00:00:00,EL PASO,SOLAR,RAD SOLAR,ENDG,DESPACHADO CENTRALMENTE,0.0,0.0,0.0,0.0,0.0,0.0,3264.06,7375.31,13897.75,21623.89,15124.48,30369.23,35197.92,30236.15,33347.57,10996.32,1424.12,0.0,0.0,0.0,0.0,0.0,0.0,0.0,TX5
2022-11-13 00:00:00,EL PASO,SOLAR,RAD SOLAR,ENDG,DESPACHADO CENTRALMENTE,0.0,0.0,0.0,0.0,0.0,0.0,1440.28,5148.95,17449.83,30967.71,41181.33,29154.38,27059.41,57170.88,52770.17,19627.19,2683.73,0.0,0.0,0.0,0.0,0.0,0.0,0.0,TX5
2022-11-14 00:00:00,EL PASO,SOLAR,RAD SOLAR,ENDG,DESPACHADO CENTRALMENTE,0.0,0.0,0.0,0.0,0.0,0.0,2395.48,27025.32,50279.07,46162.34,44879.64,50510.41,52577.55,46750.88,40990.46,17606.1,3385.08,0.0,0.0,0.0,0.0,0.0,0.0,0.0,TX5
2022-11-15 00:00:00,EL PASO,SOLAR,RAD SOLAR,ENDG,DESPACHADO CENTRALMENTE,0.0,0.0,0.0,0.0,0.0,0.0,12347.94,39848.41,50247.71,54919.37,54366.95,53866.81,55150.42,48632.15,32576.27,37205.46,8658.77,52.71,0.0,0.0,0.0,0.0,0.0,0.0,TX5
2022-11-16 00:00:00,EL PASO,SOLAR,RAD SOLAR,ENDG,DESPACHADO CENTRALMENTE,0.0,0.0,0.0,0.0,0.0,0.0,4734.87,18605.25,38220.37,44908.57,52956.54,56663.34,53604.94,53642.76,51182.06,31616.68,5395.0,302.28,0.0,0.0,0.0,0.0,0.0,0.0,TX5
2022-11-17 00:00:00,EL PASO,SOLAR,RAD SOLAR,ENDG,DESPACHADO CENTRALMENTE,0.0,0.0,0.0,0.0,0.0,0.0,5457.07,36695.1,50662.52,54818.26,53799.98,54421.71,53118.31,51468.84,49207.15,40055.41,9771.45,331.44,0.0,0.0,0.0,0.0,0.0,0.0,TX5
2022-11-18 00:00:00,EL PASO,SOLAR,RAD SOLAR,ENDG,DESPACHADO CENTRALMENTE,0.0,0.0,0.0,0.0,0.0,0.0,2966.8,7858.0,13396.41,17765.52,20522.16,37197.47,42576.33,23213.23,17573.28,17682.7,7839.49,529.29,0.0,0.0,0.0,0.0,0.0,0.0,TX5
2022-11-19 00:00:00,EL PASO,SOLAR,RAD SOLAR,ENDG,DESPACHADO CENTRALMENTE,0.0,0.0,0.0,0.0,0.0,0.0,2764.33,34689.63,51993.95,46802.1,56561.07,45095.96,39844.22,48380.79,49559.68,41544.42,18941.15,290.91,0.0,0.0,0.0,0.0,0.0,0.0,TX5
2022-11-20 00:00:00,EL PASO,SOLAR,RAD SOLAR,ENDG,DESPACHADO CENTRALMENTE,0.0,0.0,0.0,0.0,0.0,0.0,11587.8,41702.96,52331.66,55802.13,56027.62,56776.83,56619.68,50300.49,48728.34,38558.83,9779.89,506.15,0.0,0.0,0.0,0.0,0.0,0.0,TX5
2022-11-21 00:00:00,EL PASO,SOLAR,RAD SOLAR,ENDG,DESPACHADO CENTRALMENTE,0.0,0.0,0.0,0.0,0.0,0.0,6790.65,33927.93,45167.4,54948.1,52612.77,56620.54,55172.89,52488.43,51146.03,27925.17,7144.0,268.82,0.0,0.0,0.0,0.0,0.0,0.0,TX5
2022-11-22 00:00:00,EL PASO,SOLAR,RAD SOLAR,ENDG,DESPACHADO CENTRALMENTE,0.0,0.0,0.0,0.0,0.0,0.0,11139.21,32914.75,51192.51,52267.01,55458.45,55399.17,54306.88,52799.22,51178.78,45286.61,21640.83,544.77,0.0,0.0,0.0,0.0,0.0,0.0,TX5
2022-11-23 00:00:00,EL PASO,SOLAR,RAD SOLAR,ENDG,DESPACHADO CENTRALMENTE,0.0,0.0,0.0,0.0,0.0,0.0,10036.03,38040.31,33115.42,46783.07,47898.15,53320.51,49309.59,47473.04,50369.74,39273.02,20886.33,317.52,0.0,0.0,0.0,0.0,0.0,0.0,TX5
2022-11-24 00:00:00,EL PASO,SOLAR,RAD SOLAR,ENDG,DESPACHADO CENTRALMENTE,0.0,0.0,0.0,0.0,0.0,0.0,3127.3,25445.33,49728.59,53536.67,51673.43,40062.33,37475.59,42966.34,50207.59,38485.73,27036.45,1731.12,0.0,0.0,0.0,0.0,0.0,0.0,TX5
2022-11-25 00:00:00,EL PASO,SOLAR,RAD SOLAR,ENDG,DESPACHADO CENTRALMENTE,0.0,0.0,0.0,0.0,0.0,0.0,9368.23,35615.22,47177.58,52155.69,50265.68,42126.37,48690.99,52530.15,50612.99,44518.29,20053.47,695.85,0.0,0.0,0.0,0.0,0.0,0.0,TX5
2022-11-26 00:00:00,EL PASO,SOLAR,RAD SOLAR,ENDG,DESPACHADO CENTRALMENTE,0.0,0.0,0.0,0.0,0.0,0.0,9580.07,27406.25,19869.17,46055.0,45828.58,51640.16,53158.29,31834.25,18159.0,6212.75,1210.4,0.0,0.0,0.0,0.0,0.0,0.0,0.0,TX5
2022-11-27 00:00:00,EL PASO,SOLAR,RAD SOLAR,ENDG,DESPACHADO CENTRALMENTE,0.0,0.0,0.0,0.0,0.0,0.0,8547.34,37402.65,49871.74,54589.21,35492.78,47165.03,31675.73,35736.75,3209.55,1218.14,402.21,0.0,0.0,0.0,0.0,0.0,0.0,0.0,TX5
2022-11-28 00:00:00,EL PASO,SOLAR,RAD SOLAR,ENDG,DESPACHADO CENTRALMENTE,0.0,0.0,0.0,0.0,0.0,0.0,3268.31,27465.21,33904.94,47238.4,55786.76,49663.96,47642.34,49377.35,19049.37,20022.63,9729.4,643.08,0.0,0.0,0.0,0.0,0.0,0.0,TX5
2022-11-29 00:00:00,EL PASO,SOLAR,RAD SOLAR,ENDG,DESPACHADO CENTRALMENTE,0.0,0.0,0.0,0.0,0.0,0.0,4932.26,29845.49,38911.42,49844.04,46150.73,37286.54,50981.06,42868.87,33135.93,22421.84,8340.35,237.25,0.0,0.0,0.0,0.0,0.0,0.0,TX5
2022-11-30 00:00:00,EL PASO,SOLAR,RAD SOLAR,ENDG,DESPACHADO CENTRALMENTE,0.0,0.0,0.0,0.0,0.0,0.0,8600.26,35369.56,49856.37,48905.05,54034.27,53821.94,51902.54,51480.14,48350.56,45014.07,23222.02,273.41,0.0,0.0,0.0,0.0,0.0,0.0,TX5
2022-12-01 00:00:00,EL PASO,SOLAR,RAD SOLAR,ENDG,DESPACHADO CENTRALMENTE,0.0,0.0,0.0,0.0,0.0,0.0,8319.85,39585.35,51022.21,54797.83,54606.77,54626.37,54547.69,53591.73,50762.72,45191.36,21847.11,757.06,0.0,0.0,0.0,0.0,0.0,0.0,TX4
2022-12-02 00:00:00,EL PASO,SOLAR,RAD SOLAR,ENDG,DESPACHADO CENTRALMENTE,0.0,0.0,0.0,0.0,0.0,0.0,9366.68,39703.62,50731.88,53752.16,53751.33,54241.29,54466.25,52386.14,48675.58,41499.47,23106.23,871.62,0.0,0.0,0.0,0.0,0.0,0.0,TX4
2022-12-03 00:00:00,EL PASO,SOLAR,RAD SOLAR,ENDG,DESPACHADO CENTRALMENTE,0.0,0.0,0.0,0.0,0.0,0.0,3093.09,17306.05,46305.34,53414.2,53826.09,54121.13,53982.17,53611.34,48725.25,42320.74,22535.65,918.0,0.0,0.0,0.0,0.0,0.0,0.0,TX4
2022-12-04 00:00:00,EL PASO,SOLAR,RAD SOLAR,ENDG,DESPACHADO CENTRALMENTE,0.0,0.0,0.0,0.0,0.0,0.0,8879.3,39355.85,47865.63,51137.19,51221.79,51613.09,50205.31,50620.68,40373.36,40436.72,18692.19,930.95,0.0,0.0,0.0,0.0,0.0,0.0,TX4
2022-12-05 00:00:00,EL PASO,SOLAR,RAD SOLAR,ENDG,DESPACHADO CENTRALMENTE,0.0,0.0,0.0,0.0,0.0,0.0,3409.67,32387.95,47042.39,50438.61,50875.91,51046.03,50969.93,49377.41,47751.01,41960.92,22496.61,530.33,0.0,0.0,0.0,0.0,0.0,0.0,TX4
2022-12-06 00:00:00,EL PASO,SOLAR,RAD SOLAR,ENDG,DESPACHADO CENTRALMENTE,0.0,0.0,0.0,0.0,0.0,0.0,6453.72,38270.59,47059.99,53948.63,54368.61,54666.23,53912.09,53042.21,51014.0,45556.28,23375.73,1066.42,0.0,0.0,0.0,0.0,0.0,0.0,TX4
2022-12-07 00:00:00,EL PASO,SOLAR,RAD SOLAR,ENDG,DESPACHADO CENTRALMENTE,0.0,0.0,0.0,0.0,0.0,0.0,8027.83,38515.52,50184.46,52363.4,52288.9,52090.91,51619.81,50148.22,47408.47,42503.74,22384.94,1070.19,0.0,0.0,0.0,0.0,0.0,0.0,TX4
2022-12-08 00:00:00,EL PASO,SOLAR,RAD SOLAR,ENDG,DESPACHADO CENTRALMENTE,0.0,0.0,0.0,0.0,0.0,0.0,8250.74,40189.81,52555.24,54689.6,54934.62,55372.49,54921.33,39338.13,46201.3,39277.61,21944.55,1093.76,0.0,0.0,0.0,0.0,0.0,0.0,TX4
2022-12-09 00:00:00,EL PASO,SOLAR,RAD SOLAR,ENDG,DESPACHADO CENTRALMENTE,0.0,0.0,0.0,0.0,0.0,0.0,6148.77,37885.64,50402.46,52271.92,54392.15,53681.15,53121.67,50902.61,49562.83,41572.42,21852.7,1008.73,0.0,0.0,0.0,0.0,0.0,0.0,TX4
2022-12-10 00:00:00,EL PASO,SOLAR,RAD SOLAR,ENDG,DESPACHADO CENTRALMENTE,0.0,0.0,0.0,0.0,0.0,0.0,1699.06,12714.28,50023.75,53028.1,53335.67,53422.09,53091.09,50403.49,48345.0,39594.39,22312.62,1086.15,0.0,0.0,0.0,0.0,0.0,0.0,TX4
2022-12-11 00:00:00,EL PASO,SOLAR,RAD SOLAR,ENDG,DESPACHADO CENTRALMENTE,0.0,0.0,0.0,0.0,0.0,0.0,7057.06,36806.29,49431.23,52099.04,53025.47,52459.59,52308.54,51552.34,48615.18,32920.04,17325.99,1085.66,0.0,0.0,0.0,0.0,0.0,0.0,TX4
2022-12-12 00:00:00,EL PASO,SOLAR,RAD SOLAR,ENDG,DESPACHADO CENTRALMENTE,0.0,0.0,0.0,0.0,0.0,0.0,4671.83,29509.18,50347.58,52661.74,52825.29,51491.28,51525.51,47732.15,34145.37,40185.58,14889.18,935.81,0.0,0.0,0.0,0.0,0.0,0.0,TX4
2022-12-13 00:00:00,EL PASO,SOLAR,RAD SOLAR,ENDG,DESPACHADO CENTRALMENTE,0.0,0.0,0.0,0.0,0.0,0.0,5064.14,30825.86,43514.04,49093.12,50165.63,49844.09,49295.02,45136.17,42239.2,29684.53,13474.14,438.64,0.0,0.0,0.0,0.0,0.0,0.0,TX4
2022-12-14 00:00:00,EL PASO,SOLAR,RAD SOLAR,ENDG,DESPACHADO CENTRALMENTE,0.0,0.0,0.0,0.0,0.0,0.0,1335.36,14133.06,50837.34,52952.6,53245.07,49320.85,40536.15,45731.95,37330.05,33728.98,16851.45,1357.69,0.0,0.0,0.0,0.0,0.0,0.0,TX4
2022-12-15 00:00:00,EL PASO,SOLAR,RAD SOLAR,ENDG,DESPACHADO CENTRALMENTE,0.0,0.0,0.0,0.0,0.0,0.0,5661.43,31583.68,44902.95,49639.4,50636.64,49791.15,49276.94,47316.15,44645.96,42682.43,19595.01,599.13,0.0,0.0,0.0,0.0,0.0,0.0,TX4
2022-12-16 00:00:00,EL PASO,SOLAR,RAD SOLAR,ENDG,DESPACHADO CENTRALMENTE,0.0,0.0,0.0,0.0,0.0,0.0,5504.72,34402.65,47749.0,49638.87,50184.84,49102.24,50358.66,48841.04,46403.04,41756.58,21220.59,894.12,0.0,0.0,0.0,0.0,0.0,0.0,TX4
2022-12-17 00:00:00,EL PASO,SOLAR,RAD SOLAR,ENDG,DESPACHADO CENTRALMENTE,0.0,0.0,0.0,0.0,0.0,0.0,4924.66,32288.31,43852.76,48213.88,48161.11,45972.35,52188.68,51271.9,47922.32,34390.18,17267.35,1057.83,0.0,0.0,0.0,0.0,0.0,0.0,TX4
2022-12-18 00:00:00,EL PASO,SOLAR,RAD SOLAR,ENDG,DESPACHADO CENTRALMENTE,0.0,0.0,0.0,0.0,0.0,0.0,973.98,19271.02,43449.14,48953.59,46103.97,51667.38,51634.96,48219.08,49265.07,42077.75,17221.14,712.83,0.0,0.0,0.0,0.0,0.0,0.0,TX4
2022-12-19 00:00:00,EL PASO,SOLAR,RAD SOLAR,ENDG,DESPACHADO CENTRALMENTE,0.0,0.0,0.0,0.0,0.0,0.0,4519.23,32356.37,46981.76,49984.6,50166.32,50250.3,50191.09,50227.73,48768.11,43271.21,22972.74,1459.13,0.0,0.0,0.0,0.0,0.0,0.0,TX4
2022-12-20 00:00:00,EL PASO,SOLAR,RAD SOLAR,ENDG,DESPACHADO CENTRALMENTE,0.0,0.0,0.0,0.0,0.0,0.0,4690.79,32214.36,48230.83,50733.56,48309.08,51511.84,50772.11,47644.14,47373.7,42082.96,23714.63,1567.17,0.0,0.0,0.0,0.0,0.0,0.0,TX4
2022-12-21 00:00:00,EL PASO,SOLAR,RAD SOLAR,ENDG,DESPACHADO CENTRALMENTE,0.0,0.0,0.0,0.0,0.0,0.0,4311.32,32187.32,47457.56,50258.76,49624.68,48222.88,49039.11,48468.19,46511.51,40525.49,21190.94,1552.98,0.0,0.0,0.0,0.0,0.0,0.0,TX4
2022-12-22 00:00:00,EL PASO,SOLAR,RAD SOLAR,ENDG,DESPACHADO CENTRALMENTE,0.0,0.0,0.0,0.0,0.0,0.0,4432.44,31768.97,47733.25,50647.01,50409.97,49542.66,49170.1,48335.49,46189.83,42107.33,23352.72,1616.07,0.0,0.0,0.0,0.0,0.0,0.0,TX4
2022-12-23 00:00:00,EL PASO,SOLAR,RAD SOLAR,ENDG,DESPACHADO CENTRALMENTE,0.0,0.0,0.0,0.0,0.0,0.0,4511.21,32894.23,47860.24,50905.55,50820.46,50066.73,49363.82,48498.48,46372.26,42049.16,24159.02,1684.28,0.0,0.0,0.0,0.0,0.0,0.0,TX4
2022-12-24 00:00:00,EL PASO,SOLAR,RAD SOLAR,ENDG,DESPACHADO CENTRALMENTE,0.0,0.0,0.0,0.0,0.0,0.0,4766.05,34094.15,49042.41,51305.29,51412.39,50831.45,50726.21,50747.78,49153.19,43384.92,25496.98,1860.84,0.0,0.0,0.0,0.0,0.0,0.0,TX4
2022-12-25 00:00:00,EL PASO,SOLAR,RAD SOLAR,ENDG,DESPACHADO CENTRALMENTE,0.0,0.0,0.0,0.0,0.0,0.0,4231.96,33812.92,43030.89,50317.71,52220.98,51029.28,51828.91,51107.9,48216.61,43070.18,26059.58,2061.51,0.0,0.0,0.0,0.0,0.0,0.0,TX4
2022-12-26 00:00:00,EL PASO,SOLAR,RAD SOLAR,ENDG,DESPACHADO CENTRALMENTE,0.0,0.0,0.0,0.0,0.0,0.0,4076.7,29697.03,47236.7,50220.48,49927.36,48779.94,48240.41,46661.2,45968.1,41315.99,23872.53,2025.64,0.0,0.0,0.0,0.0,0.0,0.0,TX4
2022-12-27 00:00:00,EL PASO,SOLAR,RAD SOLAR,ENDG,DESPACHADO CENTRALMENTE,0.0,0.0,0.0,0.0,0.0,0.0,3486.49,27723.58,44360.52,48078.45,47916.9,47990.34,47844.28,46997.51,46624.36,43007.52,24427.7,1839.86,0.0,0.0,0.0,0.0,0.0,0.0,TX4
2022-12-28 00:00:00,EL PASO,SOLAR,RAD SOLAR,ENDG,DESPACHADO CENTRALMENTE,0.0,0.0,0.0,0.0,0.0,0.0,2389.26,27478.34,43453.02,46279.03,47461.16,47727.9,48856.32,48900.55,42377.89,32565.22,21660.77,1813.11,0.0,0.0,0.0,0.0,0.0,0.0,TX4
2022-12-29 00:00:00,EL PASO,SOLAR,RAD SOLAR,ENDG,DESPACHADO CENTRALMENTE,0.0,0.0,0.0,0.0,0.0,0.0,3341.32,29413.71,46067.83,49743.76,49950.83,49571.08,49650.68,48570.38,46996.95,43857.61,26883.01,2307.68,0.0,0.0,0.0,0.0,0.0,0.0,TX4
2022-12-30 00:00:00,EL PASO,SOLAR,RAD SOLAR,ENDG,DESPACHADO CENTRALMENTE,0.0,0.0,0.0,0.0,0.0,0.0,3880.47,32278.19,48295.5,51082.58,50114.9,48778.33,48763.71,48138.55,46508.61,42801.26,22211.17,2324.63,0.0,0.0,0.0,0.0,0.0,0.0,TX4
2022-12-31 00:00:00,EL PASO,SOLAR,RAD SOLAR,ENDG,DESPACHADO CENTRALMENTE,0.0,0.0,0.0,0.0,0.0,0.0,3499.87,30728.68,46913.63,49753.93,49357.05,48485.8,48861.07,45772.95,43115.66,37240.03,22303.4,1785.67,0.0,0.0,0.0,0.0,0.0,0.0,TX4
2023-01-01 00:00:00,EL PASO,SOLAR,RAD SOLAR,ENDG,DESPACHADO CENTRALMENTE,0.0,0.0,0.0,0.0,0.0,0.0,3102.98,26911.84,45991.04,49291.33,48781.45,47800.44,48165.53,46833.42,42115.47,24061.86,11481.31,1077.38,0.0,0.0,0.0,0.0,0.0,0.0,TX6
2023-01-02 00:00:00,EL PASO,SOLAR,RAD SOLAR,ENDG,DESPACHADO CENTRALMENTE,0.0,0.0,0.0,0.0,0.0,0.0,3099.95,26065.08,48572.12,50564.45,50444.46,50103.05,49167.13,50231.97,49111.72,44395.84,17685.12,1379.98,0.0,0.0,0.0,0.0,0.0,0.0,TX6
2023-01-03 00:00:00,EL PASO,SOLAR,RAD SOLAR,ENDG,DESPACHADO CENTRALMENTE,0.0,0.0,0.0,0.0,0.0,0.0,3829.88,32190.63,48726.96,51345.44,50026.29,48400.76,48519.09,24953.9,8034.14,15398.3,26472.01,1259.76,0.0,0.0,0.0,0.0,0.0,0.0,TX6
2023-01-04 00:00:00,EL PASO,SOLAR,RAD SOLAR,ENDG,DESPACHADO CENTRALMENTE,0.0,0.0,0.0,0.0,0.0,0.0,1555.14,28919.31,46947.55,50539.05,50496.28,50425.48,50988.03,49881.47,49163.52,45506.73,29249.76,2917.69,0.0,0.0,0.0,0.0,0.0,0.0,TX6
2023-01-05 00:00:00,EL PASO,SOLAR,RAD SOLAR,ENDG,DESPACHADO CENTRALMENTE,0.0,0.0,0.0,0.0,0.0,0.0,3350.9,30808.83,47776.78,50414.08,50308.48,49232.3,48567.94,47687.13,36603.02,41818.64,25178.74,2413.45,0.0,0.0,0.0,0.0,0.0,0.0,TX6
2023-01-06 00:00:00,EL PASO,SOLAR,RAD SOLAR,ENDG,DESPACHADO CENTRALMENTE,0.0,0.0,0.0,0.0,0.0,0.0,2878.52,28526.16,45654.1,49251.73,49876.9,48625.62,46545.9,34640.64,20351.99,34533.43,17291.99,3094.39,0.0,0.0,0.0,0.0,0.0,0.0,TX6
2023-01-07 00:00:00,EL PASO,SOLAR,RAD SOLAR,ENDG,DESPACHADO CENTRALMENTE,0.0,0.0,0.0,0.0,0.0,0.0,3026.47,27035.24,43777.04,47558.14,47826.51,46958.72,43031.15,43029.89,33067.77,27326.13,27940.82,3010.76,0.0,0.0,0.0,0.0,0.0,0.0,TX6
2023-01-08 00:00:00,EL PASO,SOLAR,RAD SOLAR,ENDG,DESPACHADO CENTRALMENTE,0.0,0.0,0.0,0.0,0.0,0.0,588.81,9152.03,44980.86,28141.97,30952.26,25865.15,37057.97,43125.8,36510.08,15723.7,9873.2,2734.43,0.0,0.0,0.0,0.0,0.0,0.0,TX6
2023-01-09 00:00:00,EL PASO,SOLAR,RAD SOLAR,ENDG,DESPACHADO CENTRALMENTE,0.0,0.0,0.0,0.0,0.0,0.0,986.65,14722.48,23046.28,30667.25,37134.45,48938.69,49960.88,35518.35,44246.78,45687.52,24638.26,1771.84,0.0,0.0,0.0,0.0,0.0,0.0,TX6
2023-01-10 00:00:00,EL PASO,SOLAR,RAD SOLAR,ENDG,DESPACHADO CENTRALMENTE,0.0,0.0,0.0,0.0,0.0,0.0,449.38,3153.47,10375.64,11142.4,27998.72,42713.49,30250.15,21351.76,23777.87,16745.83,16413.44,2500.05,0.0,0.0,0.0,0.0,0.0,0.0,TX6
2023-01-11 00:00:00,EL PASO,SOLAR,RAD SOLAR,ENDG,DESPACHADO CENTRALMENTE,0.0,0.0,0.0,0.0,0.0,0.0,1296.14,26776.33,43983.48,36873.36,46204.71,46665.54,45732.44,36730.64,9579.48,3673.64,0.0,0.0,0.0,0.0,0.0,0.0,0.0,0.0,TX6
2023-01-12 00:00:00,EL PASO,SOLAR,RAD SOLAR,ENDG,DESPACHADO CENTRALMENTE,0.0,0.0,0.0,0.0,0.0,0.0,1849.41,15136.83,41422.33,46157.52,49332.27,47568.2,45803.01,41993.39,35595.62,30147.78,12372.53,3318.1,0.0,0.0,0.0,0.0,0.0,0.0,TX6
2023-01-13 00:00:00,EL PASO,SOLAR,RAD SOLAR,ENDG,DESPACHADO CENTRALMENTE,0.0,0.0,0.0,0.0,0.0,0.0,2708.08,25211.51,42327.95,46337.09,50192.58,48764.38,46125.7,47808.64,46914.16,43359.52,29658.02,3794.28,0.0,0.0,0.0,0.0,0.0,0.0,TX6
2023-01-14 00:00:00,EL PASO,SOLAR,RAD SOLAR,ENDG,DESPACHADO CENTRALMENTE,0.0,0.0,0.0,0.0,0.0,0.0,2014.58,23593.27,43377.94,48802.42,49365.88,46823.61,40346.6,46666.09,47359.57,44303.19,30514.57,3571.25,0.0,0.0,0.0,0.0,0.0,0.0,TX6
2023-01-16 00:00:00,EL PASO,SOLAR,RAD SOLAR,ENDG,DESPACHADO CENTRALMENTE,0.0,0.0,0.0,0.0,0.0,0.0,2629.76,25073.83,48824.1,52323.44,52674.49,51532.47,51299.18,50072.46,45359.32,42233.9,31991.01,4682.29,0.0,0.0,0.0,0.0,0.0,0.0,TX6
2023-01-17 00:00:00,EL PASO,SOLAR,RAD SOLAR,ENDG,DESPACHADO CENTRALMENTE,0.0,0.0,0.0,0.0,0.0,0.0,1980.38,27931.25,47555.51,51038.25,50964.65,50076.53,50461.33,49409.96,47670.33,44832.22,31678.47,4164.21,0.0,0.0,0.0,0.0,0.0,0.0,TX6
2023-01-18 00:00:00,EL PASO,SOLAR,RAD SOLAR,ENDG,DESPACHADO CENTRALMENTE,0.0,0.0,0.0,0.0,0.0,0.0,2210.68,26997.29,46297.49,49964.82,50099.7,49376.93,49919.37,48218.39,45434.55,43239.07,30578.27,4237.07,0.0,0.0,0.0,0.0,0.0,0.0,TX6
2023-01-19 00:00:00,EL PASO,SOLAR,RAD SOLAR,ENDG,DESPACHADO CENTRALMENTE,0.0,0.0,0.0,0.0,0.0,0.0,2464.78,28881.83,48291.74,51815.01,51991.0,52633.28,52959.25,51260.51,50032.03,46464.68,32899.82,5098.33,0.0,0.0,0.0,0.0,0.0,0.0,TX6
2023-01-20 00:00:00,EL PASO,SOLAR,RAD SOLAR,ENDG,DESPACHADO CENTRALMENTE,0.0,0.0,0.0,0.0,0.0,0.0,2643.43,29771.53,48298.14,52683.97,54043.2,53438.39,53780.67,52625.68,51380.29,47709.65,35498.05,5724.91,0.0,0.0,0.0,0.0,0.0,0.0,TX6
2023-01-21 00:00:00,EL PASO,SOLAR,RAD SOLAR,ENDG,DESPACHADO CENTRALMENTE,0.0,0.0,0.0,0.0,0.0,0.0,2666.92,29171.47,47948.38,50899.65,51071.56,51106.03,52359.66,52232.74,50037.3,46664.87,33870.02,5145.01,0.0,0.0,0.0,0.0,0.0,0.0,TX6
2023-01-22 00:00:00,EL PASO,SOLAR,RAD SOLAR,ENDG,DESPACHADO CENTRALMENTE,0.0,0.0,0.0,0.0,0.0,0.0,2431.45,29382.28,48670.2,52186.76,52410.85,50476.99,50553.52,49229.48,47116.98,45206.52,32887.59,5027.94,0.0,0.0,0.0,0.0,0.0,0.0,TX6
2023-01-23 00:00:00,EL PASO,SOLAR,RAD SOLAR,ENDG,DESPACHADO CENTRALMENTE,0.0,0.0,0.0,0.0,0.0,0.0,2317.58,22478.17,45043.69,50106.86,49995.23,49177.86,49897.92,48699.25,47079.41,44125.44,32526.39,5679.44,0.0,0.0,0.0,0.0,0.0,0.0,TX6
2023-01-24 00:00:00,EL PASO,SOLAR,RAD SOLAR,ENDG,DESPACHADO CENTRALMENTE,0.0,0.0,0.0,0.0,0.0,0.0,3092.17,26241.23,46596.33,39126.64,46471.48,46047.8,50439.41,46034.99,39551.22,42371.76,14883.3,2049.18,0.0,0.0,0.0,0.0,0.0,0.0,TX6
2023-01-25 00:00:00,EL PASO,SOLAR,RAD SOLAR,ENDG,DESPACHADO CENTRALMENTE,0.0,0.0,0.0,0.0,0.0,0.0,2094.52,21012.17,35981.72,53022.46,51840.56,51232.71,51152.96,51693.69,51236.24,48146.43,35209.07,5501.44,0.0,0.0,0.0,0.0,0.0,0.0,TX6
2023-01-26 00:00:00,EL PASO,SOLAR,RAD SOLAR,ENDG,DESPACHADO CENTRALMENTE,0.0,0.0,0.0,0.0,0.0,0.0,2717.9,29797.98,48731.94,51872.62,52602.0,49766.63,47884.41,50642.45,50430.33,46551.21,32052.52,3910.58,0.0,0.0,0.0,0.0,0.0,0.0,TX6
2023-01-27 00:00:00,EL PASO,SOLAR,RAD SOLAR,ENDG,DESPACHADO CENTRALMENTE,0.0,0.0,0.0,0.0,0.0,0.0,2618.79,30077.98,49694.2,52631.57,53067.85,52103.42,52569.99,51523.06,50836.13,47253.06,33752.52,4616.24,0.0,0.0,0.0,0.0,0.0,0.0,TX6
2023-01-28 00:00:00,EL PASO,SOLAR,RAD SOLAR,ENDG,DESPACHADO CENTRALMENTE,0.0,0.0,0.0,0.0,0.0,0.0,2658.95,30447.9,50475.65,53245.32,52839.25,51572.32,51576.13,51007.04,50034.41,46551.25,35598.24,6524.06,0.0,0.0,0.0,0.0,0.0,0.0,TX6
2023-01-29 00:00:00,EL PASO,SOLAR,RAD SOLAR,ENDG,DESPACHADO CENTRALMENTE,0.0,0.0,0.0,0.0,0.0,0.0,2740.03,30319.79,49400.12,52994.04,53331.79,52776.15,52570.39,51667.43,50122.1,47191.66,36030.34,6631.64,0.0,0.0,0.0,0.0,0.0,0.0,TX6
2023-01-30 00:00:00,EL PASO,SOLAR,RAD SOLAR,ENDG,DESPACHADO CENTRALMENTE,0.0,0.0,0.0,0.0,0.0,0.0,2630.12,29138.84,49149.0,51954.16,52044.45,51119.38,51527.32,49715.03,47698.55,45852.28,35111.36,6639.94,0.0,0.0,0.0,0.0,0.0,0.0,TX6
2023-01-31 00:00:00,EL PASO,SOLAR,RAD SOLAR,ENDG,DESPACHADO CENTRALMENTE,0.0,0.0,0.0,0.0,0.0,0.0,2752.8,30702.44,49451.13,52019.87,52390.82,52507.4,53172.6,52842.81,50064.05,47658.65,34821.48,6066.04,0.0,0.0,0.0,0.0,0.0,0.0,TX6
2023-02-01 00:00:00,EL PASO,SOLAR,RAD SOLAR,ENDG,DESPACHADO CENTRALMENTE,0.0,0.0,0.0,0.0,0.0,0.0,3009.84,29522.42,51616.34,54121.7,53914.83,53237.14,53318.51,50244.39,49169.2,45678.26,34040.29,6023.48,0.0,0.0,0.0,0.0,0.0,0.0,TX6
2023-02-02 00:00:00,EL PASO,SOLAR,RAD SOLAR,ENDG,DESPACHADO CENTRALMENTE,0.0,0.0,0.0,0.0,0.0,0.0,2825.84,31053.98,49713.59,52925.9,52991.55,52413.13,52315.91,51494.96,50224.0,47623.13,35511.13,6641.22,0.0,0.0,0.0,0.0,0.0,0.0,TX6
2023-02-03 00:00:00,EL PASO,SOLAR,RAD SOLAR,ENDG,DESPACHADO CENTRALMENTE,0.0,0.0,0.0,0.0,0.0,0.0,2653.42,29797.07,49083.04,52006.07,51511.37,50260.91,50183.03,48468.21,47036.65,43946.8,33245.23,5485.92,0.0,0.0,0.0,0.0,0.0,0.0,TX6
2023-02-04 00:00:00,EL PASO,SOLAR,RAD SOLAR,ENDG,DESPACHADO CENTRALMENTE,0.0,0.0,0.0,0.0,0.0,0.0,1710.14,16644.9,45127.88,51325.99,51279.3,50793.46,51446.14,44923.1,47332.41,41276.33,25856.83,2206.86,0.0,0.0,0.0,0.0,0.0,0.0,TX6
2023-02-05 00:00:00,EL PASO,SOLAR,RAD SOLAR,ENDG,DESPACHADO CENTRALMENTE,0.0,0.0,0.0,0.0,0.0,0.0,2282.01,26773.65,46966.29,51581.6,50844.17,50932.51,50488.98,47631.05,46475.98,36335.93,23721.27,2957.56,0.0,0.0,0.0,0.0,0.0,0.0,TX6
2023-02-06 00:00:00,EL PASO,SOLAR,RAD SOLAR,ENDG,DESPACHADO CENTRALMENTE,0.0,0.0,0.0,0.0,0.0,0.0,1599.23,28711.49,48258.1,50628.19,50079.78,50302.49,51306.85,49556.09,47561.5,44073.85,17019.39,3405.09,0.0,0.0,0.0,0.0,0.0,0.0,TX6
2023-02-07 00:00:00,EL PASO,SOLAR,RAD SOLAR,ENDG,DESPACHADO CENTRALMENTE,0.0,0.0,0.0,0.0,0.0,0.0,2200.77,18638.2,44773.68,53059.63,48830.71,45282.1,50741.51,48444.68,46234.45,44435.72,32615.88,5971.21,0.0,0.0,0.0,0.0,0.0,0.0,TX6
2023-02-08 00:00:00,EL PASO,SOLAR,RAD SOLAR,ENDG,DESPACHADO CENTRALMENTE,0.0,0.0,0.0,0.0,0.0,0.0,2085.87,29185.24,50230.06,54420.77,55222.94,54080.77,54190.12,53346.2,41723.91,37874.04,28480.31,6972.63,0.0,0.0,0.0,0.0,0.0,0.0,TX6
2023-02-09 00:00:00,EL PASO,SOLAR,RAD SOLAR,ENDG,DESPACHADO CENTRALMENTE,0.0,0.0,0.0,0.0,0.0,0.0,2873.97,31306.83,50666.37,53903.97,54221.42,49424.24,52436.53,44123.56,50883.8,49493.73,38115.23,7224.24,0.0,0.0,0.0,0.0,0.0,0.0,TX6
2023-02-10 00:00:00,EL PASO,SOLAR,RAD SOLAR,ENDG,DESPACHADO CENTRALMENTE,0.0,0.0,0.0,0.0,0.0,0.0,2685.6,31120.61,51634.25,55212.6,54715.1,53266.7,53460.21,52971.7,50322.15,43587.97,37354.13,6903.63,0.0,0.0,0.0,0.0,0.0,0.0,TX6
2023-02-11 00:00:00,EL PASO,SOLAR,RAD SOLAR,ENDG,DESPACHADO CENTRALMENTE,0.0,0.0,0.0,0.0,0.0,0.0,2924.65,31204.86,51033.01,53624.46,54164.63,52853.86,52892.79,49089.06,48984.71,41026.51,35288.8,4545.82,0.0,0.0,0.0,0.0,0.0,0.0,TX6
2023-02-12 00:00:00,EL PASO,SOLAR,RAD SOLAR,ENDG,DESPACHADO CENTRALMENTE,0.0,0.0,0.0,0.0,0.0,0.0,2746.47,30911.9,51281.66,54958.29,54991.09,53235.61,53826.01,52571.61,50697.67,38985.21,36750.03,4651.9,0.0,0.0,0.0,0.0,0.0,0.0,TX6
2023-02-13 00:00:00,EL PASO,SOLAR,RAD SOLAR,ENDG,DESPACHADO CENTRALMENTE,0.0,0.0,0.0,0.0,0.0,0.0,2408.16,29660.92,49936.41,53787.04,54644.12,49805.33,54638.2,52094.83,48255.89,41996.35,31762.05,2689.23,0.0,0.0,0.0,0.0,0.0,0.0,TX6
2023-02-14 00:00:00,EL PASO,SOLAR,RAD SOLAR,ENDG,DESPACHADO CENTRALMENTE,0.0,0.0,0.0,0.0,0.0,0.0,2708.69,29705.92,50912.71,54385.83,54374.22,53556.5,53220.29,53216.93,49880.14,47594.48,23531.66,2131.42,0.0,0.0,0.0,0.0,0.0,0.0,TX6
2023-02-15 00:00:00,EL PASO,SOLAR,RAD SOLAR,ENDG,DESPACHADO CENTRALMENTE,0.0,0.0,0.0,0.0,0.0,0.0,3723.8,32841.96,49936.44,53641.44,55977.48,55748.39,55029.15,54694.19,47545.18,39431.36,37476.81,7040.72,0.0,0.0,0.0,0.0,0.0,0.0,TX6
2023-02-16 00:00:00,EL PASO,SOLAR,RAD SOLAR,ENDG,DESPACHADO CENTRALMENTE,0.0,0.0,0.0,0.0,0.0,0.0,3431.34,26650.26,54427.64,57773.0,56533.76,54698.26,54510.61,53985.74,51647.83,49342.96,40227.03,8745.09,0.0,0.0,0.0,0.0,0.0,0.0,TX6
2023-02-17 00:00:00,EL PASO,SOLAR,RAD SOLAR,ENDG,DESPACHADO CENTRALMENTE,0.0,0.0,0.0,0.0,0.0,0.0,3361.86,29679.84,49283.88,52862.18,52122.83,51666.71,52382.24,52090.74,53184.77,50802.68,41500.92,9075.9,0.0,0.0,0.0,0.0,0.0,0.0,TX6
2023-02-18 00:00:00,EL PASO,SOLAR,RAD SOLAR,ENDG,DESPACHADO CENTRALMENTE,0.0,0.0,0.0,0.0,0.0,0.0,4244.29,37608.52,56857.88,59090.13,58691.85,58274.26,58467.14,57349.07,53959.1,50405.63,38331.65,8315.2,0.0,0.0,0.0,0.0,0.0,0.0,TX6
2023-02-20 00:00:00,EL PASO,SOLAR,RAD SOLAR,ENDG,DESPACHADO CENTRALMENTE,0.0,0.0,0.0,0.0,0.0,0.0,3588.56,31375.81,50916.68,58727.54,58624.0,57681.02,56591.43,53761.1,50537.11,47226.91,36081.96,6712.97,0.0,0.0,0.0,0.0,0.0,0.0,TX6
2023-02-21 00:00:00,EL PASO,SOLAR,RAD SOLAR,ENDG,DESPACHADO CENTRALMENTE,0.0,0.0,0.0,0.0,0.0,0.0,4173.42,36210.18,55000.33,56190.89,54893.16,54406.76,56028.09,53901.58,51693.72,50894.76,41436.2,9091.32,0.0,0.0,0.0,0.0,0.0,0.0,TX6
2023-02-22 00:00:00,EL PASO,SOLAR,RAD SOLAR,ENDG,DESPACHADO CENTRALMENTE,0.0,0.0,0.0,0.0,0.0,0.0,3739.39,33811.07,53613.81,58125.95,57946.1,56101.97,55544.49,53296.19,52728.92,51308.27,31406.17,7793.15,0.0,0.0,0.0,0.0,0.0,0.0,TX6
2023-02-23 00:00:00,EL PASO,SOLAR,RAD SOLAR,ENDG,DESPACHADO CENTRALMENTE,0.0,0.0,0.0,0.0,0.0,0.0,4328.96,32937.66,53049.57,57285.58,56695.1,56020.22,57161.41,55802.73,53655.91,50315.08,39351.07,8485.13,0.0,0.0,0.0,0.0,0.0,0.0,TX6
2023-02-24 00:00:00,EL PASO,SOLAR,RAD SOLAR,ENDG,DESPACHADO CENTRALMENTE,0.0,0.0,0.0,0.0,0.0,0.0,4269.74,36072.55,56082.76,59639.12,58803.97,57834.76,59564.11,58952.01,57290.59,52726.08,39895.73,7436.49,0.0,0.0,0.0,0.0,0.0,0.0,TX6
2023-02-25 00:00:00,EL PASO,SOLAR,RAD SOLAR,ENDG,DESPACHADO CENTRALMENTE,0.0,0.0,0.0,0.0,0.0,0.0,3775.74,32412.87,50167.73,54156.27,54539.1,53836.78,56391.4,56712.65,54730.59,51928.59,40209.48,8175.19,0.0,0.0,0.0,0.0,0.0,0.0,TX6
2023-02-26 00:00:00,EL PASO,SOLAR,RAD SOLAR,ENDG,DESPACHADO CENTRALMENTE,0.0,0.0,0.0,0.0,0.0,0.0,4290.16,26321.84,52911.55,56200.01,55936.56,54948.45,55209.5,52410.33,50241.21,48044.16,29936.9,5117.41,0.0,0.0,0.0,0.0,0.0,0.0,TX6
2023-02-27 00:00:00,EL PASO,SOLAR,RAD SOLAR,ENDG,DESPACHADO CENTRALMENTE,0.0,0.0,0.0,0.0,0.0,0.0,4036.8,33065.21,50926.07,52951.98,52706.02,27336.86,28424.29,51572.76,49479.62,44843.23,31910.53,6840.96,0.0,0.0,0.0,0.0,0.0,0.0,TX6
2023-02-28 00:00:00,EL PASO,SOLAR,RAD SOLAR,ENDG,DESPACHADO CENTRALMENTE,0.0,0.0,0.0,0.0,0.0,0.0,4120.67,31394.03,49724.07,51739.87,50116.2,49090.35,49854.46,47716.1,41009.69,43403.59,27307.82,6721.4,0.0,0.0,0.0,0.0,0.0,0.0,TX6
2023-03-01 00:00:00,EL PASO,SOLAR,RAD SOLAR,ENDG,DESPACHADO CENTRALMENTE,0.0,0.0,0.0,0.0,0.0,0.0,3350.68,28042.34,45576.07,51283.61,51105.54,50118.9,50451.4,48931.02,41400.49,30699.16,14495.03,5274.61,0.0,0.0,0.0,0.0,0.0,0.0,TX6
2023-03-02 00:00:00,EL PASO,SOLAR,RAD SOLAR,ENDG,DESPACHADO CENTRALMENTE,0.0,0.0,0.0,0.0,0.0,0.0,3698.22,31420.29,50486.35,55220.8,56517.27,56917.38,56407.23,54688.5,54589.19,49864.32,36212.83,6624.05,0.0,0.0,0.0,0.0,0.0,0.0,TX6
2023-03-03 00:00:00,EL PASO,SOLAR,RAD SOLAR,ENDG,DESPACHADO CENTRALMENTE,0.0,0.0,0.0,0.0,0.0,0.0,4222.9,33133.28,51010.68,54921.36,52842.6,52299.66,52735.93,50946.76,47686.59,40863.64,30234.48,7416.77,0.0,0.0,0.0,0.0,0.0,0.0,TX6
2023-03-04 00:00:00,EL PASO,SOLAR,RAD SOLAR,ENDG,DESPACHADO CENTRALMENTE,0.0,0.0,0.0,0.0,0.0,0.0,3880.32,30890.25,48102.65,51494.71,54009.83,54278.69,53068.55,51063.24,47852.51,47982.79,32441.42,1093.94,0.0,0.0,0.0,0.0,0.0,0.0,TX6
2023-03-05 00:00:00,EL PASO,SOLAR,RAD SOLAR,ENDG,DESPACHADO CENTRALMENTE,0.0,0.0,0.0,0.0,0.0,0.0,5317.81,19004.8,55324.65,54812.04,55068.85,55658.28,51481.59,51920.69,43477.44,23383.67,12196.82,1350.25,0.0,0.0,0.0,0.0,0.0,0.0,TX6
2023-03-06 00:00:00,EL PASO,SOLAR,RAD SOLAR,ENDG,DESPACHADO CENTRALMENTE,0.0,0.0,0.0,0.0,0.0,0.0,2636.76,22557.15,46829.89,54070.82,55297.92,52495.06,52439.07,52564.51,42512.8,44536.96,34176.13,3392.91,0.0,0.0,0.0,0.0,0.0,0.0,TX6
2023-03-07 00:00:00,EL PASO,SOLAR,RAD SOLAR,ENDG,DESPACHADO CENTRALMENTE,0.0,0.0,0.0,0.0,0.0,0.0,4693.74,33664.81,52652.88,57975.98,55814.04,54920.61,53132.74,49421.0,50965.7,47398.62,30584.78,7123.5,0.0,0.0,0.0,0.0,0.0,0.0,TX6
2023-03-08 00:00:00,EL PASO,SOLAR,RAD SOLAR,ENDG,DESPACHADO CENTRALMENTE,0.0,0.0,0.0,0.0,0.0,0.0,361.38,4973.73,18334.17,21174.28,19559.23,24568.26,32488.76,43022.51,40535.73,48715.83,33334.92,7248.5,0.0,0.0,0.0,0.0,0.0,0.0,TX6
2023-03-09 00:00:00,EL PASO,SOLAR,RAD SOLAR,ENDG,DESPACHADO CENTRALMENTE,0.0,0.0,0.0,0.0,0.0,0.0,0.0,3076.75,12535.2,22423.72,25393.51,44625.67,43938.96,47062.13,37502.44,29149.17,4671.58,99.39,0.0,0.0,0.0,0.0,0.0,0.0,TX6
2023-03-10 00:00:00,EL PASO,SOLAR,RAD SOLAR,ENDG,DESPACHADO CENTRALMENTE,0.0,0.0,0.0,0.0,0.0,0.0,5253.5,34489.01,52429.15,54884.04,51939.24,41129.86,56486.7,54646.76,53080.48,51618.21,40813.83,8825.2,0.0,0.0,0.0,0.0,0.0,0.0,TX6
2023-03-11 00:00:00,EL PASO,SOLAR,RAD SOLAR,ENDG,DESPACHADO CENTRALMENTE,0.0,0.0,0.0,0.0,0.0,0.0,2556.21,10762.55,15890.83,47702.53,43139.52,49633.88,46410.36,47317.29,41256.79,22390.65,12116.39,2947.12,0.0,0.0,0.0,0.0,0.0,0.0,TX6
2023-03-12 00:00:00,EL PASO,SOLAR,RAD SOLAR,ENDG,DESPACHADO CENTRALMENTE,0.0,0.0,0.0,0.0,0.0,0.0,1168.35,23874.84,41410.25,52109.47,36619.46,46576.6,51910.96,56496.18,53732.55,49823.36,19064.06,7743.09,0.0,0.0,0.0,0.0,0.0,0.0,TX6
2023-03-13 00:00:00,EL PASO,SOLAR,RAD SOLAR,ENDG,DESPACHADO CENTRALMENTE,0.0,0.0,0.0,0.0,0.0,0.0,699.8,4497.81,10936.79,31075.55,25559.16,26268.54,48405.21,53709.62,51048.83,42722.26,7801.73,2324.9,0.0,0.0,0.0,0.0,0.0,0.0,TX6
2023-03-14 00:00:00,EL PASO,SOLAR,RAD SOLAR,ENDG,DESPACHADO CENTRALMENTE,0.0,0.0,0.0,0.0,0.0,0.0,1228.45,20456.23,45394.11,38956.92,31226.26,35483.28,54236.47,52731.61,37377.78,9206.5,8407.04,1760.07,0.0,0.0,0.0,0.0,0.0,0.0,TX6
2023-03-15 00:00:00,EL PASO,SOLAR,RAD SOLAR,ENDG,DESPACHADO CENTRALMENTE,0.0,0.0,0.0,0.0,0.0,0.0,2139.5,18214.19,34004.16,47577.66,45691.01,50311.14,49320.31,52867.35,43193.42,30179.73,13654.46,958.15,0.0,0.0,0.0,0.0,0.0,0.0,TX6
2023-03-16 00:00:00,EL PASO,SOLAR,RAD SOLAR,ENDG,DESPACHADO CENTRALMENTE,0.0,0.0,0.0,0.0,0.0,0.0,1777.08,3519.75,6568.27,13167.83,11806.71,30264.8,25627.91,43832.38,42140.86,50307.9,36445.47,5996.8,0.0,0.0,0.0,0.0,0.0,0.0,TX6
2023-03-17 00:00:00,EL PASO,SOLAR,RAD SOLAR,ENDG,DESPACHADO CENTRALMENTE,0.0,0.0,0.0,0.0,0.0,0.0,1543.26,6769.87,9727.7,17997.84,50370.58,46229.32,51328.88,46828.74,38987.33,24156.62,23733.09,7237.1,0.0,0.0,0.0,0.0,0.0,0.0,TX6
2023-03-18 00:00:00,EL PASO,SOLAR,RAD SOLAR,ENDG,DESPACHADO CENTRALMENTE,0.0,0.0,0.0,0.0,0.0,0.0,6606.84,15495.38,40755.79,56402.63,56000.49,55149.98,55229.93,39348.82,35394.11,47139.99,38786.28,5749.88,0.0,0.0,0.0,0.0,0.0,0.0,TX6
2023-03-19 00:00:00,EL PASO,SOLAR,RAD SOLAR,ENDG,DESPACHADO CENTRALMENTE,0.0,0.0,0.0,0.0,0.0,0.0,6140.3,36324.9,52213.54,54991.42,55939.53,56197.04,52404.21,46085.84,52963.79,49888.21,37232.13,7547.52,0.0,0.0,0.0,0.0,0.0,0.0,TX6
2023-03-20 00:00:00,EL PASO,SOLAR,RAD SOLAR,ENDG,DESPACHADO CENTRALMENTE,0.0,0.0,0.0,0.0,0.0,0.0,6859.27,36457.87,52914.92,56555.17,54057.55,54876.07,52599.42,54209.43,53346.66,46843.88,38131.28,8569.8,0.0,0.0,0.0,0.0,0.0,0.0,TX6
2023-03-21 00:00:00,EL PASO,SOLAR,RAD SOLAR,ENDG,DESPACHADO CENTRALMENTE,0.0,0.0,0.0,0.0,0.0,0.0,7690.95,39567.01,55589.01,59822.21,57837.55,58460.52,58898.17,57600.73,43659.65,52097.16,36772.68,7579.89,0.0,0.0,0.0,0.0,0.0,0.0,TX6
2023-03-22 00:00:00,EL PASO,SOLAR,RAD SOLAR,ENDG,DESPACHADO CENTRALMENTE,0.0,0.0,0.0,0.0,0.0,0.0,8801.27,44277.41,58254.57,61195.1,61564.6,61418.52,61293.67,59755.19,57669.81,53194.22,40263.9,8434.27,0.0,0.0,0.0,0.0,0.0,0.0,TX6
2023-03-23 00:00:00,EL PASO,SOLAR,RAD SOLAR,ENDG,DESPACHADO CENTRALMENTE,0.0,0.0,0.0,0.0,0.0,0.0,9972.51,37140.05,48969.33,56923.75,57542.8,58841.96,56235.79,56196.69,56953.47,53818.89,41042.35,8524.87,0.0,0.0,0.0,0.0,0.0,0.0,TX6
2023-03-24 00:00:00,EL PASO,SOLAR,RAD SOLAR,ENDG,DESPACHADO CENTRALMENTE,0.0,0.0,0.0,0.0,0.0,0.0,10437.87,41140.21,57956.47,60430.56,58841.79,57104.77,58798.22,57144.18,55165.48,53488.46,40649.61,8646.65,0.0,0.0,0.0,0.0,0.0,0.0,TX6
2023-03-25 00:00:00,EL PASO,SOLAR,RAD SOLAR,ENDG,DESPACHADO CENTRALMENTE,0.0,0.0,0.0,0.0,0.0,0.0,9675.04,44501.84,58318.42,61471.44,60550.75,58789.77,59543.84,57482.8,50744.72,33632.95,21480.08,7512.04,0.0,0.0,0.0,0.0,0.0,0.0,TX6
2023-03-26 00:00:00,EL PASO,SOLAR,RAD SOLAR,ENDG,DESPACHADO CENTRALMENTE,0.0,0.0,0.0,0.0,0.0,0.0,10299.67,45499.58,57840.49,59244.44,58488.73,57878.67,57126.83,53006.54,36200.6,46089.55,36920.83,6832.35,0.0,0.0,0.0,0.0,0.0,0.0,TX6
2023-03-27 00:00:00,EL PASO,SOLAR,RAD SOLAR,ENDG,DESPACHADO CENTRALMENTE,0.0,0.0,0.0,0.0,0.0,0.0,8344.61,40536.81,55428.14,59129.67,56026.33,55798.51,53807.38,53997.11,39214.41,44051.41,17804.81,3795.79,0.0,0.0,0.0,0.0,0.0,0.0,TX6
2023-03-28 00:00:00,EL PASO,SOLAR,RAD SOLAR,ENDG,DESPACHADO CENTRALMENTE,0.0,0.0,0.0,0.0,0.0,0.0,4242.75,30853.75,51229.05,59426.76,58276.23,57405.4,58052.81,56803.34,53938.78,50693.52,37766.4,2823.91,0.0,0.0,0.0,0.0,0.0,0.0,TX6
2023-03-29 00:00:00,EL PASO,SOLAR,RAD SOLAR,ENDG,DESPACHADO CENTRALMENTE,0.0,0.0,0.0,0.0,0.0,0.0,9688.64,42947.44,55934.53,58056.61,58063.55,57821.33,58545.58,37920.97,37996.73,20585.31,3967.67,3294.68,0.0,0.0,0.0,0.0,0.0,0.0,TX6
2023-03-30 00:00:00,EL PASO,SOLAR,RAD SOLAR,ENDG,DESPACHADO CENTRALMENTE,0.0,0.0,0.0,0.0,0.0,0.0,7674.24,28086.69,54634.36,59476.18,57623.4,58612.42,58961.91,56077.86,41619.19,39099.99,26938.1,2596.19,0.0,0.0,0.0,0.0,0.0,0.0,TX6
2023-03-31 00:00:00,EL PASO,SOLAR,RAD SOLAR,ENDG,DESPACHADO CENTRALMENTE,0.0,0.0,0.0,0.0,0.0,0.0,9243.93,41747.68,55853.05,59686.32,59167.54,58079.93,58374.11,56637.73,52609.6,45458.58,24389.42,5768.46,0.0,0.0,0.0,0.0,0.0,0.0,TX6
2023-04-01 00:00:00,EL PASO,SOLAR,RAD SOLAR,ENDG,DESPACHADO CENTRALMENTE,0.0,0.0,0.0,0.0,0.0,0.0,8897.95,34922.38,45537.65,53419.21,55311.71,58361.45,58500.13,47680.88,45337.98,36260.44,19378.45,3785.94,0.0,0.0,0.0,0.0,0.0,0.0,TX6
2023-04-02 00:00:00,EL PASO,SOLAR,RAD SOLAR,ENDG,DESPACHADO CENTRALMENTE,0.0,0.0,0.0,0.0,0.0,0.0,10512.57,45792.55,57601.52,58494.24,56190.11,57040.91,52666.61,38823.73,28225.75,34630.47,10343.42,3647.95,0.0,0.0,0.0,0.0,0.0,0.0,TX6
2023-04-03 00:00:00,EL PASO,SOLAR,RAD SOLAR,ENDG,DESPACHADO CENTRALMENTE,0.0,0.0,0.0,0.0,0.0,0.0,10366.38,45953.79,57672.2,59063.1,58373.06,57349.14,57177.45,47867.02,38259.26,38402.82,12234.6,1903.29,0.0,0.0,0.0,0.0,0.0,0.0,TX6
2023-04-04 00:00:00,EL PASO,SOLAR,RAD SOLAR,ENDG,DESPACHADO CENTRALMENTE,0.0,0.0,0.0,0.0,0.0,0.0,11053.57,44810.33,57083.42,58924.05,57959.12,56310.62,56137.61,45779.56,47641.68,23654.28,6171.39,487.61,0.0,0.0,0.0,0.0,0.0,0.0,TX6
2023-04-05 00:00:00,EL PASO,SOLAR,RAD SOLAR,ENDG,DESPACHADO CENTRALMENTE,0.0,0.0,0.0,0.0,0.0,0.0,9719.03,34086.91,46894.04,57765.87,56862.3,48170.9,43978.76,38585.21,33357.91,31034.3,3289.86,2269.79,0.0,0.0,0.0,0.0,0.0,0.0,TX6
2023-04-06 00:00:00,EL PASO,SOLAR,RAD SOLAR,ENDG,DESPACHADO CENTRALMENTE,0.0,0.0,0.0,0.0,0.0,0.0,7649.74,32238.39,52755.59,59496.99,54466.56,58192.86,48611.29,34458.23,33095.99,4151.48,2568.81,4404.26,0.0,0.0,0.0,0.0,0.0,0.0,TX6
2023-04-07 00:00:00,EL PASO,SOLAR,RAD SOLAR,ENDG,DESPACHADO CENTRALMENTE,0.0,0.0,0.0,0.0,0.0,0.0,8622.28,18938.41,22013.2,33338.17,39882.9,50904.12,39436.3,40175.06,45158.72,26783.5,13632.09,1470.03,0.0,0.0,0.0,0.0,0.0,0.0,TX6
2023-04-08 00:00:00,EL PASO,SOLAR,RAD SOLAR,ENDG,DESPACHADO CENTRALMENTE,0.0,0.0,0.0,0.0,0.0,0.0,9925.77,32453.75,0.0,0.0,0.0,0.0,0.0,1654.47,32996.07,29693.52,36711.97,9904.3,0.0,0.0,0.0,0.0,0.0,0.0,TX6
2023-04-09 00:00:00,EL PASO,SOLAR,RAD SOLAR,ENDG,DESPACHADO CENTRALMENTE,0.0,0.0,0.0,0.0,0.0,0.0,10864.78,41781.13,51917.09,53171.22,52427.51,46601.83,43996.47,39214.3,39614.14,47741.34,32425.64,8174.6,0.0,0.0,0.0,0.0,0.0,0.0,TX6
2023-04-10 00:00:00,EL PASO,SOLAR,RAD SOLAR,ENDG,DESPACHADO CENTRALMENTE,0.0,0.0,0.0,0.0,0.0,0.0,9673.22,37599.03,50527.2,54720.15,54179.29,51845.61,46461.92,42616.74,37549.38,41320.84,23866.55,3334.41,0.0,0.0,0.0,0.0,0.0,0.0,TX6
2023-04-11 00:00:00,EL PASO,SOLAR,RAD SOLAR,ENDG,DESPACHADO CENTRALMENTE,0.0,0.0,0.0,0.0,0.0,0.0,1123.71,2102.71,10023.02,36702.81,14612.16,22518.11,42635.99,46381.13,39377.97,36796.55,12280.58,2143.29,0.0,0.0,0.0,0.0,0.0,0.0,TX6
2023-04-12 00:00:00,EL PASO,SOLAR,RAD SOLAR,ENDG,DESPACHADO CENTRALMENTE,0.0,0.0,0.0,0.0,0.0,0.0,6837.11,33895.37,37227.17,55136.52,47269.48,49015.83,41836.38,52459.69,50596.93,49279.41,31530.14,1675.31,0.0,0.0,0.0,0.0,0.0,0.0,TX6
2023-04-13 00:00:00,EL PASO,SOLAR,RAD SOLAR,ENDG,DESPACHADO CENTRALMENTE,0.0,0.0,0.0,0.0,0.0,0.0,3246.91,36123.13,49984.53,52781.25,50419.94,47718.0,49643.14,46642.31,51287.06,43783.05,26384.65,3946.38,0.0,0.0,0.0,0.0,0.0,0.0,TX6
2023-04-14 00:00:00,EL PASO,SOLAR,RAD SOLAR,ENDG,DESPACHADO CENTRALMENTE,0.0,0.0,0.0,0.0,0.0,0.0,10932.51,42554.8,56630.73,59226.25,58851.4,57941.35,58236.59,55742.82,52627.34,46732.61,33276.22,6249.74,0.0,0.0,0.0,0.0,0.0,0.0,TX6
2023-04-15 00:00:00,EL PASO,SOLAR,RAD SOLAR,ENDG,DESPACHADO CENTRALMENTE,0.0,0.0,0.0,0.0,0.0,0.0,10944.68,41268.81,52845.99,55719.59,55633.27,54543.61,55376.24,44605.82,51879.65,45077.03,12754.19,2642.17,0.0,0.0,0.0,0.0,0.0,0.0,TX6
2023-04-16 00:00:00,EL PASO,SOLAR,RAD SOLAR,ENDG,DESPACHADO CENTRALMENTE,0.0,0.0,0.0,0.0,0.0,0.0,1780.43,14134.42,19412.12,19227.96,22025.01,24043.1,31106.99,26148.28,46315.69,29478.84,17701.0,4327.04,0.0,0.0,0.0,0.0,0.0,0.0,TX6
2023-04-17 00:00:00,EL PASO,SOLAR,RAD SOLAR,ENDG,DESPACHADO CENTRALMENTE,0.0,0.0,0.0,0.0,0.0,0.0,1620.93,9727.63,21602.13,31738.69,51101.25,43999.29,45341.47,43745.71,30832.29,25139.32,40849.23,7889.24,0.0,0.0,0.0,0.0,0.0,0.0,TX6
2023-04-18 00:00:00,EL PASO,SOLAR,RAD SOLAR,ENDG,DESPACHADO CENTRALMENTE,0.0,0.0,0.0,0.0,0.0,0.0,5952.21,23706.83,27636.26,43966.38,58201.4,53525.32,48742.93,48299.96,40825.76,28228.28,17645.8,1135.39,0.0,0.0,0.0,0.0,0.0,0.0,TX6
2023-04-19 00:00:00,EL PASO,SOLAR,RAD SOLAR,ENDG,DESPACHADO CENTRALMENTE,0.0,0.0,0.0,0.0,0.0,68.04,13162.89,38465.76,0.0,0.0,0.0,0.0,0.0,0.0,1529.52,33151.24,28495.64,5837.25,0.0,0.0,0.0,0.0,0.0,0.0,TX6
2023-04-20 00:00:00,EL PASO,SOLAR,RAD SOLAR,ENDG,DESPACHADO CENTRALMENTE,0.0,0.0,0.0,0.0,0.0,0.0,0.0,14690.85,46391.07,46291.6,52287.13,52671.02,53156.99,53937.1,53696.04,48961.09,35482.98,5489.42,0.0,0.0,0.0,0.0,0.0,0.0,TX6
2023-04-21 00:00:00,EL PASO,SOLAR,RAD SOLAR,ENDG,DESPACHADO CENTRALMENTE,0.0,0.0,0.0,0.0,0.0,0.0,386.15,2330.98,9811.41,20123.07,29210.28,51209.75,52151.16,23682.26,25327.6,37637.7,23407.03,2459.97,0.0,0.0,0.0,0.0,0.0,0.0,TX6
2023-04-22 00:00:00,EL PASO,SOLAR,RAD SOLAR,ENDG,DESPACHADO CENTRALMENTE,0.0,0.0,0.0,0.0,0.0,0.0,3662.61,17534.0,50893.75,50826.65,27037.74,50443.49,58634.7,56141.14,49039.61,41168.18,17422.16,3960.54,0.0,0.0,0.0,0.0,0.0,0.0,TX6
2023-04-23 00:00:00,EL PASO,SOLAR,RAD SOLAR,ENDG,DESPACHADO CENTRALMENTE,0.0,0.0,0.0,0.0,0.0,0.0,2198.31,12668.59,14114.66,27105.0,47751.94,47792.13,32470.53,47538.76,58153.39,53336.83,39703.25,7415.26,0.0,0.0,0.0,0.0,0.0,0.0,TX6
2023-04-24 00:00:00,EL PASO,SOLAR,RAD SOLAR,ENDG,DESPACHADO CENTRALMENTE,0.0,0.0,0.0,0.0,0.0,0.0,5993.9,29988.46,39616.15,45266.83,55585.72,50873.5,58516.12,58918.97,56075.93,52463.08,39752.52,8444.7,0.0,0.0,0.0,0.0,0.0,0.0,TX6
2023-04-25 00:00:00,EL PASO,SOLAR,RAD SOLAR,ENDG,DESPACHADO CENTRALMENTE,0.0,0.0,0.0,0.0,0.0,0.0,6785.95,35537.82,52601.7,56467.84,57842.65,55144.23,54487.73,53489.49,42639.47,43517.1,24539.1,5701.77,0.0,0.0,0.0,0.0,0.0,0.0,TX6
2023-04-26 00:00:00,EL PASO,SOLAR,RAD SOLAR,ENDG,DESPACHADO CENTRALMENTE,0.0,0.0,0.0,0.0,0.0,159.19,17550.66,48939.7,57065.45,57303.18,54809.27,60175.59,55960.95,35299.47,54523.97,51383.64,39323.17,8595.57,0.0,0.0,0.0,0.0,0.0,0.0,TX6
2023-04-27 00:00:00,EL PASO,SOLAR,RAD SOLAR,ENDG,DESPACHADO CENTRALMENTE,0.0,0.0,0.0,0.0,0.0,0.0,13585.04,32901.69,38517.07,53658.72,61248.66,57820.37,59270.5,55991.37,52045.63,14443.87,14509.14,6377.89,0.0,0.0,0.0,0.0,0.0,0.0,TX6
2023-04-28 00:00:00,EL PASO,SOLAR,RAD SOLAR,ENDG,DESPACHADO CENTRALMENTE,0.0,0.0,0.0,0.0,0.0,0.0,2267.75,6965.4,10805.79,19088.65,55268.26,49704.73,52030.26,41080.07,42508.05,30765.46,27809.97,2249.87,0.0,0.0,0.0,0.0,0.0,0.0,TX6
2023-04-29 00:00:00,EL PASO,SOLAR,RAD SOLAR,ENDG,DESPACHADO CENTRALMENTE,0.0,0.0,0.0,0.0,0.0,0.0,6808.07,42521.55,52781.84,49488.07,54847.79,57811.24,53742.78,30122.56,55712.93,52711.89,38156.45,2513.33,0.0,0.0,0.0,0.0,0.0,0.0,TX6
2023-04-30 00:00:00,EL PASO,SOLAR,RAD SOLAR,ENDG,DESPACHADO CENTRALMENTE,0.0,0.0,0.0,0.0,0.0,0.0,4116.8,8576.39,20067.86,19808.08,6665.73,7794.02,14490.47,22691.23,23421.95,18155.63,11421.67,3569.91,0.0,0.0,0.0,0.0,0.0,0.0,TX6
2023-05-01 00:00:00,EL PASO,SOLAR,RAD SOLAR,ENDG,DESPACHADO CENTRALMENTE,0.0,0.0,0.0,0.0,0.0,132.37,5492.64,8524.02,21189.22,31741.54,39776.78,47113.97,54261.5,54187.98,47463.46,35635.99,19689.14,8253.06,0.0,0.0,0.0,0.0,0.0,0.0,TX5
2023-05-02 00:00:00,EL PASO,SOLAR,RAD SOLAR,ENDG,DESPACHADO CENTRALMENTE,0.0,0.0,0.0,0.0,0.0,326.64,12259.5,41899.58,53478.11,55318.5,55771.44,53437.77,55718.66,54984.28,52675.19,48724.79,38078.19,9075.81,0.0,0.0,0.0,0.0,0.0,0.0,TX5
2023-05-03 00:00:00,EL PASO,SOLAR,RAD SOLAR,ENDG,DESPACHADO CENTRALMENTE,0.0,0.0,0.0,0.0,0.0,265.23,17439.99,47623.88,56243.82,57407.97,56799.07,56269.17,57072.47,55672.45,54874.85,51759.2,41557.74,5999.14,0.0,0.0,0.0,0.0,0.0,0.0,TX5
2023-05-04 00:00:00,EL PASO,SOLAR,RAD SOLAR,ENDG,DESPACHADO CENTRALMENTE,0.0,0.0,0.0,0.0,0.0,464.33,14164.88,42543.35,50352.26,54790.59,52620.55,48655.15,51376.07,49586.71,47543.16,36923.51,25900.94,8443.84,0.0,0.0,0.0,0.0,0.0,0.0,TX5
2023-05-05 00:00:00,EL PASO,SOLAR,RAD SOLAR,ENDG,DESPACHADO CENTRALMENTE,0.0,0.0,0.0,0.0,0.0,59.81,16222.87,45451.37,56053.88,57287.28,50328.55,56138.56,50691.87,46833.62,37540.75,23008.85,11888.42,2973.45,0.0,0.0,0.0,0.0,0.0,0.0,TX5
2023-05-06 00:00:00,EL PASO,SOLAR,RAD SOLAR,ENDG,DESPACHADO CENTRALMENTE,0.0,0.0,0.0,0.0,0.0,337.36,13611.69,36783.08,50558.48,54591.25,54502.84,54217.38,55681.17,52424.27,49098.15,47861.85,33663.29,6300.12,0.0,0.0,0.0,0.0,0.0,0.0,TX5
2023-05-07 00:00:00,EL PASO,SOLAR,RAD SOLAR,ENDG,DESPACHADO CENTRALMENTE,0.0,0.0,0.0,0.0,0.0,238.27,14398.96,41551.54,49551.1,52408.03,47607.6,49174.64,51400.62,43603.84,41826.41,39322.92,37841.83,7162.31,0.0,0.0,0.0,0.0,0.0,0.0,TX5
2023-05-08 00:00:00,EL PASO,SOLAR,RAD SOLAR,ENDG,DESPACHADO CENTRALMENTE,0.0,0.0,0.0,0.0,0.0,174.57,14537.55,41477.06,52885.14,55972.74,54717.14,54590.26,54167.69,52349.7,46757.75,46405.08,34406.34,7016.32,0.0,0.0,0.0,0.0,0.0,0.0,TX5
2023-05-09 00:00:00,EL PASO,SOLAR,RAD SOLAR,ENDG,DESPACHADO CENTRALMENTE,0.0,0.0,0.0,0.0,0.0,54.03,7216.28,30333.46,43743.59,47429.57,48355.48,50734.74,51672.46,49660.24,47838.29,47118.47,35407.58,4127.8,0.0,0.0,0.0,0.0,0.0,0.0,TX5
2023-05-10 00:00:00,EL PASO,SOLAR,RAD SOLAR,ENDG,DESPACHADO CENTRALMENTE,0.0,0.0,0.0,0.0,0.0,0.0,2363.42,9697.48,26640.54,27435.72,25707.24,25973.97,29099.64,23465.86,25343.68,29838.69,13322.24,2447.91,0.0,0.0,0.0,0.0,0.0,0.0,TX5
2023-05-11 00:00:00,EL PASO,SOLAR,RAD SOLAR,ENDG,DESPACHADO CENTRALMENTE,0.0,0.0,0.0,0.0,0.0,3.71,5361.91,19689.93,20657.31,42860.76,47154.91,49468.41,51095.74,51303.07,49065.0,47740.69,35319.73,8914.93,0.0,0.0,0.0,0.0,0.0,0.0,TX5
2023-05-12 00:00:00,EL PASO,SOLAR,RAD SOLAR,ENDG,DESPACHADO CENTRALMENTE,0.0,0.0,0.0,0.0,0.0,178.25,16875.33,45091.74,53787.23,56476.88,57095.54,56372.42,52213.09,49879.79,39216.84,48264.72,33647.73,2863.8,0.0,0.0,0.0,0.0,0.0,0.0,TX5
2023-05-13 00:00:00,EL PASO,SOLAR,RAD SOLAR,ENDG,DESPACHADO CENTRALMENTE,0.0,0.0,0.0,0.0,0.0,217.18,6702.49,15627.1,49576.21,52187.98,52696.38,55530.44,56660.8,44692.39,41758.27,45232.15,34326.94,1630.86,0.0,0.0,0.0,0.0,0.0,0.0,TX5
2023-05-14 00:00:00,EL PASO,SOLAR,RAD SOLAR,ENDG,DESPACHADO CENTRALMENTE,0.0,0.0,0.0,0.0,0.0,0.0,5498.44,38175.64,49219.71,53246.83,53553.15,49351.55,54106.37,53553.65,19600.68,3097.79,6839.09,2405.14,0.0,0.0,0.0,0.0,0.0,0.0,TX5
2023-05-15 00:00:00,EL PASO,SOLAR,RAD SOLAR,ENDG,DESPACHADO CENTRALMENTE,0.0,0.0,0.0,0.0,0.0,70.82,3802.86,5949.22,8700.37,21249.21,31628.87,26509.28,36611.95,24541.95,24716.31,12591.02,10461.71,1299.64,0.0,0.0,0.0,0.0,0.0,0.0,TX5
2023-05-16 00:00:00,EL PASO,SOLAR,RAD SOLAR,ENDG,DESPACHADO CENTRALMENTE,0.0,0.0,0.0,0.0,0.0,0.0,4074.81,12868.42,22547.56,35734.33,10383.97,2191.95,1821.66,3639.47,2078.55,1685.81,825.22,183.39,0.0,0.0,0.0,0.0,0.0,0.0,TX5
2023-05-17 00:00:00,EL PASO,SOLAR,RAD SOLAR,ENDG,DESPACHADO CENTRALMENTE,0.0,0.0,0.0,0.0,0.0,0.0,5968.71,24522.54,27007.56,50259.39,49633.5,42257.75,52558.09,55556.8,48758.9,52958.74,43195.18,10285.29,0.0,0.0,0.0,0.0,0.0,0.0,TX5
2023-05-18 00:00:00,EL PASO,SOLAR,RAD SOLAR,ENDG,DESPACHADO CENTRALMENTE,0.0,0.0,0.0,0.0,0.0,223.19,17299.89,46014.15,51839.07,57446.86,52342.25,55767.17,49131.76,54092.72,53019.88,51824.07,41042.87,10354.51,0.0,0.0,0.0,0.0,0.0,0.0,TX5
2023-05-19 00:00:00,EL PASO,SOLAR,RAD SOLAR,ENDG,DESPACHADO CENTRALMENTE,0.0,0.0,0.0,0.0,0.0,0.0,14241.85,42362.59,55316.23,57686.72,58823.31,57303.53,56978.95,50435.39,43358.72,41243.65,19844.83,2911.63,0.0,0.0,0.0,0.0,0.0,0.0,TX5
2023-05-20 00:00:00,EL PASO,SOLAR,RAD SOLAR,ENDG,DESPACHADO CENTRALMENTE,0.0,0.0,0.0,0.0,0.0,396.27,5481.34,7220.22,29807.34,51602.27,49299.35,52730.04,54881.58,50846.6,41067.82,8191.89,928.11,0.0,0.0,0.0,0.0,0.0,0.0,0.0,TX5
2023-05-21 00:00:00,EL PASO,SOLAR,RAD SOLAR,ENDG,DESPACHADO CENTRALMENTE,0.0,0.0,0.0,0.0,0.0,0.0,747.7,5470.46,13144.48,22034.04,35943.99,43172.87,44636.84,37001.64,44625.88,19121.27,5236.72,420.8,0.0,0.0,0.0,0.0,0.0,0.0,TX5
2023-05-22 00:00:00,EL PASO,SOLAR,RAD SOLAR,ENDG,DESPACHADO CENTRALMENTE,0.0,0.0,0.0,0.0,0.0,14.67,9043.71,19931.65,45668.88,54102.49,55368.01,43622.06,53898.21,55704.19,53701.05,50740.11,40010.59,10532.49,0.0,0.0,0.0,0.0,0.0,0.0,TX5
2023-05-23 00:00:00,EL PASO,SOLAR,RAD SOLAR,ENDG,DESPACHADO CENTRALMENTE,0.0,0.0,0.0,0.0,0.0,356.13,19834.11,47144.65,48788.42,51021.37,54503.95,55014.61,54710.96,52298.55,54105.7,16899.2,4956.1,7520.71,0.0,0.0,0.0,0.0,0.0,0.0,TX5
2023-05-24 00:00:00,EL PASO,SOLAR,RAD SOLAR,ENDG,DESPACHADO CENTRALMENTE,0.0,0.0,0.0,0.0,0.0,0.0,4202.45,24630.28,40321.39,51458.82,46538.78,56776.54,55723.77,48467.38,43380.39,31531.32,4739.22,826.27,0.0,0.0,0.0,0.0,0.0,0.0,TX5
2023-05-25 00:00:00,EL PASO,SOLAR,RAD SOLAR,ENDG,DESPACHADO CENTRALMENTE,0.0,0.0,0.0,0.0,0.0,0.0,1092.61,5357.11,15037.68,35281.13,32378.42,32788.85,47294.03,55788.85,43300.86,50876.65,35178.93,7475.02,0.0,0.0,0.0,0.0,0.0,0.0,TX5
2023-05-26 00:00:00,EL PASO,SOLAR,RAD SOLAR,ENDG,DESPACHADO CENTRALMENTE,0.0,0.0,0.0,0.0,0.0,83.97,8330.11,20716.8,33215.96,46638.7,52044.12,52936.08,51569.92,48389.9,33438.01,11502.46,5889.49,1336.02,0.0,0.0,0.0,0.0,0.0,0.0,TX5
2023-05-27 00:00:00,EL PASO,SOLAR,RAD SOLAR,ENDG,DESPACHADO CENTRALMENTE,0.0,0.0,0.0,0.0,0.0,0.0,4391.45,26045.43,51172.83,57501.99,57252.4,57040.4,55826.16,55260.14,53766.24,48364.15,20351.67,4199.13,0.0,0.0,0.0,0.0,0.0,0.0,TX5
2023-05-28 00:00:00,EL PASO,SOLAR,RAD SOLAR,ENDG,DESPACHADO CENTRALMENTE,0.0,0.0,0.0,0.0,0.0,176.51,10009.29,22497.88,19272.85,38602.89,47754.44,33953.88,54821.54,55932.73,53617.08,51501.65,33241.45,3923.85,0.0,0.0,0.0,0.0,0.0,0.0,TX5
2023-05-29 00:00:00,EL PASO,SOLAR,RAD SOLAR,ENDG,DESPACHADO CENTRALMENTE,0.0,0.0,0.0,0.0,0.0,35.58,2701.94,9825.23,38424.96,38140.52,45612.65,45308.71,35575.94,50246.84,53111.16,40437.41,12063.15,0.0,0.0,0.0,0.0,0.0,0.0,0.0,TX5
2023-05-30 00:00:00,EL PASO,SOLAR,RAD SOLAR,ENDG,DESPACHADO CENTRALMENTE,0.0,0.0,0.0,0.0,0.0,0.0,2932.84,4088.02,13883.38,17880.16,15126.08,14727.22,49847.76,57597.51,54972.75,43626.53,20676.51,1596.66,0.0,0.0,0.0,0.0,0.0,0.0,TX5
2023-05-31 00:00:00,EL PASO,SOLAR,RAD SOLAR,ENDG,DESPACHADO CENTRALMENTE,0.0,0.0,0.0,0.0,0.0,80.93,11440.79,38157.02,48055.85,52856.8,51717.84,42019.73,47300.62,51867.02,50111.51,49346.36,18017.93,2956.71,0.0,0.0,0.0,0.0,0.0,0.0,TX5
2023-06-01 00:00:00,EL PASO,SOLAR,RAD SOLAR,ENDG,DESPACHADO CENTRALMENTE,0.0,0.0,0.0,0.0,0.0,117.79,4821.45,12398.12,26729.41,26145.7,39110.97,49788.73,43163.15,38757.41,10740.41,1741.1,19.43,0.0,0.0,0.0,0.0,0.0,0.0,0.0,TX5
2023-06-02 00:00:00,EL PASO,SOLAR,RAD SOLAR,ENDG,DESPACHADO CENTRALMENTE,0.0,0.0,0.0,0.0,0.0,0.0,7998.25,13949.07,15171.03,24168.64,47085.98,59450.9,54181.85,53604.76,49777.33,44099.54,22334.34,3858.6,0.0,0.0,0.0,0.0,0.0,0.0,TX5
2023-06-03 00:00:00,EL PASO,SOLAR,RAD SOLAR,ENDG,DESPACHADO CENTRALMENTE,0.0,0.0,0.0,0.0,0.0,340.87,17666.77,46219.28,54116.48,55318.44,51881.32,55293.57,56938.75,56275.82,54506.58,37506.27,8689.19,2259.2,0.0,0.0,0.0,0.0,0.0,0.0,TX5
2023-06-04 00:00:00,EL PASO,SOLAR,RAD SOLAR,ENDG,DESPACHADO CENTRALMENTE,0.0,0.0,0.0,0.0,0.0,96.26,10862.55,25824.44,35084.17,7626.42,3509.97,13067.67,26140.77,29332.39,27816.17,13090.6,11000.98,4962.04,0.0,0.0,0.0,0.0,0.0,0.0,TX5
2023-06-05 00:00:00,EL PASO,SOLAR,RAD SOLAR,ENDG,DESPACHADO CENTRALMENTE,0.0,0.0,0.0,0.0,0.0,0.0,1735.61,4454.2,12320.42,21658.66,27250.16,24985.81,35834.1,56462.18,49795.75,52285.31,26878.87,7312.66,0.0,0.0,0.0,0.0,0.0,0.0,TX5
2023-06-06 00:00:00,EL PASO,SOLAR,RAD SOLAR,ENDG,DESPACHADO CENTRALMENTE,0.0,0.0,0.0,0.0,0.0,0.0,9547.43,20883.0,21768.16,43357.27,50816.7,39855.61,46510.92,45396.91,56851.08,51764.26,41940.32,7906.29,0.0,0.0,0.0,0.0,0.0,0.0,TX5
2023-06-07 00:00:00,EL PASO,SOLAR,RAD SOLAR,ENDG,DESPACHADO CENTRALMENTE,0.0,0.0,0.0,0.0,0.0,104.75,16683.76,36925.66,43020.44,50220.38,53727.16,49311.88,56236.32,54047.93,45580.97,30900.38,18331.07,4399.27,0.0,0.0,0.0,0.0,0.0,0.0,TX5
2023-06-08 00:00:00,EL PASO,SOLAR,RAD SOLAR,ENDG,DESPACHADO CENTRALMENTE,0.0,0.0,0.0,0.0,0.0,153.31,11336.15,29386.29,20356.54,16990.02,20235.36,35449.57,40999.14,6998.77,15216.72,6050.38,6805.43,2084.94,0.0,0.0,0.0,0.0,0.0,0.0,TX5
2023-06-09 00:00:00,EL PASO,SOLAR,RAD SOLAR,ENDG,DESPACHADO CENTRALMENTE,0.0,0.0,0.0,0.0,0.0,12.55,5031.01,9568.37,16324.21,25142.25,43977.55,44040.4,44271.24,53868.14,54093.25,50566.09,42394.92,12627.07,0.0,0.0,0.0,0.0,0.0,0.0,TX5
2023-06-10 00:00:00,EL PASO,SOLAR,RAD SOLAR,ENDG,DESPACHADO CENTRALMENTE,0.0,0.0,0.0,0.0,0.0,102.72,6833.53,24501.66,48754.14,57201.67,52783.19,57882.63,54023.44,55503.96,40825.65,5976.42,1102.0,0.0,0.0,0.0,0.0,0.0,0.0,0.0,TX5
2023-06-11 00:00:00,EL PASO,SOLAR,RAD SOLAR,ENDG,DESPACHADO CENTRALMENTE,0.0,0.0,0.0,0.0,0.0,119.07,15815.09,29487.28,51298.11,56515.78,46352.48,56297.33,58509.94,56700.28,49679.76,34070.83,32144.25,13192.53,97.3,0.0,0.0,0.0,0.0,0.0,TX5
2023-06-12 00:00:00,EL PASO,SOLAR,RAD SOLAR,ENDG,DESPACHADO CENTRALMENTE,0.0,0.0,0.0,0.0,0.0,122.48,6458.54,13324.87,39755.34,55032.46,57636.45,44676.15,56134.45,55969.98,46226.62,42323.7,15652.16,2385.67,0.0,0.0,0.0,0.0,0.0,0.0,TX5
2023-06-13 00:00:00,EL PASO,SOLAR,RAD SOLAR,ENDG,DESPACHADO CENTRALMENTE,0.0,0.0,0.0,0.0,0.0,561.52,12494.06,28292.26,50700.12,55984.61,57136.8,56764.3,56932.24,55557.23,53049.17,50162.56,29144.52,3162.43,0.0,0.0,0.0,0.0,0.0,0.0,TX5
2023-06-14 00:00:00,EL PASO,SOLAR,RAD SOLAR,ENDG,DESPACHADO CENTRALMENTE,0.0,0.0,0.0,0.0,0.0,201.02,5510.03,35761.01,53201.58,54490.08,56613.48,58166.03,57086.03,54873.31,51265.56,49913.88,34770.33,10731.58,66.53,0.0,0.0,0.0,0.0,0.0,TX5
2023-06-15 00:00:00,EL PASO,SOLAR,RAD SOLAR,ENDG,DESPACHADO CENTRALMENTE,0.0,0.0,0.0,0.0,0.0,0.0,3175.4,10401.69,20491.19,30742.12,51053.05,56251.28,57450.92,40355.39,41455.03,47603.01,39851.36,11249.7,0.0,0.0,0.0,0.0,0.0,0.0,TX5
2023-06-16 00:00:00,EL PASO,SOLAR,RAD SOLAR,ENDG,DESPACHADO CENTRALMENTE,0.0,0.0,0.0,0.0,0.0,0.0,5754.58,13978.47,42747.57,56017.19,54263.38,55630.13,43614.26,44784.45,56102.29,13248.56,3798.83,785.64,0.0,0.0,0.0,0.0,0.0,0.0,TX5
2023-06-17 00:00:00,EL PASO,SOLAR,RAD SOLAR,ENDG,DESPACHADO CENTRALMENTE,0.0,0.0,0.0,0.0,0.0,0.0,4862.06,10759.0,44725.82,54036.61,58603.37,58989.59,59296.67,55395.04,42371.73,15001.5,4191.46,1078.74,0.0,0.0,0.0,0.0,0.0,0.0,TX5
2023-06-18 00:00:00,EL PASO,SOLAR,RAD SOLAR,ENDG,DESPACHADO CENTRALMENTE,0.0,0.0,0.0,0.0,0.0,103.67,5811.99,14550.44,30430.04,42780.08,59259.33,59176.85,59425.79,60447.08,57481.1,46616.02,31228.72,5107.98,0.0,0.0,0.0,0.0,0.0,0.0,TX5
2023-06-19 00:00:00,EL PASO,SOLAR,RAD SOLAR,ENDG,DESPACHADO CENTRALMENTE,0.0,0.0,0.0,0.0,0.0,413.04,19404.32,47914.0,55003.32,56440.28,56663.21,56803.48,58707.32,58196.96,54495.58,50799.66,38837.14,12196.57,31.01,0.0,0.0,0.0,0.0,0.0,TX5
2023-06-20 00:00:00,EL PASO,SOLAR,RAD SOLAR,ENDG,DESPACHADO CENTRALMENTE,0.0,0.0,0.0,0.0,0.0,260.18,19192.9,47808.17,54073.93,54843.9,53966.95,54096.8,55239.54,54842.48,51397.0,49285.38,41461.43,13399.66,29.42,0.0,0.0,0.0,0.0,0.0,TX5
2023-06-21 00:00:00,EL PASO,SOLAR,RAD SOLAR,ENDG,DESPACHADO CENTRALMENTE,0.0,0.0,0.0,0.0,0.0,130.47,14094.69,33878.37,49236.59,57803.88,57728.27,54566.31,55411.83,55184.96,51028.28,50524.08,41939.03,8616.66,0.0,0.0,0.0,0.0,0.0,0.0,TX5
2023-06-22 00:00:00,EL PASO,SOLAR,RAD SOLAR,ENDG,DESPACHADO CENTRALMENTE,0.0,0.0,0.0,0.0,0.0,533.51,18029.34,19076.56,31646.45,44939.3,51157.67,54101.09,58291.14,56951.97,54688.47,5571.92,1988.61,696.36,0.0,0.0,0.0,0.0,0.0,0.0,TX5
2023-06-23 00:00:00,EL PASO,SOLAR,RAD SOLAR,ENDG,DESPACHADO CENTRALMENTE,0.0,0.0,0.0,0.0,0.0,44.05,4503.6,22959.62,43298.86,50140.19,54379.16,55390.25,60062.92,57925.9,54003.81,25110.03,2679.13,776.49,0.0,0.0,0.0,0.0,0.0,0.0,TX5
2023-06-24 00:00:00,EL PASO,SOLAR,RAD SOLAR,ENDG,DESPACHADO CENTRALMENTE,0.0,0.0,0.0,0.0,0.0,45.02,7068.59,38708.14,52650.41,55990.25,56876.93,42845.67,49988.12,54657.54,55776.42,51575.85,42022.85,12280.36,59.72,0.0,0.0,0.0,0.0,0.0,TX5
2023-06-25 00:00:00,EL PASO,SOLAR,RAD SOLAR,ENDG,DESPACHADO CENTRALMENTE,0.0,0.0,0.0,0.0,0.0,0.0,1177.01,1858.03,13377.8,20167.53,24766.77,31901.23,28866.27,23183.35,26186.04,37383.39,28285.98,7600.17,0.0,0.0,0.0,0.0,0.0,0.0,TX5
2023-06-26 00:00:00,EL PASO,SOLAR,RAD SOLAR,ENDG,DESPACHADO CENTRALMENTE,0.0,0.0,0.0,0.0,0.0,0.0,3712.55,2662.2,4100.26,10617.79,29298.8,27294.08,40301.97,51917.6,44709.14,11643.53,4644.4,2489.06,0.0,0.0,0.0,0.0,0.0,0.0,TX5
2023-06-27 00:00:00,EL PASO,SOLAR,RAD SOLAR,ENDG,DESPACHADO CENTRALMENTE,0.0,0.0,0.0,0.0,0.0,75.26,6397.93,29801.32,55918.52,57386.71,58510.88,59566.3,57272.16,44986.72,53287.38,51814.81,37484.11,6320.8,0.0,0.0,0.0,0.0,0.0,0.0,TX5
2023-06-28 00:00:00,EL PASO,SOLAR,RAD SOLAR,ENDG,DESPACHADO CENTRALMENTE,0.0,0.0,0.0,0.0,0.0,138.11,15428.6,43303.95,51908.99,55471.67,56474.12,58636.87,45965.43,43604.34,48961.36,44645.3,20734.15,5459.55,0.0,0.0,0.0,0.0,0.0,0.0,TX5
2023-06-29 00:00:00,EL PASO,SOLAR,RAD SOLAR,ENDG,DESPACHADO CENTRALMENTE,0.0,0.0,0.0,0.0,0.0,4.65,4242.99,15326.5,28598.51,50559.78,51984.11,55017.65,55635.49,54433.53,53423.26,51407.76,42301.1,14392.0,95.77,0.0,0.0,0.0,0.0,0.0,TX5
2023-06-30 00:00:00,EL PASO,SOLAR,RAD SOLAR,ENDG,DESPACHADO CENTRALMENTE,0.0,0.0,0.0,0.0,0.0,0.0,10415.05,33766.94,36775.92,42524.27,40709.44,43559.8,49936.54,50739.59,38793.52,34338.47,32052.79,11676.51,0.0,0.0,0.0,0.0,0.0,0.0,TX5
2023-07-01 00:00:00,EL PASO,SOLAR,RAD SOLAR,ENDG,DESPACHADO CENTRALMENTE,0.0,0.0,0.0,0.0,0.0,117.25,16474.03,41860.49,53518.12,55787.2,56952.4,57441.0,52744.55,51524.38,46475.45,9078.06,4868.55,2196.94,0.0,0.0,0.0,0.0,0.0,0.0,TX5
2023-07-02 00:00:00,EL PASO,SOLAR,RAD SOLAR,ENDG,DESPACHADO CENTRALMENTE,0.0,0.0,0.0,0.0,0.0,0.0,0.0,1522.09,7133.5,18196.7,35983.42,51769.12,38602.74,34111.52,43041.14,31587.22,15114.91,3042.06,0.0,0.0,0.0,0.0,0.0,0.0,TX5
2023-07-03 00:00:00,EL PASO,SOLAR,RAD SOLAR,ENDG,DESPACHADO CENTRALMENTE,0.0,0.0,0.0,0.0,0.0,0.0,5562.53,17291.15,31449.24,35496.66,44455.59,45659.18,56322.98,46911.26,35400.38,23127.31,6162.35,1813.16,0.0,0.0,0.0,0.0,0.0,0.0,TX5
2023-07-04 00:00:00,EL PASO,SOLAR,RAD SOLAR,ENDG,DESPACHADO CENTRALMENTE,0.0,0.0,0.0,0.0,0.0,104.87,8435.79,17780.62,19091.42,25886.56,38270.63,38132.79,39135.73,33495.17,22383.91,21075.12,18703.16,5844.57,0.0,0.0,0.0,0.0,0.0,0.0,TX5
2023-07-05 00:00:00,EL PASO,SOLAR,RAD SOLAR,ENDG,DESPACHADO CENTRALMENTE,0.0,0.0,0.0,0.0,0.0,81.58,9474.55,26635.61,26171.03,32071.59,43112.35,33060.39,43579.93,42448.7,37547.95,43358.77,17120.69,1620.48,0.0,0.0,0.0,0.0,0.0,0.0,TX5
2023-07-06 00:00:00,EL PASO,SOLAR,RAD SOLAR,ENDG,DESPACHADO CENTRALMENTE,0.0,0.0,0.0,0.0,0.0,0.0,1336.76,4949.79,13308.09,32983.2,51600.16,53577.94,53274.27,57798.63,55626.48,49264.91,40854.39,4354.46,0.0,0.0,0.0,0.0,0.0,0.0,TX5
2023-07-07 00:00:00,EL PASO,SOLAR,RAD SOLAR,ENDG,DESPACHADO CENTRALMENTE,0.0,0.0,0.0,0.0,0.0,178.08,1571.39,7502.68,25008.88,31984.55,39924.6,36635.53,36359.52,32416.8,29026.47,17570.07,10722.57,5142.92,40.74,0.0,0.0,0.0,0.0,0.0,TX5
2023-07-08 00:00:00,EL PASO,SOLAR,RAD SOLAR,ENDG,DESPACHADO CENTRALMENTE,0.0,0.0,0.0,0.0,0.0,18.22,10756.45,40198.79,52283.68,51138.4,51979.33,56048.46,58546.3,48591.19,56281.01,34313.44,32537.46,11053.2,0.0,0.0,0.0,0.0,0.0,0.0,TX5
2023-07-09 00:00:00,EL PASO,SOLAR,RAD SOLAR,ENDG,DESPACHADO CENTRALMENTE,0.0,0.0,0.0,0.0,0.0,15.65,10380.07,23584.66,31333.87,38214.71,45602.21,57114.83,58329.93,57196.54,55337.87,51558.21,25036.8,4939.72,0.0,0.0,0.0,0.0,0.0,0.0,TX5
2023-07-10 00:00:00,EL PASO,SOLAR,RAD SOLAR,ENDG,DESPACHADO CENTRALMENTE,0.0,0.0,0.0,0.0,0.0,0.0,14578.08,45166.25,55207.63,59845.39,60488.85,57826.59,49269.78,56363.86,57213.41,48010.2,26442.88,6598.74,0.0,0.0,0.0,0.0,0.0,0.0,TX5
2023-07-11 00:00:00,EL PASO,SOLAR,RAD SOLAR,ENDG,DESPACHADO CENTRALMENTE,0.0,0.0,0.0,0.0,0.0,0.0,1586.6,4072.96,21601.75,48709.97,58243.07,58472.58,59085.26,56805.3,48666.06,35235.54,2938.44,645.52,0.0,0.0,0.0,0.0,0.0,0.0,TX5
2023-07-12 00:00:00,EL PASO,SOLAR,RAD SOLAR,ENDG,DESPACHADO CENTRALMENTE,0.0,0.0,0.0,0.0,0.0,50.99,7128.81,36556.1,44663.12,43691.67,60852.93,60944.41,59828.19,58243.71,46715.21,47243.17,28208.32,5420.5,58.68,0.0,0.0,0.0,0.0,0.0,TX5
2023-07-13 00:00:00,EL PASO,SOLAR,RAD SOLAR,ENDG,DESPACHADO CENTRALMENTE,0.0,0.0,0.0,0.0,0.0,0.0,4894.68,8692.11,38569.98,57550.36,57648.23,56998.93,56440.12,54226.2,52859.08,47450.09,15065.82,1689.71,0.0,0.0,0.0,0.0,0.0,0.0,TX5
2023-07-14 00:00:00,EL PASO,SOLAR,RAD SOLAR,ENDG,DESPACHADO CENTRALMENTE,0.0,0.0,0.0,0.0,0.0,144.84,13845.0,42911.38,52924.13,42939.7,52494.52,43814.18,38251.12,51270.93,37391.99,28716.93,25039.53,5513.78,0.0,0.0,0.0,0.0,0.0,0.0,TX5
2023-07-15 00:00:00,EL PASO,SOLAR,RAD SOLAR,ENDG,DESPACHADO CENTRALMENTE,0.0,0.0,0.0,0.0,0.0,0.0,1985.82,11048.14,22020.29,23462.71,53818.39,54531.04,59145.78,59447.07,59193.93,53920.75,24035.1,2671.86,0.0,0.0,0.0,0.0,0.0,0.0,TX5
2023-07-16 00:00:00,EL PASO,SOLAR,RAD SOLAR,ENDG,DESPACHADO CENTRALMENTE,0.0,0.0,0.0,0.0,0.0,105.15,15231.53,42584.12,50720.45,51982.67,55057.96,53919.02,56560.91,50040.71,38677.44,24024.87,1526.05,461.26,0.0,0.0,0.0,0.0,0.0,0.0,TX5
2023-07-17 00:00:00,EL PASO,SOLAR,RAD SOLAR,ENDG,DESPACHADO CENTRALMENTE,0.0,0.0,0.0,0.0,0.0,103.72,13695.07,37263.4,51966.49,44838.48,50974.98,57348.71,57969.16,56451.05,52413.84,48417.58,38633.87,13445.09,163.63,0.0,0.0,0.0,0.0,0.0,TX5
2023-07-18 00:00:00,EL PASO,SOLAR,RAD SOLAR,ENDG,DESPACHADO CENTRALMENTE,0.0,0.0,0.0,0.0,0.0,158.63,8916.97,25290.72,31830.31,46263.78,49668.46,53751.62,54556.18,55027.15,55043.58,30227.67,12129.84,3895.7,0.0,0.0,0.0,0.0,0.0,0.0,TX5
2023-07-19 00:00:00,EL PASO,SOLAR,RAD SOLAR,ENDG,DESPACHADO CENTRALMENTE,0.0,0.0,0.0,0.0,0.0,13.55,13752.68,43402.9,53210.08,56021.66,57066.88,56332.82,52296.29,50377.33,49396.64,47830.96,39038.49,15634.21,120.49,0.0,0.0,0.0,0.0,0.0,TX5
2023-07-20 00:00:00,EL PASO,SOLAR,RAD SOLAR,ENDG,DESPACHADO CENTRALMENTE,0.0,0.0,0.0,0.0,0.0,0.0,14152.79,36851.15,51638.48,55389.44,54558.48,54428.71,55744.88,54377.44,52924.81,50197.74,40843.29,14707.45,103.49,0.0,0.0,0.0,0.0,0.0,TX5
2023-07-21 00:00:00,EL PASO,SOLAR,RAD SOLAR,ENDG,DESPACHADO CENTRALMENTE,0.0,0.0,0.0,0.0,0.0,0.0,14529.55,32833.0,37583.45,57715.03,57711.33,57111.03,55600.53,52472.85,46554.09,45365.41,40287.73,6944.78,0.0,0.0,0.0,0.0,0.0,0.0,TX5
2023-07-22 00:00:00,EL PASO,SOLAR,RAD SOLAR,ENDG,DESPACHADO CENTRALMENTE,0.0,0.0,0.0,0.0,0.0,0.0,2601.4,8423.02,17390.13,34639.04,45161.99,47683.81,45169.85,37528.93,21569.8,27062.17,10324.31,3302.16,0.0,0.0,0.0,0.0,0.0,0.0,TX5
2023-07-23 00:00:00,EL PASO,SOLAR,RAD SOLAR,ENDG,DESPACHADO CENTRALMENTE,0.0,0.0,0.0,0.0,0.0,0.0,5180.85,18479.0,32800.58,36926.54,42872.63,45519.3,45327.38,46086.88,38596.51,26389.57,16901.94,5381.63,0.0,0.0,0.0,0.0,0.0,0.0,TX5
2023-07-24 00:00:00,EL PASO,SOLAR,RAD SOLAR,ENDG,DESPACHADO CENTRALMENTE,0.0,0.0,0.0,0.0,0.0,0.0,11303.11,31181.19,43638.6,51015.65,59075.71,57605.75,58171.81,54767.43,49235.92,46845.28,36764.89,5725.34,0.0,0.0,0.0,0.0,0.0,0.0,TX5
2023-07-25 00:00:00,EL PASO,SOLAR,RAD SOLAR,ENDG,DESPACHADO CENTRALMENTE,0.0,0.0,0.0,0.0,0.0,0.0,4603.54,7529.06,38369.86,40262.12,48068.44,59699.19,57744.31,52647.04,49124.88,27915.22,7853.38,3567.11,0.0,0.0,0.0,0.0,0.0,0.0,TX5
2023-07-26 00:00:00,EL PASO,SOLAR,RAD SOLAR,ENDG,DESPACHADO CENTRALMENTE,0.0,0.0,0.0,0.0,0.0,0.0,1659.39,13889.01,37692.6,45039.38,52335.54,42229.76,50697.46,45948.16,45548.04,9137.69,1344.98,734.83,0.0,0.0,0.0,0.0,0.0,0.0,TX5
2023-07-27 00:00:00,EL PASO,SOLAR,RAD SOLAR,ENDG,DESPACHADO CENTRALMENTE,0.0,0.0,0.0,0.0,0.0,0.0,5018.29,10288.35,24949.36,57792.38,55327.77,48549.12,50561.97,54582.12,56311.24,40685.21,18846.43,1915.76,0.0,0.0,0.0,0.0,0.0,0.0,TX5
2023-07-28 00:00:00,EL PASO,SOLAR,RAD SOLAR,ENDG,DESPACHADO CENTRALMENTE,0.0,0.0,0.0,0.0,0.0,0.0,10832.85,40413.21,43930.63,51514.48,48904.2,52856.13,55676.56,51598.31,50921.97,39839.63,6228.6,1137.12,0.0,0.0,0.0,0.0,0.0,0.0,TX5
2023-07-29 00:00:00,EL PASO,SOLAR,RAD SOLAR,ENDG,DESPACHADO CENTRALMENTE,0.0,0.0,0.0,0.0,0.0,29.47,9769.28,32538.5,43486.17,57694.83,58279.81,58707.63,58333.08,58262.25,38914.19,44448.34,19147.35,9333.05,121.25,0.0,0.0,0.0,0.0,0.0,TX5
2023-07-30 00:00:00,EL PASO,SOLAR,RAD SOLAR,ENDG,DESPACHADO CENTRALMENTE,0.0,0.0,0.0,0.0,0.0,0.0,11413.5,41742.84,52338.53,56546.99,53206.08,57697.39,57281.47,46330.15,43037.23,30819.44,3036.67,186.87,0.0,0.0,0.0,0.0,0.0,0.0,TX5
2023-07-31 00:00:00,EL PASO,SOLAR,RAD SOLAR,ENDG,DESPACHADO CENTRALMENTE,0.0,0.0,0.0,0.0,0.0,0.0,12992.78,32459.21,45076.17,52784.53,47283.53,48247.41,58311.09,56975.04,57072.54,54019.4,36839.69,3048.07,0.0,0.0,0.0,0.0,0.0,0.0,TX5
2023-08-01 00:00:00,EL PASO,SOLAR,RAD SOLAR,ENDG,DESPACHADO CENTRALMENTE,0.0,0.0,0.0,0.0,0.0,0.0,2405.47,16770.0,42710.49,56624.32,58598.73,56700.6,59133.28,56569.76,55274.92,48119.26,22975.37,2953.84,0.0,0.0,0.0,0.0,0.0,0.0,TX4
2023-08-02 00:00:00,EL PASO,SOLAR,RAD SOLAR,ENDG,DESPACHADO CENTRALMENTE,0.0,0.0,0.0,0.0,0.0,0.0,13343.94,43691.16,54486.15,57839.48,58354.68,58082.87,58154.05,56494.67,52462.31,32764.85,19289.78,3874.37,0.0,0.0,0.0,0.0,0.0,0.0,TX4
2023-08-03 00:00:00,EL PASO,SOLAR,RAD SOLAR,ENDG,DESPACHADO CENTRALMENTE,0.0,0.0,0.0,0.0,0.0,0.0,3289.12,5397.28,29477.73,39426.5,58273.66,55985.68,59267.6,56666.61,50477.29,36907.92,39527.48,11218.07,0.0,0.0,0.0,0.0,0.0,0.0,TX4
2023-08-04 00:00:00,EL PASO,SOLAR,RAD SOLAR,ENDG,DESPACHADO CENTRALMENTE,0.0,0.0,0.0,0.0,0.0,0.0,5168.92,37059.53,53469.26,55951.4,53295.85,55739.01,46660.96,42244.23,27887.07,16488.45,4473.71,3037.25,0.0,0.0,0.0,0.0,0.0,0.0,TX4
2023-08-05 00:00:00,EL PASO,SOLAR,RAD SOLAR,ENDG,DESPACHADO CENTRALMENTE,0.0,0.0,0.0,0.0,0.0,0.0,2783.63,10735.62,38657.59,59636.5,46025.35,51417.78,55937.37,57594.21,55310.7,47466.12,36091.73,3692.09,34.2,0.0,0.0,0.0,0.0,0.0,TX4
2023-08-06 00:00:00,EL PASO,SOLAR,RAD SOLAR,ENDG,DESPACHADO CENTRALMENTE,0.0,0.0,0.0,0.0,0.0,0.0,9478.57,44378.21,49217.68,55962.17,55938.62,46409.04,54938.71,55066.88,51215.02,41322.62,10261.42,124.94,0.0,0.0,0.0,0.0,0.0,0.0,TX4
2023-08-07 00:00:00,EL PASO,SOLAR,RAD SOLAR,ENDG,DESPACHADO CENTRALMENTE,0.0,0.0,0.0,0.0,0.0,0.61,5171.55,16425.55,36955.93,39560.64,48796.96,48946.42,41953.93,40062.85,23952.07,8480.39,3586.77,269.16,0.0,0.0,0.0,0.0,0.0,0.0,TX4
2023-08-08 00:00:00,EL PASO,SOLAR,RAD SOLAR,ENDG,DESPACHADO CENTRALMENTE,0.0,0.0,0.0,0.0,0.0,0.0,12103.19,43106.49,53689.17,56496.75,57948.71,56694.04,55893.98,53505.42,49841.64,40960.01,13573.1,3961.72,0.0,0.0,0.0,0.0,0.0,0.0,TX4
2023-08-09 00:00:00,EL PASO,SOLAR,RAD SOLAR,ENDG,DESPACHADO CENTRALMENTE,0.0,0.0,0.0,0.0,0.0,173.95,11590.23,44299.27,45080.02,52165.75,42352.78,50071.76,48739.51,37528.69,44599.53,41969.78,11814.82,738.17,0.0,0.0,0.0,0.0,0.0,0.0,TX4
2023-08-10 00:00:00,EL PASO,SOLAR,RAD SOLAR,ENDG,DESPACHADO CENTRALMENTE,0.0,0.0,0.0,0.0,0.0,0.0,135.68,2210.67,12127.53,35470.04,37707.73,34679.54,48124.67,35318.06,29276.6,16313.45,9610.66,3967.42,0.0,0.0,0.0,0.0,0.0,0.0,TX4
2023-08-11 00:00:00,EL PASO,SOLAR,RAD SOLAR,ENDG,DESPACHADO CENTRALMENTE,0.0,0.0,0.0,0.0,0.0,0.0,6977.9,28047.55,37712.89,57801.77,54453.02,54826.32,56970.32,58746.5,57045.92,53752.83,25350.17,849.61,0.0,0.0,0.0,0.0,0.0,0.0,TX4
2023-08-12 00:00:00,EL PASO,SOLAR,RAD SOLAR,ENDG,DESPACHADO CENTRALMENTE,0.0,0.0,0.0,0.0,0.0,0.0,11560.62,22677.72,54159.04,57342.81,58313.82,59594.5,58125.15,53140.55,58094.11,52249.2,34810.05,8125.56,0.0,0.0,0.0,0.0,0.0,0.0,TX4
2023-08-13 00:00:00,EL PASO,SOLAR,RAD SOLAR,ENDG,DESPACHADO CENTRALMENTE,0.0,0.0,0.0,0.0,0.0,0.0,12562.88,43423.12,52626.32,46748.71,55861.55,55724.88,56406.9,53103.08,50872.02,44336.86,12088.94,2936.81,0.0,0.0,0.0,0.0,0.0,0.0,TX4
2023-08-14 00:00:00,EL PASO,SOLAR,RAD SOLAR,ENDG,DESPACHADO CENTRALMENTE,0.0,0.0,0.0,0.0,0.0,0.0,13531.91,39592.76,45838.27,50037.75,57225.3,57987.0,52306.09,40183.92,42156.78,49650.34,11905.23,838.95,0.0,0.0,0.0,0.0,0.0,0.0,TX4
2023-08-15 00:00:00,EL PASO,SOLAR,RAD SOLAR,ENDG,DESPACHADO CENTRALMENTE,0.0,0.0,0.0,0.0,0.0,0.0,11721.85,32712.89,52943.91,56580.24,59477.43,58193.68,57883.62,57669.81,49059.24,31002.65,2773.96,421.45,0.0,0.0,0.0,0.0,0.0,0.0,TX4
2023-08-16 00:00:00,EL PASO,SOLAR,RAD SOLAR,ENDG,DESPACHADO CENTRALMENTE,0.0,0.0,0.0,0.0,0.0,0.0,2780.04,14490.77,46488.95,37530.4,32836.71,50429.39,50526.31,54906.9,56356.8,47695.73,39533.15,9859.26,0.0,0.0,0.0,0.0,0.0,0.0,TX4
2023-08-17 00:00:00,EL PASO,SOLAR,RAD SOLAR,ENDG,DESPACHADO CENTRALMENTE,0.0,0.0,0.0,0.0,0.0,147.94,9770.49,17440.95,27276.75,48380.3,56639.21,48400.7,53382.24,56046.45,42627.91,42611.86,17510.02,2569.02,0.0,0.0,0.0,0.0,0.0,0.0,TX4
2023-08-18 00:00:00,EL PASO,SOLAR,RAD SOLAR,ENDG,DESPACHADO CENTRALMENTE,0.0,0.0,0.0,0.0,0.0,0.0,2991.26,17973.7,47415.8,49569.68,49828.22,51163.88,38914.77,37233.96,38784.34,41558.84,9292.2,3526.26,0.0,0.0,0.0,0.0,0.0,0.0,TX4
2023-08-19 00:00:00,EL PASO,SOLAR,RAD SOLAR,ENDG,DESPACHADO CENTRALMENTE,0.0,0.0,0.0,0.0,0.0,0.0,4262.76,14692.4,40151.79,56854.55,51696.83,41923.5,53626.14,52606.56,30287.17,32707.7,21817.4,1690.64,0.0,0.0,0.0,0.0,0.0,0.0,TX4
2023-08-20 00:00:00,EL PASO,SOLAR,RAD SOLAR,ENDG,DESPACHADO CENTRALMENTE,0.0,0.0,0.0,0.0,0.0,0.0,8556.35,29739.21,40316.47,37780.66,44353.36,44394.11,51535.65,34855.84,23996.6,14943.79,7551.99,2372.73,0.0,0.0,0.0,0.0,0.0,0.0,TX4
2023-08-21 00:00:00,EL PASO,SOLAR,RAD SOLAR,ENDG,DESPACHADO CENTRALMENTE,0.0,0.0,0.0,0.0,0.0,0.0,3364.2,12336.08,40092.87,43753.67,23832.68,30996.13,38492.01,51262.08,28820.69,5480.09,2265.79,1506.57,0.0,0.0,0.0,0.0,0.0,0.0,TX4
2023-08-22 00:00:00,EL PASO,SOLAR,RAD SOLAR,ENDG,DESPACHADO CENTRALMENTE,0.0,0.0,0.0,0.0,0.0,0.0,752.3,3560.22,9951.4,13851.51,18789.16,24045.72,26919.66,25272.29,36750.54,49605.52,35033.08,3102.75,0.0,0.0,0.0,0.0,0.0,0.0,TX4
2023-08-23 00:00:00,EL PASO,SOLAR,RAD SOLAR,ENDG,DESPACHADO CENTRALMENTE,0.0,0.0,0.0,0.0,0.0,0.0,6917.05,33693.63,40846.89,59700.45,57949.53,63206.71,57230.34,56202.36,52221.56,50082.13,39483.35,8580.36,0.0,0.0,0.0,0.0,0.0,0.0,TX4
2023-08-24 00:00:00,EL PASO,SOLAR,RAD SOLAR,ENDG,DESPACHADO CENTRALMENTE,0.0,0.0,0.0,0.0,0.0,0.0,5385.71,16832.74,39094.76,40858.1,35377.14,39339.44,42597.91,56896.19,55522.46,44253.99,37408.35,10541.45,0.0,0.0,0.0,0.0,0.0,0.0,TX4
2023-08-25 00:00:00,EL PASO,SOLAR,RAD SOLAR,ENDG,DESPACHADO CENTRALMENTE,0.0,0.0,0.0,0.0,0.0,0.0,5042.28,30510.67,43271.96,52260.02,50988.98,48759.41,47622.86,56131.8,56606.06,51080.89,24885.71,7172.79,0.0,0.0,0.0,0.0,0.0,0.0,TX4
2023-08-26 00:00:00,EL PASO,SOLAR,RAD SOLAR,ENDG,DESPACHADO CENTRALMENTE,0.0,0.0,0.0,0.0,0.0,0.0,6014.94,29966.93,39783.76,53490.71,56785.75,57905.01,58756.61,56908.96,57260.61,52366.11,26914.44,3231.9,0.0,0.0,0.0,0.0,0.0,0.0,TX4
2023-08-27 00:00:00,EL PASO,SOLAR,RAD SOLAR,ENDG,DESPACHADO CENTRALMENTE,0.0,0.0,0.0,0.0,0.0,0.0,10305.19,44814.4,38422.77,34650.86,53519.48,59359.46,60451.8,59131.2,52792.51,50875.96,29753.36,10296.59,0.0,0.0,0.0,0.0,0.0,0.0,TX4
2023-08-28 00:00:00,EL PASO,SOLAR,RAD SOLAR,ENDG,DESPACHADO CENTRALMENTE,0.0,0.0,0.0,0.0,0.0,0.0,8009.77,38839.76,31348.96,49134.36,47648.1,55993.02,55598.52,55398.18,52367.13,47791.55,35821.28,6097.96,0.0,0.0,0.0,0.0,0.0,0.0,TX4
2023-08-29 00:00:00,EL PASO,SOLAR,RAD SOLAR,ENDG,DESPACHADO CENTRALMENTE,0.0,0.0,0.0,0.0,0.0,0.0,3252.31,4854.09,22201.74,29301.95,30485.14,43165.26,53051.32,44636.08,50419.66,42771.45,27370.71,4594.63,0.0,0.0,0.0,0.0,0.0,0.0,TX4
2023-08-30 00:00:00,EL PASO,SOLAR,RAD SOLAR,ENDG,DESPACHADO CENTRALMENTE,0.0,0.0,0.0,0.0,0.0,0.0,13768.06,51134.87,53933.29,41257.73,54602.19,58084.11,57649.9,56170.74,57058.85,53316.81,36045.56,9286.55,0.0,0.0,0.0,0.0,0.0,0.0,TX4
2023-08-31 00:00:00,EL PASO,SOLAR,RAD SOLAR,ENDG,DESPACHADO CENTRALMENTE,0.0,0.0,0.0,0.0,0.0,1.18,936.53,0.0,0.0,0.0,249.44,1733.91,34622.75,55028.61,51656.52,50037.77,36797.66,5583.89,0.0,0.0,0.0,0.0,0.0,0.0,TX4
2023-09-01 00:00:00,EL PASO,SOLAR,RAD SOLAR,ENDG,DESPACHADO CENTRALMENTE,0.0,0.0,0.0,0.0,0.0,0.0,10582.19,34325.86,53567.51,56716.76,57933.7,57735.19,56335.33,49017.91,47977.43,46987.99,13939.39,1351.55,0.0,0.0,0.0,0.0,0.0,0.0,TX6
2023-09-02 00:00:00,EL PASO,SOLAR,RAD SOLAR,ENDG,DESPACHADO CENTRALMENTE,0.0,0.0,0.0,0.0,0.0,0.0,3142.78,9874.06,12842.56,31502.57,39003.76,37843.73,38209.69,35791.24,26821.74,10851.0,2700.89,267.28,0.0,0.0,0.0,0.0,0.0,0.0,TX6
2023-09-03 00:00:00,EL PASO,SOLAR,RAD SOLAR,ENDG,DESPACHADO CENTRALMENTE,0.0,0.0,0.0,0.0,0.0,0.0,839.77,0.0,0.0,0.0,0.0,0.0,0.0,0.0,0.0,0.0,0.0,0.0,0.0,0.0,0.0,0.0,0.0,0.0,TX6
2023-09-04 00:00:00,EL PASO,SOLAR,RAD SOLAR,ENDG,DESPACHADO CENTRALMENTE,0.0,0.0,0.0,0.0,0.0,0.0,3743.1,7883.75,32040.13,43668.19,41748.14,32650.91,46108.48,46013.64,24561.31,32724.84,41623.14,7267.79,0.0,0.0,0.0,0.0,0.0,0.0,TX6
2023-09-05 00:00:00,EL PASO,SOLAR,RAD SOLAR,ENDG,DESPACHADO CENTRALMENTE,0.0,0.0,0.0,0.0,0.0,0.0,4852.51,17412.15,18682.93,58761.92,58015.05,57860.31,59148.71,50338.44,50441.37,49617.12,32049.98,746.8,0.0,0.0,0.0,0.0,0.0,0.0,TX6
2023-09-06 00:00:00,EL PASO,SOLAR,RAD SOLAR,ENDG,DESPACHADO CENTRALMENTE,0.0,0.0,0.0,0.0,0.0,0.0,13191.76,43487.94,56390.22,58890.64,58414.83,59051.99,57983.5,57292.18,55675.42,50996.14,38524.38,6856.08,0.0,0.0,0.0,0.0,0.0,0.0,TX6
2023-09-07 00:00:00,EL PASO,SOLAR,RAD SOLAR,ENDG,DESPACHADO CENTRALMENTE,0.0,0.0,0.0,0.0,0.0,0.0,8825.58,38449.74,49168.03,55134.97,56061.71,55738.5,54661.53,56740.16,54718.21,9961.35,684.83,0.0,0.0,0.0,0.0,0.0,0.0,0.0,TX6
2023-09-08 00:00:00,EL PASO,SOLAR,RAD SOLAR,ENDG,DESPACHADO CENTRALMENTE,0.0,0.0,0.0,0.0,0.0,0.0,8827.67,30341.13,47448.05,31264.0,25759.45,54712.7,58471.2,56119.83,53158.7,28182.6,6813.98,2364.95,0.0,0.0,0.0,0.0,0.0,0.0,TX6
2023-09-09 00:00:00,EL PASO,SOLAR,RAD SOLAR,ENDG,DESPACHADO CENTRALMENTE,0.0,0.0,0.0,0.0,0.0,0.0,15024.3,45718.73,56009.4,59185.98,60954.51,58826.56,54438.94,47809.63,47830.02,44101.12,4861.48,418.0,0.0,0.0,0.0,0.0,0.0,0.0,TX6
2023-09-10 00:00:00,EL PASO,SOLAR,RAD SOLAR,ENDG,DESPACHADO CENTRALMENTE,0.0,0.0,0.0,0.0,0.0,0.0,4214.88,6437.89,17239.05,39608.14,39897.74,53065.59,41338.39,28663.11,23297.64,14544.12,7001.07,2463.77,0.0,0.0,0.0,0.0,0.0,0.0,TX6
2023-09-11 00:00:00,EL PASO,SOLAR,RAD SOLAR,ENDG,DESPACHADO CENTRALMENTE,0.0,0.0,0.0,0.0,0.0,0.0,5936.01,23564.06,25242.73,36186.36,44772.89,56759.7,55922.64,55366.74,57434.9,52686.62,38950.58,4818.95,0.0,0.0,0.0,0.0,0.0,0.0,TX6
2023-09-12 00:00:00,EL PASO,SOLAR,RAD SOLAR,ENDG,DESPACHADO CENTRALMENTE,0.0,0.0,0.0,0.0,0.0,0.0,1607.67,4477.22,12778.87,23361.17,54239.93,58011.97,57700.36,45245.73,33042.34,19447.05,9261.84,1353.85,0.0,0.0,0.0,0.0,0.0,0.0,TX6
2023-09-13 00:00:00,EL PASO,SOLAR,RAD SOLAR,ENDG,DESPACHADO CENTRALMENTE,0.0,0.0,0.0,0.0,0.0,0.0,423.14,2737.69,14502.71,44794.6,53018.6,49639.7,51660.73,41169.57,30949.09,31009.19,28943.31,3672.6,0.0,0.0,0.0,0.0,0.0,0.0,TX6
2023-09-14 00:00:00,EL PASO,SOLAR,RAD SOLAR,ENDG,DESPACHADO CENTRALMENTE,0.0,0.0,0.0,0.0,0.0,0.0,6414.55,30943.38,51893.21,52978.62,56528.49,58684.76,53433.8,57072.9,55047.74,43408.48,22811.96,4168.87,0.0,0.0,0.0,0.0,0.0,0.0,TX6
2023-09-15 00:00:00,EL PASO,SOLAR,RAD SOLAR,ENDG,DESPACHADO CENTRALMENTE,0.0,0.0,0.0,0.0,0.0,0.0,4075.1,39486.65,27564.5,39849.36,47006.37,51897.7,55542.39,52235.52,22375.27,3509.79,2886.22,0.0,0.0,0.0,0.0,0.0,0.0,0.0,TX6
2023-09-16 00:00:00,EL PASO,SOLAR,RAD SOLAR,ENDG,DESPACHADO CENTRALMENTE,0.0,0.0,0.0,0.0,0.0,0.0,3849.27,24388.83,46952.74,57560.87,60768.83,56987.56,48819.15,39811.89,44417.5,25048.99,11759.39,3117.36,0.0,0.0,0.0,0.0,0.0,0.0,TX6
2023-09-17 00:00:00,EL PASO,SOLAR,RAD SOLAR,ENDG,DESPACHADO CENTRALMENTE,0.0,0.0,0.0,0.0,0.0,0.0,2747.91,10375.82,24782.78,36126.77,46525.79,50474.9,51720.96,59244.77,46848.1,44202.11,25288.9,2307.4,0.0,0.0,0.0,0.0,0.0,0.0,TX6
2023-09-18 00:00:00,EL PASO,SOLAR,RAD SOLAR,ENDG,DESPACHADO CENTRALMENTE,0.0,0.0,0.0,0.0,0.0,0.0,1775.43,18582.11,33575.2,44140.57,49653.81,52911.33,55879.15,60207.32,57685.39,31332.45,3404.0,370.01,0.0,0.0,0.0,0.0,0.0,0.0,TX6
2023-09-19 00:00:00,EL PASO,SOLAR,RAD SOLAR,ENDG,DESPACHADO CENTRALMENTE,0.0,0.0,0.0,0.0,0.0,0.0,5585.62,18392.57,54141.41,54618.66,56002.7,60699.31,59635.79,59890.76,57067.96,50353.41,30654.16,4400.45,0.0,0.0,0.0,0.0,0.0,0.0,TX6
2023-09-20 00:00:00,EL PASO,SOLAR,RAD SOLAR,ENDG,DESPACHADO CENTRALMENTE,0.0,0.0,0.0,0.0,0.0,0.0,3907.27,34521.32,51730.66,59227.61,59528.87,60074.19,59833.3,58142.16,53476.89,46081.42,32608.95,4433.46,0.0,0.0,0.0,0.0,0.0,0.0,TX6
2023-09-21 00:00:00,EL PASO,SOLAR,RAD SOLAR,ENDG,DESPACHADO CENTRALMENTE,0.0,0.0,0.0,0.0,0.0,0.0,13110.81,42868.87,53718.53,56918.77,58801.99,60925.39,60340.53,57349.7,54539.54,48377.82,6180.39,565.38,0.0,0.0,0.0,0.0,0.0,0.0,TX6
2023-09-22 00:00:00,EL PASO,SOLAR,RAD SOLAR,ENDG,DESPACHADO CENTRALMENTE,0.0,0.0,0.0,0.0,0.0,0.0,5712.01,16024.23,26920.59,55441.92,59224.55,55216.81,61259.26,55540.01,43309.96,48615.31,30027.06,2139.15,0.0,0.0,0.0,0.0,0.0,0.0,TX6
2023-09-23 00:00:00,EL PASO,SOLAR,RAD SOLAR,ENDG,DESPACHADO CENTRALMENTE,0.0,0.0,0.0,0.0,0.0,0.0,2869.69,10258.53,16664.41,25607.38,44894.3,52963.65,51271.41,59627.65,57767.07,52451.04,35776.02,4370.23,0.0,0.0,0.0,0.0,0.0,0.0,TX6
2023-09-24 00:00:00,EL PASO,SOLAR,RAD SOLAR,ENDG,DESPACHADO CENTRALMENTE,0.0,0.0,0.0,0.0,0.0,0.0,4405.44,16203.51,37886.85,40733.31,54602.81,44514.23,48876.8,47737.03,57285.28,33362.51,12137.09,1163.03,0.0,0.0,0.0,0.0,0.0,0.0,TX6
2023-09-25 00:00:00,EL PASO,SOLAR,RAD SOLAR,ENDG,DESPACHADO CENTRALMENTE,0.0,0.0,0.0,0.0,0.0,96.93,15554.73,43063.39,54579.84,56120.42,55978.18,56812.31,57910.97,55003.15,52439.65,48061.67,18910.75,1634.67,0.0,0.0,0.0,0.0,0.0,0.0,TX6
2023-09-26 00:00:00,EL PASO,SOLAR,RAD SOLAR,ENDG,DESPACHADO CENTRALMENTE,0.0,0.0,0.0,0.0,0.0,0.0,4136.65,26421.99,15392.83,48600.84,62615.62,46906.63,37745.81,40729.05,44539.16,40954.49,24514.95,3072.88,0.0,0.0,0.0,0.0,0.0,0.0,TX6
2023-09-27 00:00:00,EL PASO,SOLAR,RAD SOLAR,ENDG,DESPACHADO CENTRALMENTE,0.0,0.0,0.0,0.0,0.0,0.0,4478.92,31103.47,37278.48,38377.54,56049.74,53672.53,60594.68,52090.45,29252.14,32741.21,3534.86,504.36,0.0,0.0,0.0,0.0,0.0,0.0,TX6
2023-09-28 00:00:00,EL PASO,SOLAR,RAD SOLAR,ENDG,DESPACHADO CENTRALMENTE,0.0,0.0,0.0,0.0,0.0,0.0,14690.86,46869.42,55292.33,57451.96,55179.22,53753.04,46122.61,35566.63,46444.63,37558.58,9901.82,2855.3,0.0,0.0,0.0,0.0,0.0,0.0,TX6
2023-09-29 00:00:00,EL PASO,SOLAR,RAD SOLAR,ENDG,DESPACHADO CENTRALMENTE,0.0,0.0,0.0,0.0,0.0,38.77,18466.61,42050.71,51408.49,51376.31,59787.12,53188.85,55940.79,59427.91,55793.48,51913.18,32407.49,717.58,0.0,0.0,0.0,0.0,0.0,0.0,TX6
2023-09-30 00:00:00,EL PASO,SOLAR,RAD SOLAR,ENDG,DESPACHADO CENTRALMENTE,0.0,0.0,0.0,0.0,0.0,0.0,5650.26,41384.4,53782.76,63140.71,64743.8,63065.02,61410.93,60108.11,54756.74,51849.63,30456.59,596.77,0.0,0.0,0.0,0.0,0.0,0.0,TX6
2023-10-01 00:00:00,EL PASO,SOLAR,RAD SOLAR,ENDG,DESPACHADO CENTRALMENTE,0.0,0.0,0.0,0.0,0.0,0.0,12374.36,31913.46,33207.97,36763.62,45601.89,53415.57,43931.87,39820.43,23924.2,48127.12,25493.14,707.93,0.0,0.0,0.0,0.0,0.0,0.0,TX4
2023-10-02 00:00:00,EL PASO,SOLAR,RAD SOLAR,ENDG,DESPACHADO CENTRALMENTE,0.0,0.0,0.0,0.0,0.0,0.0,4786.79,30665.61,54675.87,59879.2,51032.84,58937.92,60435.91,46738.38,33157.96,10790.84,1181.21,0.0,0.0,0.0,0.0,0.0,0.0,0.0,TX4
2023-10-03 00:00:00,EL PASO,SOLAR,RAD SOLAR,ENDG,DESPACHADO CENTRALMENTE,0.0,0.0,0.0,0.0,0.0,0.0,8265.46,26539.44,42848.7,40789.7,30766.25,46601.31,32673.96,6962.43,17721.06,11369.91,6517.5,946.93,0.0,0.0,0.0,0.0,0.0,0.0,TX4
2023-10-04 00:00:00,EL PASO,SOLAR,RAD SOLAR,ENDG,DESPACHADO CENTRALMENTE,0.0,0.0,0.0,0.0,0.0,0.0,93.63,2265.58,8088.3,16934.1,27505.96,15098.8,30704.26,38327.83,25698.94,13717.01,7079.86,726.3,0.0,0.0,0.0,0.0,0.0,0.0,TX4
2023-10-05 00:00:00,EL PASO,SOLAR,RAD SOLAR,ENDG,DESPACHADO CENTRALMENTE,0.0,0.0,0.0,0.0,0.0,0.0,2170.0,9139.58,21452.83,41286.66,31499.33,40204.57,54795.89,43249.9,37209.34,20058.54,24680.66,4003.93,0.0,0.0,0.0,0.0,0.0,0.0,TX4
2023-10-06 00:00:00,EL PASO,SOLAR,RAD SOLAR,ENDG,DESPACHADO CENTRALMENTE,0.0,0.0,0.0,0.0,0.0,0.0,6891.47,46239.83,40543.36,48459.09,48242.49,31286.24,30000.0,29996.54,37242.63,33069.71,8156.66,1226.63,0.0,0.0,0.0,0.0,0.0,0.0,TX4
2023-10-07 00:00:00,EL PASO,SOLAR,RAD SOLAR,ENDG,DESPACHADO CENTRALMENTE,0.0,0.0,0.0,0.0,0.0,0.0,7519.73,16711.83,26759.43,46761.01,59484.22,44566.28,53324.31,34430.12,14382.74,13197.48,18310.27,2138.55,0.0,0.0,0.0,0.0,0.0,0.0,TX4
2023-10-08 00:00:00,EL PASO,SOLAR,RAD SOLAR,ENDG,DESPACHADO CENTRALMENTE,0.0,0.0,0.0,0.0,0.0,18.54,16137.35,45622.05,47724.43,56422.76,48191.58,24532.84,59784.49,58543.53,37641.06,9642.33,3170.07,276.54,0.0,0.0,0.0,0.0,0.0,0.0,TX4
2023-10-09 00:00:00,EL PASO,SOLAR,RAD SOLAR,ENDG,DESPACHADO CENTRALMENTE,0.0,0.0,0.0,0.0,0.0,0.0,17316.07,49258.88,56023.77,20058.21,12869.14,51951.32,42523.66,33098.86,30968.84,40430.99,15781.7,1453.16,0.0,0.0,0.0,0.0,0.0,0.0,TX4
2023-10-10 00:00:00,EL PASO,SOLAR,RAD SOLAR,ENDG,DESPACHADO CENTRALMENTE,0.0,0.0,0.0,0.0,0.0,0.0,12685.59,44508.54,55811.9,59294.86,62538.72,60772.06,41101.92,25655.91,41107.77,38696.72,29919.08,1125.7,0.0,0.0,0.0,0.0,0.0,0.0,TX4
2023-10-11 00:00:00,EL PASO,SOLAR,RAD SOLAR,ENDG,DESPACHADO CENTRALMENTE,0.0,0.0,0.0,0.0,0.0,33.79,8531.29,31164.56,31538.05,54625.75,57579.63,55345.33,56352.4,61625.22,56648.21,50355.25,30358.34,2142.85,0.0,0.0,0.0,0.0,0.0,0.0,TX4
2023-10-12 00:00:00,EL PASO,SOLAR,RAD SOLAR,ENDG,DESPACHADO CENTRALMENTE,0.0,0.0,0.0,0.0,0.0,75.29,16268.87,46746.97,55927.88,46250.66,43287.08,53074.85,58498.9,62186.99,60330.69,52435.38,27887.07,1713.79,0.0,0.0,0.0,0.0,0.0,0.0,TX4
2023-10-13 00:00:00,EL PASO,SOLAR,RAD SOLAR,ENDG,DESPACHADO CENTRALMENTE,0.0,0.0,0.0,0.0,0.0,0.0,12300.38,28300.74,41236.07,33461.6,48022.75,60193.63,57353.65,55979.69,51579.14,28842.17,12675.85,1095.41,0.0,0.0,0.0,0.0,0.0,0.0,TX4
2023-10-14 00:00:00,EL PASO,SOLAR,RAD SOLAR,ENDG,DESPACHADO CENTRALMENTE,0.0,0.0,0.0,0.0,0.0,0.0,4951.3,12956.67,19808.09,27943.03,47271.3,57023.3,34329.65,19117.62,43272.9,34371.13,11323.76,620.52,0.0,0.0,0.0,0.0,0.0,0.0,TX4
2023-10-15 00:00:00,EL PASO,SOLAR,RAD SOLAR,ENDG,DESPACHADO CENTRALMENTE,0.0,0.0,0.0,0.0,0.0,0.0,7527.44,12403.65,44897.31,56708.74,63174.32,63027.01,57685.76,59186.27,56696.34,45551.06,22422.31,1562.06,0.0,0.0,0.0,0.0,0.0,0.0,TX4
2023-10-16 00:00:00,EL PASO,SOLAR,RAD SOLAR,ENDG,DESPACHADO CENTRALMENTE,0.0,0.0,0.0,0.0,0.0,0.0,797.41,7298.24,14421.51,48712.33,47574.88,46780.42,54398.3,42887.25,26760.33,13739.12,9286.83,1074.15,0.0,0.0,0.0,0.0,0.0,0.0,TX4
2023-10-17 00:00:00,EL PASO,SOLAR,RAD SOLAR,ENDG,DESPACHADO CENTRALMENTE,0.0,0.0,0.0,0.0,0.0,0.0,14938.42,47540.87,48845.55,47300.17,52937.33,53388.33,61457.37,59306.68,56888.96,49318.22,27471.89,2067.52,0.0,0.0,0.0,0.0,0.0,0.0,TX4
2023-10-18 00:00:00,EL PASO,SOLAR,RAD SOLAR,ENDG,DESPACHADO CENTRALMENTE,0.0,0.0,0.0,0.0,0.0,0.0,15313.39,46063.68,56343.89,60870.11,61624.76,61701.75,55512.57,55582.7,55230.43,48857.75,26815.91,1963.62,0.0,0.0,0.0,0.0,0.0,0.0,TX4
2023-10-19 00:00:00,EL PASO,SOLAR,RAD SOLAR,ENDG,DESPACHADO CENTRALMENTE,0.0,0.0,0.0,0.0,0.0,4.39,14619.61,44544.7,55042.52,60195.04,60509.81,64053.64,60284.04,55884.47,56179.69,50470.68,19049.29,1366.66,0.0,0.0,0.0,0.0,0.0,0.0,TX4
2023-10-20 00:00:00,EL PASO,SOLAR,RAD SOLAR,ENDG,DESPACHADO CENTRALMENTE,0.0,0.0,0.0,0.0,0.0,0.0,901.54,4313.05,17834.87,30876.42,43538.35,53913.86,61962.61,55710.65,47006.76,47482.22,17504.28,655.7,0.0,0.0,0.0,0.0,0.0,0.0,TX4
2023-10-21 00:00:00,EL PASO,SOLAR,RAD SOLAR,ENDG,DESPACHADO CENTRALMENTE,0.0,0.0,0.0,0.0,0.0,0.0,10698.92,27296.89,32139.08,49631.3,64788.0,63568.86,62730.98,60583.41,53498.72,42288.77,20073.67,684.92,0.0,0.0,0.0,0.0,0.0,0.0,TX4
2023-10-22 00:00:00,EL PASO,SOLAR,RAD SOLAR,ENDG,DESPACHADO CENTRALMENTE,0.0,0.0,0.0,0.0,0.0,0.0,711.43,0.0,0.0,0.0,0.0,0.0,0.0,0.0,0.0,0.0,0.0,0.0,0.0,0.0,0.0,0.0,0.0,0.0,TX4
2023-10-23 00:00:00,EL PASO,SOLAR,RAD SOLAR,ENDG,DESPACHADO CENTRALMENTE,0.0,0.0,0.0,0.0,0.0,0.0,5839.49,31997.77,46023.63,53570.13,56557.49,55411.54,51675.14,58496.77,54650.72,31007.63,15364.24,1466.24,0.0,0.0,0.0,0.0,0.0,0.0,TX4
2023-10-24 00:00:00,EL PASO,SOLAR,RAD SOLAR,ENDG,DESPACHADO CENTRALMENTE,0.0,0.0,0.0,0.0,0.0,0.0,4184.58,19317.09,21929.11,54795.52,55459.6,60257.76,42912.36,56904.37,50098.54,35772.29,13831.22,929.88,0.0,0.0,0.0,0.0,0.0,0.0,TX4
2023-10-25 00:00:00,EL PASO,SOLAR,RAD SOLAR,ENDG,DESPACHADO CENTRALMENTE,0.0,0.0,0.0,0.0,0.0,0.0,3964.29,26638.21,38556.14,44954.12,48118.04,44900.75,54220.23,51297.08,14101.26,4575.81,1453.83,0.0,0.0,0.0,0.0,0.0,0.0,0.0,TX4
2023-10-26 00:00:00,EL PASO,SOLAR,RAD SOLAR,ENDG,DESPACHADO CENTRALMENTE,0.0,0.0,0.0,0.0,0.0,0.0,3766.46,28533.26,47775.44,47448.17,41035.91,52188.26,48072.53,43285.85,26280.02,19516.35,4770.85,638.48,0.0,0.0,0.0,0.0,0.0,0.0,TX4
2023-10-27 00:00:00,EL PASO,SOLAR,RAD SOLAR,ENDG,DESPACHADO CENTRALMENTE,0.0,0.0,0.0,0.0,0.0,0.0,6059.39,22431.11,26143.33,33189.27,30629.77,51430.31,39473.85,14399.14,31603.8,38304.31,13471.21,238.06,0.0,0.0,0.0,0.0,0.0,0.0,TX4
2023-10-28 00:00:00,EL PASO,SOLAR,RAD SOLAR,ENDG,DESPACHADO CENTRALMENTE,0.0,0.0,0.0,0.0,0.0,0.0,2455.31,7775.74,19525.15,37200.34,38991.54,58333.26,50890.45,48008.36,30329.25,37974.36,18457.09,167.54,0.0,0.0,0.0,0.0,0.0,0.0,TX4
2023-10-29 00:00:00,EL PASO,SOLAR,RAD SOLAR,ENDG,DESPACHADO CENTRALMENTE,0.0,0.0,0.0,0.0,0.0,0.0,3768.9,8984.82,42214.91,51132.44,45416.44,51223.74,45847.16,44663.77,53235.8,41464.57,16443.81,813.34,0.0,0.0,0.0,0.0,0.0,0.0,TX4
2023-10-30 00:00:00,EL PASO,SOLAR,RAD SOLAR,ENDG,DESPACHADO CENTRALMENTE,0.0,0.0,0.0,0.0,0.0,0.0,10718.82,37573.45,39894.71,41485.28,51883.57,54907.65,55409.85,57103.25,57290.75,41821.33,22200.91,1088.58,0.0,0.0,0.0,0.0,0.0,0.0,TX4
2023-10-31 00:00:00,EL PASO,SOLAR,RAD SOLAR,ENDG,DESPACHADO CENTRALMENTE,0.0,0.0,0.0,0.0,0.0,0.0,2260.23,10728.35,45716.15,34690.39,50200.38,51943.64,53076.69,55779.75,51482.98,46162.85,24176.71,562.38,0.0,0.0,0.0,0.0,0.0,0.0,TX4
2023-11-01 00:00:00,EL PASO,SOLAR,RAD SOLAR,ENDG,DESPACHADO CENTRALMENTE,0.0,0.0,0.0,0.0,0.0,0.0,3305.82,7933.75,18394.23,29241.89,35144.38,49412.71,50940.95,37417.52,30355.43,338.09,0.0,0.0,0.0,0.0,0.0,0.0,0.0,0.0,TX4
2023-11-02 00:00:00,EL PASO,SOLAR,RAD SOLAR,ENDG,DESPACHADO CENTRALMENTE,0.0,0.0,0.0,0.0,0.0,0.0,12153.32,46366.63,58932.49,55944.08,57215.38,60177.37,32122.3,0.0,20031.35,34966.67,6805.71,109.8,0.0,0.0,0.0,0.0,0.0,0.0,TX4
2023-11-03 00:00:00,EL PASO,SOLAR,RAD SOLAR,ENDG,DESPACHADO CENTRALMENTE,0.0,0.0,0.0,0.0,0.0,0.0,4171.78,14552.11,41327.48,60218.95,65328.6,59556.98,57033.59,62017.1,60022.16,31066.02,12610.7,1269.59,0.0,0.0,0.0,0.0,0.0,0.0,TX4
2023-11-04 00:00:00,EL PASO,SOLAR,RAD SOLAR,ENDG,DESPACHADO CENTRALMENTE,0.0,0.0,0.0,0.0,0.0,0.0,7769.08,12793.39,38643.19,63235.69,64706.34,64646.54,65013.08,63762.0,60520.78,53066.27,21018.33,915.69,0.0,0.0,0.0,0.0,0.0,0.0,TX4
2023-11-05 00:00:00,EL PASO,SOLAR,RAD SOLAR,ENDG,DESPACHADO CENTRALMENTE,0.0,0.0,0.0,0.0,0.0,0.0,8345.79,14237.21,31611.99,38397.54,31639.38,55218.93,62811.67,62664.82,51597.15,30526.3,4345.52,173.27,0.0,0.0,0.0,0.0,0.0,0.0,TX4
2023-11-06 00:00:00,EL PASO,SOLAR,RAD SOLAR,ENDG,DESPACHADO CENTRALMENTE,0.0,0.0,0.0,0.0,0.0,0.0,7848.32,10550.86,27407.6,35098.85,55704.32,61257.15,51668.47,55292.93,46412.71,11052.99,7662.86,391.79,0.0,0.0,0.0,0.0,0.0,0.0,TX4
2023-11-07 00:00:00,EL PASO,SOLAR,RAD SOLAR,ENDG,DESPACHADO CENTRALMENTE,0.0,0.0,0.0,0.0,0.0,0.0,2978.05,8844.99,24320.62,38251.18,58624.68,60864.92,56229.74,49088.93,58273.04,50077.39,24410.34,500.07,0.0,0.0,0.0,0.0,0.0,0.0,TX4
2023-11-08 00:00:00,EL PASO,SOLAR,RAD SOLAR,ENDG,DESPACHADO CENTRALMENTE,0.0,0.0,0.0,0.0,0.0,0.0,13668.92,46789.37,59715.36,63876.49,66156.15,64560.31,58644.38,52200.18,57756.81,51061.28,23728.11,520.95,0.0,0.0,0.0,0.0,0.0,0.0,TX4
2023-11-09 00:00:00,EL PASO,SOLAR,RAD SOLAR,ENDG,DESPACHADO CENTRALMENTE,0.0,0.0,0.0,0.0,0.0,0.0,14146.77,47205.77,59283.28,64079.34,63333.42,63885.37,62704.41,60294.6,56601.72,44975.99,21148.14,815.65,0.0,0.0,0.0,0.0,0.0,0.0,TX4
2023-11-10 00:00:00,EL PASO,SOLAR,RAD SOLAR,ENDG,DESPACHADO CENTRALMENTE,0.0,0.0,0.0,0.0,0.0,0.0,6751.4,20954.92,35715.22,48974.36,59339.84,55278.09,62090.06,59501.08,55270.32,49735.79,21196.73,860.33,0.0,0.0,0.0,0.0,0.0,0.0,TX4
2023-11-11 00:00:00,EL PASO,SOLAR,RAD SOLAR,ENDG,DESPACHADO CENTRALMENTE,0.0,0.0,0.0,0.0,0.0,0.0,5873.83,21822.76,51185.55,64716.69,64157.97,51317.25,62226.08,62233.57,42420.77,30797.09,18323.68,780.53,0.0,0.0,0.0,0.0,0.0,0.0,TX4
2023-11-12 00:00:00,EL PASO,SOLAR,RAD SOLAR,ENDG,DESPACHADO CENTRALMENTE,0.0,0.0,0.0,0.0,0.0,0.0,7777.59,35461.41,56295.88,65471.64,62009.35,55838.19,44820.37,52322.32,26030.89,18813.66,4090.42,20.9,0.0,0.0,0.0,0.0,0.0,0.0,TX4
2023-11-13 00:00:00,EL PASO,SOLAR,RAD SOLAR,ENDG,DESPACHADO CENTRALMENTE,0.0,0.0,0.0,0.0,0.0,0.0,8912.69,48281.2,54697.12,59486.13,61378.69,61125.5,54879.77,49088.23,55579.63,44191.18,19961.53,142.55,0.0,0.0,0.0,0.0,0.0,0.0,TX4
2023-11-14 00:00:00,EL PASO,SOLAR,RAD SOLAR,ENDG,DESPACHADO CENTRALMENTE,0.0,0.0,0.0,0.0,0.0,0.0,13165.82,39450.03,58799.34,63573.54,61652.71,59580.06,57994.39,52895.36,53546.59,48510.6,21127.57,505.56,0.0,0.0,0.0,0.0,0.0,0.0,TX4
2023-11-15 00:00:00,EL PASO,SOLAR,RAD SOLAR,ENDG,DESPACHADO CENTRALMENTE,0.0,0.0,0.0,0.0,0.0,0.0,4423.91,21904.38,45304.92,42909.0,21218.31,13588.1,16880.33,26205.82,33928.16,18059.13,6405.55,360.93,0.0,0.0,0.0,0.0,0.0,0.0,TX4
2023-11-16 00:00:00,EL PASO,SOLAR,RAD SOLAR,ENDG,DESPACHADO CENTRALMENTE,0.0,0.0,0.0,0.0,0.0,0.0,6052.11,18986.18,50085.04,41697.14,53651.5,48725.54,47250.14,32493.19,29208.16,40023.08,22826.57,225.19,0.0,0.0,0.0,0.0,0.0,0.0,TX4
2023-11-17 00:00:00,EL PASO,SOLAR,RAD SOLAR,ENDG,DESPACHADO CENTRALMENTE,0.0,0.0,0.0,0.0,0.0,0.0,10160.07,40342.56,56181.73,57266.34,33582.29,39268.43,39560.15,45560.89,51934.01,45608.0,15653.47,233.71,0.0,0.0,0.0,0.0,0.0,0.0,TX4
2023-11-18 00:00:00,EL PASO,SOLAR,RAD SOLAR,ENDG,DESPACHADO CENTRALMENTE,0.0,0.0,0.0,0.0,0.0,0.0,189.06,21259.9,22909.96,42302.59,28637.63,66107.96,57861.63,63487.38,50437.93,17443.14,7420.34,154.9,0.0,0.0,0.0,0.0,0.0,0.0,TX4
2023-11-19 00:00:00,EL PASO,SOLAR,RAD SOLAR,ENDG,DESPACHADO CENTRALMENTE,0.0,0.0,0.0,0.0,0.0,0.0,0.0,0.0,0.0,0.0,0.0,0.0,0.0,0.0,0.0,0.0,757.13,172.02,0.0,0.0,0.0,0.0,0.0,0.0,TX4
2023-11-20 00:00:00,EL PASO,SOLAR,RAD SOLAR,ENDG,DESPACHADO CENTRALMENTE,0.0,0.0,0.0,0.0,0.0,0.0,1308.74,4293.99,8007.18,19354.89,29985.02,30984.43,34649.67,36518.99,38890.46,43652.86,22399.12,523.5,0.0,0.0,0.0,0.0,0.0,0.0,TX4
2023-11-21 00:00:00,EL PASO,SOLAR,RAD SOLAR,ENDG,DESPACHADO CENTRALMENTE,0.0,0.0,0.0,0.0,0.0,0.0,1194.91,13598.9,24186.46,34364.41,56198.54,58560.09,58933.89,36954.65,54321.28,40785.84,17480.1,1101.64,0.0,0.0,0.0,0.0,0.0,0.0,TX4
2023-11-22 00:00:00,EL PASO,SOLAR,RAD SOLAR,ENDG,DESPACHADO CENTRALMENTE,0.0,0.0,0.0,0.0,0.0,0.0,2261.54,10205.23,16473.56,28082.09,24431.89,49784.8,53496.04,53274.49,49318.73,46025.86,24185.33,967.82,0.0,0.0,0.0,0.0,0.0,0.0,TX4
2023-11-23 00:00:00,EL PASO,SOLAR,RAD SOLAR,ENDG,DESPACHADO CENTRALMENTE,0.0,0.0,0.0,0.0,0.0,0.0,5052.67,19187.05,46706.53,44601.21,41677.13,52630.11,55362.69,46672.7,37431.84,48367.12,23007.63,733.49,0.0,0.0,0.0,0.0,0.0,0.0,TX4
2023-11-24 00:00:00,EL PASO,SOLAR,RAD SOLAR,ENDG,DESPACHADO CENTRALMENTE,0.0,0.0,0.0,0.0,0.0,0.0,8808.62,42708.08,56747.56,59662.31,60223.42,60706.8,58128.32,54483.68,52330.61,47559.23,20312.4,396.75,0.0,0.0,0.0,0.0,0.0,0.0,TX4
2023-11-25 00:00:00,EL PASO,SOLAR,RAD SOLAR,ENDG,DESPACHADO CENTRALMENTE,0.0,0.0,0.0,0.0,0.0,0.0,3101.37,15761.29,37325.86,48331.04,51520.45,53569.44,51810.42,54732.32,52120.33,43433.01,18243.22,967.39,0.0,0.0,0.0,0.0,0.0,0.0,TX4
2023-11-26 00:00:00,EL PASO,SOLAR,RAD SOLAR,ENDG,DESPACHADO CENTRALMENTE,0.0,0.0,0.0,0.0,0.0,0.0,5673.61,33750.98,52135.75,58909.07,58492.65,50216.69,44166.1,62149.12,55690.61,42413.0,25174.95,829.61,0.0,0.0,0.0,0.0,0.0,0.0,TX4
2023-11-27 00:00:00,EL PASO,SOLAR,RAD SOLAR,ENDG,DESPACHADO CENTRALMENTE,0.0,0.0,0.0,0.0,0.0,0.0,10724.2,45965.42,46751.42,63041.64,64453.03,41829.11,10044.03,42096.59,30115.92,7500.88,19691.43,845.58,0.0,0.0,0.0,0.0,0.0,0.0,TX4
2023-11-28 00:00:00,EL PASO,SOLAR,RAD SOLAR,ENDG,DESPACHADO CENTRALMENTE,0.0,0.0,0.0,0.0,0.0,0.0,10345.74,34935.92,42156.82,65376.85,65997.68,64990.0,65335.52,63825.81,60451.36,51905.75,23848.68,874.28,0.0,0.0,0.0,0.0,0.0,0.0,TX4
2023-11-29 00:00:00,EL PASO,SOLAR,RAD SOLAR,ENDG,DESPACHADO CENTRALMENTE,0.0,0.0,0.0,0.0,0.0,0.0,9054.13,44461.23,59442.88,63601.03,63076.47,62055.92,65222.38,63358.8,58422.95,52146.49,22274.11,394.16,0.0,0.0,0.0,0.0,0.0,0.0,TX4
2023-11-30 00:00:00,EL PASO,SOLAR,RAD SOLAR,ENDG,DESPACHADO CENTRALMENTE,0.0,0.0,0.0,0.0,0.0,0.0,8219.36,34885.38,48460.22,52206.08,64184.46,66389.7,66376.2,64532.59,57076.59,51670.47,23624.28,1077.65,0.0,0.0,0.0,0.0,0.0,0.0,TX4
2023-12-01 00:00:00,EL PASO,SOLAR,RAD SOLAR,ENDG,DESPACHADO CENTRALMENTE,0.0,0.0,0.0,0.0,0.0,0.0,8759.99,40056.0,51587.4,52477.31,52835.33,58112.01,57705.46,56128.94,53647.55,46465.7,22819.78,909.31,0.0,0.0,0.0,0.0,0.0,0.0,TX6
2023-12-02 00:00:00,EL PASO,SOLAR,RAD SOLAR,ENDG,DESPACHADO CENTRALMENTE,0.0,0.0,0.0,0.0,0.0,0.0,8507.18,39231.15,53522.43,64417.86,67237.76,67092.31,67121.81,66032.25,61989.53,51639.92,22948.92,1368.79,0.0,0.0,0.0,0.0,0.0,0.0,TX6
2023-12-03 00:00:00,EL PASO,SOLAR,RAD SOLAR,ENDG,DESPACHADO CENTRALMENTE,0.0,0.0,0.0,0.0,0.0,0.0,9187.5,43823.29,60519.81,66112.73,66774.32,66794.49,66545.92,64892.58,61279.1,52180.22,22652.21,1102.82,0.0,0.0,0.0,0.0,0.0,0.0,TX6
2023-12-04 00:00:00,EL PASO,SOLAR,RAD SOLAR,ENDG,DESPACHADO CENTRALMENTE,0.0,0.0,0.0,0.0,0.0,0.0,8946.84,44821.29,62126.64,66255.37,67369.65,67190.48,66627.16,64813.01,60771.55,51794.22,24643.33,1105.24,0.0,0.0,0.0,0.0,0.0,0.0,TX6
2023-12-05 00:00:00,EL PASO,SOLAR,RAD SOLAR,ENDG,DESPACHADO CENTRALMENTE,0.0,0.0,0.0,0.0,0.0,0.0,8673.47,43670.55,59375.24,63969.44,65110.96,65241.95,64969.75,63193.38,60086.12,51872.26,24852.13,1087.81,0.0,0.0,0.0,0.0,0.0,0.0,TX6
2023-12-06 00:00:00,EL PASO,SOLAR,RAD SOLAR,ENDG,DESPACHADO CENTRALMENTE,0.0,0.0,0.0,0.0,0.0,0.0,8039.37,43047.1,60586.19,65043.94,65817.17,65357.53,65408.16,63694.26,58723.77,50694.0,23876.51,1059.25,0.0,0.0,0.0,0.0,0.0,0.0,TX6
2023-12-07 00:00:00,EL PASO,SOLAR,RAD SOLAR,ENDG,DESPACHADO CENTRALMENTE,0.0,0.0,0.0,0.0,0.0,0.0,6407.77,39471.48,56041.39,61772.22,60670.51,55085.07,63585.18,58739.79,52816.23,39664.71,19826.12,811.19,0.0,0.0,0.0,0.0,0.0,0.0,TX6
2023-12-08 00:00:00,EL PASO,SOLAR,RAD SOLAR,ENDG,DESPACHADO CENTRALMENTE,0.0,0.0,0.0,0.0,0.0,0.0,7435.05,40262.65,56381.78,60274.57,60956.99,60312.51,60503.44,58604.06,56007.71,48452.98,22210.14,1069.76,0.0,0.0,0.0,0.0,0.0,0.0,TX6
2023-12-09 00:00:00,EL PASO,SOLAR,RAD SOLAR,ENDG,DESPACHADO CENTRALMENTE,0.0,0.0,0.0,0.0,0.0,0.0,7437.37,41766.9,58686.71,62094.91,61419.01,59229.93,59484.13,57950.4,54658.91,48098.86,23318.14,1113.72,0.0,0.0,0.0,0.0,0.0,0.0,TX6
2023-12-10 00:00:00,EL PASO,SOLAR,RAD SOLAR,ENDG,DESPACHADO CENTRALMENTE,0.0,0.0,0.0,0.0,0.0,0.0,6591.35,38338.54,54505.59,58931.35,59634.07,58750.8,59115.71,57303.08,50276.54,38615.59,19542.2,689.55,0.0,0.0,0.0,0.0,0.0,0.0,TX6
2023-12-11 00:00:00,EL PASO,SOLAR,RAD SOLAR,ENDG,DESPACHADO CENTRALMENTE,0.0,0.0,0.0,0.0,0.0,0.0,7015.02,38382.79,53989.78,54767.35,53927.04,54212.63,53893.41,50569.54,43221.17,38570.31,18164.99,1073.2,0.0,0.0,0.0,0.0,0.0,0.0,TX6
2023-12-12 00:00:00,EL PASO,SOLAR,RAD SOLAR,ENDG,DESPACHADO CENTRALMENTE,0.0,0.0,0.0,0.0,0.0,0.0,6161.95,35302.77,49769.32,54164.24,59151.75,61874.12,63484.25,61962.59,58636.87,50165.77,25920.13,1320.37,0.0,0.0,0.0,0.0,0.0,0.0,TX6
2023-12-13 00:00:00,EL PASO,SOLAR,RAD SOLAR,ENDG,DESPACHADO CENTRALMENTE,0.0,0.0,0.0,0.0,0.0,0.0,6674.2,36779.2,49561.31,56897.3,61334.54,58746.59,59538.51,58714.76,47674.51,30080.51,16006.99,829.35,0.0,0.0,0.0,0.0,0.0,0.0,TX6
2023-12-14 00:00:00,EL PASO,SOLAR,RAD SOLAR,ENDG,DESPACHADO CENTRALMENTE,0.0,0.0,0.0,0.0,0.0,0.0,3409.95,38324.87,51196.59,58717.21,58839.98,56971.79,61752.58,52732.39,48261.35,39519.0,20030.64,1600.59,0.0,0.0,0.0,0.0,0.0,0.0,TX6
2023-12-15 00:00:00,EL PASO,SOLAR,RAD SOLAR,ENDG,DESPACHADO CENTRALMENTE,0.0,0.0,0.0,0.0,0.0,0.0,2234.91,8925.8,30462.72,40198.52,46042.87,46088.51,43906.83,47428.1,43447.26,25551.19,11507.84,1491.28,0.0,0.0,0.0,0.0,0.0,0.0,TX6
2023-12-16 00:00:00,EL PASO,SOLAR,RAD SOLAR,ENDG,DESPACHADO CENTRALMENTE,0.0,0.0,0.0,0.0,0.0,0.0,3683.63,31986.78,48724.23,51495.07,55264.83,54050.38,57746.18,49844.32,43545.54,40536.86,10672.82,722.79,0.0,0.0,0.0,0.0,0.0,0.0,TX6
2023-12-17 00:00:00,EL PASO,SOLAR,RAD SOLAR,ENDG,DESPACHADO CENTRALMENTE,0.0,0.0,0.0,0.0,0.0,0.0,2678.46,21440.63,40762.11,38177.75,54136.44,44447.78,53003.78,53555.32,49291.96,35420.29,25703.53,1505.82,0.0,0.0,0.0,0.0,0.0,0.0,TX6
2023-12-18 00:00:00,EL PASO,SOLAR,RAD SOLAR,ENDG,DESPACHADO CENTRALMENTE,0.0,0.0,0.0,0.0,0.0,0.0,1510.64,6743.9,12877.91,32284.92,52163.49,38580.1,47048.05,26660.77,35514.16,14127.69,11449.98,1229.65,0.0,0.0,0.0,0.0,0.0,0.0,TX6
2023-12-19 00:00:00,EL PASO,SOLAR,RAD SOLAR,ENDG,DESPACHADO CENTRALMENTE,0.0,0.0,0.0,0.0,0.0,0.0,1464.98,7357.46,31785.95,38204.37,57916.99,57455.36,37536.54,44611.41,31333.36,8583.38,21006.95,921.01,0.0,0.0,0.0,0.0,0.0,0.0,TX6
2023-12-20 00:00:00,EL PASO,SOLAR,RAD SOLAR,ENDG,DESPACHADO CENTRALMENTE,0.0,0.0,0.0,0.0,0.0,0.0,3699.74,27162.46,49153.27,53374.08,55874.65,49126.89,47291.08,45323.52,46595.99,35341.12,28055.1,3566.18,0.0,0.0,0.0,0.0,0.0,0.0,TX6
2023-12-21 00:00:00,EL PASO,SOLAR,RAD SOLAR,ENDG,DESPACHADO CENTRALMENTE,0.0,0.0,0.0,0.0,0.0,0.0,6120.35,33231.59,56116.12,64206.58,62202.03,60692.22,60310.55,52242.56,49216.15,40428.66,25312.89,2401.75,0.0,0.0,0.0,0.0,0.0,0.0,TX6
2023-12-22 00:00:00,EL PASO,SOLAR,RAD SOLAR,ENDG,DESPACHADO CENTRALMENTE,0.0,0.0,0.0,0.0,0.0,0.0,3297.01,21453.61,40020.05,51707.45,57079.38,59102.41,60673.39,60197.78,51416.19,39081.8,21027.17,1834.29,0.0,0.0,0.0,0.0,0.0,0.0,TX6
2023-12-23 00:00:00,EL PASO,SOLAR,RAD SOLAR,ENDG,DESPACHADO CENTRALMENTE,0.0,0.0,0.0,0.0,0.0,0.0,4892.94,33049.06,46686.73,56510.67,56177.92,56498.98,58706.52,57872.83,54915.63,49062.3,25195.12,1583.43,0.0,0.0,0.0,0.0,0.0,0.0,TX6
2023-12-24 00:00:00,EL PASO,SOLAR,RAD SOLAR,ENDG,DESPACHADO CENTRALMENTE,0.0,0.0,0.0,0.0,0.0,0.0,4465.56,17581.12,46472.95,57101.1,55191.64,55647.84,32633.93,37003.32,45480.41,47710.71,25266.09,1594.27,0.0,0.0,0.0,0.0,0.0,0.0,TX6
2023-12-25 00:00:00,EL PASO,SOLAR,RAD SOLAR,ENDG,DESPACHADO CENTRALMENTE,0.0,0.0,0.0,0.0,0.0,0.0,3348.96,26488.21,30121.2,48317.83,57441.62,57872.49,58682.47,55835.54,54271.17,49558.81,25265.27,680.85,0.0,0.0,0.0,0.0,0.0,0.0,TX6
2023-12-26 00:00:00,EL PASO,SOLAR,RAD SOLAR,ENDG,DESPACHADO CENTRALMENTE,0.0,0.0,0.0,0.0,0.0,0.0,2730.29,23633.09,43542.11,56205.59,57492.18,47170.97,56864.99,49812.32,60733.85,41156.09,27340.63,2545.79,0.0,0.0,0.0,0.0,0.0,0.0,TX6
2023-12-27 00:00:00,EL PASO,SOLAR,RAD SOLAR,ENDG,DESPACHADO CENTRALMENTE,0.0,0.0,0.0,0.0,0.0,0.0,3502.98,10683.4,17061.97,21267.74,49397.45,63338.18,55966.57,38948.63,44476.32,39814.28,10088.1,1488.6,0.0,0.0,0.0,0.0,0.0,0.0,TX6
2023-12-28 00:00:00,EL PASO,SOLAR,RAD SOLAR,ENDG,DESPACHADO CENTRALMENTE,0.0,0.0,0.0,0.0,0.0,0.0,1885.49,25588.66,47384.02,54351.83,54798.74,47786.52,51474.62,60488.47,60616.04,45693.42,25790.7,1379.31,0.0,0.0,0.0,0.0,0.0,0.0,TX6
2023-12-29 00:00:00,EL PASO,SOLAR,RAD SOLAR,ENDG,DESPACHADO CENTRALMENTE,0.0,0.0,0.0,0.0,0.0,0.0,1128.64,9283.07,47193.63,58999.82,58849.59,45822.8,56071.28,30970.34,24861.27,44799.0,27418.81,1844.12,0.0,0.0,0.0,0.0,0.0,0.0,TX6
2023-12-30 00:00:00,EL PASO,SOLAR,RAD SOLAR,ENDG,DESPACHADO CENTRALMENTE,0.0,0.0,0.0,0.0,0.0,0.0,892.38,25446.25,56634.36,60488.75,54461.26,65121.04,57919.4,59231.97,23643.55,44379.09,32360.65,3028.47,0.0,0.0,0.0,0.0,0.0,0.0,TX6
2023-12-31 00:00:00,EL PASO,SOLAR,RAD SOLAR,ENDG,DESPACHADO CENTRALMENTE,0.0,0.0,0.0,0.0,0.0,0.0,2809.92,6578.3,22527.99,49900.2,65379.71,59462.97,58561.83,52933.5,59948.42,40984.54,31729.59,3414.54,0.0,0.0,0.0,0.0,0.0,0.0,TX6
