Fecha_Hora,Irradiancia_It,Temperatura_Tt,Humedad_Ht,Viento_Wt
2019-01-01 06:00:00,0.0,25.6,56,23.0
2019-01-01 07:00:00,40.0,25.9,55,17.0
2019-01-01 08:00:00,235.0,28.1,48,19.0
2019-01-01 09:00:00,460.0,31.0,39,21.1
2019-01-01 10:00:00,656.0,33.0,33,18.9
2019-01-01 11:00:00,799.0,34.3,30,16.7
2019-01-01 12:00:00,873.0,35.8,28,17.7
2019-01-01 13:00:00,872.0,36.2,29,24.5
2019-01-01 14:00:00,793.0,36.0,31,25.2
2019-01-01 15:00:00,646.0,35.5,32,24.3
2019-01-01 16:00:00,448.0,34.9,33,21.7
2019-01-01 17:00:00,223.0,33.7,36,18.3
2019-01-02 06:00:00,0.0,23.8,70,24.2
2019-01-02 07:00:00,38.0,24.9,63,22.8
2019-01-02 08:00:00,235.0,27.1,54,26.8
2019-01-02 09:00:00,463.0,29.6,45,26.0
2019-01-02 10:00:00,662.0,32.2,37,23.2
2019-01-02 11:00:00,806.0,33.7,34,19.7
2019-01-02 12:00:00,879.0,34.7,32,17.3
2019-01-02 13:00:00,875.0,35.7,30,19.3
2019-01-02 14:00:00,797.0,36.1,29,20.8
2019-01-02 15:00:00,652.0,35.8,28,21.1
2019-01-02 16:00:00,455.0,35.3,27,19.6
2019-01-02 17:00:00,229.0,34.0,29,16.7
2019-01-03 06:00:00,0.0,24.2,69,17.7
2019-01-03 07:00:00,39.0,25.1,65,19.1
2019-01-03 08:00:00,231.0,27.3,56,21.1
2019-01-03 09:00:00,455.0,30.0,47,17.3
2019-01-03 10:00:00,652.0,32.5,37,12.9
2019-01-03 11:00:00,796.0,34.2,34,9.2
2019-01-03 12:00:00,872.0,35.5,32,8.3
2019-01-03 13:00:00,871.0,36.5,29,8.2
2019-01-03 14:00:00,789.0,36.7,29,8.0
2019-01-03 15:00:00,650.0,36.7,29,6.3
2019-01-03 16:00:00,453.0,36.6,29,4.2
2019-01-03 17:00:00,227.0,35.5,33,5.7
2019-01-04 06:00:00,0.0,25.3,67,16.9
2019-01-04 07:00:00,38.0,26.0,65,15.7
2019-01-04 08:00:00,230.0,28.5,56,16.3
2019-01-04 09:00:00,456.0,31.2,44,14.8
2019-01-04 10:00:00,652.0,33.3,37,12.2
2019-01-04 11:00:00,794.0,34.8,34,9.7
2019-01-04 12:00:00,868.0,36.0,32,7.2
2019-01-04 13:00:00,868.0,36.7,31,6.6
2019-01-04 14:00:00,792.0,37.0,30,5.4
2019-01-04 15:00:00,649.0,37.0,30,4.2
2019-01-04 16:00:00,454.0,37.0,29,4.5
2019-01-04 17:00:00,229.0,35.8,32,7.9
2019-01-05 06:00:00,0.0,25.5,63,17.9
2019-01-05 07:00:00,37.0,26.2,61,16.5
2019-01-05 08:00:00,231.0,28.5,53,13.6
2019-01-05 09:00:00,457.0,31.5,43,12.7
2019-01-05 10:00:00,655.0,33.5,37,8.9
2019-01-05 11:00:00,799.0,34.8,34,5.4
2019-01-05 12:00:00,874.0,35.8,32,4.6
2019-01-05 13:00:00,875.0,36.4,30,5.3
2019-01-05 14:00:00,800.0,36.8,28,4.7
2019-01-05 15:00:00,657.0,37.0,27,3.7
2019-01-05 16:00:00,461.0,37.0,27,4.1
2019-01-05 17:00:00,233.0,35.8,34,3.3
2019-01-06 06:00:00,0.0,25.5,64,17.1
2019-01-06 07:00:00,35.0,26.1,64,14.5
2019-01-06 08:00:00,221.0,28.0,58,16.4
2019-01-06 09:00:00,441.0,30.3,50,16.8
2019-01-06 10:00:00,637.0,32.0,46,13.0
2019-01-06 11:00:00,784.0,33.3,43,9.7
2019-01-06 12:00:00,862.0,34.1,40,8.6
2019-01-06 13:00:00,842.0,34.7,38,6.7
2019-01-06 14:00:00,773.0,35.2,36,6.3
2019-01-06 15:00:00,605.0,35.2,35,6.5
2019-01-06 16:00:00,397.0,35.3,34,6.5
2019-01-06 17:00:00,203.0,34.5,36,5.4
2019-01-07 06:00:00,0.0,26.6,59,16.7
2019-01-07 07:00:00,32.0,27.0,60,13.8
2019-01-07 08:00:00,202.0,28.5,55,15.1
2019-01-07 09:00:00,413.0,30.0,53,11.6
2019-01-07 10:00:00,603.0,31.2,52,7.9
2019-01-07 11:00:00,771.0,32.6,47,8.0
2019-01-07 12:00:00,784.0,33.5,44,8.3
2019-01-07 13:00:00,838.0,34.2,40,7.2
2019-01-07 14:00:00,782.0,34.6,39,7.1
2019-01-07 15:00:00,626.0,34.7,39,7.1
2019-01-07 16:00:00,433.0,34.5,39,6.1
2019-01-07 17:00:00,222.0,33.7,41,7.0
2019-01-08 06:00:00,0.0,25.1,71,8.3
2019-01-08 07:00:00,27.0,25.8,74,8.2
2019-01-08 08:00:00,200.0,27.4,68,13.2
2019-01-08 09:00:00,424.0,29.4,54,18.4
2019-01-08 10:00:00,632.0,31.2,46,16.9
2019-01-08 11:00:00,789.0,32.7,42,12.1
2019-01-08 12:00:00,869.0,33.8,39,7.5
2019-01-08 13:00:00,861.0,34.3,36,4.6
2019-01-08 14:00:00,750.0,34.8,33,4.9
2019-01-08 15:00:00,563.0,35.1,31,5.3
2019-01-08 16:00:00,367.0,34.3,32,6.6
2019-01-08 17:00:00,167.0,32.7,41,7.6
2019-01-09 06:00:00,0.0,24.7,66,18.1
2019-01-09 07:00:00,32.0,25.4,64,16.1
2019-01-09 08:00:00,198.0,26.9,59,17.2
2019-01-09 09:00:00,416.0,29.0,52,15.5
2019-01-09 10:00:00,617.0,30.4,50,10.9
2019-01-09 11:00:00,756.0,31.6,45,8.6
2019-01-09 12:00:00,755.0,32.3,41,5.6
2019-01-09 13:00:00,708.0,32.7,41,4.4
2019-01-09 14:00:00,617.0,32.5,41,5.8
2019-01-09 15:00:00,488.0,32.5,42,7.9
2019-01-09 16:00:00,265.0,32.0,43,7.4
2019-01-09 17:00:00,175.0,31.4,45,4.7
2019-01-10 06:00:00,0.0,22.9,96,5.8
2019-01-10 07:00:00,23.0,23.3,92,5.0
2019-01-10 08:00:00,164.0,24.1,86,4.7
2019-01-10 09:00:00,350.0,25.5,78,3.2
2019-01-10 10:00:00,543.0,27.4,70,5.1
2019-01-10 11:00:00,679.0,28.7,63,6.2
2019-01-10 12:00:00,695.0,29.6,57,6.1
2019-01-10 13:00:00,644.0,30.2,54,5.1
2019-01-10 14:00:00,629.0,30.9,51,4.0
2019-01-10 15:00:00,530.0,31.2,49,3.3
2019-01-10 16:00:00,394.0,31.2,49,2.5
2019-01-10 17:00:00,198.0,30.8,49,3.9
2019-01-11 06:00:00,0.0,24.6,65,13.0
2019-01-11 07:00:00,28.0,25.1,64,12.0
2019-01-11 08:00:00,167.0,26.8,59,11.8
2019-01-11 09:00:00,346.0,28.5,52,12.9
2019-01-11 10:00:00,549.0,30.1,48,9.5
2019-01-11 11:00:00,693.0,31.2,44,7.9
2019-01-11 12:00:00,785.0,32.1,41,5.6
2019-01-11 13:00:00,811.0,33.0,38,4.4
2019-01-11 14:00:00,757.0,33.3,36,3.3
2019-01-11 15:00:00,561.0,33.2,36,2.6
2019-01-11 16:00:00,382.0,32.8,36,3.1
2019-01-11 17:00:00,210.0,32.3,37,3.3
2019-01-12 06:00:00,0.0,25.3,64,17.7
2019-01-12 07:00:00,29.0,25.9,63,17.3
2019-01-12 08:00:00,209.0,28.0,54,18.3
2019-01-12 09:00:00,432.0,30.0,44,17.3
2019-01-12 10:00:00,639.0,31.5,40,14.2
2019-01-12 11:00:00,787.0,33.0,37,12.1
2019-01-12 12:00:00,865.0,34.1,34,10.2
2019-01-12 13:00:00,816.0,34.7,32,8.4
2019-01-12 14:00:00,703.0,34.8,31,8.6
2019-01-12 15:00:00,575.0,34.7,31,9.2
2019-01-12 16:00:00,412.0,34.2,32,10.8
2019-01-12 17:00:00,221.0,33.3,34,12.1
2019-01-13 06:00:00,0.0,25.0,63,18.4
2019-01-13 07:00:00,31.0,25.6,62,18.3
2019-01-13 08:00:00,211.0,27.8,55,19.0
2019-01-13 09:00:00,434.0,30.0,46,18.1
2019-01-13 10:00:00,633.0,31.8,41,18.2
2019-01-13 11:00:00,786.0,33.3,37,17.5
2019-01-13 12:00:00,870.0,34.8,32,14.8
2019-01-13 13:00:00,873.0,35.3,31,12.9
2019-01-13 14:00:00,794.0,35.5,29,12.6
2019-01-13 15:00:00,629.0,35.2,30,13.2
2019-01-13 16:00:00,444.0,34.6,31,12.4
2019-01-13 17:00:00,232.0,33.9,32,9.4
2019-01-14 06:00:00,0.0,24.6,66,17.1
2019-01-14 07:00:00,32.0,25.5,61,16.7
2019-01-14 08:00:00,220.0,27.5,51,21.1
2019-01-14 09:00:00,448.0,30.0,43,20.1
2019-01-14 10:00:00,648.0,32.3,36,18.4
2019-01-14 11:00:00,796.0,34.2,31,16.9
2019-01-14 12:00:00,881.0,35.3,28,14.9
2019-01-14 13:00:00,887.0,36.2,26,12.3
2019-01-14 14:00:00,810.0,36.5,26,10.8
2019-01-14 15:00:00,658.0,36.2,26,10.0
2019-01-14 16:00:00,459.0,35.7,28,11.2
2019-01-14 17:00:00,237.0,34.5,31,13.4
2019-01-15 06:00:00,0.0,24.7,62,18.6
2019-01-15 07:00:00,31.0,25.1,62,19.1
2019-01-15 08:00:00,219.0,27.2,54,20.6
2019-01-15 09:00:00,447.0,29.9,45,18.8
2019-01-15 10:00:00,649.0,32.0,38,18.1
2019-01-15 11:00:00,796.0,33.8,33,17.6
2019-01-15 12:00:00,876.0,35.0,31,15.3
2019-01-15 13:00:00,883.0,35.7,30,12.4
2019-01-15 14:00:00,814.0,36.2,28,10.2
2019-01-15 15:00:00,673.0,36.6,27,10.6
2019-01-15 16:00:00,413.0,36.3,27,13.9
2019-01-15 17:00:00,154.0,35.1,29,14.6
2019-01-16 06:00:00,0.0,25.1,63,21.3
2019-01-16 07:00:00,29.0,25.4,63,20.0
2019-01-16 08:00:00,212.0,27.4,56,21.9
2019-01-16 09:00:00,434.0,30.0,48,20.8
2019-01-16 10:00:00,631.0,32.4,40,19.2
2019-01-16 11:00:00,788.0,34.2,34,16.0
2019-01-16 12:00:00,874.0,35.3,32,13.9
2019-01-16 13:00:00,883.0,36.0,31,11.6
2019-01-16 14:00:00,816.0,36.5,29,9.8
2019-01-16 15:00:00,678.0,36.8,29,9.3
2019-01-16 16:00:00,486.0,36.6,28,11.2
2019-01-16 17:00:00,206.0,35.8,29,10.9
2019-01-17 06:00:00,0.0,25.6,67,24.1
2019-01-17 07:00:00,30.0,26.1,65,21.8
2019-01-17 08:00:00,214.0,28.2,58,24.5
2019-01-17 09:00:00,438.0,30.6,49,24.2
2019-01-17 10:00:00,638.0,32.8,41,21.9
2019-01-17 11:00:00,790.0,34.5,36,15.5
2019-01-17 12:00:00,873.0,35.7,33,12.5
2019-01-17 13:00:00,857.0,36.2,32,10.5
2019-01-17 14:00:00,726.0,36.0,32,9.7
2019-01-17 15:00:00,608.0,35.8,32,9.0
2019-01-17 16:00:00,433.0,35.5,33,9.0
2019-01-17 17:00:00,232.0,34.8,34,11.3
2019-01-18 06:00:00,0.0,25.2,72,18.4
2019-01-18 07:00:00,29.0,26.0,68,17.1
2019-01-18 08:00:00,213.0,28.0,60,20.1
2019-01-18 09:00:00,440.0,30.4,52,19.6
2019-01-18 10:00:00,643.0,32.8,43,19.3
2019-01-18 11:00:00,790.0,34.5,37,16.1
2019-01-18 12:00:00,869.0,35.5,34,14.7
2019-01-18 13:00:00,865.0,36.2,32,13.7
2019-01-18 14:00:00,799.0,36.7,30,14.0
2019-01-18 15:00:00,671.0,36.7,30,15.5
2019-01-18 16:00:00,478.0,36.2,30,15.0
2019-01-18 17:00:00,255.0,35.2,32,16.2
2019-01-19 06:00:00,0.0,25.8,71,21.1
2019-01-19 07:00:00,30.0,26.5,69,19.0
2019-01-19 08:00:00,212.0,28.5,60,20.5
2019-01-19 09:00:00,436.0,30.9,51,17.9
2019-01-19 10:00:00,632.0,33.1,41,14.1
2019-01-19 11:00:00,785.0,34.7,37,12.1
2019-01-19 12:00:00,870.0,36.0,33,11.2
2019-01-19 13:00:00,880.0,36.8,30,10.5
2019-01-19 14:00:00,808.0,37.3,28,9.8
2019-01-19 15:00:00,662.0,37.4,27,9.7
2019-01-19 16:00:00,477.0,37.1,27,10.8
2019-01-19 17:00:00,254.0,36.0,28,13.0
2019-01-20 06:00:00,0.0,25.7,66,16.5
2019-01-20 07:00:00,30.0,26.5,63,14.9
2019-01-20 08:00:00,215.0,28.8,55,12.8
2019-01-20 09:00:00,444.0,31.2,44,9.4
2019-01-20 10:00:00,646.0,33.0,39,7.1
2019-01-20 11:00:00,798.0,34.8,35,6.5
2019-01-20 12:00:00,883.0,36.0,33,2.4
2019-01-20 13:00:00,883.0,36.8,31,1.5
2019-01-20 14:00:00,781.0,37.0,30,1.6
2019-01-20 15:00:00,628.0,37.0,30,1.1
2019-01-20 16:00:00,446.0,36.8,30,2.3
2019-01-20 17:00:00,246.0,36.5,30,4.8
2019-01-21 06:00:00,0.0,26.8,61,17.9
2019-01-21 07:00:00,29.0,27.2,60,19.8
2019-01-21 08:00:00,210.0,29.0,55,25.0
2019-01-21 09:00:00,433.0,31.1,47,23.2
2019-01-21 10:00:00,638.0,32.9,42,17.4
2019-01-21 11:00:00,787.0,34.2,38,15.2
2019-01-21 12:00:00,879.0,35.3,35,12.7
2019-01-21 13:00:00,809.0,35.8,33,8.6
2019-01-21 14:00:00,754.0,36.3,32,11.5
2019-01-21 15:00:00,636.0,36.1,33,17.6
2019-01-21 16:00:00,461.0,35.8,34,18.8
2019-01-21 17:00:00,239.0,34.5,36,21.8
2019-01-22 06:00:00,0.0,25.0,72,26.6
2019-01-22 07:00:00,29.0,25.9,69,23.2
2019-01-22 08:00:00,216.0,28.0,60,26.6
2019-01-22 09:00:00,446.0,30.4,51,27.4
2019-01-22 10:00:00,651.0,32.3,45,24.9
2019-01-22 11:00:00,804.0,34.0,39,21.5
2019-01-22 12:00:00,892.0,35.5,34,18.4
2019-01-22 13:00:00,904.0,36.5,30,17.4
2019-01-22 14:00:00,836.0,36.8,30,16.1
2019-01-22 15:00:00,696.0,36.7,30,15.2
2019-01-22 16:00:00,497.0,36.3,30,15.6
2019-01-22 17:00:00,267.0,34.8,35,21.4
2019-01-23 06:00:00,0.0,26.3,54,28.0
2019-01-23 07:00:00,30.0,27.0,52,28.2
2019-01-23 08:00:00,218.0,28.8,48,29.2
2019-01-23 09:00:00,453.0,30.8,42,27.8
2019-01-23 10:00:00,660.0,32.9,36,25.5
2019-01-23 11:00:00,812.0,34.5,33,24.2
2019-01-23 12:00:00,898.0,35.2,32,22.6
2019-01-23 13:00:00,904.0,35.9,31,20.0
2019-01-23 14:00:00,836.0,36.5,30,17.9
2019-01-23 15:00:00,698.0,36.8,29,16.6
2019-01-23 16:00:00,502.0,36.2,30,18.1
2019-01-23 17:00:00,272.0,35.0,31,19.1
2019-01-24 06:00:00,0.0,25.1,67,19.1
2019-01-24 07:00:00,29.0,25.1,66,15.8
2019-01-24 08:00:00,215.0,27.4,57,17.6
2019-01-24 09:00:00,446.0,30.6,46,15.8
2019-01-24 10:00:00,651.0,33.2,37,14.3
2019-01-24 11:00:00,805.0,35.3,32,10.4
2019-01-24 12:00:00,890.0,36.8,29,8.0
2019-01-24 13:00:00,899.0,37.5,28,6.2
2019-01-24 14:00:00,832.0,38.0,27,4.7
2019-01-24 15:00:00,693.0,38.3,26,4.4
2019-01-24 16:00:00,498.0,38.3,26,7.4
2019-01-24 17:00:00,270.0,37.3,27,13.4
2019-01-25 06:00:00,0.0,25.3,66,13.5
2019-01-25 07:00:00,29.0,26.0,66,10.0
2019-01-25 08:00:00,211.0,28.2,57,10.3
2019-01-25 09:00:00,440.0,30.5,49,9.3
2019-01-25 10:00:00,645.0,32.1,45,6.5
2019-01-25 11:00:00,797.0,33.7,40,7.0
2019-01-25 12:00:00,875.0,34.8,37,4.5
2019-01-25 13:00:00,888.0,35.8,36,2.9
2019-01-25 14:00:00,811.0,36.5,35,1.8
2019-01-25 15:00:00,658.0,36.9,34,1.4
2019-01-25 16:00:00,441.0,36.9,34,4.8
2019-01-25 17:00:00,226.0,36.2,35,9.4
2019-01-26 06:00:00,0.0,25.0,67,17.1
2019-01-26 07:00:00,29.0,25.2,68,15.3
2019-01-26 08:00:00,213.0,27.5,59,15.8
2019-01-26 09:00:00,442.0,29.9,52,12.5
2019-01-26 10:00:00,647.0,31.6,48,7.8
2019-01-26 11:00:00,803.0,33.3,42,7.9
2019-01-26 12:00:00,893.0,34.8,38,6.6
2019-01-26 13:00:00,905.0,35.8,36,5.2
2019-01-26 14:00:00,831.0,36.7,33,4.0
2019-01-26 15:00:00,658.0,37.0,31,4.8
2019-01-26 16:00:00,461.0,36.9,31,7.2
2019-01-26 17:00:00,251.0,36.1,32,8.7
2019-01-27 06:00:00,0.0,24.8,68,16.6
2019-01-27 07:00:00,29.0,25.0,68,12.7
2019-01-27 08:00:00,213.0,27.3,60,13.5
2019-01-27 09:00:00,444.0,30.2,49,12.1
2019-01-27 10:00:00,650.0,32.2,43,6.5
2019-01-27 11:00:00,805.0,33.7,40,5.5
2019-01-27 12:00:00,891.0,35.0,36,6.4
2019-01-27 13:00:00,902.0,36.0,34,7.9
2019-01-27 14:00:00,834.0,36.5,33,8.7
2019-01-27 15:00:00,684.0,36.5,32,7.4
2019-01-27 16:00:00,484.0,36.3,32,5.5
2019-01-27 17:00:00,261.0,35.8,33,4.8
2019-01-28 06:00:00,0.0,26.2,73,2.9
2019-01-28 07:00:00,27.0,27.2,67,3.9
2019-01-28 08:00:00,186.0,29.0,61,4.3
2019-01-28 09:00:00,397.0,30.5,55,3.4
2019-01-28 10:00:00,602.0,32.0,51,3.6
2019-01-28 11:00:00,743.0,33.3,48,4.7
2019-01-28 12:00:00,847.0,34.7,43,5.4
2019-01-28 13:00:00,853.0,35.5,41,5.5
2019-01-28 14:00:00,779.0,36.0,39,4.3
2019-01-28 15:00:00,618.0,35.8,39,2.5
2019-01-28 16:00:00,405.0,34.0,43,13.0
2019-01-28 17:00:00,166.0,28.8,64,13.6
2019-01-29 06:00:00,0.0,25.5,86,4.7
2019-01-29 07:00:00,25.0,26.1,83,7.2
2019-01-29 08:00:00,189.0,27.4,74,5.2
2019-01-29 09:00:00,399.0,29.2,64,5.4
2019-01-29 10:00:00,586.0,31.2,56,8.0
2019-01-29 11:00:00,753.0,32.7,48,7.7
2019-01-29 12:00:00,877.0,34.0,43,6.2
2019-01-29 13:00:00,893.0,35.3,37,4.7
2019-01-29 14:00:00,820.0,36.0,31,3.0
2019-01-29 15:00:00,686.0,36.5,26,1.3
2019-01-29 16:00:00,513.0,36.7,22,1.1
2019-01-29 17:00:00,281.0,35.7,24,2.3
2019-01-30 06:00:00,0.0,25.8,67,16.4
2019-01-30 07:00:00,24.0,26.0,65,13.6
2019-01-30 08:00:00,170.0,27.5,59,18.9
2019-01-30 09:00:00,379.0,29.1,54,19.2
2019-01-30 10:00:00,607.0,30.9,49,13.7
2019-01-30 11:00:00,768.0,32.4,44,10.5
2019-01-30 12:00:00,857.0,33.8,39,8.0
2019-01-30 13:00:00,863.0,35.0,35,7.1
2019-01-30 14:00:00,790.0,35.5,33,7.0
2019-01-30 15:00:00,633.0,35.8,31,5.4
2019-01-30 16:00:00,491.0,35.8,31,6.1
2019-01-30 17:00:00,266.0,35.0,32,10.4
2019-01-31 06:00:00,0.0,24.7,68,22.7
2019-01-31 07:00:00,27.0,25.7,65,20.6
2019-01-31 08:00:00,189.0,27.5,58,24.0
2019-01-31 09:00:00,437.0,30.0,48,25.2
2019-01-31 10:00:00,651.0,31.8,42,23.0
2019-01-31 11:00:00,808.0,33.2,38,21.0
2019-01-31 12:00:00,897.0,34.5,35,15.9
2019-01-31 13:00:00,904.0,35.3,33,11.1
2019-01-31 14:00:00,772.0,36.1,31,9.8
2019-01-31 15:00:00,567.0,36.6,28,12.0
2019-01-31 16:00:00,404.0,36.2,30,18.3
2019-01-31 17:00:00,165.0,34.3,34,22.4
2019-02-01 06:00:00,0.0,25.3,52,16.8
2019-02-01 07:00:00,29.0,25.8,53,18.9
2019-02-01 08:00:00,214.0,27.5,52,23.1
2019-02-01 09:00:00,449.0,30.0,45,23.1
2019-02-01 10:00:00,651.0,32.0,39,20.7
2019-02-01 11:00:00,816.0,34.0,35,18.0
2019-02-01 12:00:00,904.0,35.0,33,15.4
2019-02-01 13:00:00,917.0,35.8,32,11.6
2019-02-01 14:00:00,851.0,36.5,31,9.2
2019-02-01 15:00:00,713.0,37.0,30,9.0
2019-02-01 16:00:00,514.0,36.8,30,9.2
2019-02-01 17:00:00,281.0,36.3,29,10.5
2019-02-02 06:00:00,0.0,25.4,58,15.5
2019-02-02 07:00:00,28.0,25.8,58,12.3
2019-02-02 08:00:00,206.0,28.1,49,12.7
2019-02-02 09:00:00,438.0,30.8,41,13.6
2019-02-02 10:00:00,650.0,32.5,38,10.5
2019-02-02 11:00:00,815.0,34.0,35,8.0
2019-02-02 12:00:00,903.0,35.0,32,7.6
2019-02-02 13:00:00,914.0,35.8,29,8.6
2019-02-02 14:00:00,850.0,36.2,28,8.6
2019-02-02 15:00:00,711.0,36.4,27,8.9
2019-02-02 16:00:00,515.0,36.5,23,11.7
2019-02-02 17:00:00,287.0,35.8,25,14.7
2019-02-03 06:00:00,0.0,23.8,64,18.8
2019-02-03 07:00:00,30.0,24.4,62,19.9
2019-02-03 08:00:00,220.0,27.0,54,23.4
2019-02-03 09:00:00,457.0,30.0,43,21.9
2019-02-03 10:00:00,667.0,32.4,34,17.8
2019-02-03 11:00:00,826.0,34.0,31,13.2
2019-02-03 12:00:00,916.0,35.0,30,10.2
2019-02-03 13:00:00,928.0,35.8,29,8.2
2019-02-03 14:00:00,861.0,36.5,27,5.8
2019-02-03 15:00:00,722.0,36.7,26,6.7
2019-02-03 16:00:00,524.0,36.7,26,9.3
2019-02-03 17:00:00,291.0,35.8,26,10.7
2019-02-04 06:00:00,0.0,24.8,63,17.1
2019-02-04 07:00:00,30.0,25.4,61,15.8
2019-02-04 08:00:00,217.0,27.8,52,18.3
2019-02-04 09:00:00,454.0,30.6,43,18.1
2019-02-04 10:00:00,665.0,32.9,36,13.5
2019-02-04 11:00:00,823.0,34.4,33,8.9
2019-02-04 12:00:00,913.0,35.5,30,6.9
2019-02-04 13:00:00,926.0,36.2,29,5.5
2019-02-04 14:00:00,858.0,36.7,27,4.3
2019-02-04 15:00:00,695.0,37.0,26,3.6
2019-02-04 16:00:00,501.0,37.0,26,5.4
2019-02-04 17:00:00,291.0,36.3,26,9.1
2019-02-05 06:00:00,0.0,25.5,65,21.9
2019-02-05 07:00:00,30.0,26.2,61,20.2
2019-02-05 08:00:00,216.0,28.1,54,24.3
2019-02-05 09:00:00,453.0,30.6,47,22.6
2019-02-05 10:00:00,667.0,32.8,40,18.9
2019-02-05 11:00:00,825.0,34.3,36,16.1
2019-02-05 12:00:00,917.0,35.5,33,11.9
2019-02-05 13:00:00,927.0,36.5,31,8.6
2019-02-05 14:00:00,860.0,37.2,29,8.1
2019-02-05 15:00:00,720.0,37.7,26,8.1
2019-02-05 16:00:00,520.0,37.5,25,10.1
2019-02-05 17:00:00,291.0,36.8,25,11.8
2019-02-06 06:00:00,0.0,25.1,68,23.8
2019-02-06 07:00:00,30.0,25.7,67,21.3
2019-02-06 08:00:00,212.0,27.5,60,26.1
2019-02-06 09:00:00,451.0,30.2,49,26.7
2019-02-06 10:00:00,664.0,32.5,41,24.5
2019-02-06 11:00:00,824.0,34.2,35,19.2
2019-02-06 12:00:00,918.0,35.5,32,14.2
2019-02-06 13:00:00,930.0,36.4,30,11.9
2019-02-06 14:00:00,868.0,37.1,28,10.8
2019-02-06 15:00:00,727.0,37.5,26,12.3
2019-02-06 16:00:00,506.0,37.2,26,13.4
2019-02-06 17:00:00,290.0,36.5,27,13.7
2019-02-07 06:00:00,0.0,25.9,67,22.0
2019-02-07 07:00:00,30.0,26.3,65,20.1
2019-02-07 08:00:00,219.0,28.2,58,24.8
2019-02-07 09:00:00,454.0,30.7,50,25.3
2019-02-07 10:00:00,668.0,32.8,42,23.7
2019-02-07 11:00:00,825.0,34.7,35,19.2
2019-02-07 12:00:00,915.0,36.0,31,14.0
2019-02-07 13:00:00,928.0,36.8,28,13.1
2019-02-07 14:00:00,864.0,37.4,27,12.6
2019-02-07 15:00:00,717.0,37.4,26,11.6
2019-02-07 16:00:00,510.0,37.2,26,11.2
2019-02-07 17:00:00,280.0,36.2,27,15.9
2019-02-08 06:00:00,0.0,25.7,59,21.1
2019-02-08 07:00:00,30.0,26.2,56,18.2
2019-02-08 08:00:00,218.0,28.1,48,24.0
2019-02-08 09:00:00,453.0,30.7,38,27.8
2019-02-08 10:00:00,664.0,32.4,34,26.2
2019-02-08 11:00:00,816.0,34.0,30,21.8
2019-02-08 12:00:00,902.0,35.3,28,17.0
2019-02-08 13:00:00,925.0,36.3,26,13.6
2019-02-08 14:00:00,869.0,36.8,26,13.2
2019-02-08 15:00:00,727.0,36.8,26,13.4
2019-02-08 16:00:00,526.0,36.5,26,15.3
2019-02-08 17:00:00,296.0,35.3,28,16.8
2019-02-09 06:00:00,0.0,26.4,54,24.8
2019-02-09 07:00:00,31.0,26.5,55,21.3
2019-02-09 08:00:00,212.0,28.4,47,25.8
2019-02-09 09:00:00,453.0,30.7,39,26.9
2019-02-09 10:00:00,666.0,32.5,35,26.6
2019-02-09 11:00:00,825.0,34.0,32,22.5
2019-02-09 12:00:00,910.0,35.1,31,18.1
2019-02-09 13:00:00,924.0,35.8,30,18.2
2019-02-09 14:00:00,860.0,36.1,30,19.9
2019-02-09 15:00:00,720.0,36.0,29,20.4
2019-02-09 16:00:00,515.0,35.5,30,21.5
2019-02-09 17:00:00,284.0,34.5,31,24.2
2019-02-10 06:00:00,0.0,26.0,45,25.3
2019-02-10 07:00:00,31.0,26.3,47,22.3
2019-02-10 08:00:00,221.0,28.2,39,26.3
2019-02-10 09:00:00,457.0,30.5,30,29.1
2019-02-10 10:00:00,662.0,32.3,26,29.3
2019-02-10 11:00:00,832.0,33.9,26,24.3
2019-02-10 12:00:00,920.0,35.0,27,21.6
2019-02-10 13:00:00,929.0,35.8,28,22.0
2019-02-10 14:00:00,865.0,36.0,27,22.3
2019-02-10 15:00:00,725.0,36.1,26,21.2
2019-02-10 16:00:00,526.0,35.7,26,22.5
2019-02-10 17:00:00,293.0,34.2,27,25.4
2019-02-11 06:00:00,0.0,25.4,56,21.0
2019-02-11 07:00:00,28.0,25.9,56,18.7
2019-02-11 08:00:00,201.0,27.5,52,22.7
2019-02-11 09:00:00,414.0,29.9,44,23.4
2019-02-11 10:00:00,603.0,32.2,36,21.4
2019-02-11 11:00:00,778.0,33.9,32,18.4
2019-02-11 12:00:00,877.0,35.0,30,15.9
2019-02-11 13:00:00,930.0,36.0,29,15.1
2019-02-11 14:00:00,859.0,36.5,28,14.2
2019-02-11 15:00:00,726.0,36.5,27,13.2
2019-02-11 16:00:00,529.0,36.7,27,11.2
2019-02-11 17:00:00,295.0,35.9,29,13.7
2019-02-12 06:00:00,0.0,25.5,67,21.9
2019-02-12 07:00:00,31.0,26.4,63,20.0
2019-02-12 08:00:00,216.0,28.2,56,21.6
2019-02-12 09:00:00,447.0,30.8,48,19.9
2019-02-12 10:00:00,656.0,33.0,40,15.0
2019-02-12 11:00:00,812.0,34.3,36,10.7
2019-02-12 12:00:00,899.0,35.4,34,6.9
2019-02-12 13:00:00,915.0,36.1,32,2.9
2019-02-12 14:00:00,843.0,36.7,31,1.8
2019-02-12 15:00:00,714.0,37.0,30,4.8
2019-02-12 16:00:00,525.0,37.2,29,5.6
2019-02-12 17:00:00,286.0,36.8,30,2.9
2019-02-13 06:00:00,0.0,25.5,64,11.5
2019-02-13 07:00:00,32.0,26.2,63,10.4
2019-02-13 08:00:00,221.0,28.5,56,8.9
2019-02-13 09:00:00,456.0,30.8,50,6.2
2019-02-13 10:00:00,668.0,32.4,46,6.7
2019-02-13 11:00:00,824.0,34.1,40,8.0
2019-02-13 12:00:00,919.0,35.2,37,8.2
2019-02-13 13:00:00,897.0,36.6,34,7.1
2019-02-13 14:00:00,798.0,37.3,33,9.2
2019-02-13 15:00:00,651.0,37.2,33,10.8
2019-02-13 16:00:00,493.0,36.8,34,8.3
2019-02-13 17:00:00,256.0,36.0,35,9.1
2019-02-14 06:00:00,0.0,26.1,71,4.1
2019-02-14 07:00:00,31.0,26.8,73,4.9
2019-02-14 08:00:00,202.0,28.5,67,5.4
2019-02-14 09:00:00,420.0,30.2,58,4.3
2019-02-14 10:00:00,641.0,32.2,51,5.0
2019-02-14 11:00:00,765.0,33.8,46,5.7
2019-02-14 12:00:00,852.0,35.1,42,6.6
2019-02-14 13:00:00,871.0,36.2,38,6.6
2019-02-14 14:00:00,787.0,37.0,35,7.7
2019-02-14 15:00:00,647.0,37.2,34,8.4
2019-02-14 16:00:00,429.0,36.8,34,9.1
2019-02-14 17:00:00,243.0,36.0,34,7.6
2019-02-15 06:00:00,0.0,26.1,73,1.8
2019-02-15 07:00:00,32.0,27.0,71,6.4
2019-02-15 08:00:00,206.0,28.8,65,5.8
2019-02-15 09:00:00,424.0,30.8,58,2.6
2019-02-15 10:00:00,634.0,32.8,51,1.0
2019-02-15 11:00:00,804.0,34.7,45,1.9
2019-02-15 12:00:00,855.0,35.7,41,1.3
2019-02-15 13:00:00,829.0,36.5,38,1.8
2019-02-15 14:00:00,779.0,37.1,36,3.9
2019-02-15 15:00:00,657.0,37.3,35,4.3
2019-02-15 16:00:00,453.0,37.2,36,3.5
2019-02-15 17:00:00,263.0,36.5,36,6.9
2019-02-16 06:00:00,0.0,26.7,69,8.6
2019-02-16 07:00:00,32.0,27.2,68,0.4
2019-02-16 08:00:00,210.0,28.7,63,2.9
2019-02-16 09:00:00,436.0,30.5,58,6.9
2019-02-16 10:00:00,647.0,32.5,51,6.5
2019-02-16 11:00:00,817.0,34.3,45,5.2
2019-02-16 12:00:00,906.0,35.7,39,5.8
2019-02-16 13:00:00,895.0,36.8,35,6.7
2019-02-16 14:00:00,739.0,36.6,34,5.0
2019-02-16 15:00:00,484.0,36.2,35,2.9
2019-02-16 16:00:00,377.0,36.2,35,0.4
2019-02-16 17:00:00,208.0,35.8,36,2.9
2019-02-17 06:00:00,0.0,26.5,75,5.1
2019-02-17 07:00:00,33.0,27.0,77,3.9
2019-02-17 08:00:00,220.0,28.7,69,5.4
2019-02-17 09:00:00,456.0,30.5,61,6.7
2019-02-17 10:00:00,670.0,32.5,51,5.2
2019-02-17 11:00:00,830.0,34.6,41,6.0
2019-02-17 12:00:00,913.0,36.2,35,7.9
2019-02-17 13:00:00,866.0,37.2,32,7.3
2019-02-17 14:00:00,740.0,37.3,30,4.4
2019-02-17 15:00:00,655.0,37.7,28,4.3
2019-02-17 16:00:00,466.0,37.6,27,8.6
2019-02-17 17:00:00,254.0,36.8,30,14.4
2019-02-18 06:00:00,0.0,26.5,63,5.3
2019-02-18 07:00:00,33.0,27.8,59,7.9
2019-02-18 08:00:00,220.0,29.4,58,7.2
2019-02-18 09:00:00,405.0,30.9,55,6.3
2019-02-18 10:00:00,659.0,33.2,42,10.0
2019-02-18 11:00:00,808.0,35.2,34,15.0
2019-02-18 12:00:00,929.0,36.5,31,14.0
2019-02-18 13:00:00,929.0,37.1,29,12.6
2019-02-18 14:00:00,835.0,37.2,29,12.3
2019-02-18 15:00:00,684.0,37.2,28,11.5
2019-02-18 16:00:00,493.0,37.0,28,11.6
2019-02-18 17:00:00,255.0,36.2,30,13.0
2019-02-19 06:00:00,0.0,25.2,67,23.0
2019-02-19 07:00:00,34.0,25.9,65,22.5
2019-02-19 08:00:00,225.0,28.2,56,25.0
2019-02-19 09:00:00,443.0,30.5,48,22.2
2019-02-19 10:00:00,647.0,32.8,41,20.6
2019-02-19 11:00:00,800.0,34.4,36,17.4
2019-02-19 12:00:00,895.0,35.7,34,13.6
2019-02-19 13:00:00,908.0,36.5,32,9.6
2019-02-19 14:00:00,707.0,36.8,32,7.1
2019-02-19 15:00:00,618.0,37.2,31,6.8
2019-02-19 16:00:00,393.0,36.3,33,8.7
2019-02-19 17:00:00,172.0,35.5,34,12.2
2019-02-20 06:00:00,0.0,26.0,67,13.1
2019-02-20 07:00:00,23.0,26.5,65,8.7
2019-02-20 08:00:00,172.0,28.0,60,11.5
2019-02-20 09:00:00,418.0,29.9,55,9.7
2019-02-20 10:00:00,601.0,31.3,51,9.1
2019-02-20 11:00:00,724.0,33.0,46,9.0
2019-02-20 12:00:00,740.0,34.0,44,8.8
2019-02-20 13:00:00,849.0,35.0,41,6.6
2019-02-20 14:00:00,539.0,34.6,40,6.0
2019-02-20 15:00:00,462.0,34.9,39,5.8
2019-02-20 16:00:00,337.0,35.0,37,8.2
2019-02-20 17:00:00,224.0,34.5,37,12.0
2019-02-21 06:00:00,0.0,25.4,62,21.7
2019-02-21 07:00:00,35.0,26.5,58,21.2
2019-02-21 08:00:00,225.0,28.8,50,23.2
2019-02-21 09:00:00,458.0,31.1,43,21.4
2019-02-21 10:00:00,670.0,33.3,38,17.8
2019-02-21 11:00:00,813.0,34.8,35,15.9
2019-02-21 12:00:00,921.0,36.0,33,13.4
2019-02-21 13:00:00,934.0,37.0,31,11.5
2019-02-21 14:00:00,862.0,38.0,29,10.9
2019-02-21 15:00:00,714.0,38.7,28,13.9
2019-02-21 16:00:00,492.0,37.7,30,14.8
2019-02-21 17:00:00,274.0,36.9,31,13.6
2019-02-22 06:00:00,0.0,25.4,67,19.9
2019-02-22 07:00:00,35.0,26.5,62,19.9
2019-02-22 08:00:00,227.0,28.7,54,22.4
2019-02-22 09:00:00,464.0,31.2,46,21.9
2019-02-22 10:00:00,676.0,33.3,40,19.0
2019-02-22 11:00:00,836.0,35.0,36,15.9
2019-02-22 12:00:00,926.0,36.2,34,12.9
2019-02-22 13:00:00,944.0,36.9,33,8.2
2019-02-22 14:00:00,835.0,37.8,31,7.9
2019-02-22 15:00:00,730.0,38.3,30,12.1
2019-02-22 16:00:00,444.0,37.8,31,10.5
2019-02-22 17:00:00,183.0,36.7,31,15.6
2019-02-23 06:00:00,0.0,25.9,66,21.6
2019-02-23 07:00:00,38.0,26.5,61,19.9
2019-02-23 08:00:00,220.0,28.4,57,22.2
2019-02-23 09:00:00,466.0,31.1,46,22.0
2019-02-23 10:00:00,680.0,33.2,38,18.0
2019-02-23 11:00:00,832.0,34.8,34,14.5
2019-02-23 12:00:00,934.0,36.2,31,11.6
2019-02-23 13:00:00,943.0,37.0,29,11.9
2019-02-23 14:00:00,856.0,37.3,29,11.2
2019-02-23 15:00:00,679.0,37.3,29,10.4
2019-02-23 16:00:00,491.0,37.2,30,13.0
2019-02-23 17:00:00,257.0,36.0,32,16.0
2019-02-24 06:00:00,0.0,24.8,65,23.2
2019-02-24 07:00:00,39.0,25.5,61,20.1
2019-02-24 08:00:00,238.0,27.9,51,21.4
2019-02-24 09:00:00,480.0,30.5,42,19.7
2019-02-24 10:00:00,687.0,32.8,34,17.2
2019-02-24 11:00:00,859.0,34.8,29,14.3
2019-02-24 12:00:00,951.0,36.2,25,11.6
2019-02-24 13:00:00,966.0,37.2,23,9.4
2019-02-24 14:00:00,899.0,37.8,22,10.5
2019-02-24 15:00:00,755.0,37.8,24,12.8
2019-02-24 16:00:00,545.0,37.4,25,13.7
2019-02-24 17:00:00,306.0,36.5,23,16.5
2019-02-25 06:00:00,0.0,24.8,67,24.2
2019-02-25 07:00:00,40.0,25.6,63,19.2
2019-02-25 08:00:00,239.0,27.8,54,21.5
2019-02-25 09:00:00,482.0,30.5,43,21.9
2019-02-25 10:00:00,699.0,32.9,34,19.5
2019-02-25 11:00:00,860.0,34.5,29,14.9
2019-02-25 12:00:00,948.0,35.8,28,13.9
2019-02-25 13:00:00,957.0,36.7,26,14.8
2019-02-25 14:00:00,884.0,37.2,26,15.2
2019-02-25 15:00:00,733.0,37.2,25,14.1
2019-02-25 16:00:00,530.0,37.0,25,14.0
2019-02-25 17:00:00,298.0,35.8,26,17.6
2019-02-26 06:00:00,0.0,25.6,63,25.6
2019-02-26 07:00:00,40.0,26.5,62,23.9
2019-02-26 08:00:00,239.0,28.7,54,26.6
2019-02-26 09:00:00,481.0,31.3,45,27.2
2019-02-26 10:00:00,699.0,33.5,37,24.3
2019-02-26 11:00:00,861.0,34.9,33,19.4
2019-02-26 12:00:00,948.0,36.0,30,18.4
2019-02-26 13:00:00,957.0,37.0,27,17.2
2019-02-26 14:00:00,887.0,37.6,25,16.2
2019-02-26 15:00:00,738.0,37.6,25,16.6
2019-02-26 16:00:00,522.0,36.7,27,20.4
2019-02-26 17:00:00,283.0,34.8,34,24.1
2019-02-27 06:00:00,0.0,25.2,63,23.3
2019-02-27 07:00:00,41.0,26.2,60,20.3
2019-02-27 08:00:00,240.0,28.2,53,24.0
2019-02-27 09:00:00,481.0,30.7,44,23.2
2019-02-27 10:00:00,697.0,32.8,37,20.7
2019-02-27 11:00:00,859.0,34.5,33,15.6
2019-02-27 12:00:00,948.0,35.7,30,11.5
2019-02-27 13:00:00,962.0,36.7,29,9.2
2019-02-27 14:00:00,856.0,37.5,26,10.5
2019-02-27 15:00:00,627.0,37.2,26,9.8
2019-02-27 16:00:00,449.0,37.0,27,11.2
2019-02-27 17:00:00,253.0,36.0,29,10.1
2019-02-28 06:00:00,0.0,24.5,69,15.3
2019-02-28 07:00:00,40.0,25.7,65,15.8
2019-02-28 08:00:00,225.0,28.1,56,15.0
2019-02-28 09:00:00,457.0,30.9,46,10.7
2019-02-28 10:00:00,678.0,32.7,41,3.7
2019-02-28 11:00:00,829.0,34.0,38,2.3
2019-02-28 12:00:00,915.0,35.1,35,1.3
2019-02-28 13:00:00,924.0,36.1,33,1.5
2019-02-28 14:00:00,855.0,36.8,32,1.5
2019-02-28 15:00:00,714.0,37.2,30,1.9
2019-02-28 16:00:00,508.0,37.1,29,1.3
2019-02-28 17:00:00,274.0,36.7,29,1.0
2019-03-01 06:00:00,0.0,26.0,66,15.2
2019-03-01 07:00:00,41.0,27.0,62,13.6
2019-03-01 08:00:00,232.0,29.4,54,12.5
2019-03-01 09:00:00,443.0,31.9,45,8.7
2019-03-01 10:00:00,674.0,33.5,41,4.1
2019-03-01 11:00:00,839.0,35.0,36,4.1
2019-03-01 12:00:00,873.0,36.0,34,4.5
2019-03-01 13:00:00,887.0,36.7,31,2.5
2019-03-01 14:00:00,689.0,36.9,31,3.8
2019-03-01 15:00:00,557.0,37.0,30,4.0
2019-03-01 16:00:00,333.0,36.3,31,4.3
2019-03-01 17:00:00,201.0,36.3,31,2.5
2019-03-02 06:00:00,0.0,24.8,83,5.8
2019-03-02 07:00:00,29.0,24.7,80,0.8
2019-03-02 08:00:00,148.0,26.2,70,0.8
2019-03-02 09:00:00,311.0,27.8,65,4.3
2019-03-02 10:00:00,511.0,29.8,61,6.2
2019-03-02 11:00:00,648.0,31.5,54,7.2
2019-03-02 12:00:00,800.0,33.0,48,7.0
2019-03-02 13:00:00,791.0,34.0,44,6.3
2019-03-02 14:00:00,703.0,34.5,42,5.6
2019-03-02 15:00:00,620.0,34.8,40,3.3
2019-03-02 16:00:00,420.0,35.0,36,6.5
2019-03-02 17:00:00,187.0,32.0,54,13.8
2019-03-03 06:00:00,0.0,25.6,63,14.8
2019-03-03 07:00:00,40.0,26.5,61,10.8
2019-03-03 08:00:00,230.0,28.5,55,16.7
2019-03-03 09:00:00,456.0,30.9,47,17.1
2019-03-03 10:00:00,660.0,32.3,45,12.2
2019-03-03 11:00:00,825.0,33.4,44,8.9
2019-03-03 12:00:00,904.0,34.4,42,8.4
2019-03-03 13:00:00,878.0,35.0,40,6.7
2019-03-03 14:00:00,809.0,35.7,38,6.3
2019-03-03 15:00:00,697.0,35.9,36,5.1
2019-03-03 16:00:00,468.0,35.5,36,3.6
2019-03-03 17:00:00,271.0,35.0,36,1.6
2019-03-04 06:00:00,0.0,26.2,62,15.1
2019-03-04 07:00:00,43.0,26.9,61,13.0
2019-03-04 08:00:00,135.0,28.0,57,13.8
2019-03-04 09:00:00,348.0,30.4,50,11.4
2019-03-04 10:00:00,592.0,32.0,48,6.0
2019-03-04 11:00:00,762.0,33.5,45,5.6
2019-03-04 12:00:00,849.0,34.3,43,6.8
2019-03-04 13:00:00,873.0,35.1,40,6.6
2019-03-04 14:00:00,762.0,35.5,38,3.3
2019-03-04 15:00:00,595.0,35.5,37,1.3
2019-03-04 16:00:00,464.0,35.2,37,1.5
2019-03-04 17:00:00,254.0,34.9,38,2.9
2019-03-05 06:00:00,0.0,26.5,61,19.0
2019-03-05 07:00:00,40.0,27.3,61,15.7
2019-03-05 08:00:00,195.0,28.8,56,19.7
2019-03-05 09:00:00,417.0,30.7,52,13.4
2019-03-05 10:00:00,640.0,32.2,49,6.8
2019-03-05 11:00:00,839.0,33.8,44,6.5
2019-03-05 12:00:00,780.0,34.7,41,5.4
2019-03-05 13:00:00,732.0,35.1,38,5.4
2019-03-05 14:00:00,766.0,35.3,37,5.2
2019-03-05 15:00:00,596.0,34.8,40,16.8
2019-03-05 16:00:00,345.0,32.5,50,17.0
2019-03-05 17:00:00,232.0,32.8,47,4.5
2019-03-06 06:00:00,0.0,26.4,66,18.2
2019-03-06 07:00:00,38.0,26.9,63,7.6
2019-03-06 08:00:00,233.0,28.6,60,12.1
2019-03-06 09:00:00,431.0,30.5,54,12.9
2019-03-06 10:00:00,647.0,32.2,48,12.9
2019-03-06 11:00:00,705.0,33.6,44,13.0
2019-03-06 12:00:00,856.0,35.0,39,13.7
2019-03-06 13:00:00,893.0,35.7,37,13.7
2019-03-06 14:00:00,836.0,35.6,38,16.4
2019-03-06 15:00:00,629.0,35.2,38,17.5
2019-03-06 16:00:00,486.0,35.2,37,21.3
2019-03-06 17:00:00,260.0,33.7,39,25.6
2019-03-07 06:00:00,0.0,26.0,62,23.9
2019-03-07 07:00:00,45.0,26.8,62,20.9
2019-03-07 08:00:00,214.0,28.7,54,24.5
2019-03-07 09:00:00,431.0,30.9,46,24.3
2019-03-07 10:00:00,645.0,32.7,42,22.8
2019-03-07 11:00:00,818.0,34.1,39,17.6
2019-03-07 12:00:00,919.0,35.3,36,13.2
2019-03-07 13:00:00,951.0,36.4,35,11.9
2019-03-07 14:00:00,836.0,36.9,34,12.2
2019-03-07 15:00:00,675.0,36.9,34,14.2
2019-03-07 16:00:00,488.0,36.1,35,15.6
2019-03-07 17:00:00,271.0,34.5,38,18.5
2019-03-08 06:00:00,0.0,25.8,67,19.8
2019-03-08 07:00:00,45.0,26.6,65,19.7
2019-03-08 08:00:00,233.0,28.6,57,23.6
2019-03-08 09:00:00,441.0,30.8,49,23.0
2019-03-08 10:00:00,680.0,33.0,42,22.1
2019-03-08 11:00:00,849.0,34.5,37,19.5
2019-03-08 12:00:00,935.0,35.7,35,16.2
2019-03-08 13:00:00,947.0,36.3,34,13.5
2019-03-08 14:00:00,841.0,36.8,33,10.9
2019-03-08 15:00:00,717.0,36.8,33,10.4
2019-03-08 16:00:00,501.0,36.7,33,12.7
2019-03-08 17:00:00,248.0,35.6,34,17.9
2019-03-09 06:00:00,0.0,26.1,68,19.7
2019-03-09 07:00:00,48.0,27.1,65,18.9
2019-03-09 08:00:00,247.0,29.2,57,21.3
2019-03-09 09:00:00,483.0,31.7,48,19.7
2019-03-09 10:00:00,694.0,33.9,41,18.5
2019-03-09 11:00:00,852.0,35.5,36,17.1
2019-03-09 12:00:00,940.0,36.7,33,13.3
2019-03-09 13:00:00,944.0,37.3,31,10.5
2019-03-09 14:00:00,871.0,37.8,31,9.2
2019-03-09 15:00:00,722.0,38.0,30,9.1
2019-03-09 16:00:00,507.0,37.9,30,10.7
2019-03-09 17:00:00,278.0,37.0,31,13.0
2019-03-10 06:00:00,0.0,26.8,65,17.2
2019-03-10 07:00:00,49.0,27.5,63,14.2
2019-03-10 08:00:00,247.0,29.6,55,14.3
2019-03-10 09:00:00,474.0,31.8,48,9.1
2019-03-10 10:00:00,679.0,33.7,43,7.9
2019-03-10 11:00:00,776.0,35.2,40,10.3
2019-03-10 12:00:00,935.0,36.4,37,13.4
2019-03-10 13:00:00,930.0,37.1,35,12.0
2019-03-10 14:00:00,870.0,37.3,33,7.2
2019-03-10 15:00:00,724.0,37.7,33,13.7
2019-03-10 16:00:00,375.0,34.1,44,13.0
2019-03-10 17:00:00,208.0,33.6,46,17.3
2019-03-11 06:00:00,0.0,25.9,64,26.0
2019-03-11 07:00:00,49.0,26.7,61,23.3
2019-03-11 08:00:00,225.0,28.5,54,24.2
2019-03-11 09:00:00,453.0,31.1,46,21.9
2019-03-11 10:00:00,665.0,33.2,42,16.1
2019-03-11 11:00:00,817.0,34.5,39,12.0
2019-03-11 12:00:00,930.0,35.6,37,10.1
2019-03-11 13:00:00,942.0,36.5,34,9.3
2019-03-11 14:00:00,866.0,37.2,33,10.3
2019-03-11 15:00:00,718.0,37.2,33,11.0
2019-03-11 16:00:00,426.0,36.0,35,9.0
2019-03-11 17:00:00,228.0,35.5,34,15.5
2019-03-12 06:00:00,0.0,25.9,64,22.9
2019-03-12 07:00:00,51.0,26.8,61,22.6
2019-03-12 08:00:00,245.0,28.7,53,24.7
2019-03-12 09:00:00,488.0,31.0,46,24.5
2019-03-12 10:00:00,694.0,33.1,39,22.6
2019-03-12 11:00:00,860.0,34.7,36,19.0
2019-03-12 12:00:00,947.0,35.9,33,15.7
2019-03-12 13:00:00,953.0,36.7,32,13.8
2019-03-12 14:00:00,882.0,37.1,31,12.2
2019-03-12 15:00:00,736.0,37.2,30,12.6
2019-03-12 16:00:00,522.0,36.8,30,14.0
2019-03-12 17:00:00,279.0,36.3,29,15.5
2019-03-13 06:00:00,0.0,25.1,67,21.5
2019-03-13 07:00:00,53.0,26.0,65,20.4
2019-03-13 08:00:00,257.0,28.0,58,22.4
2019-03-13 09:00:00,497.0,30.8,48,20.2
2019-03-13 10:00:00,709.0,33.0,41,17.4
2019-03-13 11:00:00,865.0,34.4,38,15.2
2019-03-13 12:00:00,951.0,35.5,35,13.2
2019-03-13 13:00:00,956.0,36.5,33,10.2
2019-03-13 14:00:00,872.0,37.2,30,7.6
2019-03-13 15:00:00,717.0,37.5,30,8.3
2019-03-13 16:00:00,421.0,37.2,30,12.3
2019-03-13 17:00:00,225.0,35.9,33,19.8
2019-03-14 06:00:00,0.0,26.3,68,22.8
2019-03-14 07:00:00,53.0,27.0,66,21.1
2019-03-14 08:00:00,255.0,29.1,59,22.7
2019-03-14 09:00:00,493.0,31.5,50,21.8
2019-03-14 10:00:00,705.0,33.2,45,14.8
2019-03-14 11:00:00,862.0,34.8,40,12.2
2019-03-14 12:00:00,898.0,35.7,36,9.5
2019-03-14 13:00:00,784.0,35.7,36,5.9
2019-03-14 14:00:00,699.0,36.0,35,3.7
2019-03-14 15:00:00,616.0,36.2,34,3.0
2019-03-14 16:00:00,462.0,36.2,33,2.9
2019-03-14 17:00:00,265.0,36.0,34,4.9
2019-03-15 06:00:00,0.0,26.5,69,19.6
2019-03-15 07:00:00,49.0,27.7,65,18.2
2019-03-15 08:00:00,220.0,29.5,58,19.5
2019-03-15 09:00:00,445.0,31.4,53,14.7
2019-03-15 10:00:00,613.0,32.7,49,10.5
2019-03-15 11:00:00,784.0,34.2,46,8.6
2019-03-15 12:00:00,899.0,35.5,42,8.0
2019-03-15 13:00:00,938.0,36.5,38,7.9
2019-03-15 14:00:00,621.0,36.5,37,4.3
2019-03-15 15:00:00,637.0,37.1,35,3.5
2019-03-15 16:00:00,442.0,36.7,35,6.6
2019-03-15 17:00:00,251.0,35.9,36,13.0
2019-03-16 06:00:00,0.0,26.5,59,21.9
2019-03-16 07:00:00,54.0,27.8,54,19.4
2019-03-16 08:00:00,242.0,30.1,46,19.7
2019-03-16 09:00:00,478.0,32.5,40,18.6
2019-03-16 10:00:00,693.0,34.4,37,18.8
2019-03-16 11:00:00,854.0,35.8,34,17.1
2019-03-16 12:00:00,920.0,36.7,33,12.4
2019-03-16 13:00:00,874.0,37.1,32,9.0
2019-03-16 14:00:00,806.0,37.2,32,9.5
2019-03-16 15:00:00,654.0,37.1,32,10.9
2019-03-16 16:00:00,466.0,36.5,33,11.1
2019-03-16 17:00:00,247.0,36.5,31,12.3
2019-03-17 06:00:00,0.0,25.9,70,20.3
2019-03-17 07:00:00,58.0,27.0,65,20.1
2019-03-17 08:00:00,262.0,29.1,58,23.5
2019-03-17 09:00:00,494.0,32.1,48,21.5
2019-03-17 10:00:00,711.0,34.4,40,18.4
2019-03-17 11:00:00,866.0,35.9,35,14.6
2019-03-17 12:00:00,879.0,36.8,33,11.2
2019-03-17 13:00:00,871.0,37.2,31,7.6
2019-03-17 14:00:00,652.0,36.9,32,6.4
2019-03-17 15:00:00,531.0,37.0,32,6.9
2019-03-17 16:00:00,400.0,37.5,30,8.2
2019-03-17 17:00:00,233.0,37.2,29,10.7
2019-03-18 06:00:00,0.0,26.3,71,22.7
2019-03-18 07:00:00,56.0,27.2,68,21.8
2019-03-18 08:00:00,230.0,29.0,61,22.7
2019-03-18 09:00:00,485.0,32.0,49,22.0
2019-03-18 10:00:00,692.0,34.4,41,16.6
2019-03-18 11:00:00,815.0,35.9,36,11.6
2019-03-18 12:00:00,933.0,37.0,33,9.3
2019-03-18 13:00:00,913.0,37.8,31,6.2
2019-03-18 14:00:00,748.0,37.8,30,4.7
2019-03-18 15:00:00,535.0,37.3,31,3.9
2019-03-18 16:00:00,457.0,37.5,30,6.3
2019-03-18 17:00:00,247.0,37.0,31,5.4
2019-03-19 06:00:00,0.0,27.0,63,17.6
2019-03-19 07:00:00,56.0,27.8,61,5.1
2019-03-19 08:00:00,213.0,29.2,59,5.4
2019-03-19 09:00:00,460.0,31.5,51,8.0
2019-03-19 10:00:00,644.0,33.2,44,8.7
2019-03-19 11:00:00,802.0,34.8,41,6.8
2019-03-19 12:00:00,907.0,36.0,38,7.8
2019-03-19 13:00:00,915.0,36.5,36,9.8
2019-03-19 14:00:00,813.0,37.3,33,8.0
2019-03-19 15:00:00,652.0,35.0,45,13.8
2019-03-19 16:00:00,380.0,34.8,42,9.1
2019-03-19 17:00:00,245.0,34.2,42,11.8
2019-03-20 06:00:00,0.0,23.9,94,10.0
2019-03-20 07:00:00,33.0,25.0,91,6.8
2019-03-20 08:00:00,191.0,26.2,84,6.4
2019-03-20 09:00:00,337.0,27.5,77,4.6
2019-03-20 10:00:00,394.0,28.8,72,4.0
2019-03-20 11:00:00,626.0,30.3,67,5.8
2019-03-20 12:00:00,791.0,31.6,62,3.8
2019-03-20 13:00:00,833.0,32.9,55,3.3
2019-03-20 14:00:00,729.0,33.0,51,1.4
2019-03-20 15:00:00,571.0,32.9,49,4.2
2019-03-20 16:00:00,296.0,29.8,74,13.5
2019-03-20 17:00:00,176.0,28.6,75,7.9
2019-03-21 06:00:00,0.0,25.0,74,11.5
2019-03-21 07:00:00,49.0,25.8,73,9.8
2019-03-21 08:00:00,226.0,27.3,69,12.8
2019-03-21 09:00:00,405.0,28.8,66,10.5
2019-03-21 10:00:00,611.0,30.5,62,7.9
2019-03-21 11:00:00,768.0,32.0,55,6.6
2019-03-21 12:00:00,889.0,33.3,50,5.2
2019-03-21 13:00:00,887.0,34.0,46,4.4
2019-03-21 14:00:00,810.0,34.5,44,4.1
2019-03-21 15:00:00,657.0,34.5,43,4.9
2019-03-21 16:00:00,444.0,34.2,42,10.5
2019-03-21 17:00:00,217.0,32.1,51,11.8
2019-03-22 06:00:00,0.0,25.1,79,9.7
2019-03-22 07:00:00,55.0,25.6,75,7.4
2019-03-22 08:00:00,240.0,27.4,69,9.8
2019-03-22 09:00:00,397.0,29.1,62,10.5
2019-03-22 10:00:00,620.0,31.1,54,10.2
2019-03-22 11:00:00,822.0,32.9,47,9.0
2019-03-22 12:00:00,923.0,34.2,43,6.0
2019-03-22 13:00:00,755.0,34.0,43,1.4
2019-03-22 14:00:00,744.0,34.0,43,3.8
2019-03-22 15:00:00,606.0,34.5,43,6.4
2019-03-22 16:00:00,406.0,32.7,49,7.4
2019-03-22 17:00:00,176.0,30.8,58,9.2
2019-03-23 06:00:00,0.0,25.0,77,17.1
2019-03-23 07:00:00,53.0,25.1,76,16.6
2019-03-23 08:00:00,240.0,27.2,66,18.7
2019-03-23 09:00:00,408.0,29.1,59,19.3
2019-03-23 10:00:00,641.0,31.2,52,15.2
2019-03-23 11:00:00,741.0,32.7,47,12.0
2019-03-23 12:00:00,857.0,33.9,44,8.8
2019-03-23 13:00:00,854.0,34.7,41,5.9
2019-03-23 14:00:00,748.0,34.8,41,5.6
2019-03-23 15:00:00,632.0,34.8,41,5.9
2019-03-23 16:00:00,436.0,34.5,43,7.4
2019-03-23 17:00:00,213.0,32.2,53,2.3
2019-03-24 06:00:00,0.0,25.5,69,9.1
2019-03-24 07:00:00,64.0,26.5,66,7.1
2019-03-24 08:00:00,264.0,28.9,59,6.1
2019-03-24 09:00:00,500.0,30.8,54,4.6
2019-03-24 10:00:00,701.0,32.4,51,5.0
2019-03-24 11:00:00,869.0,34.0,46,4.7
2019-03-24 12:00:00,940.0,35.2,41,4.8
2019-03-24 13:00:00,950.0,36.2,38,4.0
2019-03-24 14:00:00,811.0,36.0,38,3.8
2019-03-24 15:00:00,638.0,36.2,38,3.8
2019-03-24 16:00:00,419.0,35.8,39,4.4
2019-03-24 17:00:00,216.0,35.0,40,3.8
2019-03-25 06:00:00,0.0,25.5,61,11.2
2019-03-25 07:00:00,68.0,27.0,58,12.1
2019-03-25 08:00:00,278.0,29.4,51,11.2
2019-03-25 09:00:00,503.0,31.6,46,9.0
2019-03-25 10:00:00,718.0,34.0,39,8.6
2019-03-25 11:00:00,874.0,35.7,34,8.1
2019-03-25 12:00:00,960.0,36.8,32,6.8
2019-03-25 13:00:00,954.0,37.4,31,6.7
2019-03-25 14:00:00,860.0,37.5,31,6.1
2019-03-25 15:00:00,704.0,37.8,30,3.6
2019-03-25 16:00:00,465.0,35.8,38,14.9
2019-03-25 17:00:00,242.0,34.9,38,14.5
2019-03-26 06:00:00,0.0,26.1,59,13.6
2019-03-26 07:00:00,68.0,27.4,60,4.3
2019-03-26 08:00:00,265.0,29.2,57,2.6
2019-03-26 09:00:00,471.0,31.0,54,3.6
2019-03-26 10:00:00,712.0,33.2,47,4.5
2019-03-26 11:00:00,851.0,35.1,40,5.9
2019-03-26 12:00:00,892.0,36.3,35,6.5
2019-03-26 13:00:00,862.0,36.8,35,8.1
2019-03-26 14:00:00,782.0,36.6,36,8.8
2019-03-26 15:00:00,618.0,36.6,35,6.8
2019-03-26 16:00:00,459.0,36.3,33,4.5
2019-03-26 17:00:00,257.0,36.1,33,0.8
2019-03-27 06:00:00,0.0,26.4,63,15.3
2019-03-27 07:00:00,66.0,27.4,60,12.8
2019-03-27 08:00:00,256.0,29.1,54,16.4
2019-03-27 09:00:00,457.0,31.0,50,12.7
2019-03-27 10:00:00,718.0,33.5,39,10.4
2019-03-27 11:00:00,870.0,35.4,31,10.5
2019-03-27 12:00:00,951.0,36.5,30,8.5
2019-03-27 13:00:00,940.0,37.2,30,5.8
2019-03-27 14:00:00,790.0,37.2,30,4.4
2019-03-27 15:00:00,689.0,37.3,29,3.2
2019-03-27 16:00:00,452.0,37.0,29,3.8
2019-03-27 17:00:00,254.0,36.5,31,11.5
2019-03-28 06:00:00,0.0,26.3,61,15.7
2019-03-28 07:00:00,72.0,28.1,57,11.0
2019-03-28 08:00:00,269.0,30.2,51,10.2
2019-03-28 09:00:00,481.0,31.8,49,7.2
2019-03-28 10:00:00,710.0,33.5,44,6.8
2019-03-28 11:00:00,847.0,35.0,40,8.4
2019-03-28 12:00:00,930.0,36.0,38,8.7
2019-03-28 13:00:00,895.0,36.7,36,8.5
2019-03-28 14:00:00,785.0,37.2,34,8.5
2019-03-28 15:00:00,544.0,36.8,34,6.5
2019-03-28 16:00:00,414.0,36.3,35,3.6
2019-03-28 17:00:00,135.0,31.7,57,18.8
2019-03-29 06:00:00,0.0,25.3,84,6.5
2019-03-29 07:00:00,67.0,24.3,94,5.1
2019-03-29 08:00:00,188.0,26.4,80,7.8
2019-03-29 09:00:00,409.0,28.7,65,10.7
2019-03-29 10:00:00,653.0,31.1,54,9.4
2019-03-29 11:00:00,827.0,33.1,46,5.4
2019-03-29 12:00:00,864.0,34.3,42,1.9
2019-03-29 13:00:00,926.0,35.5,38,2.4
2019-03-29 14:00:00,721.0,36.1,37,2.2
2019-03-29 15:00:00,503.0,35.2,39,1.8
2019-03-29 16:00:00,333.0,33.5,45,7.3
2019-03-29 17:00:00,206.0,30.6,61,10.3
2019-03-30 06:00:00,0.0,24.1,95,5.5
2019-03-30 07:00:00,63.0,24.7,94,5.4
2019-03-30 08:00:00,223.0,26.2,87,4.7
2019-03-30 09:00:00,342.0,27.9,77,8.7
2019-03-30 10:00:00,600.0,30.0,69,8.8
2019-03-30 11:00:00,752.0,31.5,63,8.4
2019-03-30 12:00:00,723.0,32.3,57,7.3
2019-03-30 13:00:00,883.0,33.5,53,7.3
2019-03-30 14:00:00,771.0,33.9,50,6.8
2019-03-30 15:00:00,630.0,34.0,49,6.7
2019-03-30 16:00:00,438.0,33.8,48,8.1
2019-03-30 17:00:00,192.0,32.7,53,9.0
2019-03-31 06:00:00,0.0,26.1,75,6.6
2019-03-31 07:00:00,72.0,27.4,71,8.5
2019-03-31 08:00:00,265.0,29.1,64,8.2
2019-03-31 09:00:00,499.0,31.0,57,9.6
2019-03-31 10:00:00,704.0,32.8,51,8.6
2019-03-31 11:00:00,854.0,34.2,47,8.0
2019-03-31 12:00:00,850.0,35.0,44,6.8
2019-03-31 13:00:00,854.0,35.8,41,6.6
2019-03-31 14:00:00,808.0,36.4,40,6.3
2019-03-31 15:00:00,630.0,35.9,41,5.5
2019-03-31 16:00:00,433.0,36.3,39,6.4
2019-03-31 17:00:00,210.0,32.1,55,14.2
2019-04-01 06:00:00,0.0,25.2,94,2.9
2019-04-01 07:00:00,67.0,26.3,87,5.1
2019-04-01 08:00:00,214.0,28.1,77,5.9
2019-04-01 09:00:00,408.0,30.3,66,5.7
2019-04-01 10:00:00,475.0,31.0,65,7.4
2019-04-01 11:00:00,582.0,31.6,65,9.6
2019-04-01 12:00:00,579.0,30.8,68,10.8
2019-04-01 13:00:00,461.0,30.6,68,5.2
2019-04-01 14:00:00,473.0,31.0,65,1.9
2019-04-01 15:00:00,414.0,28.8,77,14.8
2019-04-01 16:00:00,177.0,27.7,83,10.1
2019-04-01 17:00:00,81.0,27.9,82,4.6
2019-04-02 06:00:00,0.0,24.9,81,12.2
2019-04-02 07:00:00,52.0,25.2,83,9.3
2019-04-02 08:00:00,219.0,27.0,79,8.6
2019-04-02 09:00:00,454.0,29.3,68,8.3
2019-04-02 10:00:00,623.0,31.3,51,8.7
2019-04-02 11:00:00,847.0,33.2,40,10.4
2019-04-02 12:00:00,889.0,34.0,35,10.2
2019-04-02 13:00:00,839.0,34.8,33,6.3
2019-04-02 14:00:00,648.0,35.0,32,5.1
2019-04-02 15:00:00,364.0,34.4,33,4.0
2019-04-02 16:00:00,178.0,33.6,38,5.3
2019-04-02 17:00:00,110.0,32.1,55,9.8
2019-04-03 06:00:00,0.0,25.0,66,20.2
2019-04-03 07:00:00,86.0,26.4,62,18.2
2019-04-03 08:00:00,309.0,28.4,52,25.0
2019-04-03 09:00:00,546.0,30.6,46,23.8
2019-04-03 10:00:00,754.0,32.5,40,20.9
2019-04-03 11:00:00,911.0,34.0,35,16.0
2019-04-03 12:00:00,988.0,35.2,33,12.6
2019-04-03 13:00:00,983.0,35.8,32,12.1
2019-04-03 14:00:00,895.0,36.3,30,12.0
2019-04-03 15:00:00,742.0,36.2,29,11.9
2019-04-03 16:00:00,533.0,35.8,30,12.8
2019-04-03 17:00:00,291.0,34.8,33,14.6
2019-04-04 06:00:00,0.0,25.6,63,20.5
2019-04-04 07:00:00,89.0,27.0,60,18.8
2019-04-04 08:00:00,312.0,29.2,50,22.1
2019-04-04 09:00:00,551.0,31.6,41,22.2
2019-04-04 10:00:00,758.0,33.4,35,18.2
2019-04-04 11:00:00,908.0,34.9,32,12.6
2019-04-04 12:00:00,987.0,36.0,29,9.4
2019-04-04 13:00:00,987.0,36.8,27,7.8
2019-04-04 14:00:00,913.0,37.3,26,7.1
2019-04-04 15:00:00,760.0,37.2,26,8.6
2019-04-04 16:00:00,536.0,36.7,27,12.4
2019-04-04 17:00:00,281.0,36.2,28,7.9
2019-04-05 06:00:00,0.0,25.6,64,21.9
2019-04-05 07:00:00,90.0,27.5,59,17.6
2019-04-05 08:00:00,311.0,29.5,52,20.1
2019-04-05 09:00:00,552.0,31.6,44,17.7
2019-04-05 10:00:00,760.0,33.5,38,13.6
2019-04-05 11:00:00,910.0,35.0,34,12.2
2019-04-05 12:00:00,980.0,36.0,31,10.8
2019-04-05 13:00:00,918.0,36.7,28,9.4
2019-04-05 14:00:00,890.0,37.3,27,9.7
2019-04-05 15:00:00,707.0,37.5,26,9.7
2019-04-05 16:00:00,490.0,37.2,25,9.6
2019-04-05 17:00:00,284.0,36.3,26,9.2
2019-04-06 06:00:00,1.0,26.1,59,16.8
2019-04-06 07:00:00,84.0,28.0,54,12.8
2019-04-06 08:00:00,311.0,30.6,45,13.9
2019-04-06 09:00:00,524.0,32.3,41,10.5
2019-04-06 10:00:00,727.0,34.0,36,10.5
2019-04-06 11:00:00,848.0,35.3,34,9.7
2019-04-06 12:00:00,937.0,36.5,30,8.4
2019-04-06 13:00:00,954.0,37.6,27,7.3
2019-04-06 14:00:00,884.0,38.3,25,6.2
2019-04-06 15:00:00,721.0,38.5,24,6.6
2019-04-06 16:00:00,500.0,38.2,24,8.7
2019-04-06 17:00:00,300.0,37.7,24,7.6
2019-04-07 06:00:00,1.0,26.5,65,18.3
2019-04-07 07:00:00,91.0,28.5,58,15.5
2019-04-07 08:00:00,312.0,30.8,48,18.4
2019-04-07 09:00:00,550.0,33.2,40,14.9
2019-04-07 10:00:00,751.0,35.1,34,12.2
2019-04-07 11:00:00,905.0,36.5,31,10.4
2019-04-07 12:00:00,980.0,37.5,30,8.1
2019-04-07 13:00:00,975.0,38.2,29,7.8
2019-04-07 14:00:00,857.0,38.8,28,8.3
2019-04-07 15:00:00,694.0,39.0,26,6.6
2019-04-07 16:00:00,434.0,38.2,27,6.0
2019-04-07 17:00:00,255.0,37.3,28,8.4
2019-04-08 06:00:00,1.0,26.4,62,18.8
2019-04-08 07:00:00,85.0,28.2,56,15.6
2019-04-08 08:00:00,297.0,30.1,52,15.3
2019-04-08 09:00:00,515.0,32.0,48,10.1
2019-04-08 10:00:00,731.0,33.8,43,9.6
2019-04-08 11:00:00,777.0,34.7,40,9.9
2019-04-08 12:00:00,893.0,35.7,38,10.5
2019-04-08 13:00:00,885.0,36.2,35,10.1
2019-04-08 14:00:00,792.0,36.5,34,8.5
2019-04-08 15:00:00,662.0,36.7,33,7.6
2019-04-08 16:00:00,432.0,36.1,35,7.8
2019-04-08 17:00:00,218.0,35.5,36,5.7
2019-04-09 06:00:00,1.0,27.0,61,9.3
2019-04-09 07:00:00,95.0,28.4,56,4.7
2019-04-09 08:00:00,302.0,30.4,51,5.8
2019-04-09 09:00:00,515.0,32.1,50,6.2
2019-04-09 10:00:00,686.0,33.4,46,7.6
2019-04-09 11:00:00,732.0,34.0,46,7.2
2019-04-09 12:00:00,694.0,34.8,43,5.9
2019-04-09 13:00:00,751.0,35.8,41,7.2
2019-04-09 14:00:00,690.0,36.2,40,7.4
2019-04-09 15:00:00,644.0,36.7,38,6.2
2019-04-09 16:00:00,425.0,36.2,40,6.7
2019-04-09 17:00:00,171.0,33.3,50,8.6
2019-04-10 06:00:00,0.0,24.2,94,2.9
2019-04-10 07:00:00,50.0,25.0,92,4.0
2019-04-10 08:00:00,195.0,26.1,85,4.8
2019-04-10 09:00:00,403.0,28.0,73,3.6
2019-04-10 10:00:00,578.0,30.2,65,4.3
2019-04-10 11:00:00,648.0,31.6,60,5.4
2019-04-10 12:00:00,716.0,33.0,55,5.7
2019-04-10 13:00:00,857.0,33.8,51,6.3
2019-04-10 14:00:00,800.0,34.8,47,3.7
2019-04-10 15:00:00,563.0,34.4,47,1.4
2019-04-10 16:00:00,317.0,30.6,67,6.9
2019-04-10 17:00:00,203.0,28.4,83,6.3
2019-04-11 06:00:00,1.0,23.7,97,6.0
2019-04-11 07:00:00,59.0,24.8,93,6.2
2019-04-11 08:00:00,99.0,25.6,89,7.7
2019-04-11 09:00:00,236.0,26.8,84,7.3
2019-04-11 10:00:00,340.0,28.0,77,8.1
2019-04-11 11:00:00,500.0,29.8,67,7.4
2019-04-11 12:00:00,692.0,30.9,62,6.1
2019-04-11 13:00:00,638.0,31.6,58,6.0
2019-04-11 14:00:00,483.0,32.0,55,3.2
2019-04-11 15:00:00,545.0,33.2,50,4.2
2019-04-11 16:00:00,443.0,33.3,49,4.4
2019-04-11 17:00:00,216.0,32.7,51,4.3
2019-04-12 06:00:00,1.0,26.4,71,8.9
2019-04-12 07:00:00,78.0,27.3,68,9.0
2019-04-12 08:00:00,302.0,29.1,63,8.9
2019-04-12 09:00:00,532.0,31.0,56,9.7
2019-04-12 10:00:00,748.0,32.8,49,12.7
2019-04-12 11:00:00,892.0,34.3,45,11.4
2019-04-12 12:00:00,928.0,35.1,44,8.7
2019-04-12 13:00:00,919.0,35.9,41,7.0
2019-04-12 14:00:00,798.0,36.2,40,5.8
2019-04-12 15:00:00,666.0,36.5,38,5.2
2019-04-12 16:00:00,500.0,36.5,36,4.8
2019-04-12 17:00:00,267.0,36.0,38,4.0
2019-04-13 06:00:00,1.0,26.2,63,8.5
2019-04-13 07:00:00,92.0,28.0,59,10.8
2019-04-13 08:00:00,285.0,30.0,54,14.1
2019-04-13 09:00:00,491.0,32.3,47,13.8
2019-04-13 10:00:00,666.0,34.0,41,12.6
2019-04-13 11:00:00,804.0,35.3,39,10.3
2019-04-13 12:00:00,933.0,36.5,36,6.5
2019-04-13 13:00:00,934.0,37.4,33,4.7
2019-04-13 14:00:00,818.0,37.7,32,4.1
2019-04-13 15:00:00,660.0,37.5,31,4.1
2019-04-13 16:00:00,435.0,37.0,33,7.0
2019-04-13 17:00:00,248.0,36.1,35,6.6
2019-04-14 06:00:00,1.0,26.5,70,6.4
2019-04-14 07:00:00,94.0,27.1,78,3.6
2019-04-14 08:00:00,297.0,29.2,73,4.7
2019-04-14 09:00:00,463.0,31.0,66,5.2
2019-04-14 10:00:00,592.0,32.3,61,5.5
2019-04-14 11:00:00,626.0,33.3,54,5.6
2019-04-14 12:00:00,740.0,34.8,49,6.2
2019-04-14 13:00:00,748.0,35.5,45,6.3
2019-04-14 14:00:00,676.0,35.9,43,4.7
2019-04-14 15:00:00,561.0,35.8,43,2.9
2019-04-14 16:00:00,429.0,35.3,45,5.4
2019-04-14 17:00:00,197.0,31.9,61,11.3
2019-04-15 06:00:00,2.0,25.0,86,4.3
2019-04-15 07:00:00,96.0,25.5,87,1.4
2019-04-15 08:00:00,299.0,27.5,82,7.2
2019-04-15 09:00:00,383.0,29.1,77,10.0
2019-04-15 10:00:00,460.0,30.0,76,6.5
2019-04-15 11:00:00,658.0,31.1,70,4.6
2019-04-15 12:00:00,834.0,32.3,64,3.1
2019-04-15 13:00:00,732.0,33.0,60,3.5
2019-04-15 14:00:00,612.0,33.0,59,4.2
2019-04-15 15:00:00,538.0,33.0,59,4.0
2019-04-15 16:00:00,380.0,32.6,60,3.1
2019-04-15 17:00:00,158.0,31.4,65,3.2
2019-04-16 06:00:00,2.0,25.5,76,17.6
2019-04-16 07:00:00,104.0,26.5,75,18.4
2019-04-16 08:00:00,289.0,28.1,69,21.4
2019-04-16 09:00:00,523.0,30.1,63,19.3
2019-04-16 10:00:00,743.0,32.0,56,16.4
2019-04-16 11:00:00,809.0,33.2,50,13.7
2019-04-16 12:00:00,971.0,34.4,45,11.3
2019-04-16 13:00:00,960.0,35.0,44,8.3
2019-04-16 14:00:00,878.0,35.4,42,6.0
2019-04-16 15:00:00,706.0,35.4,42,5.5
2019-04-16 16:00:00,472.0,35.1,43,5.2
2019-04-16 17:00:00,261.0,34.1,46,7.0
2019-04-17 06:00:00,2.0,25.9,74,18.8
2019-04-17 07:00:00,88.0,27.3,69,15.7
2019-04-17 08:00:00,298.0,29.2,62,19.1
2019-04-17 09:00:00,505.0,31.1,56,17.9
2019-04-17 10:00:00,613.0,32.5,52,14.9
2019-04-17 11:00:00,838.0,34.0,48,11.5
2019-04-17 12:00:00,916.0,34.8,45,6.8
2019-04-17 13:00:00,885.0,35.4,43,3.3
2019-04-17 14:00:00,828.0,35.9,40,2.3
2019-04-17 15:00:00,697.0,35.8,41,4.6
2019-04-17 16:00:00,464.0,34.7,44,2.9
2019-04-17 17:00:00,211.0,32.8,52,8.5
2019-04-18 06:00:00,2.0,25.6,77,12.6
2019-04-18 07:00:00,78.0,26.8,71,13.2
2019-04-18 08:00:00,285.0,28.7,64,14.8
2019-04-18 09:00:00,452.0,30.5,58,13.4
2019-04-18 10:00:00,603.0,31.8,54,9.7
2019-04-18 11:00:00,691.0,32.7,52,7.9
2019-04-18 12:00:00,768.0,33.4,50,6.4
2019-04-18 13:00:00,759.0,34.0,47,5.2
2019-04-18 14:00:00,744.0,34.5,46,8.4
2019-04-18 15:00:00,476.0,33.9,48,6.4
2019-04-18 16:00:00,388.0,31.3,58,4.4
2019-04-18 17:00:00,188.0,30.6,62,4.8
2019-04-19 06:00:00,2.0,25.4,75,13.2
2019-04-19 07:00:00,93.0,26.5,72,12.7
2019-04-19 08:00:00,249.0,28.1,67,13.2
2019-04-19 09:00:00,452.0,30.1,60,10.9
2019-04-19 10:00:00,695.0,32.0,55,6.4
2019-04-19 11:00:00,860.0,33.3,51,7.3
2019-04-19 12:00:00,875.0,34.0,48,7.8
2019-04-19 13:00:00,946.0,34.8,46,6.0
2019-04-19 14:00:00,830.0,35.0,46,3.6
2019-04-19 15:00:00,634.0,34.0,50,9.2
2019-04-19 16:00:00,404.0,32.3,61,6.1
2019-04-19 17:00:00,174.0,29.9,74,9.4
2019-04-20 06:00:00,2.0,24.1,94,7.2
2019-04-20 07:00:00,43.0,25.1,92,2.7
2019-04-20 08:00:00,99.0,25.6,89,3.4
2019-04-20 09:00:00,219.0,26.5,86,5.4
2019-04-20 10:00:00,370.0,27.9,79,7.1
2019-04-20 11:00:00,556.0,29.4,71,5.3
2019-04-20 12:00:00,733.0,30.8,64,3.6
2019-04-20 13:00:00,705.0,31.8,58,5.7
2019-04-20 14:00:00,636.0,32.4,55,6.4
2019-04-20 15:00:00,557.0,30.0,69,11.8
2019-04-20 16:00:00,291.0,29.4,74,6.6
2019-04-20 17:00:00,185.0,29.0,75,4.7
2019-04-21 06:00:00,2.0,25.1,93,9.0
2019-04-21 07:00:00,71.0,25.4,94,4.0
2019-04-21 08:00:00,230.0,27.0,81,8.0
2019-04-21 09:00:00,331.0,28.1,74,9.2
2019-04-21 10:00:00,472.0,29.8,67,10.1
2019-04-21 11:00:00,617.0,31.1,61,10.2
2019-04-21 12:00:00,642.0,31.8,59,8.0
2019-04-21 13:00:00,443.0,30.9,62,7.2
2019-04-21 14:00:00,500.0,31.0,62,6.1
2019-04-21 15:00:00,518.0,31.0,62,0.8
2019-04-21 16:00:00,374.0,29.6,69,11.2
2019-04-21 17:00:00,162.0,28.5,75,8.2
2019-04-22 06:00:00,2.0,24.5,85,8.3
2019-04-22 07:00:00,63.0,25.2,83,9.1
2019-04-22 08:00:00,166.0,26.6,82,8.0
2019-04-22 09:00:00,365.0,28.0,78,7.7
2019-04-22 10:00:00,473.0,29.3,70,8.2
2019-04-22 11:00:00,515.0,30.0,68,8.3
2019-04-22 12:00:00,535.0,28.5,76,8.7
2019-04-22 13:00:00,646.0,29.6,68,2.4
2019-04-22 14:00:00,449.0,30.0,64,4.9
2019-04-22 15:00:00,352.0,29.7,66,4.7
2019-04-22 16:00:00,267.0,29.2,68,4.3
2019-04-22 17:00:00,146.0,28.2,73,4.8
2019-04-23 06:00:00,3.0,24.0,99,4.3
2019-04-23 07:00:00,93.0,25.0,93,1.6
2019-04-23 08:00:00,258.0,26.6,81,4.3
2019-04-23 09:00:00,394.0,28.0,73,7.2
2019-04-23 10:00:00,612.0,29.6,66,9.7
2019-04-23 11:00:00,829.0,31.1,59,9.4
2019-04-23 12:00:00,894.0,32.3,55,4.6
2019-04-23 13:00:00,824.0,32.8,52,3.4
2019-04-23 14:00:00,601.0,31.6,57,8.4
2019-04-23 15:00:00,587.0,31.1,59,5.8
2019-04-23 16:00:00,411.0,31.6,54,4.1
2019-04-23 17:00:00,165.0,28.2,74,8.9
2019-04-24 06:00:00,3.0,24.2,87,7.1
2019-04-24 07:00:00,103.0,25.2,87,5.0
2019-04-24 08:00:00,325.0,27.0,79,4.2
2019-04-24 09:00:00,550.0,28.6,72,5.0
2019-04-24 10:00:00,677.0,30.0,66,4.3
2019-04-24 11:00:00,847.0,31.6,59,3.4
2019-04-24 12:00:00,894.0,32.9,52,4.6
2019-04-24 13:00:00,897.0,33.6,49,4.1
2019-04-24 14:00:00,808.0,33.9,47,1.9
2019-04-24 15:00:00,569.0,33.4,48,2.9
2019-04-24 16:00:00,452.0,32.7,53,5.8
2019-04-24 17:00:00,254.0,32.2,55,7.5
2019-04-25 06:00:00,3.0,25.7,78,10.3
2019-04-25 07:00:00,93.0,26.5,83,5.4
2019-04-25 08:00:00,235.0,27.9,77,6.1
2019-04-25 09:00:00,399.0,29.2,70,6.1
2019-04-25 10:00:00,590.0,30.9,63,6.0
2019-04-25 11:00:00,710.0,32.0,58,7.9
2019-04-25 12:00:00,811.0,33.0,55,7.2
2019-04-25 13:00:00,838.0,33.6,54,6.4
2019-04-25 14:00:00,779.0,34.2,52,5.4
2019-04-25 15:00:00,557.0,33.3,53,2.5
2019-04-25 16:00:00,350.0,30.0,69,9.9
2019-04-25 17:00:00,181.0,29.6,71,6.2
2019-04-26 06:00:00,3.0,25.2,87,7.7
2019-04-26 07:00:00,99.0,26.4,83,7.7
2019-04-26 08:00:00,254.0,27.6,78,5.7
2019-04-26 09:00:00,450.0,29.5,72,7.9
2019-04-26 10:00:00,637.0,31.2,64,6.6
2019-04-26 11:00:00,640.0,31.9,62,7.1
2019-04-26 12:00:00,667.0,32.4,60,5.0
2019-04-26 13:00:00,744.0,33.2,57,3.9
2019-04-26 14:00:00,681.0,33.2,57,0.5
2019-04-26 15:00:00,536.0,33.0,57,1.3
2019-04-26 16:00:00,432.0,32.8,57,2.2
2019-04-26 17:00:00,199.0,32.2,58,1.1
2019-04-27 06:00:00,4.0,25.6,87,9.7
2019-04-27 07:00:00,112.0,27.6,76,8.5
2019-04-27 08:00:00,299.0,29.2,68,8.6
2019-04-27 09:00:00,542.0,31.3,61,9.7
2019-04-27 10:00:00,752.0,33.0,56,9.6
2019-04-27 11:00:00,892.0,34.5,51,7.4
2019-04-27 12:00:00,939.0,35.8,45,5.9
2019-04-27 13:00:00,911.0,36.5,41,7.9
2019-04-27 14:00:00,745.0,36.0,44,13.2
2019-04-27 15:00:00,532.0,34.7,47,6.0
2019-04-27 16:00:00,323.0,34.0,49,4.7
2019-04-27 17:00:00,202.0,32.4,54,6.5
2019-04-28 06:00:00,3.0,26.9,79,20.2
2019-04-28 07:00:00,108.0,27.7,79,17.6
2019-04-28 08:00:00,234.0,29.6,66,14.2
2019-04-28 09:00:00,419.0,31.6,58,12.3
2019-04-28 10:00:00,699.0,34.0,48,10.9
2019-04-28 11:00:00,850.0,35.6,41,9.6
2019-04-28 12:00:00,942.0,36.3,41,10.1
2019-04-28 13:00:00,941.0,36.8,41,10.0
2019-04-28 14:00:00,698.0,36.5,42,7.2
2019-04-28 15:00:00,591.0,36.8,41,3.1
2019-04-28 16:00:00,457.0,36.3,42,3.1
2019-04-28 17:00:00,183.0,35.5,44,5.8
2019-04-29 06:00:00,4.0,27.1,69,14.6
2019-04-29 07:00:00,114.0,29.1,62,14.6
2019-04-29 08:00:00,314.0,31.2,55,13.0
2019-04-29 09:00:00,530.0,33.4,47,11.0
2019-04-29 10:00:00,715.0,35.1,42,6.8
2019-04-29 11:00:00,856.0,36.7,37,5.5
2019-04-29 12:00:00,875.0,37.5,33,5.9
2019-04-29 13:00:00,877.0,38.2,31,7.5
2019-04-29 14:00:00,793.0,38.3,31,9.3
2019-04-29 15:00:00,628.0,38.0,30,10.2
2019-04-29 16:00:00,424.0,37.3,31,10.9
2019-04-29 17:00:00,240.0,36.5,35,9.5
2019-04-30 06:00:00,5.0,26.8,66,8.4
2019-04-30 07:00:00,119.0,28.5,60,8.7
2019-04-30 08:00:00,332.0,30.8,53,8.0
2019-04-30 09:00:00,560.0,32.8,49,4.5
2019-04-30 10:00:00,712.0,34.8,41,5.7
2019-04-30 11:00:00,825.0,36.0,35,6.6
2019-04-30 12:00:00,838.0,36.8,34,7.7
2019-04-30 13:00:00,788.0,37.3,33,8.4
2019-04-30 14:00:00,733.0,37.8,31,7.2
2019-04-30 15:00:00,587.0,37.8,29,6.9
2019-04-30 16:00:00,439.0,37.5,30,7.4
2019-04-30 17:00:00,268.0,37.0,32,6.4
2019-05-01 06:00:00,5.0,27.5,66,17.7
2019-05-01 07:00:00,113.0,29.0,60,14.8
2019-05-01 08:00:00,326.0,31.9,49,16.4
2019-05-01 09:00:00,533.0,34.0,42,14.5
2019-05-01 10:00:00,730.0,35.8,37,12.6
2019-05-01 11:00:00,872.0,37.2,33,12.6
2019-05-01 12:00:00,886.0,37.7,33,11.6
2019-05-01 13:00:00,817.0,38.0,33,11.1
2019-05-01 14:00:00,823.0,38.3,33,12.9
2019-05-01 15:00:00,616.0,37.9,34,11.3
2019-05-01 16:00:00,415.0,37.8,32,11.2
2019-05-01 17:00:00,274.0,37.2,31,15.3
2019-05-02 06:00:00,4.0,27.3,66,16.3
2019-05-02 07:00:00,110.0,29.2,59,12.7
2019-05-02 08:00:00,303.0,31.7,50,12.7
2019-05-02 09:00:00,563.0,34.5,39,11.1
2019-05-02 10:00:00,771.0,36.2,35,8.6
2019-05-02 11:00:00,909.0,37.8,31,10.6
2019-05-02 12:00:00,976.0,38.7,31,13.0
2019-05-02 13:00:00,940.0,38.9,30,12.1
2019-05-02 14:00:00,821.0,39.0,28,8.0
2019-05-02 15:00:00,704.0,39.4,27,8.2
2019-05-02 16:00:00,492.0,38.9,27,11.7
2019-05-02 17:00:00,245.0,37.7,32,15.6
2019-05-03 06:00:00,5.0,27.3,67,13.5
2019-05-03 07:00:00,115.0,29.2,59,13.2
2019-05-03 08:00:00,335.0,31.8,49,14.7
2019-05-03 09:00:00,561.0,33.8,43,13.4
2019-05-03 10:00:00,747.0,35.8,38,11.3
2019-05-03 11:00:00,881.0,37.3,33,12.4
2019-05-03 12:00:00,934.0,38.2,32,14.0
2019-05-03 13:00:00,887.0,38.5,33,13.8
2019-05-03 14:00:00,743.0,38.3,34,11.2
2019-05-03 15:00:00,624.0,38.3,33,8.7
2019-05-03 16:00:00,341.0,37.5,34,9.2
2019-05-03 17:00:00,192.0,36.8,36,6.4
2019-05-04 06:00:00,5.0,27.8,66,13.7
2019-05-04 07:00:00,113.0,29.5,58,9.3
2019-05-04 08:00:00,321.0,31.5,54,9.5
2019-05-04 09:00:00,499.0,33.1,50,10.2
2019-05-04 10:00:00,708.0,35.0,44,10.6
2019-05-04 11:00:00,797.0,36.0,42,12.1
2019-05-04 12:00:00,748.0,36.5,42,10.2
2019-05-04 13:00:00,804.0,37.7,38,9.0
2019-05-04 14:00:00,773.0,38.5,36,7.7
2019-05-04 15:00:00,636.0,38.0,35,4.9
2019-05-04 16:00:00,279.0,32.0,59,22.3
2019-05-04 17:00:00,123.0,30.4,65,1.1
2019-05-05 06:00:00,4.0,27.9,64,9.7
2019-05-05 07:00:00,88.0,29.3,59,7.7
2019-05-05 08:00:00,214.0,31.0,53,4.9
2019-05-05 09:00:00,497.0,33.5,47,4.7
2019-05-05 10:00:00,656.0,35.2,42,5.2
2019-05-05 11:00:00,835.0,37.0,36,5.3
2019-05-05 12:00:00,909.0,38.3,32,4.8
2019-05-05 13:00:00,858.0,39.0,30,2.6
2019-05-05 14:00:00,752.0,39.6,28,3.9
2019-05-05 15:00:00,614.0,39.1,28,10.5
2019-05-05 16:00:00,361.0,37.8,32,7.8
2019-05-05 17:00:00,211.0,37.8,31,9.2
2019-05-06 06:00:00,5.0,28.2,64,4.6
2019-05-06 07:00:00,114.0,29.7,58,7.1
2019-05-06 08:00:00,296.0,31.6,56,5.2
2019-05-06 09:00:00,538.0,33.8,52,6.5
2019-05-06 10:00:00,626.0,35.1,48,9.2
2019-05-06 11:00:00,665.0,36.0,45,10.6
2019-05-06 12:00:00,810.0,37.3,40,9.1
2019-05-06 13:00:00,720.0,37.9,38,8.8
2019-05-06 14:00:00,623.0,38.0,37,7.6
2019-05-06 15:00:00,479.0,37.7,38,8.3
2019-05-06 16:00:00,315.0,36.0,42,3.1
2019-05-06 17:00:00,168.0,35.2,46,4.7
2019-05-07 06:00:00,5.0,27.9,72,6.2
2019-05-07 07:00:00,109.0,28.5,71,5.8
2019-05-07 08:00:00,252.0,30.2,64,6.1
2019-05-07 09:00:00,483.0,32.4,56,5.9
2019-05-07 10:00:00,688.0,34.5,50,5.5
2019-05-07 11:00:00,822.0,36.2,43,5.9
2019-05-07 12:00:00,862.0,37.7,38,5.4
2019-05-07 13:00:00,855.0,38.7,35,6.0
2019-05-07 14:00:00,733.0,38.0,36,7.3
2019-05-07 15:00:00,496.0,32.0,67,12.0
2019-05-07 16:00:00,303.0,31.5,65,9.1
2019-05-07 17:00:00,135.0,29.5,78,3.1
2019-05-08 06:00:00,4.0,26.4,88,5.7
2019-05-08 07:00:00,88.0,26.6,90,6.0
2019-05-08 08:00:00,233.0,27.5,83,7.4
2019-05-08 09:00:00,417.0,29.2,74,4.0
2019-05-08 10:00:00,607.0,31.2,66,9.3
2019-05-08 11:00:00,662.0,32.3,64,10.7
2019-05-08 12:00:00,517.0,31.4,66,11.3
2019-05-08 13:00:00,542.0,31.4,67,9.2
2019-05-08 14:00:00,496.0,31.5,67,7.2
2019-05-08 15:00:00,422.0,31.3,66,2.9
2019-05-08 16:00:00,206.0,28.5,80,2.1
2019-05-08 17:00:00,79.0,28.1,84,4.4
2019-05-09 06:00:00,4.0,25.5,89,6.6
2019-05-09 07:00:00,108.0,25.5,92,2.4
2019-05-09 08:00:00,167.0,26.5,87,5.3
2019-05-09 09:00:00,331.0,27.9,79,9.7
2019-05-09 10:00:00,458.0,29.1,76,6.4
2019-05-09 11:00:00,746.0,30.4,74,7.4
2019-05-09 12:00:00,559.0,30.5,72,5.4
2019-05-09 13:00:00,471.0,30.6,68,4.1
2019-05-09 14:00:00,427.0,31.0,65,4.3
2019-05-09 15:00:00,426.0,30.7,66,1.1
2019-05-09 16:00:00,258.0,30.4,69,4.7
2019-05-09 17:00:00,124.0,27.2,88,12.5
2019-05-10 06:00:00,2.0,24.8,97,7.1
2019-05-10 07:00:00,30.0,24.2,97,4.8
2019-05-10 08:00:00,92.0,24.4,96,5.9
2019-05-10 09:00:00,191.0,25.4,89,7.2
2019-05-10 10:00:00,304.0,26.4,84,6.3
2019-05-10 11:00:00,403.0,27.6,79,7.4
2019-05-10 12:00:00,409.0,28.0,77,9.2
2019-05-10 13:00:00,465.0,28.4,75,8.8
2019-05-10 14:00:00,470.0,28.6,74,7.6
2019-05-10 15:00:00,594.0,29.4,70,6.3
2019-05-10 16:00:00,433.0,29.2,68,6.6
2019-05-10 17:00:00,158.0,28.8,70,4.8
2019-05-11 06:00:00,4.0,24.7,98,1.3
2019-05-11 07:00:00,99.0,25.7,92,1.1
2019-05-11 08:00:00,160.0,26.3,89,2.2
2019-05-11 09:00:00,272.0,27.2,83,0.4
2019-05-11 10:00:00,214.0,27.5,83,2.3
2019-05-11 11:00:00,417.0,28.2,81,2.5
2019-05-11 12:00:00,639.0,28.9,81,2.5
2019-05-11 13:00:00,569.0,29.5,80,1.5
2019-05-11 14:00:00,344.0,28.7,82,2.2
2019-05-11 15:00:00,321.0,27.6,84,2.9
2019-05-11 16:00:00,263.0,27.5,85,3.6
2019-05-11 17:00:00,176.0,27.6,83,1.5
2019-05-12 06:00:00,2.0,24.2,95,8.5
2019-05-12 07:00:00,33.0,24.5,90,8.9
2019-05-12 08:00:00,196.0,25.6,87,7.1
2019-05-12 09:00:00,478.0,27.3,81,5.8
2019-05-12 10:00:00,671.0,28.8,75,3.6
2019-05-12 11:00:00,644.0,29.4,73,5.8
2019-05-12 12:00:00,532.0,29.6,72,7.0
2019-05-12 13:00:00,629.0,30.5,69,7.6
2019-05-12 14:00:00,683.0,31.2,66,7.6
2019-05-12 15:00:00,646.0,31.8,64,5.4
2019-05-12 16:00:00,450.0,31.5,66,6.7
2019-05-12 17:00:00,250.0,30.6,71,5.8
2019-05-13 06:00:00,6.0,25.6,84,8.9
2019-05-13 07:00:00,117.0,26.6,82,5.6
2019-05-13 08:00:00,317.0,28.0,79,4.6
2019-05-13 09:00:00,499.0,29.0,77,4.9
2019-05-13 10:00:00,713.0,30.5,73,4.8
2019-05-13 11:00:00,832.0,31.9,67,7.1
2019-05-13 12:00:00,770.0,32.2,64,7.2
2019-05-13 13:00:00,732.0,32.6,62,7.6
2019-05-13 14:00:00,698.0,32.2,63,4.0
2019-05-13 15:00:00,382.0,30.3,72,5.2
2019-05-13 16:00:00,254.0,30.0,76,5.6
2019-05-13 17:00:00,169.0,29.8,77,3.4
2019-05-14 06:00:00,3.0,24.5,96,2.2
2019-05-14 07:00:00,63.0,25.4,97,2.5
2019-05-14 08:00:00,192.0,26.4,91,5.0
2019-05-14 09:00:00,386.0,27.7,82,4.8
2019-05-14 10:00:00,428.0,28.5,79,4.8
2019-05-14 11:00:00,489.0,29.4,75,4.1
2019-05-14 12:00:00,677.0,30.4,73,7.5
2019-05-14 13:00:00,806.0,31.2,68,8.4
2019-05-14 14:00:00,709.0,31.5,68,9.3
2019-05-14 15:00:00,497.0,31.2,68,6.9
2019-05-14 16:00:00,365.0,30.8,70,4.4
2019-05-14 17:00:00,201.0,29.5,78,1.8
2019-05-15 06:00:00,5.0,24.9,96,5.8
2019-05-15 07:00:00,100.0,26.0,94,4.8
2019-05-15 08:00:00,311.0,27.5,85,7.9
2019-05-15 09:00:00,446.0,28.7,79,5.8
2019-05-15 10:00:00,595.0,29.7,78,5.1
2019-05-15 11:00:00,714.0,30.5,77,2.9
2019-05-15 12:00:00,796.0,31.2,75,4.7
2019-05-15 13:00:00,550.0,30.0,76,7.1
2019-05-15 14:00:00,588.0,30.7,74,4.0
2019-05-15 15:00:00,592.0,31.2,71,2.9
2019-05-15 16:00:00,423.0,31.2,71,4.4
2019-05-15 17:00:00,220.0,27.9,84,3.8
2019-05-16 06:00:00,6.0,25.1,98,1.5
2019-05-16 07:00:00,124.0,26.8,90,4.3
2019-05-16 08:00:00,320.0,28.1,80,4.4
2019-05-16 09:00:00,549.0,29.5,71,3.8
2019-05-16 10:00:00,724.0,31.0,66,3.2
2019-05-16 11:00:00,874.0,32.2,62,3.3
2019-05-16 12:00:00,916.0,33.2,58,2.6
2019-05-16 13:00:00,887.0,33.3,58,0.4
2019-05-16 14:00:00,808.0,33.5,60,2.9
2019-05-16 15:00:00,654.0,31.9,69,6.2
2019-05-16 16:00:00,404.0,29.9,76,10.6
2019-05-16 17:00:00,107.0,28.2,86,7.7
2019-05-17 06:00:00,4.0,23.5,97,1.6
2019-05-17 07:00:00,87.0,25.1,94,5.4
2019-05-17 08:00:00,221.0,25.9,90,8.0
2019-05-17 09:00:00,281.0,26.6,86,5.4
2019-05-17 10:00:00,414.0,28.0,79,4.5
2019-05-17 11:00:00,410.0,29.1,74,4.3
2019-05-17 12:00:00,664.0,30.6,70,5.9
2019-05-17 13:00:00,709.0,31.5,68,8.0
2019-05-17 14:00:00,493.0,29.4,76,7.4
2019-05-17 15:00:00,464.0,29.5,80,6.1
2019-05-17 16:00:00,238.0,28.2,81,6.9
2019-05-17 17:00:00,160.0,27.7,86,4.5
2019-05-18 06:00:00,6.0,23.8,98,1.8
2019-05-18 07:00:00,90.0,24.7,94,2.2
2019-05-18 08:00:00,154.0,25.5,94,4.0
2019-05-18 09:00:00,378.0,26.9,85,4.2
2019-05-18 10:00:00,530.0,28.4,76,1.9
2019-05-18 11:00:00,561.0,29.9,68,1.1
2019-05-18 12:00:00,773.0,31.0,67,4.1
2019-05-18 13:00:00,728.0,31.4,70,3.7
2019-05-18 14:00:00,646.0,31.0,72,6.4
2019-05-18 15:00:00,500.0,30.5,71,6.4
2019-05-18 16:00:00,279.0,29.6,74,7.4
2019-05-18 17:00:00,149.0,29.0,77,3.8
2019-05-19 06:00:00,3.0,23.5,98,4.1
2019-05-19 07:00:00,46.0,23.9,97,1.8
2019-05-19 08:00:00,281.0,25.7,87,1.5
2019-05-19 09:00:00,365.0,27.1,81,2.3
2019-05-19 10:00:00,410.0,28.2,76,3.7
2019-05-19 11:00:00,409.0,29.0,73,3.6
2019-05-19 12:00:00,535.0,29.4,73,4.1
2019-05-19 13:00:00,485.0,29.7,72,5.1
2019-05-19 14:00:00,441.0,29.8,70,5.1
2019-05-19 15:00:00,390.0,29.7,70,2.8
2019-05-19 16:00:00,324.0,29.2,72,4.7
2019-05-19 17:00:00,131.0,27.6,82,4.2
2019-05-20 06:00:00,4.0,24.0,99,0.8
2019-05-20 07:00:00,78.0,25.0,94,4.7
2019-05-20 08:00:00,230.0,26.1,87,1.9
2019-05-20 09:00:00,490.0,27.9,81,1.8
2019-05-20 10:00:00,713.0,29.5,74,1.1
2019-05-20 11:00:00,724.0,30.4,75,2.8
2019-05-20 12:00:00,644.0,30.3,78,5.0
2019-05-20 13:00:00,609.0,30.5,72,4.7
2019-05-20 14:00:00,581.0,30.5,70,5.5
2019-05-20 15:00:00,434.0,28.9,77,9.9
2019-05-20 16:00:00,239.0,27.6,82,1.0
2019-05-20 17:00:00,130.0,26.9,86,8.2
2019-05-21 06:00:00,3.0,24.0,98,0.8
2019-05-21 07:00:00,68.0,23.8,98,5.2
2019-05-21 08:00:00,97.0,24.4,96,2.3
2019-05-21 09:00:00,146.0,25.0,92,3.9
2019-05-21 10:00:00,191.0,25.7,88,4.1
2019-05-21 11:00:00,464.0,27.4,81,2.7
2019-05-21 12:00:00,625.0,29.1,74,4.2
2019-05-21 13:00:00,609.0,29.9,71,4.8
2019-05-21 14:00:00,505.0,30.0,71,4.8
2019-05-21 15:00:00,448.0,30.2,70,5.0
2019-05-21 16:00:00,315.0,30.1,71,4.0
2019-05-21 17:00:00,206.0,29.5,75,5.4
2019-05-22 06:00:00,7.0,24.4,99,1.1
2019-05-22 07:00:00,122.0,26.5,85,4.7
2019-05-22 08:00:00,348.0,28.0,77,8.8
2019-05-22 09:00:00,566.0,29.4,71,9.8
2019-05-22 10:00:00,752.0,30.5,68,7.0
2019-05-22 11:00:00,876.0,31.5,64,4.1
2019-05-22 12:00:00,925.0,32.3,62,4.0
2019-05-22 13:00:00,849.0,32.8,63,5.8
2019-05-22 14:00:00,806.0,33.0,63,7.1
2019-05-22 15:00:00,679.0,33.0,62,5.4
2019-05-22 16:00:00,423.0,32.4,64,3.0
2019-05-22 17:00:00,205.0,29.9,82,10.2
2019-05-23 06:00:00,6.0,24.2,97,1.8
2019-05-23 07:00:00,73.0,24.5,96,7.5
2019-05-23 08:00:00,69.0,24.9,95,4.0
2019-05-23 09:00:00,209.0,25.9,88,9.7
2019-05-23 10:00:00,280.0,26.8,85,6.5
2019-05-23 11:00:00,254.0,27.3,82,3.9
2019-05-23 12:00:00,186.0,26.8,85,6.5
2019-05-23 13:00:00,373.0,27.5,82,4.9
2019-05-23 14:00:00,326.0,28.0,80,2.9
2019-05-23 15:00:00,272.0,28.2,80,2.3
2019-05-23 16:00:00,195.0,28.0,82,6.8
2019-05-23 17:00:00,132.0,27.7,82,6.0
2019-05-24 06:00:00,6.0,24.5,98,1.8
2019-05-24 07:00:00,87.0,25.6,92,3.4
2019-05-24 08:00:00,183.0,26.3,92,2.5
2019-05-24 09:00:00,292.0,27.4,85,3.5
2019-05-24 10:00:00,554.0,28.8,78,4.3
2019-05-24 11:00:00,650.0,29.6,74,4.3
2019-05-24 12:00:00,785.0,30.4,71,2.5
2019-05-24 13:00:00,767.0,31.3,67,2.9
2019-05-24 14:00:00,625.0,30.5,69,4.6
2019-05-24 15:00:00,482.0,30.1,73,5.4
2019-05-24 16:00:00,406.0,30.1,74,3.7
2019-05-24 17:00:00,183.0,28.4,84,9.8
2019-05-25 06:00:00,7.0,24.5,92,8.9
2019-05-25 07:00:00,107.0,25.9,91,6.3
2019-05-25 08:00:00,207.0,26.8,85,7.4
2019-05-25 09:00:00,365.0,27.6,80,7.2
2019-05-25 10:00:00,230.0,27.5,82,4.5
2019-05-25 11:00:00,374.0,28.2,79,3.7
2019-05-25 12:00:00,473.0,29.0,74,4.0
2019-05-25 13:00:00,545.0,29.8,71,4.7
2019-05-25 14:00:00,535.0,30.0,70,4.8
2019-05-25 15:00:00,460.0,30.2,69,2.5
2019-05-25 16:00:00,356.0,30.1,70,2.3
2019-05-25 17:00:00,216.0,29.4,76,4.6
2019-05-26 06:00:00,6.0,25.0,96,5.8
2019-05-26 07:00:00,89.0,25.5,94,4.7
2019-05-26 08:00:00,201.0,26.4,89,7.4
2019-05-26 09:00:00,360.0,27.7,83,6.7
2019-05-26 10:00:00,544.0,28.8,77,5.7
2019-05-26 11:00:00,701.0,29.7,78,2.9
2019-05-26 12:00:00,785.0,30.2,78,2.5
2019-05-26 13:00:00,793.0,31.1,71,6.0
2019-05-26 14:00:00,504.0,28.4,79,5.1
2019-05-26 15:00:00,254.0,25.8,93,3.9
2019-05-26 16:00:00,136.0,25.3,93,3.2
2019-05-26 17:00:00,73.0,25.5,92,3.3
2019-05-27 06:00:00,2.0,24.4,94,4.5
2019-05-27 07:00:00,32.0,24.2,98,6.3
2019-05-27 08:00:00,149.0,25.1,94,3.1
2019-05-27 09:00:00,253.0,25.9,90,3.2
2019-05-27 10:00:00,240.0,26.1,91,5.0
2019-05-27 11:00:00,382.0,26.6,89,9.1
2019-05-27 12:00:00,435.0,27.5,84,8.5
2019-05-27 13:00:00,614.0,28.5,81,8.1
2019-05-27 14:00:00,586.0,28.5,80,6.4
2019-05-27 15:00:00,556.0,28.9,74,5.1
2019-05-27 16:00:00,462.0,29.1,73,4.4
2019-05-27 17:00:00,287.0,28.9,76,6.8
2019-05-28 06:00:00,4.0,23.4,98,4.6
2019-05-28 07:00:00,44.0,22.6,99,5.5
2019-05-28 08:00:00,136.0,23.6,94,0.8
2019-05-28 09:00:00,369.0,25.5,87,3.6
2019-05-28 10:00:00,476.0,27.3,79,5.0
2019-05-28 11:00:00,474.0,28.5,73,4.9
2019-05-28 12:00:00,535.0,29.2,71,3.4
2019-05-28 13:00:00,547.0,29.5,70,2.1
2019-05-28 14:00:00,576.0,30.1,67,2.6
2019-05-28 15:00:00,528.0,30.4,65,4.3
2019-05-28 16:00:00,368.0,30.2,65,4.7
2019-05-28 17:00:00,212.0,29.1,73,5.4
2019-05-29 06:00:00,4.0,24.0,98,4.3
2019-05-29 07:00:00,97.0,24.5,94,4.2
2019-05-29 08:00:00,289.0,26.0,88,2.9
2019-05-29 09:00:00,421.0,27.2,84,2.1
2019-05-29 10:00:00,581.0,28.4,83,2.1
2019-05-29 11:00:00,740.0,29.4,82,2.4
2019-05-29 12:00:00,766.0,30.0,79,5.1
2019-05-29 13:00:00,731.0,30.0,80,6.1
2019-05-29 14:00:00,663.0,30.2,74,3.7
2019-05-29 15:00:00,423.0,29.4,77,2.9
2019-05-29 16:00:00,250.0,26.8,85,4.9
2019-05-29 17:00:00,54.0,26.0,91,6.1
2019-05-30 06:00:00,5.0,24.1,98,3.4
2019-05-30 07:00:00,72.0,24.5,94,2.6
2019-05-30 08:00:00,65.0,24.6,94,4.3
2019-05-30 09:00:00,98.0,24.9,93,2.8
2019-05-30 10:00:00,162.0,25.4,91,2.9
2019-05-30 11:00:00,240.0,25.8,90,3.7
2019-05-30 12:00:00,212.0,26.1,87,0.7
2019-05-30 13:00:00,281.0,27.0,82,2.6
2019-05-30 14:00:00,302.0,27.2,83,3.7
2019-05-30 15:00:00,318.0,27.4,83,5.8
2019-05-30 16:00:00,152.0,26.6,88,6.6
2019-05-30 17:00:00,58.0,26.0,91,4.2
2019-05-31 06:00:00,6.0,23.4,96,3.6
2019-05-31 07:00:00,93.0,24.4,94,5.2
2019-05-31 08:00:00,258.0,25.7,89,1.3
2019-05-31 09:00:00,361.0,26.7,87,1.0
2019-05-31 10:00:00,522.0,27.6,86,1.8
2019-05-31 11:00:00,653.0,28.5,83,3.1
2019-05-31 12:00:00,692.0,29.0,85,5.1
2019-05-31 13:00:00,596.0,29.3,82,7.8
2019-05-31 14:00:00,587.0,28.8,77,10.8
2019-05-31 15:00:00,380.0,27.5,81,13.0
2019-05-31 16:00:00,195.0,27.3,84,7.4
2019-05-31 17:00:00,146.0,26.8,86,2.6
2019-06-01 06:00:00,7.0,23.0,99,1.1
2019-06-01 07:00:00,124.0,23.5,97,7.1
2019-06-01 08:00:00,120.0,24.8,92,9.8
2019-06-01 09:00:00,297.0,26.1,86,9.3
2019-06-01 10:00:00,322.0,27.0,84,8.1
2019-06-01 11:00:00,483.0,28.1,84,7.0
2019-06-01 12:00:00,502.0,28.6,80,9.0
2019-06-01 13:00:00,465.0,27.0,88,3.7
2019-06-01 14:00:00,512.0,27.9,85,4.6
2019-06-01 15:00:00,488.0,28.0,86,3.9
2019-06-01 16:00:00,368.0,28.1,83,4.3
2019-06-01 17:00:00,149.0,25.9,88,2.2
2019-06-02 06:00:00,7.0,23.8,98,4.4
2019-06-02 07:00:00,107.0,24.8,94,0.5
2019-06-02 08:00:00,235.0,25.8,92,1.4
2019-06-02 09:00:00,320.0,26.6,86,1.5
2019-06-02 10:00:00,462.0,27.5,86,3.7
2019-06-02 11:00:00,652.0,28.6,77,3.7
2019-06-02 12:00:00,874.0,30.0,70,4.2
2019-06-02 13:00:00,733.0,29.7,72,6.2
2019-06-02 14:00:00,572.0,29.0,80,6.0
2019-06-02 15:00:00,403.0,28.5,81,4.1
2019-06-02 16:00:00,283.0,28.4,83,2.3
2019-06-02 17:00:00,164.0,27.1,85,0.7
2019-06-03 06:00:00,7.0,24.0,96,6.9
2019-06-03 07:00:00,103.0,25.4,94,6.3
2019-06-03 08:00:00,254.0,26.7,91,3.6
2019-06-03 09:00:00,391.0,27.8,85,2.5
2019-06-03 10:00:00,573.0,29.3,77,1.5
2019-06-03 11:00:00,737.0,30.2,76,5.1
2019-06-03 12:00:00,752.0,30.9,73,6.5
2019-06-03 13:00:00,681.0,30.7,77,8.7
2019-06-03 14:00:00,645.0,30.1,72,7.1
2019-06-03 15:00:00,550.0,30.4,71,5.5
2019-06-03 16:00:00,435.0,30.4,71,4.7
2019-06-03 17:00:00,237.0,30.0,74,2.1
2019-06-04 06:00:00,7.0,26.0,82,9.8
2019-06-04 07:00:00,113.0,27.6,78,4.5
2019-06-04 08:00:00,326.0,28.6,76,2.9
2019-06-04 09:00:00,547.0,29.6,74,3.9
2019-06-04 10:00:00,733.0,31.0,68,4.4
2019-06-04 11:00:00,861.0,32.0,64,6.4
2019-06-04 12:00:00,894.0,32.8,62,6.0
2019-06-04 13:00:00,878.0,33.5,61,4.6
2019-06-04 14:00:00,730.0,33.5,61,1.8
2019-06-04 15:00:00,591.0,33.1,62,5.5
2019-06-04 16:00:00,385.0,32.8,61,5.4
2019-06-04 17:00:00,219.0,31.5,69,2.2
2019-06-05 06:00:00,7.0,24.4,98,4.2
2019-06-05 07:00:00,115.0,25.8,91,3.2
2019-06-05 08:00:00,248.0,26.9,82,3.1
2019-06-05 09:00:00,436.0,27.8,79,3.9
2019-06-05 10:00:00,617.0,29.0,76,4.4
2019-06-05 11:00:00,696.0,30.1,72,5.7
2019-06-05 12:00:00,820.0,31.4,67,4.8
2019-06-05 13:00:00,751.0,31.9,66,3.3
2019-06-05 14:00:00,696.0,32.2,67,1.0
2019-06-05 15:00:00,654.0,30.5,72,4.8
2019-06-05 16:00:00,276.0,29.0,79,2.8
2019-06-05 17:00:00,122.0,27.1,86,5.8
2019-06-06 06:00:00,4.0,25.7,97,5.2
2019-06-06 07:00:00,54.0,26.6,93,2.4
2019-06-06 08:00:00,129.0,27.1,90,0.4
2019-06-06 09:00:00,176.0,27.9,84,3.3
2019-06-06 10:00:00,169.0,28.2,83,3.1
2019-06-06 11:00:00,519.0,30.1,74,2.6
2019-06-06 12:00:00,672.0,30.9,69,3.3
2019-06-06 13:00:00,561.0,30.4,71,5.7
2019-06-06 14:00:00,497.0,30.3,73,7.3
2019-06-06 15:00:00,542.0,30.7,72,5.2
2019-06-06 16:00:00,233.0,28.5,80,3.3
2019-06-06 17:00:00,91.0,26.4,94,6.1
2019-06-07 06:00:00,3.0,24.5,98,7.1
2019-06-07 07:00:00,27.0,24.8,98,5.1
2019-06-07 08:00:00,183.0,25.4,93,5.7
2019-06-07 09:00:00,302.0,26.9,85,5.4
2019-06-07 10:00:00,365.0,27.5,83,5.8
2019-06-07 11:00:00,391.0,26.6,83,8.4
2019-06-07 12:00:00,137.0,26.3,86,6.6
2019-06-07 13:00:00,365.0,26.8,85,4.6
2019-06-07 14:00:00,449.0,27.5,81,4.6
2019-06-07 15:00:00,293.0,27.4,81,3.6
2019-06-07 16:00:00,215.0,27.1,83,5.4
2019-06-07 17:00:00,148.0,26.6,87,7.8
2019-06-08 06:00:00,3.0,23.4,97,4.0
2019-06-08 07:00:00,41.0,24.4,96,3.1
2019-06-08 08:00:00,243.0,25.5,90,5.0
2019-06-08 09:00:00,472.0,27.0,85,5.9
2019-06-08 10:00:00,685.0,28.4,80,6.6
2019-06-08 11:00:00,856.0,29.9,73,6.0
2019-06-08 12:00:00,864.0,30.8,69,4.9
2019-06-08 13:00:00,855.0,31.6,65,5.4
2019-06-08 14:00:00,703.0,31.8,64,5.4
2019-06-08 15:00:00,687.0,32.0,64,5.4
2019-06-08 16:00:00,468.0,31.4,67,7.1
2019-06-08 17:00:00,275.0,30.5,73,7.1
2019-06-09 06:00:00,7.0,24.6,85,6.2
2019-06-09 07:00:00,130.0,26.1,79,8.1
2019-06-09 08:00:00,343.0,27.5,76,7.5
2019-06-09 09:00:00,557.0,29.1,70,5.2
2019-06-09 10:00:00,732.0,30.3,70,4.7
2019-06-09 11:00:00,864.0,31.4,71,5.4
2019-06-09 12:00:00,864.0,31.8,70,4.4
2019-06-09 13:00:00,783.0,32.0,69,3.3
2019-06-09 14:00:00,686.0,31.9,69,2.5
2019-06-09 15:00:00,535.0,31.1,68,4.3
2019-06-09 16:00:00,335.0,31.1,68,5.2
2019-06-09 17:00:00,226.0,30.5,72,4.5
2019-06-10 06:00:00,6.0,25.3,86,9.9
2019-06-10 07:00:00,108.0,25.8,85,4.2
2019-06-10 08:00:00,137.0,26.0,88,2.5
2019-06-10 09:00:00,174.0,26.4,88,3.7
2019-06-10 10:00:00,370.0,27.5,84,5.9
2019-06-10 11:00:00,463.0,28.5,80,4.7
2019-06-10 12:00:00,481.0,29.2,75,3.4
2019-06-10 13:00:00,574.0,30.0,73,4.7
2019-06-10 14:00:00,434.0,30.0,74,3.4
2019-06-10 15:00:00,458.0,30.4,73,4.7
2019-06-10 16:00:00,301.0,30.1,74,4.8
2019-06-10 17:00:00,248.0,30.0,72,3.7
2019-06-11 06:00:00,5.0,24.7,99,2.5
2019-06-11 07:00:00,92.0,26.0,93,3.9
2019-06-11 08:00:00,258.0,27.1,88,1.9
2019-06-11 09:00:00,445.0,28.4,82,4.7
2019-06-11 10:00:00,658.0,29.4,76,6.1
2019-06-11 11:00:00,758.0,30.5,71,5.6
2019-06-11 12:00:00,789.0,31.5,68,4.0
2019-06-11 13:00:00,826.0,32.0,69,0.7
2019-06-11 14:00:00,749.0,31.3,71,4.1
2019-06-11 15:00:00,485.0,30.1,73,1.8
2019-06-11 16:00:00,347.0,29.4,76,4.0
2019-06-11 17:00:00,116.0,27.0,88,10.9
2019-06-12 06:00:00,5.0,24.5,90,3.1
2019-06-12 07:00:00,106.0,25.5,88,2.2
2019-06-12 08:00:00,291.0,26.7,85,1.0
2019-06-12 09:00:00,499.0,27.9,78,3.3
2019-06-12 10:00:00,572.0,28.7,78,5.0
2019-06-12 11:00:00,613.0,29.5,75,5.4
2019-06-12 12:00:00,732.0,30.3,71,3.7
2019-06-12 13:00:00,791.0,31.1,68,5.5
2019-06-12 14:00:00,688.0,31.2,67,7.6
2019-06-12 15:00:00,503.0,31.0,67,6.5
2019-06-12 16:00:00,391.0,30.9,68,5.1
2019-06-12 17:00:00,228.0,30.2,72,4.8
2019-06-13 06:00:00,7.0,24.8,83,13.1
2019-06-13 07:00:00,131.0,26.3,83,13.0
2019-06-13 08:00:00,344.0,27.9,77,13.7
2019-06-13 09:00:00,550.0,29.4,71,12.1
2019-06-13 10:00:00,732.0,30.7,64,8.2
2019-06-13 11:00:00,867.0,31.6,62,5.1
2019-06-13 12:00:00,924.0,32.3,60,3.8
2019-06-13 13:00:00,925.0,32.8,58,3.6
2019-06-13 14:00:00,840.0,32.8,58,1.8
2019-06-13 15:00:00,696.0,33.0,57,1.4
2019-06-13 16:00:00,471.0,32.5,58,4.7
2019-06-13 17:00:00,248.0,30.4,69,4.7
2019-06-14 06:00:00,6.0,25.2,87,5.9
2019-06-14 07:00:00,129.0,26.5,84,3.1
2019-06-14 08:00:00,325.0,27.5,76,3.3
2019-06-14 09:00:00,511.0,28.6,70,4.1
2019-06-14 10:00:00,717.0,30.0,66,5.2
2019-06-14 11:00:00,818.0,31.4,63,5.2
2019-06-14 12:00:00,880.0,32.4,61,5.4
2019-06-14 13:00:00,820.0,32.9,60,5.5
2019-06-14 14:00:00,715.0,33.0,60,3.9
2019-06-14 15:00:00,646.0,32.8,60,3.4
2019-06-14 16:00:00,445.0,31.6,66,5.4
2019-06-14 17:00:00,253.0,30.5,72,2.8
2019-06-15 06:00:00,6.0,25.0,85,6.1
2019-06-15 07:00:00,120.0,26.5,82,4.3
2019-06-15 08:00:00,328.0,27.6,78,3.7
2019-06-15 09:00:00,458.0,28.7,76,2.5
2019-06-15 10:00:00,678.0,30.2,71,5.0
2019-06-15 11:00:00,792.0,31.3,67,5.6
2019-06-15 12:00:00,827.0,31.9,66,5.6
2019-06-15 13:00:00,807.0,32.3,65,4.1
2019-06-15 14:00:00,725.0,32.5,64,1.8
2019-06-15 15:00:00,609.0,32.6,63,3.3
2019-06-15 16:00:00,408.0,31.1,70,6.5
2019-06-15 17:00:00,190.0,30.5,74,7.9
2019-06-16 06:00:00,6.0,25.4,83,10.4
2019-06-16 07:00:00,131.0,26.7,80,9.7
2019-06-16 08:00:00,341.0,28.1,74,11.9
2019-06-16 09:00:00,534.0,29.8,67,9.4
2019-06-16 10:00:00,736.0,31.4,63,7.0
2019-06-16 11:00:00,864.0,32.4,59,6.4
2019-06-16 12:00:00,924.0,33.1,58,5.2
2019-06-16 13:00:00,876.0,33.8,56,4.2
2019-06-16 14:00:00,799.0,34.3,54,5.2
2019-06-16 15:00:00,668.0,34.3,54,6.0
2019-06-16 16:00:00,496.0,33.8,56,8.7
2019-06-16 17:00:00,251.0,32.5,64,5.4
2019-06-17 06:00:00,6.0,25.8,82,9.1
2019-06-17 07:00:00,129.0,27.2,78,10.3
2019-06-17 08:00:00,342.0,29.4,71,12.3
2019-06-17 09:00:00,556.0,31.5,60,12.9
2019-06-17 10:00:00,731.0,32.8,55,12.1
2019-06-17 11:00:00,852.0,33.8,54,12.7
2019-06-17 12:00:00,890.0,34.7,50,14.0
2019-06-17 13:00:00,886.0,35.2,48,12.6
2019-06-17 14:00:00,839.0,35.8,46,10.0
2019-06-17 15:00:00,702.0,35.8,46,8.2
2019-06-17 16:00:00,512.0,35.2,50,9.0
2019-06-17 17:00:00,293.0,34.3,57,6.0
2019-06-18 06:00:00,6.0,26.5,78,8.2
2019-06-18 07:00:00,130.0,28.2,73,9.0
2019-06-18 08:00:00,338.0,30.2,67,8.9
2019-06-18 09:00:00,545.0,32.2,56,8.9
2019-06-18 10:00:00,719.0,33.3,52,10.1
2019-06-18 11:00:00,853.0,34.2,52,10.8
2019-06-18 12:00:00,919.0,35.0,52,11.1
2019-06-18 13:00:00,914.0,35.4,48,9.9
2019-06-18 14:00:00,790.0,35.3,47,10.1
2019-06-18 15:00:00,646.0,35.0,49,8.5
2019-06-18 16:00:00,429.0,34.5,51,9.0
2019-06-18 17:00:00,282.0,33.7,57,7.8
2019-06-19 06:00:00,5.0,27.7,75,15.2
2019-06-19 07:00:00,97.0,28.0,75,15.7
2019-06-19 08:00:00,305.0,30.0,67,12.8
2019-06-19 09:00:00,501.0,32.1,59,9.2
2019-06-19 10:00:00,686.0,33.7,53,5.8
2019-06-19 11:00:00,740.0,34.5,50,8.0
2019-06-19 12:00:00,817.0,35.0,49,7.1
2019-06-19 13:00:00,784.0,34.5,51,5.6
2019-06-19 14:00:00,660.0,34.6,50,1.5
2019-06-19 15:00:00,525.0,34.3,52,0.8
2019-06-19 16:00:00,357.0,34.0,53,3.2
2019-06-19 17:00:00,217.0,33.0,57,5.7
2019-06-20 06:00:00,5.0,27.0,76,13.9
2019-06-20 07:00:00,118.0,28.6,73,15.7
2019-06-20 08:00:00,327.0,30.5,65,13.5
2019-06-20 09:00:00,523.0,32.5,57,9.7
2019-06-20 10:00:00,705.0,33.5,52,11.5
2019-06-20 11:00:00,814.0,34.4,51,9.3
2019-06-20 12:00:00,876.0,35.3,48,8.7
2019-06-20 13:00:00,804.0,35.3,48,7.2
2019-06-20 14:00:00,674.0,35.7,47,6.9
2019-06-20 15:00:00,447.0,34.6,50,7.9
2019-06-20 16:00:00,242.0,33.7,55,10.0
2019-06-20 17:00:00,195.0,32.7,60,12.4
2019-06-21 06:00:00,5.0,26.6,82,2.5
2019-06-21 07:00:00,106.0,28.7,69,10.7
2019-06-21 08:00:00,326.0,31.3,59,10.8
2019-06-21 09:00:00,397.0,32.2,52,6.8
2019-06-21 10:00:00,561.0,33.4,49,3.3
2019-06-21 11:00:00,738.0,34.5,47,4.9
2019-06-21 12:00:00,893.0,35.6,46,9.4
2019-06-21 13:00:00,832.0,36.0,43,9.7
2019-06-21 14:00:00,716.0,35.6,41,11.3
2019-06-21 15:00:00,521.0,35.1,43,1.8
2019-06-21 16:00:00,325.0,34.1,51,9.0
2019-06-21 17:00:00,213.0,32.9,55,8.4
2019-06-22 06:00:00,5.0,27.2,76,12.7
2019-06-22 07:00:00,111.0,29.0,70,10.6
2019-06-22 08:00:00,303.0,31.0,60,13.4
2019-06-22 09:00:00,453.0,32.8,50,11.3
2019-06-22 10:00:00,638.0,34.1,45,10.0
2019-06-22 11:00:00,673.0,34.7,45,12.5
2019-06-22 12:00:00,696.0,35.3,43,14.6
2019-06-22 13:00:00,742.0,36.0,39,13.4
2019-06-22 14:00:00,614.0,36.0,38,12.8
2019-06-22 15:00:00,504.0,36.0,38,13.3
2019-06-22 16:00:00,396.0,35.0,41,13.7
2019-06-22 17:00:00,226.0,33.8,44,11.3
2019-06-23 06:00:00,5.0,26.3,71,12.4
2019-06-23 07:00:00,71.0,28.0,66,9.8
2019-06-23 08:00:00,324.0,30.5,55,7.5
2019-06-23 09:00:00,542.0,32.5,49,8.1
2019-06-23 10:00:00,709.0,34.1,43,10.7
2019-06-23 11:00:00,794.0,35.2,40,11.0
2019-06-23 12:00:00,880.0,36.0,39,7.6
2019-06-23 13:00:00,828.0,36.0,39,7.6
2019-06-23 14:00:00,648.0,35.8,39,4.3
2019-06-23 15:00:00,615.0,35.8,39,4.0
2019-06-23 16:00:00,392.0,35.4,41,7.8
2019-06-23 17:00:00,206.0,35.0,42,2.2
2019-06-24 06:00:00,3.0,27.1,76,2.2
2019-06-24 07:00:00,49.0,28.0,70,3.8
2019-06-24 08:00:00,208.0,29.1,66,3.8
2019-06-24 09:00:00,510.0,31.1,63,6.8
2019-06-24 10:00:00,650.0,32.1,61,5.7
2019-06-24 11:00:00,712.0,32.5,59,3.7
2019-06-24 12:00:00,656.0,32.6,61,4.5
2019-06-24 13:00:00,493.0,30.2,71,10.0
2019-06-24 14:00:00,463.0,31.8,67,6.9
2019-06-24 15:00:00,219.0,29.8,73,9.4
2019-06-24 16:00:00,182.0,28.8,79,9.7
2019-06-24 17:00:00,74.0,28.0,82,5.4
2019-06-25 06:00:00,3.0,23.9,93,9.0
2019-06-25 07:00:00,59.0,24.2,92,2.1
2019-06-25 08:00:00,168.0,25.0,90,3.7
2019-06-25 09:00:00,324.0,26.1,87,6.1
2019-06-25 10:00:00,378.0,27.3,83,7.8
2019-06-25 11:00:00,485.0,28.8,76,8.0
2019-06-25 12:00:00,506.0,29.4,74,7.0
2019-06-25 13:00:00,453.0,29.9,71,7.6
2019-06-25 14:00:00,243.0,29.5,71,6.2
2019-06-25 15:00:00,270.0,29.5,71,4.5
2019-06-25 16:00:00,313.0,29.9,70,4.2
2019-06-25 17:00:00,131.0,28.9,76,2.6
2019-06-26 06:00:00,4.0,25.6,75,14.1
2019-06-26 07:00:00,107.0,27.0,72,13.6
2019-06-26 08:00:00,334.0,29.5,63,10.8
2019-06-26 09:00:00,554.0,31.5,55,13.0
2019-06-26 10:00:00,736.0,32.9,51,13.7
2019-06-26 11:00:00,867.0,34.3,46,15.2
2019-06-26 12:00:00,933.0,34.9,46,15.6
2019-06-26 13:00:00,929.0,35.5,45,15.2
2019-06-26 14:00:00,859.0,35.8,44,13.3
2019-06-26 15:00:00,717.0,35.6,47,14.0
2019-06-26 16:00:00,537.0,35.2,50,13.0
2019-06-26 17:00:00,310.0,34.0,54,10.8
2019-06-27 06:00:00,5.0,25.2,78,15.0
2019-06-27 07:00:00,121.0,27.5,72,13.2
2019-06-27 08:00:00,334.0,30.0,62,11.5
2019-06-27 09:00:00,552.0,32.0,52,10.1
2019-06-27 10:00:00,736.0,33.8,45,10.0
2019-06-27 11:00:00,863.0,34.9,40,9.2
2019-06-27 12:00:00,922.0,35.6,39,9.7
2019-06-27 13:00:00,901.0,36.2,38,11.8
2019-06-27 14:00:00,731.0,36.1,38,13.0
2019-06-27 15:00:00,597.0,35.7,39,13.7
2019-06-27 16:00:00,429.0,35.0,42,11.6
2019-06-27 17:00:00,236.0,33.8,48,7.3
2019-06-28 06:00:00,5.0,25.9,76,11.9
2019-06-28 07:00:00,104.0,27.5,72,14.8
2019-06-28 08:00:00,316.0,29.9,61,15.3
2019-06-28 09:00:00,504.0,31.9,53,13.6
2019-06-28 10:00:00,691.0,33.5,45,12.7
2019-06-28 11:00:00,820.0,34.8,43,12.3
2019-06-28 12:00:00,882.0,35.8,40,10.6
2019-06-28 13:00:00,843.0,36.4,39,8.5
2019-06-28 14:00:00,782.0,36.8,36,9.7
2019-06-28 15:00:00,627.0,36.7,36,10.0
2019-06-28 16:00:00,495.0,36.3,37,8.0
2019-06-28 17:00:00,258.0,34.8,44,6.5
2019-06-29 06:00:00,5.0,26.5,75,11.8
2019-06-29 07:00:00,117.0,28.6,67,14.8
2019-06-29 08:00:00,309.0,30.5,59,11.1
2019-06-29 09:00:00,471.0,32.1,53,7.1
2019-06-29 10:00:00,592.0,33.2,49,3.4
2019-06-29 11:00:00,671.0,34.6,45,6.4
2019-06-29 12:00:00,909.0,36.3,40,6.1
2019-06-29 13:00:00,901.0,37.2,37,2.6
2019-06-29 14:00:00,768.0,35.1,44,9.9
2019-06-29 15:00:00,485.0,35.3,43,3.6
2019-06-29 16:00:00,393.0,34.5,46,4.4
2019-06-29 17:00:00,181.0,33.3,51,2.9
2019-06-30 06:00:00,4.0,27.2,67,11.8
2019-06-30 07:00:00,107.0,28.5,64,12.3
2019-06-30 08:00:00,316.0,30.1,57,8.4
2019-06-30 09:00:00,530.0,31.5,54,5.6
2019-06-30 10:00:00,716.0,32.8,50,6.8
2019-06-30 11:00:00,837.0,34.2,45,6.4
2019-06-30 12:00:00,845.0,35.1,44,5.6
2019-06-30 13:00:00,881.0,36.0,42,4.6
2019-06-30 14:00:00,722.0,36.5,40,4.6
2019-06-30 15:00:00,630.0,34.5,44,8.5
2019-06-30 16:00:00,353.0,33.3,53,8.2
2019-06-30 17:00:00,227.0,30.8,65,15.1
2019-07-01 06:00:00,4.0,26.4,70,14.3
2019-07-01 07:00:00,109.0,27.5,66,12.4
2019-07-01 08:00:00,294.0,29.4,58,11.7
2019-07-01 09:00:00,514.0,31.5,54,8.6
2019-07-01 10:00:00,686.0,32.8,49,9.0
2019-07-01 11:00:00,790.0,33.8,44,9.4
2019-07-01 12:00:00,877.0,34.8,42,8.2
2019-07-01 13:00:00,827.0,35.2,40,5.8
2019-07-01 14:00:00,792.0,35.5,39,4.5
2019-07-01 15:00:00,668.0,35.5,40,6.1
2019-07-01 16:00:00,433.0,31.9,60,6.9
2019-07-01 17:00:00,213.0,31.4,59,7.9
2019-07-02 06:00:00,2.0,25.0,82,5.9
2019-07-02 07:00:00,56.0,24.7,92,7.2
2019-07-02 08:00:00,144.0,25.5,90,7.1
2019-07-02 09:00:00,192.0,26.0,88,4.2
2019-07-02 10:00:00,163.0,26.4,87,3.3
2019-07-02 11:00:00,627.0,29.4,74,3.2
2019-07-02 12:00:00,798.0,31.3,61,2.2
2019-07-02 13:00:00,773.0,32.2,57,1.4
2019-07-02 14:00:00,695.0,32.5,56,1.9
2019-07-02 15:00:00,607.0,32.5,56,0.5
2019-07-02 16:00:00,415.0,32.5,55,1.3
2019-07-02 17:00:00,247.0,31.0,58,3.7
2019-07-03 06:00:00,4.0,25.8,77,15.9
2019-07-03 07:00:00,111.0,27.5,71,14.2
2019-07-03 08:00:00,328.0,29.5,63,10.4
2019-07-03 09:00:00,524.0,31.0,57,4.0
2019-07-03 10:00:00,716.0,32.2,53,5.1
2019-07-03 11:00:00,861.0,33.7,48,6.9
2019-07-03 12:00:00,911.0,34.8,42,5.8
2019-07-03 13:00:00,815.0,35.3,39,4.7
2019-07-03 14:00:00,786.0,35.6,38,6.1
2019-07-03 15:00:00,650.0,35.3,38,6.6
2019-07-03 16:00:00,473.0,34.9,39,4.7
2019-07-03 17:00:00,281.0,34.5,43,4.0
2019-07-04 06:00:00,4.0,25.2,70,15.7
2019-07-04 07:00:00,122.0,27.4,63,12.8
2019-07-04 08:00:00,340.0,30.0,52,10.6
2019-07-04 09:00:00,558.0,32.5,43,12.2
2019-07-04 10:00:00,744.0,33.6,40,15.8
2019-07-04 11:00:00,876.0,34.8,37,15.8
2019-07-04 12:00:00,942.0,35.8,36,12.7
2019-07-04 13:00:00,935.0,36.5,34,11.5
2019-07-04 14:00:00,837.0,36.9,33,11.4
2019-07-04 15:00:00,726.0,36.8,33,12.3
2019-07-04 16:00:00,537.0,36.3,34,14.1
2019-07-04 17:00:00,304.0,35.5,36,13.5
2019-07-05 06:00:00,4.0,26.0,76,10.2
2019-07-05 07:00:00,119.0,27.1,67,5.4
2019-07-05 08:00:00,325.0,29.0,61,4.3
2019-07-05 09:00:00,529.0,31.0,56,4.6
2019-07-05 10:00:00,654.0,32.4,52,2.6
2019-07-05 11:00:00,856.0,34.4,44,2.1
2019-07-05 12:00:00,840.0,35.3,41,4.1
2019-07-05 13:00:00,870.0,36.2,40,4.6
2019-07-05 14:00:00,786.0,36.5,40,3.1
2019-07-05 15:00:00,661.0,36.7,39,0.8
2019-07-05 16:00:00,448.0,36.2,40,8.0
2019-07-05 17:00:00,223.0,34.0,47,7.6
2019-07-06 06:00:00,4.0,24.9,95,5.0
2019-07-06 07:00:00,101.0,26.9,86,4.7
2019-07-06 08:00:00,312.0,28.6,76,1.5
2019-07-06 09:00:00,536.0,30.8,66,1.5
2019-07-06 10:00:00,710.0,32.9,56,1.5
2019-07-06 11:00:00,811.0,34.4,48,6.3
2019-07-06 12:00:00,777.0,35.1,46,6.5
2019-07-06 13:00:00,783.0,35.8,43,5.5
2019-07-06 14:00:00,673.0,36.3,41,5.4
2019-07-06 15:00:00,629.0,35.7,43,10.5
2019-07-06 16:00:00,317.0,35.1,45,12.7
2019-07-06 17:00:00,238.0,34.4,47,12.0
2019-07-07 06:00:00,4.0,26.7,76,6.7
2019-07-07 07:00:00,115.0,28.2,68,8.2
2019-07-07 08:00:00,329.0,30.5,59,7.1
2019-07-07 09:00:00,546.0,32.5,50,3.6
2019-07-07 10:00:00,731.0,34.1,45,3.3
2019-07-07 11:00:00,867.0,35.8,39,5.6
2019-07-07 12:00:00,935.0,37.2,34,11.7
2019-07-07 13:00:00,875.0,37.5,32,12.0
2019-07-07 14:00:00,806.0,38.0,30,10.7
2019-07-07 15:00:00,681.0,38.0,29,9.2
2019-07-07 16:00:00,469.0,37.3,31,13.5
2019-07-07 17:00:00,253.0,35.6,40,15.2
2019-07-08 06:00:00,3.0,26.6,77,5.5
2019-07-08 07:00:00,102.0,27.0,86,5.6
2019-07-08 08:00:00,223.0,28.6,77,3.6
2019-07-08 09:00:00,361.0,30.0,69,3.3
2019-07-08 10:00:00,658.0,32.2,59,4.0
2019-07-08 11:00:00,811.0,34.0,54,6.1
2019-07-08 12:00:00,726.0,34.4,54,10.8
2019-07-08 13:00:00,724.0,30.5,71,14.5
2019-07-08 14:00:00,604.0,32.2,64,8.2
2019-07-08 15:00:00,447.0,29.8,70,13.4
2019-07-08 16:00:00,170.0,28.1,79,0.8
2019-07-08 17:00:00,175.0,28.0,80,9.0
2019-07-09 06:00:00,3.0,24.9,97,3.8
2019-07-09 07:00:00,68.0,25.1,94,3.5
2019-07-09 08:00:00,48.0,25.0,96,1.1
2019-07-09 09:00:00,86.0,25.1,96,1.5
2019-07-09 10:00:00,151.0,25.5,94,2.5
2019-07-09 11:00:00,163.0,25.8,91,2.4
2019-07-09 12:00:00,572.0,28.0,77,3.1
2019-07-09 13:00:00,748.0,30.3,65,2.1
2019-07-09 14:00:00,683.0,31.0,61,1.6
2019-07-09 15:00:00,425.0,30.9,61,3.8
2019-07-09 16:00:00,286.0,30.6,61,3.1
2019-07-09 17:00:00,245.0,30.5,61,1.5
2019-07-10 06:00:00,3.0,24.9,83,4.1
2019-07-10 07:00:00,110.0,26.8,74,3.4
2019-07-10 08:00:00,301.0,28.6,67,5.1
2019-07-10 09:00:00,505.0,30.6,59,5.4
2019-07-10 10:00:00,710.0,32.8,51,5.4
2019-07-10 11:00:00,859.0,34.3,44,6.4
2019-07-10 12:00:00,919.0,35.5,40,6.4
2019-07-10 13:00:00,910.0,36.3,37,5.6
2019-07-10 14:00:00,794.0,36.0,38,7.6
2019-07-10 15:00:00,620.0,34.2,46,11.5
2019-07-10 16:00:00,424.0,33.7,48,5.2
2019-07-10 17:00:00,221.0,32.2,56,10.8
2019-07-11 06:00:00,3.0,26.0,77,2.4
2019-07-11 07:00:00,100.0,27.2,68,1.3
2019-07-11 08:00:00,310.0,28.8,63,3.1
2019-07-11 09:00:00,516.0,30.5,60,6.1
2019-07-11 10:00:00,689.0,32.4,52,7.1
2019-07-11 11:00:00,853.0,34.3,44,7.1
2019-07-11 12:00:00,825.0,35.0,41,6.4
2019-07-11 13:00:00,848.0,35.8,38,4.4
2019-07-11 14:00:00,754.0,35.9,35,5.0
2019-07-11 15:00:00,638.0,35.9,35,6.5
2019-07-11 16:00:00,487.0,35.5,35,7.3
2019-07-11 17:00:00,280.0,33.9,42,7.4
2019-07-12 06:00:00,3.0,25.7,71,11.9
2019-07-12 07:00:00,114.0,27.3,67,12.5
2019-07-12 08:00:00,328.0,29.5,57,13.0
2019-07-12 09:00:00,543.0,31.5,51,9.9
2019-07-12 10:00:00,729.0,33.2,45,6.5
2019-07-12 11:00:00,860.0,34.6,40,4.6
2019-07-12 12:00:00,926.0,35.7,37,2.8
2019-07-12 13:00:00,921.0,36.3,35,2.0
2019-07-12 14:00:00,779.0,36.4,35,0.4
2019-07-12 15:00:00,645.0,36.0,35,2.9
2019-07-12 16:00:00,452.0,35.7,36,3.6
2019-07-12 17:00:00,288.0,34.8,37,2.1
2019-07-13 06:00:00,3.0,26.2,65,10.2
2019-07-13 07:00:00,112.0,28.2,62,9.9
2019-07-13 08:00:00,324.0,30.2,57,8.1
2019-07-13 09:00:00,542.0,31.9,53,4.7
2019-07-13 10:00:00,725.0,33.5,48,5.8
2019-07-13 11:00:00,847.0,34.8,44,6.7
2019-07-13 12:00:00,899.0,35.7,41,7.3
2019-07-13 13:00:00,823.0,36.0,42,9.0
2019-07-13 14:00:00,773.0,36.2,41,8.9
2019-07-13 15:00:00,682.0,36.7,40,7.9
2019-07-13 16:00:00,425.0,34.2,43,6.9
2019-07-13 17:00:00,213.0,33.2,49,5.2
2019-07-14 06:00:00,3.0,25.8,80,5.8
2019-07-14 07:00:00,99.0,28.0,65,6.6
2019-07-14 08:00:00,267.0,29.8,59,5.4
2019-07-14 09:00:00,499.0,31.5,54,6.6
2019-07-14 10:00:00,713.0,33.2,49,6.1
2019-07-14 11:00:00,806.0,34.5,45,6.2
2019-07-14 12:00:00,814.0,35.3,42,6.3
2019-07-14 13:00:00,758.0,36.0,40,7.0
2019-07-14 14:00:00,723.0,36.6,39,5.8
2019-07-14 15:00:00,593.0,35.5,42,13.4
2019-07-14 16:00:00,341.0,32.8,54,7.6
2019-07-14 17:00:00,188.0,31.1,62,8.7
2019-07-15 06:00:00,2.0,26.3,81,4.5
2019-07-15 07:00:00,90.0,26.9,84,0.8
2019-07-15 08:00:00,253.0,29.1,63,5.6
2019-07-15 09:00:00,528.0,31.5,50,3.4
2019-07-15 10:00:00,715.0,33.2,44,4.8
2019-07-15 11:00:00,830.0,34.5,40,6.2
2019-07-15 12:00:00,895.0,35.6,38,4.3
2019-07-15 13:00:00,868.0,36.2,36,2.6
2019-07-15 14:00:00,743.0,36.5,35,5.1
2019-07-15 15:00:00,577.0,33.2,50,15.0
2019-07-15 16:00:00,472.0,32.1,55,16.9
2019-07-15 17:00:00,183.0,29.5,69,16.6
2019-07-16 06:00:00,2.0,24.5,96,2.2
2019-07-16 07:00:00,101.0,26.2,87,4.1
2019-07-16 08:00:00,262.0,28.0,73,6.1
2019-07-16 09:00:00,524.0,30.2,60,7.8
2019-07-16 10:00:00,704.0,32.0,52,7.3
2019-07-16 11:00:00,871.0,33.7,45,7.0
2019-07-16 12:00:00,937.0,35.0,40,6.7
2019-07-16 13:00:00,914.0,35.8,38,5.6
2019-07-16 14:00:00,831.0,36.3,35,5.3
2019-07-16 15:00:00,650.0,35.8,37,7.7
2019-07-16 16:00:00,396.0,35.2,38,8.2
2019-07-16 17:00:00,197.0,32.4,50,11.6
2019-07-17 06:00:00,1.0,25.3,83,10.0
2019-07-17 07:00:00,60.0,26.5,76,11.6
2019-07-17 08:00:00,184.0,28.2,67,10.2
2019-07-17 09:00:00,196.0,29.4,62,8.0
2019-07-17 10:00:00,563.0,32.5,50,7.2
2019-07-17 11:00:00,674.0,33.8,46,9.5
2019-07-17 12:00:00,679.0,34.5,45,7.7
2019-07-17 13:00:00,611.0,35.0,43,7.1
2019-07-17 14:00:00,595.0,35.5,40,6.8
2019-07-17 15:00:00,615.0,36.2,36,8.0
2019-07-17 16:00:00,441.0,36.1,35,10.6
2019-07-17 17:00:00,260.0,35.7,36,9.2
2019-07-18 06:00:00,3.0,26.5,71,16.1
2019-07-18 07:00:00,110.0,28.8,62,16.1
2019-07-18 08:00:00,323.0,31.0,54,16.0
2019-07-18 09:00:00,542.0,33.2,45,10.8
2019-07-18 10:00:00,729.0,34.8,40,7.3
2019-07-18 11:00:00,867.0,36.0,36,5.8
2019-07-18 12:00:00,935.0,37.0,34,6.3
2019-07-18 13:00:00,920.0,37.6,32,3.9
2019-07-18 14:00:00,786.0,37.8,32,2.0
2019-07-18 15:00:00,677.0,38.0,31,5.2
2019-07-18 16:00:00,420.0,36.7,32,6.9
2019-07-18 17:00:00,278.0,36.5,32,7.9
2019-07-19 06:00:00,2.0,27.1,70,6.6
2019-07-19 07:00:00,109.0,27.5,77,3.3
2019-07-19 08:00:00,322.0,29.5,65,3.3
2019-07-19 09:00:00,531.0,31.5,61,3.6
2019-07-19 10:00:00,695.0,33.5,52,4.4
2019-07-19 11:00:00,794.0,35.2,44,5.0
2019-07-19 12:00:00,818.0,36.2,39,5.2
2019-07-19 13:00:00,804.0,37.0,36,6.1
2019-07-19 14:00:00,597.0,36.8,37,6.9
2019-07-19 15:00:00,446.0,36.5,38,7.6
2019-07-19 16:00:00,324.0,36.5,37,7.0
2019-07-19 17:00:00,210.0,36.2,36,7.8
2019-07-20 06:00:00,2.0,27.0,72,11.1
2019-07-20 07:00:00,90.0,28.8,65,10.1
2019-07-20 08:00:00,261.0,31.1,55,10.2
2019-07-20 09:00:00,505.0,33.8,44,10.5
2019-07-20 10:00:00,672.0,35.4,39,13.4
2019-07-20 11:00:00,795.0,36.8,35,12.6
2019-07-20 12:00:00,876.0,37.9,32,10.8
2019-07-20 13:00:00,914.0,39.5,27,8.8
2019-07-20 14:00:00,812.0,40.2,23,13.8
2019-07-20 15:00:00,684.0,40.0,22,16.9
2019-07-20 16:00:00,495.0,39.3,24,17.0
2019-07-20 17:00:00,259.0,37.8,27,19.3
2019-07-21 06:00:00,2.0,27.1,67,14.2
2019-07-21 07:00:00,110.0,29.2,58,10.6
2019-07-21 08:00:00,328.0,32.1,47,11.5
2019-07-21 09:00:00,553.0,34.5,39,11.9
2019-07-21 10:00:00,745.0,36.5,32,11.9
2019-07-21 11:00:00,884.0,38.4,27,12.3
2019-07-21 12:00:00,958.0,39.5,26,13.7
2019-07-21 13:00:00,959.0,40.4,23,15.9
2019-07-21 14:00:00,880.0,40.5,21,17.7
2019-07-21 15:00:00,735.0,40.2,22,16.7
2019-07-21 16:00:00,558.0,39.7,22,14.6
2019-07-21 17:00:00,327.0,38.7,24,15.7
2019-07-22 06:00:00,2.0,26.6,69,13.6
2019-07-22 07:00:00,109.0,28.5,61,5.7
2019-07-22 08:00:00,325.0,30.6,52,5.2
2019-07-22 09:00:00,548.0,32.7,47,6.2
2019-07-22 10:00:00,734.0,34.5,40,6.6
2019-07-22 11:00:00,871.0,36.0,35,6.4
2019-07-22 12:00:00,944.0,37.2,32,5.9
2019-07-22 13:00:00,930.0,37.9,31,5.1
2019-07-22 14:00:00,856.0,38.5,30,5.4
2019-07-22 15:00:00,706.0,38.7,29,5.3
2019-07-22 16:00:00,458.0,37.4,32,9.5
2019-07-22 17:00:00,243.0,34.0,45,13.3
2019-07-23 06:00:00,2.0,25.4,93,1.8
2019-07-23 07:00:00,86.0,25.0,94,5.7
2019-07-23 08:00:00,107.0,25.5,90,3.2
2019-07-23 09:00:00,257.0,26.9,81,2.1
2019-07-23 10:00:00,555.0,29.2,69,3.8
2019-07-23 11:00:00,616.0,30.9,60,6.7
2019-07-23 12:00:00,641.0,31.8,56,5.1
2019-07-23 13:00:00,689.0,33.2,51,3.8
2019-07-23 14:00:00,631.0,34.1,47,4.8
2019-07-23 15:00:00,481.0,34.0,48,2.6
2019-07-23 16:00:00,280.0,33.5,49,3.8
2019-07-23 17:00:00,125.0,32.9,52,5.7
2019-07-24 06:00:00,1.0,26.1,85,3.8
2019-07-24 07:00:00,72.0,26.8,80,6.3
2019-07-24 08:00:00,80.0,26.9,78,5.9
2019-07-24 09:00:00,144.0,27.0,78,3.7
2019-07-24 10:00:00,389.0,28.6,72,6.9
2019-07-24 11:00:00,647.0,30.9,62,6.1
2019-07-24 12:00:00,786.0,32.8,54,5.0
2019-07-24 13:00:00,800.0,34.2,47,4.3
2019-07-24 14:00:00,689.0,35.0,42,3.2
2019-07-24 15:00:00,585.0,35.5,38,4.2
2019-07-24 16:00:00,440.0,34.8,39,7.7
2019-07-24 17:00:00,242.0,33.3,47,6.4
2019-07-25 06:00:00,2.0,25.9,89,3.4
2019-07-25 07:00:00,79.0,27.6,77,4.7
2019-07-25 08:00:00,282.0,29.7,64,8.2
2019-07-25 09:00:00,436.0,31.2,55,6.8
2019-07-25 10:00:00,579.0,32.9,48,4.3
2019-07-25 11:00:00,744.0,34.5,42,4.4
2019-07-25 12:00:00,837.0,35.7,39,7.4
2019-07-25 13:00:00,799.0,35.6,39,7.3
2019-07-25 14:00:00,644.0,35.8,39,6.9
2019-07-25 15:00:00,566.0,35.1,40,12.1
2019-07-25 16:00:00,215.0,31.4,53,17.5
2019-07-25 17:00:00,186.0,31.4,57,12.6
2019-07-26 06:00:00,2.0,24.7,93,6.1
2019-07-26 07:00:00,94.0,26.0,87,3.0
2019-07-26 08:00:00,307.0,28.1,74,6.8
2019-07-26 09:00:00,388.0,29.5,66,8.0
2019-07-26 10:00:00,671.0,31.8,55,5.8
2019-07-26 11:00:00,742.0,33.3,48,5.6
2019-07-26 12:00:00,882.0,34.8,42,6.1
2019-07-26 13:00:00,872.0,35.5,40,8.9
2019-07-26 14:00:00,783.0,36.0,38,9.6
2019-07-26 15:00:00,687.0,36.2,38,9.4
2019-07-26 16:00:00,478.0,35.7,41,9.8
2019-07-26 17:00:00,225.0,32.2,55,2.9
2019-07-27 06:00:00,1.0,27.2,68,10.9
2019-07-27 07:00:00,64.0,28.5,64,8.5
2019-07-27 08:00:00,262.0,30.4,56,5.4
2019-07-27 09:00:00,501.0,32.2,50,6.8
2019-07-27 10:00:00,730.0,34.2,43,9.4
2019-07-27 11:00:00,845.0,35.7,39,12.0
2019-07-27 12:00:00,879.0,36.6,37,11.7
2019-07-27 13:00:00,848.0,37.4,34,9.3
2019-07-27 14:00:00,778.0,37.5,33,9.7
2019-07-27 15:00:00,602.0,36.8,34,10.4
2019-07-27 16:00:00,440.0,36.5,32,8.9
2019-07-27 17:00:00,272.0,36.0,34,12.5
2019-07-28 06:00:00,2.0,26.2,72,11.4
2019-07-28 07:00:00,107.0,28.7,61,15.6
2019-07-28 08:00:00,320.0,31.2,50,12.8
2019-07-28 09:00:00,544.0,33.2,44,5.4
2019-07-28 10:00:00,738.0,35.0,37,4.6
2019-07-28 11:00:00,878.0,36.5,33,6.3
2019-07-28 12:00:00,917.0,37.5,30,7.3
2019-07-28 13:00:00,867.0,38.2,27,8.4
2019-07-28 14:00:00,852.0,38.8,26,9.4
2019-07-28 15:00:00,672.0,38.8,25,11.9
2019-07-28 16:00:00,454.0,37.7,28,15.8
2019-07-28 17:00:00,265.0,37.2,29,9.7
2019-07-29 06:00:00,2.0,27.3,64,14.5
2019-07-29 07:00:00,105.0,29.0,58,6.8
2019-07-29 08:00:00,300.0,30.7,53,6.0
2019-07-29 09:00:00,541.0,32.5,48,5.5
2019-07-29 10:00:00,723.0,34.3,42,5.5
2019-07-29 11:00:00,864.0,36.1,35,5.7
2019-07-29 12:00:00,838.0,37.0,32,5.9
2019-07-29 13:00:00,845.0,37.8,31,8.1
2019-07-29 14:00:00,773.0,38.2,30,7.7
2019-07-29 15:00:00,612.0,37.8,30,7.3
2019-07-29 16:00:00,388.0,33.1,54,21.4
2019-07-29 17:00:00,120.0,31.1,60,3.3
2019-07-30 06:00:00,2.0,27.1,75,2.8
2019-07-30 07:00:00,103.0,28.6,68,2.1
2019-07-30 08:00:00,290.0,30.2,61,3.9
2019-07-30 09:00:00,534.0,32.5,53,2.9
2019-07-30 10:00:00,724.0,34.5,45,3.2
2019-07-30 11:00:00,841.0,36.0,40,5.6
2019-07-30 12:00:00,858.0,37.1,37,6.6
2019-07-30 13:00:00,737.0,37.5,34,5.4
2019-07-30 14:00:00,722.0,38.0,32,4.0
2019-07-30 15:00:00,616.0,36.9,38,13.7
2019-07-30 16:00:00,421.0,33.5,53,11.8
2019-07-30 17:00:00,182.0,33.3,52,8.4
2019-07-31 06:00:00,1.0,28.0,73,5.7
2019-07-31 07:00:00,83.0,29.0,66,3.3
2019-07-31 08:00:00,229.0,30.5,59,2.3
2019-07-31 09:00:00,441.0,32.2,54,3.5
2019-07-31 10:00:00,620.0,33.9,48,5.2
2019-07-31 11:00:00,739.0,35.2,43,6.1
2019-07-31 12:00:00,815.0,36.4,39,4.3
2019-07-31 13:00:00,828.0,37.4,35,4.1
2019-07-31 14:00:00,749.0,38.2,32,7.2
2019-07-31 15:00:00,571.0,37.8,32,9.7
2019-07-31 16:00:00,432.0,35.2,42,5.8
2019-07-31 17:00:00,221.0,33.8,47,4.7
2019-08-01 06:00:00,2.0,27.4,69,5.2
2019-08-01 07:00:00,86.0,29.3,64,11.4
2019-08-01 08:00:00,277.0,31.0,52,13.0
2019-08-01 09:00:00,507.0,32.8,48,9.4
2019-08-01 10:00:00,690.0,34.5,42,7.0
2019-08-01 11:00:00,844.0,36.2,38,7.7
2019-08-01 12:00:00,891.0,37.5,34,9.1
2019-08-01 13:00:00,905.0,38.2,33,12.3
2019-08-01 14:00:00,775.0,35.7,42,11.8
2019-08-01 15:00:00,525.0,36.1,40,5.2
2019-08-01 16:00:00,419.0,30.4,67,20.1
2019-08-01 17:00:00,179.0,29.8,66,11.9
2019-08-02 06:00:00,1.0,25.5,86,3.5
2019-08-02 07:00:00,99.0,26.2,82,6.3
2019-08-02 08:00:00,254.0,28.2,71,2.2
2019-08-02 09:00:00,486.0,30.5,62,2.9
2019-08-02 10:00:00,707.0,33.0,54,6.9
2019-08-02 11:00:00,834.0,34.7,48,5.9
2019-08-02 12:00:00,849.0,36.0,43,5.9
2019-08-02 13:00:00,895.0,37.0,40,5.1
2019-08-02 14:00:00,682.0,37.0,39,4.7
2019-08-02 15:00:00,428.0,31.5,63,17.3
2019-08-02 16:00:00,287.0,28.9,71,15.5
2019-08-02 17:00:00,129.0,28.1,79,11.3
2019-08-03 06:00:00,1.0,25.6,96,3.7
2019-08-03 07:00:00,96.0,26.5,88,4.8
2019-08-03 08:00:00,278.0,28.3,77,5.2
2019-08-03 09:00:00,442.0,30.2,63,7.6
2019-08-03 10:00:00,659.0,32.2,53,6.7
2019-08-03 11:00:00,784.0,33.8,47,6.4
2019-08-03 12:00:00,871.0,35.2,44,6.4
2019-08-03 13:00:00,825.0,36.1,41,7.0
2019-08-03 14:00:00,722.0,36.5,40,5.8
2019-08-03 15:00:00,588.0,35.7,41,4.3
2019-08-03 16:00:00,337.0,33.5,50,9.0
2019-08-03 17:00:00,170.0,31.5,59,7.1
2019-08-04 06:00:00,1.0,25.6,83,4.0
2019-08-04 07:00:00,102.0,27.2,75,4.8
2019-08-04 08:00:00,275.0,29.1,67,5.9
2019-08-04 09:00:00,505.0,31.5,57,6.0
2019-08-04 10:00:00,710.0,33.7,47,2.8
2019-08-04 11:00:00,866.0,35.5,42,3.3
2019-08-04 12:00:00,901.0,36.5,38,2.6
2019-08-04 13:00:00,797.0,37.0,37,4.3
2019-08-04 14:00:00,767.0,36.4,39,5.9
2019-08-04 15:00:00,545.0,33.8,51,9.7
2019-08-04 16:00:00,300.0,33.0,55,8.6
2019-08-04 17:00:00,201.0,32.7,55,1.1
2019-08-05 06:00:00,1.0,26.6,81,6.6
2019-08-05 07:00:00,85.0,27.4,78,5.7
2019-08-05 08:00:00,219.0,28.9,71,4.8
2019-08-05 09:00:00,371.0,30.4,64,3.7
2019-08-05 10:00:00,570.0,32.3,55,4.6
2019-08-05 11:00:00,803.0,34.5,47,5.4
2019-08-05 12:00:00,917.0,36.5,37,6.4
2019-08-05 13:00:00,845.0,37.3,34,7.5
2019-08-05 14:00:00,760.0,37.3,34,9.9
2019-08-05 15:00:00,589.0,36.8,36,7.2
2019-08-05 16:00:00,373.0,35.4,43,7.7
2019-08-05 17:00:00,216.0,29.8,70,14.5
2019-08-06 06:00:00,1.0,27.4,77,9.6
2019-08-06 07:00:00,91.0,28.5,73,7.3
2019-08-06 08:00:00,284.0,30.6,63,7.1
2019-08-06 09:00:00,476.0,32.7,51,6.1
2019-08-06 10:00:00,547.0,33.8,47,6.9
2019-08-06 11:00:00,669.0,35.0,41,7.6
2019-08-06 12:00:00,658.0,35.7,38,6.8
2019-08-06 13:00:00,752.0,36.9,35,5.9
2019-08-06 14:00:00,711.0,37.3,34,9.2
2019-08-06 15:00:00,542.0,34.5,45,10.5
2019-08-06 16:00:00,429.0,35.0,43,1.1
2019-08-06 17:00:00,219.0,33.8,47,2.9
2019-08-07 06:00:00,1.0,25.7,90,7.6
2019-08-07 07:00:00,63.0,25.3,88,11.4
2019-08-07 08:00:00,151.0,26.7,82,11.2
2019-08-07 09:00:00,317.0,28.5,73,5.8
2019-08-07 10:00:00,466.0,30.4,65,5.4
2019-08-07 11:00:00,588.0,32.5,55,3.2
2019-08-07 12:00:00,674.0,33.7,51,4.2
2019-08-07 13:00:00,775.0,34.9,48,8.2
2019-08-07 14:00:00,694.0,32.5,60,12.7
2019-08-07 15:00:00,469.0,33.2,54,8.7
2019-08-07 16:00:00,343.0,29.4,72,7.4
2019-08-07 17:00:00,133.0,26.8,83,5.4
2019-08-08 06:00:00,1.0,25.4,94,5.0
2019-08-08 07:00:00,92.0,27.2,84,3.9
2019-08-08 08:00:00,288.0,29.2,72,1.1
2019-08-08 09:00:00,520.0,31.1,63,3.1
2019-08-08 10:00:00,609.0,32.5,55,2.5
2019-08-08 11:00:00,827.0,34.2,47,5.7
2019-08-08 12:00:00,881.0,35.5,43,5.0
2019-08-08 13:00:00,899.0,36.6,39,6.4
2019-08-08 14:00:00,758.0,36.7,37,7.1
2019-08-08 15:00:00,536.0,35.1,40,11.7
2019-08-08 16:00:00,407.0,32.0,60,19.8
2019-08-08 17:00:00,211.0,28.4,75,15.2
2019-08-09 06:00:00,1.0,25.1,87,10.4
2019-08-09 07:00:00,89.0,27.4,78,9.7
2019-08-09 08:00:00,265.0,28.9,68,10.5
2019-08-09 09:00:00,500.0,31.0,57,11.2
2019-08-09 10:00:00,695.0,33.4,48,10.6
2019-08-09 11:00:00,856.0,35.1,43,6.2
2019-08-09 12:00:00,938.0,36.6,38,3.6
2019-08-09 13:00:00,925.0,37.8,34,4.6
2019-08-09 14:00:00,825.0,38.6,31,5.8
2019-08-09 15:00:00,602.0,36.5,36,10.8
2019-08-09 16:00:00,416.0,35.8,40,3.5
2019-08-09 17:00:00,145.0,31.4,60,11.5
2019-08-10 06:00:00,1.0,27.9,72,11.8
2019-08-10 07:00:00,101.0,29.1,54,11.6
2019-08-10 08:00:00,314.0,31.0,47,11.4
2019-08-10 09:00:00,534.0,33.2,44,9.4
2019-08-10 10:00:00,744.0,35.2,40,7.7
2019-08-10 11:00:00,885.0,36.8,36,9.3
2019-08-10 12:00:00,954.0,38.0,34,10.1
2019-08-10 13:00:00,919.0,38.8,31,8.6
2019-08-10 14:00:00,813.0,39.2,29,6.8
2019-08-10 15:00:00,670.0,39.3,27,7.3
2019-08-10 16:00:00,472.0,38.9,27,10.8
2019-08-10 17:00:00,276.0,37.6,31,10.8
2019-08-11 06:00:00,1.0,27.8,72,17.1
2019-08-11 07:00:00,102.0,29.7,64,15.3
2019-08-11 08:00:00,317.0,32.6,51,15.4
2019-08-11 09:00:00,544.0,34.8,43,11.8
2019-08-11 10:00:00,736.0,36.7,37,10.8
2019-08-11 11:00:00,867.0,37.9,33,9.0
2019-08-11 12:00:00,883.0,38.7,30,6.9
2019-08-11 13:00:00,891.0,39.5,28,8.0
2019-08-11 14:00:00,763.0,39.3,28,10.3
2019-08-11 15:00:00,688.0,39.5,28,8.5
2019-08-11 16:00:00,446.0,38.1,30,11.2
2019-08-11 17:00:00,251.0,36.5,35,10.4
2019-08-12 06:00:00,1.0,27.9,68,13.2
2019-08-12 07:00:00,103.0,29.1,70,9.5
2019-08-12 08:00:00,317.0,31.2,62,11.3
2019-08-12 09:00:00,543.0,33.6,50,11.3
2019-08-12 10:00:00,732.0,36.0,40,11.2
2019-08-12 11:00:00,883.0,37.8,34,10.9
2019-08-12 12:00:00,927.0,38.7,31,10.5
2019-08-12 13:00:00,833.0,39.1,30,9.2
2019-08-12 14:00:00,687.0,38.8,30,4.8
2019-08-12 15:00:00,579.0,38.3,30,3.3
2019-08-12 16:00:00,430.0,38.0,31,2.6
2019-08-12 17:00:00,256.0,33.4,55,19.2
2019-08-13 06:00:00,1.0,28.1,66,4.1
2019-08-13 07:00:00,84.0,30.1,53,5.2
2019-08-13 08:00:00,312.0,32.2,49,5.9
2019-08-13 09:00:00,530.0,34.0,50,9.2
2019-08-13 10:00:00,702.0,34.6,51,10.0
2019-08-13 11:00:00,759.0,35.8,45,9.2
2019-08-13 12:00:00,862.0,37.0,40,8.9
2019-08-13 13:00:00,864.0,37.8,38,10.0
2019-08-13 14:00:00,642.0,37.2,41,12.4
2019-08-13 15:00:00,585.0,36.3,43,5.9
2019-08-13 16:00:00,329.0,35.0,46,5.8
2019-08-13 17:00:00,137.0,32.3,58,12.0
2019-08-14 06:00:00,1.0,26.2,95,4.3
2019-08-14 07:00:00,84.0,27.4,80,4.8
2019-08-14 08:00:00,241.0,29.4,68,2.1
2019-08-14 09:00:00,374.0,31.0,60,5.7
2019-08-14 10:00:00,453.0,31.9,56,8.5
2019-08-14 11:00:00,708.0,33.8,48,8.1
2019-08-14 12:00:00,706.0,35.0,44,6.1
2019-08-14 13:00:00,547.0,35.5,42,6.9
2019-08-14 14:00:00,562.0,36.2,38,4.7
2019-08-14 15:00:00,389.0,35.6,39,1.6
2019-08-14 16:00:00,287.0,34.9,41,4.0
2019-08-14 17:00:00,205.0,34.9,42,7.2
2019-08-15 06:00:00,1.0,27.5,71,8.9
2019-08-15 07:00:00,96.0,29.0,64,12.4
2019-08-15 08:00:00,287.0,31.2,55,13.3
2019-08-15 09:00:00,216.0,31.3,54,11.5
2019-08-15 10:00:00,203.0,31.9,51,5.6
2019-08-15 11:00:00,546.0,34.3,40,4.5
2019-08-15 12:00:00,887.0,36.2,32,10.7
2019-08-15 13:00:00,818.0,36.8,30,9.7
2019-08-15 14:00:00,802.0,37.4,29,10.1
2019-08-15 15:00:00,626.0,37.0,29,7.8
2019-08-15 16:00:00,354.0,36.3,31,7.8
2019-08-15 17:00:00,153.0,30.3,63,19.6
2019-08-16 06:00:00,0.0,24.6,93,2.1
2019-08-16 07:00:00,36.0,24.6,88,1.3
2019-08-16 08:00:00,66.0,24.8,91,2.6
2019-08-16 09:00:00,101.0,25.0,89,3.3
2019-08-16 10:00:00,183.0,25.6,83,2.9
2019-08-16 11:00:00,256.0,26.3,81,2.3
2019-08-16 12:00:00,208.0,26.6,79,3.1
2019-08-16 13:00:00,206.0,27.1,77,3.4
2019-08-16 14:00:00,429.0,28.5,71,5.2
2019-08-16 15:00:00,503.0,29.3,68,3.8
2019-08-16 16:00:00,427.0,29.5,67,0.8
2019-08-16 17:00:00,191.0,27.8,75,5.1
2019-08-17 06:00:00,1.0,23.9,92,5.4
2019-08-17 07:00:00,31.0,24.0,96,4.7
2019-08-17 08:00:00,86.0,24.2,95,5.8
2019-08-17 09:00:00,136.0,24.5,95,5.8
2019-08-17 10:00:00,245.0,25.3,94,5.4
2019-08-17 11:00:00,357.0,26.4,86,4.5
2019-08-17 12:00:00,532.0,27.8,74,2.4
2019-08-17 13:00:00,552.0,28.5,69,1.5
2019-08-17 14:00:00,559.0,29.1,66,4.8
2019-08-17 15:00:00,573.0,29.7,64,5.4
2019-08-17 16:00:00,473.0,30.0,62,4.3
2019-08-17 17:00:00,281.0,29.6,63,3.1
2019-08-18 06:00:00,1.0,24.9,83,6.7
2019-08-18 07:00:00,94.0,26.5,76,7.7
2019-08-18 08:00:00,301.0,28.2,70,5.3
2019-08-18 09:00:00,541.0,30.1,62,4.3
2019-08-18 10:00:00,744.0,31.9,55,4.5
2019-08-18 11:00:00,881.0,33.4,49,4.3
2019-08-18 12:00:00,928.0,34.3,46,3.0
2019-08-18 13:00:00,915.0,34.8,46,0.8
2019-08-18 14:00:00,782.0,34.5,47,1.6
2019-08-18 15:00:00,614.0,34.3,48,5.1
2019-08-18 16:00:00,482.0,33.7,49,6.6
2019-08-18 17:00:00,276.0,32.8,52,8.7
2019-08-19 06:00:00,1.0,25.6,72,7.0
2019-08-19 07:00:00,106.0,27.8,69,9.8
2019-08-19 08:00:00,330.0,30.0,60,8.0
2019-08-19 09:00:00,560.0,32.0,52,6.8
2019-08-19 10:00:00,752.0,33.8,47,5.0
2019-08-19 11:00:00,890.0,35.3,43,4.4
2019-08-19 12:00:00,964.0,36.7,37,5.3
2019-08-19 13:00:00,961.0,37.8,34,4.4
2019-08-19 14:00:00,803.0,35.6,41,13.8
2019-08-19 15:00:00,511.0,34.5,45,9.8
2019-08-19 16:00:00,401.0,33.7,51,7.2
2019-08-19 17:00:00,228.0,33.0,53,5.6
2019-08-20 06:00:00,1.0,24.5,96,4.0
2019-08-20 07:00:00,101.0,25.7,88,0.8
2019-08-20 08:00:00,315.0,28.2,71,8.6
2019-08-20 09:00:00,550.0,30.4,58,8.7
2019-08-20 10:00:00,744.0,32.5,51,3.1
2019-08-20 11:00:00,892.0,34.7,43,4.8
2019-08-20 12:00:00,965.0,36.2,38,9.0
2019-08-20 13:00:00,949.0,37.0,35,11.0
2019-08-20 14:00:00,842.0,37.2,34,10.4
2019-08-20 15:00:00,669.0,37.2,33,11.2
2019-08-20 16:00:00,408.0,35.4,38,5.9
2019-08-20 17:00:00,240.0,34.3,43,7.2
2019-08-21 06:00:00,1.0,26.9,76,11.1
2019-08-21 07:00:00,100.0,28.5,67,3.1
2019-08-21 08:00:00,250.0,29.8,61,4.0
2019-08-21 09:00:00,428.0,31.7,52,5.7
2019-08-21 10:00:00,670.0,33.7,46,7.1
2019-08-21 11:00:00,731.0,35.0,41,7.2
2019-08-21 12:00:00,923.0,37.0,35,9.7
2019-08-21 13:00:00,895.0,37.7,32,10.2
2019-08-21 14:00:00,790.0,37.8,31,9.4
2019-08-21 15:00:00,696.0,37.7,31,8.9
2019-08-21 16:00:00,498.0,36.6,34,12.6
2019-08-21 17:00:00,258.0,33.9,44,12.1
2019-08-22 06:00:00,1.0,26.5,64,6.4
2019-08-22 07:00:00,94.0,28.4,59,4.6
2019-08-22 08:00:00,315.0,30.8,48,8.5
2019-08-22 09:00:00,554.0,33.2,40,7.9
2019-08-22 10:00:00,749.0,35.2,37,7.1
2019-08-22 11:00:00,895.0,36.8,33,7.3
2019-08-22 12:00:00,946.0,37.8,32,8.6
2019-08-22 13:00:00,908.0,38.3,31,8.7
2019-08-22 14:00:00,793.0,38.2,30,6.9
2019-08-22 15:00:00,642.0,38.2,30,7.4
2019-08-22 16:00:00,447.0,35.7,40,15.7
2019-08-22 17:00:00,193.0,33.2,51,12.0
2019-08-23 06:00:00,1.0,26.8,75,10.2
2019-08-23 07:00:00,88.0,29.4,64,13.2
2019-08-23 08:00:00,306.0,31.6,57,12.6
2019-08-23 09:00:00,526.0,33.7,48,9.4
2019-08-23 10:00:00,683.0,35.5,40,6.8
2019-08-23 11:00:00,801.0,36.8,36,9.1
2019-08-23 12:00:00,886.0,37.8,35,11.3
2019-08-23 13:00:00,917.0,38.0,34,10.7
2019-08-23 14:00:00,776.0,38.1,34,6.1
2019-08-23 15:00:00,463.0,33.3,53,9.3
2019-08-23 16:00:00,377.0,33.2,54,10.9
2019-08-23 17:00:00,232.0,33.5,50,9.4
2019-08-24 06:00:00,1.0,27.3,71,6.4
2019-08-24 07:00:00,102.0,29.1,64,7.5
2019-08-24 08:00:00,313.0,31.1,55,8.8
2019-08-24 09:00:00,535.0,33.3,48,8.4
2019-08-24 10:00:00,739.0,35.4,41,6.2
2019-08-24 11:00:00,860.0,37.1,34,8.7
2019-08-24 12:00:00,950.0,38.3,31,11.8
2019-08-24 13:00:00,954.0,37.7,33,16.4
2019-08-24 14:00:00,773.0,38.1,30,6.8
2019-08-24 15:00:00,653.0,36.6,33,7.4
2019-08-24 16:00:00,262.0,35.0,38,4.2
2019-08-24 17:00:00,202.0,34.2,41,7.6
2019-08-25 06:00:00,1.0,26.7,78,5.9
2019-08-25 07:00:00,106.0,27.5,79,5.6
2019-08-25 08:00:00,308.0,29.4,71,4.7
2019-08-25 09:00:00,492.0,31.2,60,4.9
2019-08-25 10:00:00,690.0,33.3,50,6.3
2019-08-25 11:00:00,894.0,35.7,40,6.9
2019-08-25 12:00:00,944.0,37.1,34,8.4
2019-08-25 13:00:00,893.0,37.7,32,8.0
2019-08-25 14:00:00,865.0,38.6,30,8.7
2019-08-25 15:00:00,679.0,38.3,30,9.8
2019-08-25 16:00:00,426.0,37.5,30,6.5
2019-08-25 17:00:00,184.0,35.2,36,8.4
2019-08-26 06:00:00,1.0,27.5,64,10.6
2019-08-26 07:00:00,106.0,29.5,59,11.1
2019-08-26 08:00:00,328.0,31.5,51,8.4
2019-08-26 09:00:00,550.0,34.0,42,8.0
2019-08-26 10:00:00,754.0,36.0,36,9.1
2019-08-26 11:00:00,871.0,37.3,33,9.4
2019-08-26 12:00:00,878.0,38.2,30,8.2
2019-08-26 13:00:00,789.0,38.6,30,8.4
2019-08-26 14:00:00,782.0,39.0,29,8.9
2019-08-26 15:00:00,606.0,38.7,29,7.0
2019-08-26 16:00:00,364.0,37.8,30,4.5
2019-08-26 17:00:00,233.0,37.9,28,8.4
2019-08-27 06:00:00,1.0,27.9,69,16.0
2019-08-27 07:00:00,107.0,29.7,62,16.6
2019-08-27 08:00:00,332.0,32.7,49,13.7
2019-08-27 09:00:00,558.0,35.2,39,13.0
2019-08-27 10:00:00,759.0,37.2,32,14.0
2019-08-27 11:00:00,870.0,38.5,28,12.1
2019-08-27 12:00:00,923.0,39.5,26,9.6
2019-08-27 13:00:00,857.0,40.0,25,7.0
2019-08-27 14:00:00,809.0,40.8,24,8.2
2019-08-27 15:00:00,627.0,40.2,23,13.6
2019-08-27 16:00:00,387.0,38.5,25,13.0
2019-08-27 17:00:00,250.0,38.2,26,13.5
2019-08-28 06:00:00,1.0,27.8,69,18.6
2019-08-28 07:00:00,101.0,29.8,60,10.5
2019-08-28 08:00:00,241.0,31.9,50,10.9
2019-08-28 09:00:00,416.0,33.7,43,6.4
2019-08-28 10:00:00,566.0,35.3,38,5.2
2019-08-28 11:00:00,608.0,36.4,34,6.2
2019-08-28 12:00:00,812.0,38.0,30,7.8
2019-08-28 13:00:00,908.0,39.3,27,8.7
2019-08-28 14:00:00,844.0,39.5,26,16.5
2019-08-28 15:00:00,685.0,38.0,30,17.5
2019-08-28 16:00:00,424.0,38.0,28,14.6
2019-08-28 17:00:00,208.0,33.7,47,15.3
2019-08-29 06:00:00,1.0,27.6,74,6.2
2019-08-29 07:00:00,105.0,28.5,74,7.9
2019-08-29 08:00:00,328.0,30.6,63,2.5
2019-08-29 09:00:00,539.0,32.8,51,2.8
2019-08-29 10:00:00,732.0,34.8,43,4.5
2019-08-29 11:00:00,865.0,36.5,37,6.7
2019-08-29 12:00:00,885.0,37.5,34,7.6
2019-08-29 13:00:00,811.0,38.5,31,6.5
2019-08-29 14:00:00,724.0,37.8,30,1.8
2019-08-29 15:00:00,580.0,36.5,37,12.1
2019-08-29 16:00:00,297.0,34.7,45,3.8
2019-08-29 17:00:00,148.0,34.8,41,5.4
2019-08-30 06:00:00,1.0,27.6,73,3.8
2019-08-30 07:00:00,101.0,29.9,59,7.4
2019-08-30 08:00:00,323.0,31.6,55,7.1
2019-08-30 09:00:00,539.0,33.5,49,7.7
2019-08-30 10:00:00,722.0,35.4,43,7.6
2019-08-30 11:00:00,880.0,37.0,37,8.7
2019-08-30 12:00:00,885.0,38.0,34,8.9
2019-08-30 13:00:00,826.0,38.5,32,8.9
2019-08-30 14:00:00,743.0,38.7,31,7.5
2019-08-30 15:00:00,610.0,38.3,31,5.3
2019-08-30 16:00:00,387.0,36.8,35,15.3
2019-08-30 17:00:00,243.0,32.8,50,16.1
2019-08-31 06:00:00,1.0,27.2,82,6.5
2019-08-31 07:00:00,106.0,28.4,78,6.5
2019-08-31 08:00:00,326.0,30.4,68,6.2
2019-08-31 09:00:00,551.0,32.8,56,6.2
2019-08-31 10:00:00,738.0,35.2,46,6.6
2019-08-31 11:00:00,885.0,37.0,39,8.3
2019-08-31 12:00:00,948.0,38.2,36,6.8
2019-08-31 13:00:00,850.0,38.4,34,6.0
2019-08-31 14:00:00,520.0,37.6,35,4.4
2019-08-31 15:00:00,323.0,31.6,61,20.3
2019-08-31 16:00:00,276.0,33.6,54,12.9
2019-08-31 17:00:00,196.0,33.1,55,8.9
2019-09-01 06:00:00,1.0,24.5,93,7.6
2019-09-01 07:00:00,56.0,24.8,91,4.7
2019-09-01 08:00:00,233.0,26.9,80,3.4
2019-09-01 09:00:00,516.0,29.9,67,6.4
2019-09-01 10:00:00,600.0,31.7,59,5.1
2019-09-01 11:00:00,817.0,34.1,50,5.8
2019-09-01 12:00:00,806.0,35.5,44,6.5
2019-09-01 13:00:00,852.0,36.7,40,5.9
2019-09-01 14:00:00,849.0,37.8,37,6.1
2019-09-01 15:00:00,649.0,36.6,39,4.8
2019-09-01 16:00:00,341.0,31.9,62,15.9
2019-09-01 17:00:00,103.0,27.0,83,14.1
2019-09-02 06:00:00,1.0,25.8,93,7.0
2019-09-02 07:00:00,98.0,26.8,87,5.9
2019-09-02 08:00:00,290.0,28.5,75,1.9
2019-09-02 09:00:00,531.0,31.0,62,5.5
2019-09-02 10:00:00,762.0,33.2,53,4.5
2019-09-02 11:00:00,836.0,34.7,49,3.3
2019-09-02 12:00:00,880.0,35.7,46,4.9
2019-09-02 13:00:00,665.0,31.6,61,11.4
2019-09-02 14:00:00,244.0,29.9,68,3.1
2019-09-02 15:00:00,510.0,31.8,62,5.1
2019-09-02 16:00:00,397.0,32.0,61,2.5
2019-09-02 17:00:00,180.0,30.7,66,3.7
2019-09-03 06:00:00,1.0,24.5,99,4.7
2019-09-03 07:00:00,76.0,26.8,79,6.8
2019-09-03 08:00:00,292.0,29.1,65,7.4
2019-09-03 09:00:00,518.0,31.7,54,7.6
2019-09-03 10:00:00,728.0,34.0,46,7.2
2019-09-03 11:00:00,862.0,35.8,40,9.4
2019-09-03 12:00:00,887.0,36.6,38,10.5
2019-09-03 13:00:00,823.0,36.8,37,8.7
2019-09-03 14:00:00,765.0,37.1,35,7.4
2019-09-03 15:00:00,508.0,35.9,40,13.9
2019-09-03 16:00:00,290.0,34.5,46,14.0
2019-09-03 17:00:00,190.0,33.5,51,14.1
2019-09-04 06:00:00,2.0,25.0,96,0.5
2019-09-04 07:00:00,111.0,27.3,85,3.7
2019-09-04 08:00:00,312.0,29.6,73,2.9
2019-09-04 09:00:00,482.0,31.5,64,4.7
2019-09-04 10:00:00,670.0,33.7,53,2.9
2019-09-04 11:00:00,855.0,36.0,43,2.2
2019-09-04 12:00:00,870.0,37.3,36,3.1
2019-09-04 13:00:00,866.0,38.2,33,2.2
2019-09-04 14:00:00,717.0,38.4,33,2.1
2019-09-04 15:00:00,489.0,36.3,42,9.9
2019-09-04 16:00:00,358.0,35.5,47,11.5
2019-09-04 17:00:00,243.0,34.9,49,8.1
2019-09-05 06:00:00,1.0,25.9,95,5.4
2019-09-05 07:00:00,98.0,27.6,85,6.5
2019-09-05 08:00:00,262.0,29.5,74,6.9
2019-09-05 09:00:00,448.0,31.1,68,7.9
2019-09-05 10:00:00,559.0,31.0,68,9.2
2019-09-05 11:00:00,493.0,31.2,68,3.9
2019-09-05 12:00:00,687.0,33.0,61,3.5
2019-09-05 13:00:00,740.0,34.2,55,4.0
2019-09-05 14:00:00,712.0,35.1,49,1.9
2019-09-05 15:00:00,596.0,35.3,46,3.3
2019-09-05 16:00:00,451.0,33.5,51,2.3
2019-09-05 17:00:00,204.0,31.9,60,5.8
2019-09-06 06:00:00,1.0,26.8,82,11.8
2019-09-06 07:00:00,82.0,27.3,81,4.0
2019-09-06 08:00:00,146.0,28.1,76,2.6
2019-09-06 09:00:00,554.0,31.5,60,1.3
2019-09-06 10:00:00,750.0,33.8,50,2.3
2019-09-06 11:00:00,795.0,35.3,43,4.0
2019-09-06 12:00:00,855.0,36.5,39,3.4
2019-09-06 13:00:00,820.0,36.6,38,3.3
2019-09-06 14:00:00,706.0,36.0,42,8.9
2019-09-06 15:00:00,528.0,35.1,48,6.7
2019-09-06 16:00:00,314.0,33.5,55,8.5
2019-09-06 17:00:00,175.0,33.6,53,6.5
2019-09-07 06:00:00,2.0,26.5,76,6.5
2019-09-07 07:00:00,110.0,28.2,67,4.6
2019-09-07 08:00:00,337.0,30.6,57,4.0
2019-09-07 09:00:00,566.0,32.8,50,3.8
2019-09-07 10:00:00,767.0,34.8,44,4.9
2019-09-07 11:00:00,908.0,36.5,39,6.1
2019-09-07 12:00:00,955.0,37.7,34,5.1
2019-09-07 13:00:00,893.0,38.7,31,4.2
2019-09-07 14:00:00,765.0,38.0,30,2.2
2019-09-07 15:00:00,493.0,35.1,47,6.8
2019-09-07 16:00:00,321.0,34.2,50,6.8
2019-09-07 17:00:00,167.0,33.8,50,7.0
2019-09-08 06:00:00,2.0,26.0,84,7.4
2019-09-08 07:00:00,111.0,27.0,84,8.5
2019-09-08 08:00:00,288.0,29.3,73,8.4
2019-09-08 09:00:00,425.0,30.9,64,10.8
2019-09-08 10:00:00,578.0,32.5,56,8.6
2019-09-08 11:00:00,811.0,34.3,49,7.2
2019-09-08 12:00:00,934.0,36.2,41,6.3
2019-09-08 13:00:00,863.0,37.3,36,8.7
2019-09-08 14:00:00,742.0,37.8,34,10.1
2019-09-08 15:00:00,627.0,37.9,32,9.2
2019-09-08 16:00:00,425.0,37.2,33,7.1
2019-09-08 17:00:00,218.0,35.8,37,5.5
2019-09-09 06:00:00,2.0,27.1,81,7.6
2019-09-09 07:00:00,109.0,28.3,76,4.7
2019-09-09 08:00:00,335.0,30.5,66,3.5
2019-09-09 09:00:00,572.0,33.2,52,3.1
2019-09-09 10:00:00,768.0,35.5,43,5.6
2019-09-09 11:00:00,902.0,37.2,37,8.4
2019-09-09 12:00:00,948.0,38.5,33,9.7
2019-09-09 13:00:00,886.0,39.0,30,11.4
2019-09-09 14:00:00,807.0,39.4,27,8.0
2019-09-09 15:00:00,625.0,38.7,29,6.6
2019-09-09 16:00:00,384.0,36.2,34,4.0
2019-09-09 17:00:00,196.0,34.8,41,10.5
2019-09-10 06:00:00,2.0,27.9,67,11.2
2019-09-10 07:00:00,113.0,29.8,64,7.0
2019-09-10 08:00:00,341.0,32.0,53,6.2
2019-09-10 09:00:00,571.0,34.2,44,7.4
2019-09-10 10:00:00,761.0,36.1,38,9.2
2019-09-10 11:00:00,897.0,37.8,33,9.6
2019-09-10 12:00:00,967.0,39.0,30,9.8
2019-09-10 13:00:00,862.0,39.7,29,9.2
2019-09-10 14:00:00,748.0,40.0,27,10.4
2019-09-10 15:00:00,619.0,39.9,26,9.1
2019-09-10 16:00:00,422.0,39.4,27,9.2
2019-09-10 17:00:00,246.0,36.3,38,15.3
2019-09-11 06:00:00,2.0,27.9,65,1.6
2019-09-11 07:00:00,106.0,29.4,60,4.3
2019-09-11 08:00:00,299.0,31.5,51,5.8
2019-09-11 09:00:00,559.0,34.0,47,6.7
2019-09-11 10:00:00,736.0,36.0,40,8.0
2019-09-11 11:00:00,777.0,37.3,35,10.2
2019-09-11 12:00:00,862.0,38.7,32,8.4
2019-09-11 13:00:00,911.0,39.5,30,6.6
2019-09-11 14:00:00,772.0,40.0,28,4.4
2019-09-11 15:00:00,571.0,40.2,27,5.9
2019-09-11 16:00:00,411.0,36.5,36,13.5
2019-09-11 17:00:00,134.0,28.0,78,17.3
2019-09-12 06:00:00,1.0,24.7,91,4.8
2019-09-12 07:00:00,82.0,27.2,81,5.9
2019-09-12 08:00:00,212.0,28.8,71,6.2
2019-09-12 09:00:00,425.0,30.8,63,8.3
2019-09-12 10:00:00,724.0,33.5,53,6.1
2019-09-12 11:00:00,622.0,34.6,48,6.5
2019-09-12 12:00:00,814.0,36.4,42,6.6
2019-09-12 13:00:00,777.0,37.5,38,8.3
2019-09-12 14:00:00,544.0,36.6,40,8.1
2019-09-12 15:00:00,510.0,36.8,41,6.1
2019-09-12 16:00:00,272.0,35.8,43,6.8
2019-09-12 17:00:00,141.0,33.5,52,10.8
2019-09-13 06:00:00,1.0,25.5,94,5.6
2019-09-13 07:00:00,58.0,27.4,86,6.8
2019-09-13 08:00:00,200.0,28.0,82,8.5
2019-09-13 09:00:00,385.0,29.8,72,4.4
2019-09-13 10:00:00,529.0,32.0,60,3.4
2019-09-13 11:00:00,586.0,33.7,53,4.7
2019-09-13 12:00:00,747.0,35.2,49,4.8
2019-09-13 13:00:00,760.0,36.2,45,3.8
2019-09-13 14:00:00,649.0,36.3,45,6.6
2019-09-13 15:00:00,510.0,36.3,41,13.0
2019-09-13 16:00:00,209.0,28.0,86,12.1
2019-09-13 17:00:00,99.0,28.8,82,6.5
2019-09-14 06:00:00,2.0,26.6,83,8.6
2019-09-14 07:00:00,104.0,28.2,76,1.9
2019-09-14 08:00:00,294.0,30.0,69,1.9
2019-09-14 09:00:00,523.0,32.2,59,5.9
2019-09-14 10:00:00,628.0,33.7,53,7.6
2019-09-14 11:00:00,745.0,34.8,49,4.8
2019-09-14 12:00:00,880.0,36.3,44,0.7
2019-09-14 13:00:00,891.0,37.6,38,2.3
2019-09-14 14:00:00,731.0,38.2,34,4.9
2019-09-14 15:00:00,469.0,33.2,50,10.1
2019-09-14 16:00:00,277.0,32.8,54,7.1
2019-09-14 17:00:00,140.0,33.0,54,3.7
2019-09-15 06:00:00,2.0,26.6,82,1.9
2019-09-15 07:00:00,112.0,28.4,73,3.3
2019-09-15 08:00:00,260.0,30.0,66,4.0
2019-09-15 09:00:00,519.0,32.0,60,5.4
2019-09-15 10:00:00,763.0,33.8,54,4.3
2019-09-15 11:00:00,800.0,35.2,48,3.0
2019-09-15 12:00:00,891.0,36.6,43,1.1
2019-09-15 13:00:00,824.0,37.2,41,1.1
2019-09-15 14:00:00,758.0,33.6,49,11.3
2019-09-15 15:00:00,429.0,32.6,57,10.8
2019-09-15 16:00:00,290.0,32.3,59,8.4
2019-09-15 17:00:00,187.0,32.3,58,10.9
2019-09-16 06:00:00,2.0,24.6,94,3.3
2019-09-16 07:00:00,103.0,25.7,91,1.8
2019-09-16 08:00:00,300.0,27.2,82,1.8
2019-09-16 09:00:00,538.0,29.5,70,3.8
2019-09-16 10:00:00,697.0,31.2,65,3.8
2019-09-16 11:00:00,814.0,32.4,64,5.2
2019-09-16 12:00:00,613.0,32.3,65,7.6
2019-09-16 13:00:00,675.0,32.3,64,8.6
2019-09-16 14:00:00,691.0,32.5,59,6.1
2019-09-16 15:00:00,471.0,31.0,65,8.4
2019-09-16 16:00:00,193.0,28.6,78,4.7
2019-09-16 17:00:00,112.0,28.7,78,6.5
2019-09-17 06:00:00,1.0,24.6,96,6.4
2019-09-17 07:00:00,55.0,25.5,93,4.1
2019-09-17 08:00:00,213.0,26.6,85,4.4
2019-09-17 09:00:00,435.0,28.2,76,3.6
2019-09-17 10:00:00,619.0,30.1,67,4.3
2019-09-17 11:00:00,821.0,32.0,61,4.3
2019-09-17 12:00:00,844.0,33.0,58,5.1
2019-09-17 13:00:00,865.0,33.8,56,5.2
2019-09-17 14:00:00,733.0,33.5,57,5.5
2019-09-17 15:00:00,630.0,32.8,61,8.1
2019-09-17 16:00:00,322.0,28.0,78,9.7
2019-09-17 17:00:00,65.0,26.1,88,2.2
2019-09-18 06:00:00,1.0,24.0,97,6.5
2019-09-18 07:00:00,48.0,25.0,93,6.3
2019-09-18 08:00:00,139.0,25.2,92,7.2
2019-09-18 09:00:00,197.0,25.5,89,6.7
2019-09-18 10:00:00,448.0,26.9,85,6.5
2019-09-18 11:00:00,406.0,27.5,82,6.5
2019-09-18 12:00:00,546.0,28.3,79,8.5
2019-09-18 13:00:00,566.0,27.4,83,10.4
2019-09-18 14:00:00,314.0,27.0,85,11.3
2019-09-18 15:00:00,416.0,27.6,83,7.1
2019-09-18 16:00:00,270.0,27.9,79,6.2
2019-09-18 17:00:00,175.0,27.5,80,7.1
2019-09-19 06:00:00,0.0,22.9,98,7.1
2019-09-19 07:00:00,11.0,23.0,96,4.6
2019-09-19 08:00:00,64.0,23.6,93,8.5
2019-09-19 09:00:00,174.0,24.4,91,7.3
2019-09-19 10:00:00,364.0,25.6,89,5.2
2019-09-19 11:00:00,428.0,26.2,89,4.2
2019-09-19 12:00:00,433.0,27.1,82,6.4
2019-09-19 13:00:00,243.0,26.0,83,8.6
2019-09-19 14:00:00,310.0,26.5,79,6.2
2019-09-19 15:00:00,249.0,26.5,79,5.6
2019-09-19 16:00:00,207.0,26.1,84,4.0
2019-09-19 17:00:00,109.0,25.7,87,4.0
2019-09-20 06:00:00,1.0,23.5,98,2.7
2019-09-20 07:00:00,44.0,24.5,96,1.9
2019-09-20 08:00:00,145.0,25.3,91,2.2
2019-09-20 09:00:00,326.0,26.5,85,1.1
2019-09-20 10:00:00,502.0,27.6,77,0.5
2019-09-20 11:00:00,645.0,28.6,71,1.8
2019-09-20 12:00:00,599.0,29.0,68,1.3
2019-09-20 13:00:00,522.0,29.3,67,1.1
2019-09-20 14:00:00,452.0,29.6,66,1.8
2019-09-20 15:00:00,401.0,29.7,66,0.4
2019-09-20 16:00:00,400.0,29.8,66,1.8
2019-09-20 17:00:00,234.0,29.4,67,2.3
2019-09-21 06:00:00,1.0,23.9,97,1.8
2019-09-21 07:00:00,69.0,24.2,97,4.7
2019-09-21 08:00:00,53.0,24.5,95,4.0
2019-09-21 09:00:00,73.0,24.6,93,3.9
2019-09-21 10:00:00,139.0,24.8,96,4.4
2019-09-21 11:00:00,149.0,25.0,94,5.2
2019-09-21 12:00:00,157.0,25.2,90,4.4
2019-09-21 13:00:00,287.0,26.0,87,2.1
2019-09-21 14:00:00,364.0,26.3,84,1.6
2019-09-21 15:00:00,265.0,26.5,84,1.8
2019-09-21 16:00:00,323.0,26.9,82,2.7
2019-09-21 17:00:00,139.0,26.4,85,2.4
2019-09-22 06:00:00,1.0,23.8,100,0.8
2019-09-22 07:00:00,87.0,24.6,94,4.1
2019-09-22 08:00:00,252.0,25.8,88,2.8
2019-09-22 09:00:00,487.0,27.5,79,2.2
2019-09-22 10:00:00,670.0,29.0,75,1.1
2019-09-22 11:00:00,774.0,29.7,75,2.3
2019-09-22 12:00:00,780.0,30.0,76,5.9
2019-09-22 13:00:00,738.0,30.2,75,6.5
2019-09-22 14:00:00,683.0,30.2,73,3.9
2019-09-22 15:00:00,527.0,29.6,74,1.8
2019-09-22 16:00:00,281.0,27.1,83,8.7
2019-09-22 17:00:00,105.0,26.5,85,3.6
2019-09-23 06:00:00,2.0,24.0,99,4.1
2019-09-23 07:00:00,94.0,25.0,95,5.9
2019-09-23 08:00:00,173.0,25.5,91,6.5
2019-09-23 09:00:00,222.0,26.2,86,6.3
2019-09-23 10:00:00,727.0,28.8,79,7.2
2019-09-23 11:00:00,634.0,28.7,86,9.8
2019-09-23 12:00:00,769.0,29.9,75,9.9
2019-09-23 13:00:00,659.0,30.2,72,8.2
2019-09-23 14:00:00,548.0,29.4,76,5.4
2019-09-23 15:00:00,378.0,28.1,81,8.2
2019-09-23 16:00:00,332.0,27.5,85,3.7
2019-09-23 17:00:00,135.0,26.9,86,5.6
2019-09-24 06:00:00,2.0,23.9,98,1.1
2019-09-24 07:00:00,104.0,24.1,97,2.3
2019-09-24 08:00:00,116.0,24.9,93,3.1
2019-09-24 09:00:00,256.0,25.8,88,3.9
2019-09-24 10:00:00,432.0,26.9,83,4.7
2019-09-24 11:00:00,542.0,28.0,77,4.5
2019-09-24 12:00:00,519.0,28.5,75,3.6
2019-09-24 13:00:00,627.0,29.2,72,3.0
2019-09-24 14:00:00,642.0,29.9,69,2.6
2019-09-24 15:00:00,507.0,30.2,66,2.4
2019-09-24 16:00:00,339.0,30.0,66,1.9
2019-09-24 17:00:00,175.0,29.2,73,4.6
2019-09-25 06:00:00,2.0,24.0,99,1.5
2019-09-25 07:00:00,94.0,25.5,92,3.7
2019-09-25 08:00:00,197.0,26.7,86,3.8
2019-09-25 09:00:00,448.0,28.5,77,3.2
2019-09-25 10:00:00,711.0,30.0,70,4.3
2019-09-25 11:00:00,815.0,30.9,66,3.3
2019-09-25 12:00:00,824.0,31.2,65,3.7
2019-09-25 13:00:00,832.0,31.7,66,2.6
2019-09-25 14:00:00,640.0,31.2,67,2.9
2019-09-25 15:00:00,521.0,30.6,66,0.8
2019-09-25 16:00:00,310.0,30.2,67,2.7
2019-09-25 17:00:00,126.0,29.0,78,8.0
2019-09-26 06:00:00,1.0,24.4,97,4.3
2019-09-26 07:00:00,69.0,24.6,96,6.8
2019-09-26 08:00:00,101.0,25.0,98,6.1
2019-09-26 09:00:00,215.0,25.8,96,5.9
2019-09-26 10:00:00,452.0,27.0,89,6.1
2019-09-26 11:00:00,527.0,27.1,83,11.3
2019-09-26 12:00:00,479.0,27.0,84,8.3
2019-09-26 13:00:00,552.0,28.2,77,6.2
2019-09-26 14:00:00,359.0,28.4,76,3.6
2019-09-26 15:00:00,456.0,29.0,73,3.5
2019-09-26 16:00:00,262.0,28.9,73,2.3
2019-09-26 17:00:00,131.0,28.2,78,3.9
2019-09-27 06:00:00,2.0,24.8,89,7.8
2019-09-27 07:00:00,100.0,26.0,86,7.3
2019-09-27 08:00:00,267.0,27.4,80,8.6
2019-09-27 09:00:00,507.0,29.0,73,7.8
2019-09-27 10:00:00,706.0,30.5,67,4.6
2019-09-27 11:00:00,717.0,31.5,63,1.1
2019-09-27 12:00:00,856.0,32.5,59,3.1
2019-09-27 13:00:00,804.0,33.0,56,2.7
2019-09-27 14:00:00,775.0,33.5,54,1.8
2019-09-27 15:00:00,608.0,32.7,57,2.0
2019-09-27 16:00:00,348.0,32.3,60,2.9
2019-09-27 17:00:00,197.0,31.0,74,1.8
2019-09-28 06:00:00,2.0,24.6,94,0.4
2019-09-28 07:00:00,113.0,26.5,86,1.0
2019-09-28 08:00:00,321.0,28.1,80,2.5
2019-09-28 09:00:00,553.0,29.8,74,3.4
2019-09-28 10:00:00,744.0,31.1,68,5.4
2019-09-28 11:00:00,868.0,32.3,62,5.8
2019-09-28 12:00:00,950.0,33.5,56,3.7
2019-09-28 13:00:00,864.0,34.0,53,1.1
2019-09-28 14:00:00,739.0,33.8,54,1.8
2019-09-28 15:00:00,654.0,33.7,57,5.2
2019-09-28 16:00:00,410.0,30.3,72,11.6
2019-09-28 17:00:00,156.0,30.0,75,12.1
2019-09-29 06:00:00,2.0,24.4,96,5.1
2019-09-29 07:00:00,103.0,24.9,93,6.4
2019-09-29 08:00:00,263.0,25.9,88,2.9
2019-09-29 09:00:00,541.0,27.8,79,5.4
2019-09-29 10:00:00,667.0,29.0,74,6.3
2019-09-29 11:00:00,840.0,30.4,69,5.2
2019-09-29 12:00:00,842.0,31.2,65,4.1
2019-09-29 13:00:00,901.0,32.0,61,3.9
2019-09-29 14:00:00,760.0,32.3,57,0.5
2019-09-29 15:00:00,647.0,32.3,56,2.5
2019-09-29 16:00:00,417.0,31.4,61,9.0
2019-09-29 17:00:00,194.0,30.2,67,9.4
2019-09-30 06:00:00,1.0,24.4,95,4.9
2019-09-30 07:00:00,65.0,25.2,93,7.2
2019-09-30 08:00:00,201.0,26.0,86,5.9
2019-09-30 09:00:00,317.0,26.7,82,5.6
2019-09-30 10:00:00,560.0,28.3,75,4.8
2019-09-30 11:00:00,603.0,29.6,69,7.3
2019-09-30 12:00:00,795.0,30.6,65,7.7
2019-09-30 13:00:00,721.0,30.8,64,7.8
2019-09-30 14:00:00,591.0,30.8,64,7.0
2019-09-30 15:00:00,503.0,30.9,64,6.2
2019-09-30 16:00:00,373.0,30.9,60,5.4
2019-09-30 17:00:00,139.0,30.0,69,3.5
2019-10-01 06:00:00,2.0,23.9,99,1.6
2019-10-01 07:00:00,78.0,24.9,97,6.2
2019-10-01 08:00:00,228.0,26.0,89,4.3
2019-10-01 09:00:00,450.0,27.5,80,2.6
2019-10-01 10:00:00,537.0,28.9,74,4.2
2019-10-01 11:00:00,767.0,30.2,69,3.4
2019-10-01 12:00:00,748.0,30.9,66,2.5
2019-10-01 13:00:00,780.0,31.5,63,3.1
2019-10-01 14:00:00,758.0,31.7,62,3.2
2019-10-01 15:00:00,557.0,31.9,62,1.6
2019-10-01 16:00:00,412.0,31.0,64,3.7
2019-10-01 17:00:00,170.0,28.4,79,10.7
2019-10-02 06:00:00,1.0,23.5,97,3.4
2019-10-02 07:00:00,39.0,24.2,95,5.4
2019-10-02 08:00:00,169.0,25.1,91,5.7
2019-10-02 09:00:00,380.0,26.4,87,3.4
2019-10-02 10:00:00,466.0,27.8,82,0.8
2019-10-02 11:00:00,711.0,29.7,71,6.4
2019-10-02 12:00:00,905.0,30.9,65,8.1
2019-10-02 13:00:00,791.0,31.0,64,7.9
2019-10-02 14:00:00,654.0,30.5,65,9.8
2019-10-02 15:00:00,411.0,27.5,80,13.2
2019-10-02 16:00:00,150.0,26.1,88,7.4
2019-10-02 17:00:00,77.0,25.9,91,5.9
2019-10-03 06:00:00,2.0,23.5,99,4.5
2019-10-03 07:00:00,91.0,24.2,96,1.8
2019-10-03 08:00:00,198.0,25.0,92,5.6
2019-10-03 09:00:00,221.0,25.0,92,11.0
2019-10-03 10:00:00,410.0,26.2,86,9.4
2019-10-03 11:00:00,762.0,28.5,77,8.0
2019-10-03 12:00:00,674.0,29.5,71,7.5
2019-10-03 13:00:00,761.0,30.4,67,5.8
2019-10-03 14:00:00,716.0,31.0,64,2.1
2019-10-03 15:00:00,545.0,30.1,70,6.0
2019-10-03 16:00:00,288.0,29.0,75,4.6
2019-10-03 17:00:00,168.0,28.6,78,3.8
2019-10-04 06:00:00,2.0,23.3,95,0.0
2019-10-04 07:00:00,106.0,24.3,90,1.9
2019-10-04 08:00:00,255.0,25.6,85,4.7
2019-10-04 09:00:00,436.0,27.2,80,5.1
2019-10-04 10:00:00,647.0,28.8,74,0.7
2019-10-04 11:00:00,836.0,30.3,69,2.1
2019-10-04 12:00:00,963.0,31.6,64,1.1
2019-10-04 13:00:00,836.0,31.9,64,1.3
2019-10-04 14:00:00,804.0,32.0,63,1.3
2019-10-04 15:00:00,600.0,32.0,63,1.0
2019-10-04 16:00:00,375.0,30.2,73,8.4
2019-10-04 17:00:00,161.0,26.5,90,14.7
2019-10-05 06:00:00,2.0,23.9,94,4.9
2019-10-05 07:00:00,78.0,24.0,94,9.0
2019-10-05 08:00:00,108.0,24.3,94,9.6
2019-10-05 09:00:00,167.0,24.9,92,6.1
2019-10-05 10:00:00,272.0,26.0,87,2.4
2019-10-05 11:00:00,522.0,28.0,80,2.6
2019-10-05 12:00:00,796.0,30.0,73,4.7
2019-10-05 13:00:00,882.0,31.0,68,4.3
2019-10-05 14:00:00,749.0,31.4,64,3.4
2019-10-05 15:00:00,558.0,31.5,63,2.4
2019-10-05 16:00:00,369.0,31.0,64,1.5
2019-10-05 17:00:00,141.0,30.1,71,3.1
2019-10-06 06:00:00,1.0,23.5,97,5.4
2019-10-06 07:00:00,54.0,25.0,92,4.0
2019-10-06 08:00:00,233.0,26.1,87,4.2
2019-10-06 09:00:00,432.0,27.5,79,2.2
2019-10-06 10:00:00,558.0,29.0,72,2.5
2019-10-06 11:00:00,691.0,30.2,66,0.7
2019-10-06 12:00:00,628.0,31.0,63,1.1
2019-10-06 13:00:00,895.0,31.8,62,0.8
2019-10-06 14:00:00,820.0,32.0,63,2.3
2019-10-06 15:00:00,611.0,31.2,65,2.6
2019-10-06 16:00:00,381.0,30.5,69,3.1
2019-10-06 17:00:00,160.0,28.7,78,8.8
2019-10-07 06:00:00,2.0,23.2,97,6.3
2019-10-07 07:00:00,85.0,24.5,94,4.6
2019-10-07 08:00:00,196.0,25.4,90,4.0
2019-10-07 09:00:00,450.0,27.0,81,5.5
2019-10-07 10:00:00,555.0,28.5,75,4.1
2019-10-07 11:00:00,791.0,29.8,71,4.3
2019-10-07 12:00:00,885.0,30.6,67,2.6
2019-10-07 13:00:00,889.0,31.4,65,1.9
2019-10-07 14:00:00,803.0,31.5,65,2.5
2019-10-07 15:00:00,601.0,31.2,67,2.1
2019-10-07 16:00:00,362.0,30.6,69,1.5
2019-10-07 17:00:00,150.0,28.8,81,8.4
2019-10-08 06:00:00,2.0,23.1,99,5.2
2019-10-08 07:00:00,100.0,24.4,91,6.1
2019-10-08 08:00:00,311.0,26.0,83,4.3
2019-10-08 09:00:00,485.0,27.5,78,4.6
2019-10-08 10:00:00,656.0,29.1,72,4.7
2019-10-08 11:00:00,856.0,30.5,67,4.6
2019-10-08 12:00:00,817.0,31.3,64,2.3
2019-10-08 13:00:00,706.0,31.4,66,2.9
2019-10-08 14:00:00,675.0,31.5,67,4.5
2019-10-08 15:00:00,572.0,29.7,72,9.0
2019-10-08 16:00:00,205.0,28.1,80,2.9
2019-10-08 17:00:00,103.0,27.7,87,8.8
2019-10-09 06:00:00,2.0,23.8,99,5.3
2019-10-09 07:00:00,93.0,24.2,94,1.4
2019-10-09 08:00:00,184.0,25.2,88,3.5
2019-10-09 09:00:00,369.0,26.5,84,6.1
2019-10-09 10:00:00,455.0,27.9,77,5.0
2019-10-09 11:00:00,475.0,28.8,72,2.3
2019-10-09 12:00:00,640.0,30.2,66,1.9
2019-10-09 13:00:00,724.0,31.0,65,4.3
2019-10-09 14:00:00,530.0,30.5,67,5.4
2019-10-09 15:00:00,598.0,31.0,65,2.5
2019-10-09 16:00:00,384.0,30.1,70,4.4
2019-10-09 17:00:00,119.0,28.1,84,7.2
2019-10-10 06:00:00,2.0,24.0,99,1.0
2019-10-10 07:00:00,87.0,24.6,95,4.6
2019-10-10 08:00:00,140.0,25.0,92,4.5
2019-10-10 09:00:00,227.0,25.5,89,4.6
2019-10-10 10:00:00,289.0,26.0,87,5.8
2019-10-10 11:00:00,337.0,26.3,86,4.6
2019-10-10 12:00:00,389.0,27.0,82,4.0
2019-10-10 13:00:00,442.0,27.9,77,4.9
2019-10-10 14:00:00,565.0,28.9,73,5.7
2019-10-10 15:00:00,478.0,29.1,72,6.2
2019-10-10 16:00:00,246.0,28.7,73,5.0
2019-10-10 17:00:00,118.0,28.0,79,3.0
2019-10-11 06:00:00,1.0,24.5,92,2.3
2019-10-11 07:00:00,79.0,25.8,87,0.4
2019-10-11 08:00:00,167.0,26.9,80,1.4
2019-10-11 09:00:00,336.0,28.2,74,0.8
2019-10-11 10:00:00,412.0,29.0,69,1.1
2019-10-11 11:00:00,533.0,29.5,69,1.8
2019-10-11 12:00:00,385.0,28.9,72,3.6
2019-10-11 13:00:00,481.0,29.1,73,4.7
2019-10-11 14:00:00,577.0,29.9,71,3.8
2019-10-11 15:00:00,522.0,28.6,74,6.8
2019-10-11 16:00:00,217.0,27.0,82,3.6
2019-10-11 17:00:00,80.0,26.6,86,3.6
2019-10-12 06:00:00,2.0,23.5,99,4.9
2019-10-12 07:00:00,89.0,24.2,95,3.8
2019-10-12 08:00:00,55.0,24.4,94,4.9
2019-10-12 09:00:00,124.0,24.9,90,5.8
2019-10-12 10:00:00,215.0,25.6,87,6.9
2019-10-12 11:00:00,196.0,25.9,86,6.1
2019-10-12 12:00:00,249.0,26.4,85,6.4
2019-10-12 13:00:00,399.0,27.4,81,6.4
2019-10-12 14:00:00,419.0,28.0,78,5.5
2019-10-12 15:00:00,642.0,29.4,71,5.5
2019-10-12 16:00:00,430.0,29.4,70,4.3
2019-10-12 17:00:00,189.0,28.8,74,1.9
2019-10-13 06:00:00,1.0,24.5,89,2.1
2019-10-13 07:00:00,57.0,24.9,89,3.3
2019-10-13 08:00:00,189.0,26.0,85,7.1
2019-10-13 09:00:00,393.0,27.5,78,9.6
2019-10-13 10:00:00,713.0,29.1,73,9.0
2019-10-13 11:00:00,870.0,30.4,69,5.8
2019-10-13 12:00:00,900.0,31.2,65,4.2
2019-10-13 13:00:00,748.0,31.5,64,3.1
2019-10-13 14:00:00,746.0,31.8,63,3.1
2019-10-13 15:00:00,523.0,30.5,69,2.2
2019-10-13 16:00:00,272.0,29.5,75,4.1
2019-10-13 17:00:00,129.0,28.1,83,3.3
2019-10-14 06:00:00,1.0,23.8,96,2.4
2019-10-14 07:00:00,53.0,25.0,96,2.9
2019-10-14 08:00:00,146.0,25.5,93,1.1
2019-10-14 09:00:00,359.0,27.0,83,0.5
2019-10-14 10:00:00,571.0,28.3,76,0.8
2019-10-14 11:00:00,717.0,29.3,77,2.0
2019-10-14 12:00:00,756.0,29.9,76,2.9
2019-10-14 13:00:00,777.0,30.4,75,2.2
2019-10-14 14:00:00,734.0,30.6,75,4.1
2019-10-14 15:00:00,472.0,30.0,75,2.1
2019-10-14 16:00:00,322.0,29.5,75,4.3
2019-10-14 17:00:00,81.0,27.6,86,5.4
2019-10-15 06:00:00,2.0,24.0,99,1.5
2019-10-15 07:00:00,96.0,25.3,86,3.6
2019-10-15 08:00:00,326.0,26.8,81,5.1
2019-10-15 09:00:00,578.0,28.8,73,6.3
2019-10-15 10:00:00,762.0,30.2,65,8.2
2019-10-15 11:00:00,873.0,31.0,62,9.5
2019-10-15 12:00:00,901.0,31.6,61,9.9
2019-10-15 13:00:00,866.0,32.2,60,7.9
2019-10-15 14:00:00,752.0,32.2,61,5.4
2019-10-15 15:00:00,579.0,32.2,61,4.7
2019-10-15 16:00:00,357.0,30.3,70,6.6
2019-10-15 17:00:00,164.0,29.5,77,3.2
2019-10-16 06:00:00,2.0,24.0,99,4.8
2019-10-16 07:00:00,65.0,24.9,95,6.9
2019-10-16 08:00:00,252.0,26.0,88,4.1
2019-10-16 09:00:00,398.0,27.2,82,3.3
2019-10-16 10:00:00,589.0,28.9,75,5.0
2019-10-16 11:00:00,674.0,29.5,74,7.9
2019-10-16 12:00:00,647.0,29.8,76,7.7
2019-10-16 13:00:00,563.0,29.5,78,6.0
2019-10-16 14:00:00,626.0,29.5,80,3.5
2019-10-16 15:00:00,438.0,29.2,77,2.8
2019-10-16 16:00:00,168.0,26.6,84,5.5
2019-10-16 17:00:00,39.0,26.3,87,0.8
2019-10-17 06:00:00,2.0,23.5,100,1.5
2019-10-17 07:00:00,86.0,25.1,94,2.7
2019-10-17 08:00:00,302.0,27.0,83,3.2
2019-10-17 09:00:00,500.0,28.3,78,2.4
2019-10-17 10:00:00,664.0,29.6,72,2.5
2019-10-17 11:00:00,793.0,30.9,66,4.2
2019-10-17 12:00:00,834.0,31.6,64,4.7
2019-10-17 13:00:00,849.0,30.8,69,4.7
2019-10-17 14:00:00,518.0,29.2,75,5.4
2019-10-17 15:00:00,261.0,29.1,77,4.7
2019-10-17 16:00:00,169.0,27.9,80,2.6
2019-10-17 17:00:00,70.0,26.8,89,5.2
2019-10-18 06:00:00,2.0,23.3,97,4.5
2019-10-18 07:00:00,106.0,25.1,93,2.5
2019-10-18 08:00:00,235.0,26.0,86,4.9
2019-10-18 09:00:00,450.0,27.0,81,5.2
2019-10-18 10:00:00,596.0,28.2,76,5.2
2019-10-18 11:00:00,810.0,30.0,69,7.2
2019-10-18 12:00:00,872.0,30.8,66,7.6
2019-10-18 13:00:00,860.0,31.4,62,6.1
2019-10-18 14:00:00,723.0,31.5,61,4.5
2019-10-18 15:00:00,527.0,31.0,63,2.6
2019-10-18 16:00:00,336.0,30.5,66,5.4
2019-10-18 17:00:00,133.0,29.2,77,5.8
2019-10-19 06:00:00,2.0,23.1,96,3.1
2019-10-19 07:00:00,56.0,24.0,91,4.7
2019-10-19 08:00:00,112.0,24.6,88,3.4
2019-10-19 09:00:00,186.0,25.5,84,4.9
2019-10-19 10:00:00,232.0,26.1,81,6.0
2019-10-19 11:00:00,387.0,27.1,77,6.6
2019-10-19 12:00:00,343.0,27.4,76,5.7
2019-10-19 13:00:00,334.0,27.9,73,4.2
2019-10-19 14:00:00,387.0,28.5,69,4.8
2019-10-19 15:00:00,315.0,28.7,68,3.1
2019-10-19 16:00:00,210.0,28.3,70,3.4
2019-10-19 17:00:00,120.0,27.2,80,4.3
2019-10-20 06:00:00,2.0,23.0,100,2.6
2019-10-20 07:00:00,82.0,24.4,94,3.6
2019-10-20 08:00:00,328.0,25.8,85,2.0
2019-10-20 09:00:00,517.0,27.4,77,1.1
2019-10-20 10:00:00,616.0,28.8,71,0.4
2019-10-20 11:00:00,752.0,29.8,68,0.7
2019-10-20 12:00:00,874.0,30.4,69,2.2
2019-10-20 13:00:00,836.0,30.5,70,2.4
2019-10-20 14:00:00,648.0,30.2,71,2.3
2019-10-20 15:00:00,475.0,29.9,73,2.5
2019-10-20 16:00:00,308.0,28.2,76,4.9
2019-10-20 17:00:00,118.0,27.0,81,2.3
2019-10-21 06:00:00,1.0,23.5,98,4.9
2019-10-21 07:00:00,65.0,25.0,96,5.0
2019-10-21 08:00:00,254.0,26.0,90,2.4
2019-10-21 09:00:00,360.0,26.9,87,4.9
2019-10-21 10:00:00,553.0,28.1,85,7.1
2019-10-21 11:00:00,693.0,28.4,78,9.2
2019-10-21 12:00:00,432.0,26.5,86,6.9
2019-10-21 13:00:00,354.0,27.5,82,3.6
2019-10-21 14:00:00,293.0,27.5,81,2.1
2019-10-21 15:00:00,346.0,27.6,83,2.6
2019-10-21 16:00:00,192.0,27.1,84,2.5
2019-10-21 17:00:00,72.0,26.6,89,2.6
2019-10-22 06:00:00,2.0,22.6,99,2.3
2019-10-22 07:00:00,75.0,23.5,96,1.3
2019-10-22 08:00:00,251.0,25.0,88,1.8
2019-10-22 09:00:00,479.0,26.6,81,2.6
2019-10-22 10:00:00,593.0,27.9,76,2.3
2019-10-22 11:00:00,624.0,28.6,71,0.8
2019-10-22 12:00:00,589.0,27.7,79,4.6
2019-10-22 13:00:00,525.0,27.7,81,5.2
2019-10-22 14:00:00,336.0,26.5,84,9.6
2019-10-22 15:00:00,359.0,27.0,83,5.4
2019-10-22 16:00:00,241.0,26.0,87,4.5
2019-10-22 17:00:00,94.0,25.4,90,6.2
2019-10-23 06:00:00,1.0,23.1,99,1.5
2019-10-23 07:00:00,60.0,23.6,96,4.4
2019-10-23 08:00:00,232.0,24.9,90,3.0
2019-10-23 09:00:00,348.0,26.0,84,4.2
2019-10-23 10:00:00,601.0,27.4,79,3.7
2019-10-23 11:00:00,727.0,28.6,72,3.7
2019-10-23 12:00:00,797.0,29.8,68,3.1
2019-10-23 13:00:00,859.0,30.6,66,1.3
2019-10-23 14:00:00,743.0,30.9,66,1.8
2019-10-23 15:00:00,590.0,30.0,70,5.6
2019-10-23 16:00:00,348.0,29.5,72,6.4
2019-10-23 17:00:00,163.0,28.5,80,5.8
2019-10-24 06:00:00,2.0,23.5,99,2.3
2019-10-24 07:00:00,65.0,24.7,95,4.0
2019-10-24 08:00:00,153.0,25.5,93,4.0
2019-10-24 09:00:00,210.0,26.1,90,6.1
2019-10-24 10:00:00,438.0,27.4,81,4.7
2019-10-24 11:00:00,428.0,27.9,77,5.4
2019-10-24 12:00:00,605.0,29.0,71,6.2
2019-10-24 13:00:00,623.0,29.7,68,5.4
2019-10-24 14:00:00,421.0,29.2,69,6.6
2019-10-24 15:00:00,196.0,28.3,75,8.5
2019-10-24 16:00:00,190.0,27.4,79,12.1
2019-10-24 17:00:00,93.0,26.0,84,9.8
2019-10-25 06:00:00,2.0,23.4,99,1.1
2019-10-25 07:00:00,103.0,24.8,92,3.4
2019-10-25 08:00:00,184.0,25.8,84,1.0
2019-10-25 09:00:00,531.0,27.7,74,1.5
2019-10-25 10:00:00,728.0,29.1,69,2.9
2019-10-25 11:00:00,809.0,30.0,66,2.6
2019-10-25 12:00:00,845.0,30.9,63,1.8
2019-10-25 13:00:00,734.0,31.0,63,1.1
2019-10-25 14:00:00,668.0,30.9,65,1.8
2019-10-25 15:00:00,525.0,30.2,68,5.6
2019-10-25 16:00:00,233.0,29.4,74,6.1
2019-10-25 17:00:00,111.0,28.6,81,3.6
2019-10-26 06:00:00,2.0,23.6,100,1.1
2019-10-26 07:00:00,110.0,25.5,92,4.7
2019-10-26 08:00:00,303.0,27.1,86,3.7
2019-10-26 09:00:00,466.0,28.4,80,1.8
2019-10-26 10:00:00,637.0,29.6,76,3.4
2019-10-26 11:00:00,723.0,30.5,70,3.7
2019-10-26 12:00:00,682.0,31.0,66,2.6
2019-10-26 13:00:00,741.0,31.8,64,4.1
2019-10-26 14:00:00,591.0,31.3,66,3.3
2019-10-26 15:00:00,432.0,30.6,72,5.7
2019-10-26 16:00:00,261.0,28.5,81,7.2
2019-10-26 17:00:00,73.0,27.4,86,9.3
2019-10-27 06:00:00,2.0,23.7,99,3.3
2019-10-27 07:00:00,83.0,24.8,91,6.6
2019-10-27 08:00:00,307.0,26.0,89,5.6
2019-10-27 09:00:00,520.0,27.7,81,5.4
2019-10-27 10:00:00,696.0,29.1,75,6.5
2019-10-27 11:00:00,766.0,30.2,71,4.0
2019-10-27 12:00:00,891.0,31.1,68,4.2
2019-10-27 13:00:00,843.0,31.9,63,3.6
2019-10-27 14:00:00,703.0,32.2,62,4.7
2019-10-27 15:00:00,471.0,31.0,67,7.5
2019-10-27 16:00:00,309.0,30.1,73,4.8
2019-10-27 17:00:00,122.0,28.6,84,6.5
2019-10-28 06:00:00,2.0,24.4,94,3.6
2019-10-28 07:00:00,108.0,26.0,83,3.9
2019-10-28 08:00:00,335.0,27.4,78,5.6
2019-10-28 09:00:00,566.0,29.0,73,8.1
2019-10-28 10:00:00,739.0,30.4,67,8.2
2019-10-28 11:00:00,862.0,31.5,62,6.6
2019-10-28 12:00:00,858.0,32.2,59,4.3
2019-10-28 13:00:00,802.0,32.8,57,3.0
2019-10-28 14:00:00,775.0,33.0,58,2.3
2019-10-28 15:00:00,556.0,32.8,58,5.8
2019-10-28 16:00:00,329.0,32.2,63,7.6
2019-10-28 17:00:00,169.0,29.3,77,6.2
2019-10-29 06:00:00,2.0,24.5,87,9.9
2019-10-29 07:00:00,97.0,26.1,83,7.9
2019-10-29 08:00:00,293.0,27.0,79,7.4
2019-10-29 09:00:00,504.0,28.5,78,6.5
2019-10-29 10:00:00,614.0,29.5,74,7.4
2019-10-29 11:00:00,771.0,30.9,68,6.1
2019-10-29 12:00:00,748.0,31.6,64,4.9
2019-10-29 13:00:00,660.0,32.0,62,2.5
2019-10-29 14:00:00,650.0,32.6,60,2.7
2019-10-29 15:00:00,456.0,32.4,59,3.6
2019-10-29 16:00:00,282.0,31.2,65,5.8
2019-10-29 17:00:00,104.0,29.7,74,8.4
2019-10-30 06:00:00,2.0,24.5,96,3.6
2019-10-30 07:00:00,66.0,25.5,88,3.2
2019-10-30 08:00:00,200.0,26.6,85,4.5
2019-10-30 09:00:00,415.0,28.0,77,1.5
2019-10-30 10:00:00,505.0,29.1,70,0.8
2019-10-30 11:00:00,576.0,30.2,66,3.0
2019-10-30 12:00:00,753.0,31.1,63,4.7
2019-10-30 13:00:00,781.0,31.5,65,3.9
2019-10-30 14:00:00,669.0,31.1,68,2.1
2019-10-30 15:00:00,474.0,29.4,74,4.5
2019-10-30 16:00:00,128.0,27.8,81,11.3
2019-10-30 17:00:00,77.0,26.9,82,8.2
2019-10-31 06:00:00,2.0,24.0,88,6.4
2019-10-31 07:00:00,98.0,25.7,86,5.1
2019-10-31 08:00:00,319.0,27.5,80,7.7
2019-10-31 09:00:00,544.0,29.2,74,8.3
2019-10-31 10:00:00,732.0,30.6,68,5.4
2019-10-31 11:00:00,843.0,31.6,62,5.2
2019-10-31 12:00:00,839.0,32.5,57,4.0
2019-10-31 13:00:00,745.0,32.6,56,1.3
2019-10-31 14:00:00,704.0,33.0,55,2.5
2019-10-31 15:00:00,533.0,31.5,63,10.0
2019-10-31 16:00:00,233.0,29.2,73,13.2
2019-10-31 17:00:00,107.0,29.0,76,4.7
2019-11-01 06:00:00,2.0,24.8,83,7.9
2019-11-01 07:00:00,113.0,26.9,77,11.7
2019-11-01 08:00:00,297.0,28.6,71,11.3
2019-11-01 09:00:00,490.0,30.1,63,11.2
2019-11-01 10:00:00,703.0,31.7,58,9.1
2019-11-01 11:00:00,835.0,32.8,54,8.1
2019-11-01 12:00:00,856.0,33.3,53,6.1
2019-11-01 13:00:00,874.0,33.5,53,5.6
2019-11-01 14:00:00,733.0,33.7,53,3.9
2019-11-01 15:00:00,509.0,31.5,62,15.3
2019-11-01 16:00:00,148.0,28.4,77,13.3
2019-11-01 17:00:00,66.0,28.2,79,10.2
2019-11-02 06:00:00,1.0,23.8,99,2.0
2019-11-02 07:00:00,89.0,24.8,96,1.5
2019-11-02 08:00:00,233.0,25.9,87,2.5
2019-11-02 09:00:00,446.0,27.6,80,2.9
2019-11-02 10:00:00,578.0,29.0,73,5.4
2019-11-02 11:00:00,777.0,30.2,68,6.0
2019-11-02 12:00:00,760.0,30.9,62,4.2
2019-11-02 13:00:00,718.0,31.5,59,2.3
2019-11-02 14:00:00,686.0,31.9,58,2.7
2019-11-02 15:00:00,549.0,31.8,59,2.7
2019-11-02 16:00:00,371.0,31.3,60,4.8
2019-11-02 17:00:00,139.0,29.2,73,6.1
2019-11-03 06:00:00,2.0,23.5,96,4.8
2019-11-03 07:00:00,103.0,25.4,83,8.1
2019-11-03 08:00:00,295.0,26.9,78,4.3
2019-11-03 09:00:00,483.0,28.5,73,3.4
2019-11-03 10:00:00,599.0,30.0,64,5.4
2019-11-03 11:00:00,816.0,31.5,59,7.4
2019-11-03 12:00:00,905.0,32.5,56,6.3
2019-11-03 13:00:00,867.0,33.0,55,6.4
2019-11-03 14:00:00,736.0,33.2,53,6.8
2019-11-03 15:00:00,585.0,33.0,54,5.4
2019-11-03 16:00:00,329.0,32.3,56,2.3
2019-11-03 17:00:00,125.0,29.4,70,8.0
2019-11-04 06:00:00,1.0,24.8,83,6.9
2019-11-04 07:00:00,70.0,25.9,79,4.0
2019-11-04 08:00:00,280.0,27.4,75,2.1
2019-11-04 09:00:00,475.0,29.0,72,4.8
2019-11-04 10:00:00,622.0,30.7,66,6.4
2019-11-04 11:00:00,782.0,32.0,59,6.1
2019-11-04 12:00:00,789.0,32.5,57,4.2
2019-11-04 13:00:00,711.0,32.5,58,3.6
2019-11-04 14:00:00,519.0,32.8,56,5.4
2019-11-04 15:00:00,392.0,29.0,76,11.0
2019-11-04 16:00:00,223.0,28.8,76,4.5
2019-11-04 17:00:00,134.0,28.8,79,2.8
2019-11-05 06:00:00,1.0,24.7,81,8.4
2019-11-05 07:00:00,94.0,26.2,76,7.9
2019-11-05 08:00:00,236.0,27.7,71,4.8
2019-11-05 09:00:00,419.0,29.0,69,6.8
2019-11-05 10:00:00,519.0,30.0,68,6.3
2019-11-05 11:00:00,568.0,31.2,63,3.6
2019-11-05 12:00:00,560.0,32.0,60,1.6
2019-11-05 13:00:00,604.0,32.5,59,2.1
2019-11-05 14:00:00,483.0,32.8,57,3.7
2019-11-05 15:00:00,429.0,32.8,58,2.7
2019-11-05 16:00:00,301.0,32.7,58,7.7
2019-11-05 17:00:00,112.0,30.5,65,10.3
2019-11-06 06:00:00,1.0,24.0,85,4.7
2019-11-06 07:00:00,106.0,26.6,74,8.5
2019-11-06 08:00:00,325.0,28.9,67,7.3
2019-11-06 09:00:00,534.0,31.1,59,4.0
2019-11-06 10:00:00,723.0,32.5,55,4.7
2019-11-06 11:00:00,831.0,33.5,52,2.9
2019-11-06 12:00:00,883.0,34.3,49,2.5
2019-11-06 13:00:00,831.0,34.7,47,3.9
2019-11-06 14:00:00,727.0,35.0,44,4.3
2019-11-06 15:00:00,602.0,35.0,44,5.4
2019-11-06 16:00:00,374.0,34.7,45,6.1
2019-11-06 17:00:00,162.0,33.7,50,3.5
2019-11-07 06:00:00,1.0,25.9,78,10.7
2019-11-07 07:00:00,97.0,27.5,74,9.4
2019-11-07 08:00:00,296.0,29.4,66,9.7
2019-11-07 09:00:00,483.0,31.2,57,8.4
2019-11-07 10:00:00,539.0,32.5,52,7.2
2019-11-07 11:00:00,745.0,34.0,47,7.7
2019-11-07 12:00:00,871.0,35.0,45,6.3
2019-11-07 13:00:00,797.0,35.2,44,5.8
2019-11-07 14:00:00,717.0,35.3,44,4.0
2019-11-07 15:00:00,521.0,35.4,43,5.2
2019-11-07 16:00:00,279.0,34.1,46,7.6
2019-11-07 17:00:00,138.0,32.3,59,5.7
2019-11-08 06:00:00,1.0,25.9,81,11.6
2019-11-08 07:00:00,103.0,27.6,72,14.7
2019-11-08 08:00:00,315.0,30.0,62,13.7
2019-11-08 09:00:00,544.0,32.7,50,9.9
2019-11-08 10:00:00,701.0,34.2,45,10.4
2019-11-08 11:00:00,826.0,35.0,44,10.0
2019-11-08 12:00:00,849.0,35.5,43,9.0
2019-11-08 13:00:00,835.0,36.0,41,5.6
2019-11-08 14:00:00,768.0,36.4,40,4.3
2019-11-08 15:00:00,584.0,36.2,40,5.4
2019-11-08 16:00:00,376.0,35.9,41,6.8
2019-11-08 17:00:00,155.0,34.2,49,4.3
2019-11-09 06:00:00,1.0,26.0,75,6.3
2019-11-09 07:00:00,64.0,28.1,64,10.5
2019-11-09 08:00:00,296.0,30.0,61,10.4
2019-11-09 09:00:00,415.0,31.0,62,7.2
2019-11-09 10:00:00,715.0,32.8,56,7.3
2019-11-09 11:00:00,841.0,34.2,50,7.0
2019-11-09 12:00:00,826.0,35.0,47,5.4
2019-11-09 13:00:00,700.0,35.1,47,7.4
2019-11-09 14:00:00,407.0,32.2,61,12.2
2019-11-09 15:00:00,302.0,32.2,59,11.3
2019-11-09 16:00:00,168.0,29.5,70,12.4
2019-11-09 17:00:00,49.0,27.6,78,5.4
2019-11-10 06:00:00,1.0,24.7,98,3.3
2019-11-10 07:00:00,76.0,26.0,86,6.1
2019-11-10 08:00:00,243.0,27.5,78,4.5
2019-11-10 09:00:00,342.0,29.0,71,3.7
2019-11-10 10:00:00,710.0,31.4,62,3.9
2019-11-10 11:00:00,840.0,33.1,54,2.9
2019-11-10 12:00:00,829.0,33.8,52,1.9
2019-11-10 13:00:00,791.0,34.2,49,1.4
2019-11-10 14:00:00,680.0,34.6,48,2.3
2019-11-10 15:00:00,469.0,30.6,65,13.0
2019-11-10 16:00:00,150.0,30.1,66,7.6
2019-11-10 17:00:00,91.0,28.3,82,9.4
2019-11-11 06:00:00,1.0,24.0,99,1.6
2019-11-11 07:00:00,83.0,24.8,97,4.6
2019-11-11 08:00:00,155.0,25.6,92,3.7
2019-11-11 09:00:00,440.0,27.5,80,3.7
2019-11-11 10:00:00,545.0,29.1,70,2.2
2019-11-11 11:00:00,590.0,30.5,64,1.1
2019-11-11 12:00:00,620.0,31.4,61,2.2
2019-11-11 13:00:00,735.0,32.5,56,2.2
2019-11-11 14:00:00,622.0,32.8,54,4.2
2019-11-11 15:00:00,473.0,31.5,58,4.2
2019-11-11 16:00:00,242.0,30.0,68,6.6
2019-11-11 17:00:00,88.0,28.5,79,10.0
2019-11-12 06:00:00,1.0,24.5,96,3.6
2019-11-12 07:00:00,80.0,25.6,91,3.7
2019-11-12 08:00:00,290.0,27.3,80,2.8
2019-11-12 09:00:00,456.0,28.7,73,5.0
2019-11-12 10:00:00,626.0,30.4,65,5.7
2019-11-12 11:00:00,798.0,32.0,57,4.2
2019-11-12 12:00:00,821.0,33.1,51,4.4
2019-11-12 13:00:00,717.0,33.5,50,6.0
2019-11-12 14:00:00,585.0,31.2,61,12.0
2019-11-12 15:00:00,343.0,30.1,67,10.5
2019-11-12 16:00:00,245.0,28.0,78,9.5
2019-11-12 17:00:00,58.0,26.8,88,7.3
2019-11-13 06:00:00,0.0,23.9,95,5.8
2019-11-13 07:00:00,34.0,24.4,98,6.6
2019-11-13 08:00:00,156.0,25.0,93,6.4
2019-11-13 09:00:00,261.0,25.9,87,7.0
2019-11-13 10:00:00,354.0,26.8,83,6.5
2019-11-13 11:00:00,472.0,27.9,78,2.2
2019-11-13 12:00:00,390.0,27.6,80,8.7
2019-11-13 13:00:00,499.0,27.5,81,9.4
2019-11-13 14:00:00,447.0,28.4,74,7.7
2019-11-13 15:00:00,343.0,28.6,72,5.1
2019-11-13 16:00:00,242.0,28.2,74,5.8
2019-11-13 17:00:00,96.0,27.5,78,5.4
2019-11-14 06:00:00,0.0,22.8,98,4.2
2019-11-14 07:00:00,22.0,23.6,95,3.1
2019-11-14 08:00:00,237.0,24.9,88,1.8
2019-11-14 09:00:00,457.0,26.6,80,3.6
2019-11-14 10:00:00,620.0,28.5,75,2.7
2019-11-14 11:00:00,729.0,29.5,72,3.3
2019-11-14 12:00:00,785.0,30.4,71,4.7
2019-11-14 13:00:00,704.0,30.9,67,5.4
2019-11-14 14:00:00,593.0,30.1,69,2.6
2019-11-14 15:00:00,319.0,28.3,78,7.3
2019-11-14 16:00:00,272.0,28.1,77,3.1
2019-11-14 17:00:00,119.0,27.1,85,7.0
2019-11-15 06:00:00,1.0,23.5,98,1.8
2019-11-15 07:00:00,81.0,24.0,94,1.5
2019-11-15 08:00:00,298.0,25.5,88,1.3
2019-11-15 09:00:00,509.0,27.2,81,6.2
2019-11-15 10:00:00,635.0,28.6,73,6.1
2019-11-15 11:00:00,775.0,29.9,67,4.0
2019-11-15 12:00:00,807.0,30.8,63,4.2
2019-11-15 13:00:00,779.0,31.4,62,2.5
2019-11-15 14:00:00,701.0,31.6,61,1.1
2019-11-15 15:00:00,544.0,31.4,61,2.7
2019-11-15 16:00:00,325.0,30.2,66,8.1
2019-11-15 17:00:00,116.0,28.4,77,3.7
2019-11-16 06:00:00,1.0,22.9,99,3.1
2019-11-16 07:00:00,85.0,24.0,94,6.7
2019-11-16 08:00:00,223.0,25.0,89,2.9
2019-11-16 09:00:00,483.0,26.9,80,3.9
2019-11-16 10:00:00,662.0,28.3,75,4.0
2019-11-16 11:00:00,763.0,29.5,69,3.4
2019-11-16 12:00:00,797.0,30.3,66,3.9
2019-11-16 13:00:00,788.0,31.0,61,4.8
2019-11-16 14:00:00,709.0,31.4,58,5.5
2019-11-16 15:00:00,523.0,30.9,58,2.5
2019-11-16 16:00:00,284.0,30.0,63,4.3
2019-11-16 17:00:00,132.0,29.0,73,4.7
2019-11-17 06:00:00,0.0,23.3,94,4.6
2019-11-17 07:00:00,85.0,25.5,84,9.4
2019-11-17 08:00:00,285.0,27.1,76,8.4
2019-11-17 09:00:00,439.0,28.5,70,8.3
2019-11-17 10:00:00,699.0,30.1,62,8.1
2019-11-17 11:00:00,827.0,31.2,57,7.0
2019-11-17 12:00:00,825.0,31.9,53,3.6
2019-11-17 13:00:00,705.0,32.0,52,1.5
2019-11-17 14:00:00,693.0,32.2,52,2.8
2019-11-17 15:00:00,471.0,31.9,53,6.8
2019-11-17 16:00:00,342.0,31.0,56,6.0
2019-11-17 17:00:00,136.0,29.4,74,2.2
2019-11-18 06:00:00,0.0,23.8,90,6.2
2019-11-18 07:00:00,91.0,25.4,82,3.8
2019-11-18 08:00:00,304.0,26.8,77,4.6
2019-11-18 09:00:00,528.0,28.3,72,4.3
2019-11-18 10:00:00,702.0,29.5,67,5.7
2019-11-18 11:00:00,695.0,30.4,62,4.8
2019-11-18 12:00:00,795.0,31.2,57,5.4
2019-11-18 13:00:00,656.0,31.2,57,6.6
2019-11-18 14:00:00,610.0,31.0,60,10.5
2019-11-18 15:00:00,462.0,30.8,61,7.2
2019-11-18 16:00:00,323.0,29.4,68,8.5
2019-11-18 17:00:00,112.0,28.1,74,5.6
2019-11-19 06:00:00,0.0,22.7,98,4.9
2019-11-19 07:00:00,92.0,25.0,89,4.0
2019-11-19 08:00:00,308.0,26.7,80,3.2
2019-11-19 09:00:00,521.0,28.5,71,3.7
2019-11-19 10:00:00,660.0,29.9,62,3.9
2019-11-19 11:00:00,737.0,30.9,58,2.2
2019-11-19 12:00:00,787.0,31.6,57,1.1
2019-11-19 13:00:00,773.0,31.6,58,2.5
2019-11-19 14:00:00,638.0,31.2,60,5.1
2019-11-19 15:00:00,446.0,30.6,63,4.4
2019-11-19 16:00:00,105.0,26.4,91,14.9
2019-11-19 17:00:00,46.0,26.0,89,9.9
2019-11-20 06:00:00,0.0,23.4,99,3.6
2019-11-20 07:00:00,84.0,24.9,88,9.9
2019-11-20 08:00:00,301.0,26.9,79,8.9
2019-11-20 09:00:00,510.0,28.9,69,7.6
2019-11-20 10:00:00,700.0,30.4,61,6.5
2019-11-20 11:00:00,802.0,31.7,54,5.7
2019-11-20 12:00:00,714.0,32.2,51,4.8
2019-11-20 13:00:00,780.0,32.7,49,4.8
2019-11-20 14:00:00,704.0,33.0,47,4.4
2019-11-20 15:00:00,552.0,32.8,46,0.7
2019-11-20 16:00:00,334.0,32.2,48,5.0
2019-11-20 17:00:00,142.0,30.5,58,9.2
2019-11-21 06:00:00,0.0,24.0,86,9.7
2019-11-21 07:00:00,90.0,25.5,81,6.9
2019-11-21 08:00:00,277.0,27.0,79,4.3
2019-11-21 09:00:00,496.0,28.5,75,4.6
2019-11-21 10:00:00,691.0,30.0,66,5.6
2019-11-21 11:00:00,612.0,30.7,61,6.4
2019-11-21 12:00:00,801.0,31.8,53,4.8
2019-11-21 13:00:00,839.0,32.6,48,2.9
2019-11-21 14:00:00,678.0,32.2,50,5.4
2019-11-21 15:00:00,472.0,31.6,53,5.4
2019-11-21 16:00:00,318.0,31.2,55,4.9
2019-11-21 17:00:00,131.0,29.8,64,4.8
2019-11-22 06:00:00,0.0,23.7,87,4.8
2019-11-22 07:00:00,84.0,25.1,82,3.1
2019-11-22 08:00:00,294.0,26.8,76,3.5
2019-11-22 09:00:00,507.0,28.5,70,6.5
2019-11-22 10:00:00,669.0,30.0,64,7.6
2019-11-22 11:00:00,743.0,31.0,60,7.6
2019-11-22 12:00:00,684.0,31.8,58,7.6
2019-11-22 13:00:00,660.0,32.2,58,8.0
2019-11-22 14:00:00,604.0,30.8,64,10.7
2019-11-22 15:00:00,350.0,28.1,77,5.8
2019-11-22 16:00:00,179.0,26.8,81,10.8
2019-11-22 17:00:00,129.0,26.1,84,3.3
2019-11-23 06:00:00,0.0,23.4,93,5.4
2019-11-23 07:00:00,81.0,25.0,84,5.8
2019-11-23 08:00:00,290.0,26.8,76,5.8
2019-11-23 09:00:00,494.0,28.7,68,5.5
2019-11-23 10:00:00,663.0,30.5,60,7.9
2019-11-23 11:00:00,788.0,31.9,54,6.1
2019-11-23 12:00:00,839.0,32.8,52,4.1
2019-11-23 13:00:00,814.0,33.5,50,4.1
2019-11-23 14:00:00,629.0,33.3,49,8.4
2019-11-23 15:00:00,320.0,29.7,69,7.4
2019-11-23 16:00:00,144.0,27.6,83,12.1
2019-11-23 17:00:00,56.0,26.2,86,11.3
2019-11-24 06:00:00,0.0,23.4,87,5.1
2019-11-24 07:00:00,80.0,25.0,78,6.4
2019-11-24 08:00:00,294.0,27.0,69,4.8
2019-11-24 09:00:00,517.0,28.9,63,3.4
2019-11-24 10:00:00,701.0,30.8,56,4.8
2019-11-24 11:00:00,822.0,32.5,47,5.7
2019-11-24 12:00:00,849.0,33.6,42,6.3
2019-11-24 13:00:00,847.0,34.2,40,5.6
2019-11-24 14:00:00,731.0,34.2,39,6.9
2019-11-24 15:00:00,579.0,34.0,40,8.2
2019-11-24 16:00:00,341.0,33.2,44,9.7
2019-11-24 17:00:00,146.0,31.5,56,9.5
2019-11-25 06:00:00,0.0,25.1,72,12.3
2019-11-25 07:00:00,87.0,26.8,67,9.7
2019-11-25 08:00:00,290.0,29.0,61,7.6
2019-11-25 09:00:00,490.0,30.8,56,5.8
2019-11-25 10:00:00,678.0,32.5,48,5.2
2019-11-25 11:00:00,813.0,34.1,42,6.5
2019-11-25 12:00:00,858.0,35.0,39,8.4
2019-11-25 13:00:00,780.0,35.3,38,7.9
2019-11-25 14:00:00,736.0,35.7,37,6.4
2019-11-25 15:00:00,566.0,35.6,37,6.3
2019-11-25 16:00:00,368.0,35.2,37,8.2
2019-11-25 17:00:00,146.0,33.8,43,5.4
2019-11-26 06:00:00,0.0,26.2,75,10.3
2019-11-26 07:00:00,82.0,28.0,70,13.2
2019-11-26 08:00:00,289.0,30.5,59,12.5
2019-11-26 09:00:00,514.0,32.5,50,6.8
2019-11-26 10:00:00,694.0,34.0,45,4.7
2019-11-26 11:00:00,817.0,35.5,40,7.3
2019-11-26 12:00:00,870.0,36.5,38,9.5
2019-11-26 13:00:00,817.0,37.0,36,11.6
2019-11-26 14:00:00,710.0,37.1,35,12.3
2019-11-26 15:00:00,552.0,36.8,34,11.2
2019-11-26 16:00:00,368.0,36.0,37,8.9
2019-11-26 17:00:00,159.0,34.4,43,9.7
2019-11-27 06:00:00,0.0,27.0,73,12.8
2019-11-27 07:00:00,81.0,28.9,67,9.7
2019-11-27 08:00:00,292.0,32.0,51,7.6
2019-11-27 09:00:00,501.0,34.1,43,12.6
2019-11-27 10:00:00,682.0,35.8,39,12.6
2019-11-27 11:00:00,768.0,36.8,37,11.4
2019-11-27 12:00:00,856.0,37.7,35,10.3
2019-11-27 13:00:00,778.0,38.0,34,9.0
2019-11-27 14:00:00,625.0,36.8,36,9.4
2019-11-27 15:00:00,413.0,36.3,37,6.9
2019-11-27 16:00:00,330.0,36.4,38,8.7
2019-11-27 17:00:00,137.0,34.8,44,10.9
2019-11-28 06:00:00,0.0,27.0,73,16.6
2019-11-28 07:00:00,76.0,28.9,65,17.3
2019-11-28 08:00:00,284.0,31.5,54,15.3
2019-11-28 09:00:00,492.0,34.0,45,8.7
2019-11-28 10:00:00,622.0,35.0,42,8.7
2019-11-28 11:00:00,720.0,36.0,39,7.8
2019-11-28 12:00:00,796.0,36.9,36,6.8
2019-11-28 13:00:00,769.0,37.5,34,6.3
2019-11-28 14:00:00,586.0,37.2,34,6.9
2019-11-28 15:00:00,454.0,36.5,35,2.1
2019-11-28 16:00:00,272.0,34.9,42,10.6
2019-11-28 17:00:00,123.0,33.2,53,10.5
2019-11-29 06:00:00,0.0,25.6,77,9.8
2019-11-29 07:00:00,74.0,27.8,66,9.8
2019-11-29 08:00:00,253.0,29.6,63,7.0
2019-11-29 09:00:00,401.0,30.9,62,7.8
2019-11-29 10:00:00,543.0,32.2,55,8.2
2019-11-29 11:00:00,578.0,33.2,50,6.1
2019-11-29 12:00:00,724.0,34.3,45,2.6
2019-11-29 13:00:00,731.0,35.2,41,2.2
2019-11-29 14:00:00,601.0,34.9,41,4.7
2019-11-29 15:00:00,399.0,33.5,46,7.8
2019-11-29 16:00:00,235.0,32.2,54,9.7
2019-11-29 17:00:00,121.0,31.0,61,11.5
2019-11-30 06:00:00,0.0,24.2,99,3.6
2019-11-30 07:00:00,57.0,25.6,90,3.6
2019-11-30 08:00:00,212.0,27.8,68,9.5
2019-11-30 09:00:00,474.0,30.1,57,15.5
2019-11-30 10:00:00,609.0,31.6,49,13.7
2019-11-30 11:00:00,739.0,33.2,42,10.6
2019-11-30 12:00:00,823.0,34.3,37,10.1
2019-11-30 13:00:00,847.0,35.0,33,7.6
2019-11-30 14:00:00,730.0,35.2,31,6.1
2019-11-30 15:00:00,577.0,35.3,30,6.2
2019-11-30 16:00:00,385.0,34.8,31,8.3
2019-11-30 17:00:00,162.0,33.5,35,10.4
2019-12-01 06:00:00,0.0,24.8,70,10.2
2019-12-01 07:00:00,80.0,26.2,64,10.7
2019-12-01 08:00:00,298.0,28.7,54,10.8
2019-12-01 09:00:00,517.0,31.4,45,15.0
2019-12-01 10:00:00,698.0,33.5,38,15.2
2019-12-01 11:00:00,819.0,34.7,35,12.1
2019-12-01 12:00:00,865.0,35.5,33,10.2
2019-12-01 13:00:00,822.0,36.0,33,9.4
2019-12-01 14:00:00,737.0,36.2,32,7.2
2019-12-01 15:00:00,557.0,36.2,32,4.0
2019-12-01 16:00:00,375.0,35.8,33,3.4
2019-12-01 17:00:00,162.0,34.8,36,7.9
2019-12-02 06:00:00,0.0,25.6,72,7.6
2019-12-02 07:00:00,77.0,27.6,64,9.2
2019-12-02 08:00:00,282.0,30.0,54,11.5
2019-12-02 09:00:00,495.0,32.2,46,12.9
2019-12-02 10:00:00,669.0,34.0,40,11.3
2019-12-02 11:00:00,795.0,35.4,36,9.0
2019-12-02 12:00:00,826.0,36.3,34,7.3
2019-12-02 13:00:00,813.0,36.9,33,7.6
2019-12-02 14:00:00,702.0,37.0,34,8.8
2019-12-02 15:00:00,559.0,36.5,36,8.9
2019-12-02 16:00:00,381.0,35.5,40,10.0
2019-12-02 17:00:00,145.0,33.2,51,11.4
2019-12-03 06:00:00,0.0,25.4,91,3.1
2019-12-03 07:00:00,74.0,27.5,74,5.2
2019-12-03 08:00:00,276.0,29.5,64,7.2
2019-12-03 09:00:00,498.0,31.8,54,8.3
2019-12-03 10:00:00,633.0,33.5,48,7.7
2019-12-03 11:00:00,781.0,35.1,42,6.4
2019-12-03 12:00:00,812.0,36.2,39,6.2
2019-12-03 13:00:00,817.0,37.3,37,8.7
2019-12-03 14:00:00,666.0,37.0,38,8.6
2019-12-03 15:00:00,514.0,36.0,40,9.6
2019-12-03 16:00:00,241.0,33.0,50,8.8
2019-12-03 17:00:00,92.0,29.7,70,16.0
2019-12-04 06:00:00,0.0,24.6,93,3.3
2019-12-04 07:00:00,63.0,26.5,84,1.9
2019-12-04 08:00:00,208.0,28.1,77,2.6
2019-12-04 09:00:00,361.0,29.9,68,2.9
2019-12-04 10:00:00,604.0,31.9,63,4.2
2019-12-04 11:00:00,668.0,33.0,60,5.7
2019-12-04 12:00:00,789.0,34.0,56,6.9
2019-12-04 13:00:00,734.0,33.8,56,7.5
2019-12-04 14:00:00,600.0,34.0,53,8.7
2019-12-04 15:00:00,439.0,31.4,63,5.4
2019-12-04 16:00:00,177.0,28.4,76,4.0
2019-12-04 17:00:00,60.0,27.8,79,3.6
2019-12-05 06:00:00,0.0,24.9,87,5.0
2019-12-05 07:00:00,66.0,26.6,78,2.6
2019-12-05 08:00:00,262.0,28.2,72,3.4
2019-12-05 09:00:00,476.0,30.0,66,4.3
2019-12-05 10:00:00,673.0,32.0,58,4.1
2019-12-05 11:00:00,799.0,33.8,49,5.0
2019-12-05 12:00:00,828.0,34.9,43,6.4
2019-12-05 13:00:00,718.0,35.4,41,5.4
2019-12-05 14:00:00,667.0,35.6,40,5.0
2019-12-05 15:00:00,508.0,35.3,41,5.8
2019-12-05 16:00:00,315.0,34.7,42,6.1
2019-12-05 17:00:00,137.0,33.5,48,5.9
2019-12-06 06:00:00,0.0,25.5,70,9.7
2019-12-06 07:00:00,69.0,27.0,63,9.1
2019-12-06 08:00:00,275.0,29.8,56,6.8
2019-12-06 09:00:00,484.0,31.9,50,7.3
2019-12-06 10:00:00,657.0,33.5,45,7.7
2019-12-06 11:00:00,771.0,34.8,40,9.6
2019-12-06 12:00:00,839.0,35.8,37,8.2
2019-12-06 13:00:00,826.0,36.7,33,6.1
2019-12-06 14:00:00,718.0,36.8,33,4.9
2019-12-06 15:00:00,554.0,36.6,33,4.6
2019-12-06 16:00:00,358.0,36.0,35,3.6
2019-12-06 17:00:00,163.0,34.5,41,2.5
2019-12-07 06:00:00,0.0,24.0,92,4.7
2019-12-07 07:00:00,56.0,25.8,87,4.6
2019-12-07 08:00:00,259.0,27.8,75,4.1
2019-12-07 09:00:00,487.0,30.0,66,6.9
2019-12-07 10:00:00,629.0,31.9,57,7.9
2019-12-07 11:00:00,731.0,33.7,49,7.2
2019-12-07 12:00:00,776.0,34.8,45,6.0
2019-12-07 13:00:00,655.0,34.6,44,3.4
2019-12-07 14:00:00,646.0,33.8,48,9.7
2019-12-07 15:00:00,409.0,31.1,64,15.2
2019-12-07 16:00:00,336.0,30.6,65,8.9
2019-12-07 17:00:00,126.0,29.9,70,11.5
2019-12-08 06:00:00,0.0,23.4,97,4.6
2019-12-08 07:00:00,55.0,24.0,95,2.9
2019-12-08 08:00:00,256.0,25.9,85,1.8
2019-12-08 09:00:00,496.0,28.0,70,5.1
2019-12-08 10:00:00,645.0,29.8,59,7.3
2019-12-08 11:00:00,762.0,31.8,48,8.9
2019-12-08 12:00:00,828.0,33.1,42,9.0
2019-12-08 13:00:00,753.0,33.4,40,7.3
2019-12-08 14:00:00,672.0,33.6,39,5.4
2019-12-08 15:00:00,545.0,33.7,38,2.7
2019-12-08 16:00:00,372.0,32.9,39,1.9
2019-12-08 17:00:00,149.0,31.3,44,1.9
2019-12-09 06:00:00,0.0,24.5,73,10.2
2019-12-09 07:00:00,63.0,26.1,67,14.8
2019-12-09 08:00:00,272.0,28.3,58,14.8
2019-12-09 09:00:00,487.0,30.6,47,11.5
2019-12-09 10:00:00,664.0,32.5,40,8.0
2019-12-09 11:00:00,797.0,33.8,37,7.6
2019-12-09 12:00:00,862.0,34.7,35,5.7
2019-12-09 13:00:00,837.0,35.4,33,4.7
2019-12-09 14:00:00,747.0,35.6,32,4.8
2019-12-09 15:00:00,594.0,35.4,34,7.7
2019-12-09 16:00:00,388.0,34.5,37,11.5
2019-12-09 17:00:00,169.0,32.8,41,11.7
2019-12-10 06:00:00,0.0,24.6,80,12.2
2019-12-10 07:00:00,65.0,26.1,71,13.0
2019-12-10 08:00:00,262.0,28.4,59,14.8
2019-12-10 09:00:00,486.0,30.9,45,17.1
2019-12-10 10:00:00,675.0,33.0,36,17.4
2019-12-10 11:00:00,806.0,34.5,31,14.7
2019-12-10 12:00:00,860.0,35.6,29,10.3
2019-12-10 13:00:00,853.0,36.3,27,7.6
2019-12-10 14:00:00,745.0,36.5,27,7.4
2019-12-10 15:00:00,611.0,36.3,28,8.0
2019-12-10 16:00:00,401.0,35.9,28,7.2
2019-12-10 17:00:00,184.0,34.5,31,7.4
2019-12-11 06:00:00,0.0,25.2,73,15.7
2019-12-11 07:00:00,61.0,26.6,68,17.1
2019-12-11 08:00:00,254.0,29.0,58,18.0
2019-12-11 09:00:00,476.0,31.4,46,17.7
2019-12-11 10:00:00,623.0,32.9,41,18.0
2019-12-11 11:00:00,767.0,34.5,37,15.9
2019-12-11 12:00:00,811.0,35.7,33,13.1
2019-12-11 13:00:00,715.0,35.9,31,12.4
2019-12-11 14:00:00,722.0,36.3,30,10.5
2019-12-11 15:00:00,565.0,36.1,30,9.8
2019-12-11 16:00:00,379.0,35.5,32,8.0
2019-12-11 17:00:00,168.0,34.2,36,9.0
2019-12-12 06:00:00,0.0,25.7,69,19.6
2019-12-12 07:00:00,59.0,26.8,64,18.7
2019-12-12 08:00:00,214.0,28.4,59,20.5
2019-12-12 09:00:00,398.0,30.3,51,18.7
2019-12-12 10:00:00,609.0,32.5,43,16.7
2019-12-12 11:00:00,787.0,34.0,37,16.9
2019-12-12 12:00:00,844.0,35.2,34,14.3
2019-12-12 13:00:00,744.0,35.5,33,12.1
2019-12-12 14:00:00,669.0,35.0,34,11.1
2019-12-12 15:00:00,426.0,34.0,36,10.1
2019-12-12 16:00:00,266.0,33.6,37,8.6
2019-12-12 17:00:00,120.0,32.0,45,12.6
2019-12-13 06:00:00,0.0,25.4,68,13.7
2019-12-13 07:00:00,60.0,26.7,63,12.0
2019-12-13 08:00:00,259.0,29.0,53,10.8
2019-12-13 09:00:00,473.0,31.0,45,10.0
2019-12-13 10:00:00,659.0,32.7,40,7.9
2019-12-13 11:00:00,808.0,34.0,35,4.4
2019-12-13 12:00:00,870.0,35.2,32,1.8
2019-12-13 13:00:00,789.0,35.6,30,0.4
2019-12-13 14:00:00,752.0,36.0,29,1.5
2019-12-13 15:00:00,541.0,36.0,29,1.3
2019-12-13 16:00:00,369.0,35.5,29,0.4
2019-12-13 17:00:00,153.0,33.6,34,5.8
2019-12-14 06:00:00,0.0,25.3,80,9.2
2019-12-14 07:00:00,55.0,26.0,80,8.8
2019-12-14 08:00:00,216.0,27.6,72,7.6
2019-12-14 09:00:00,394.0,29.4,62,7.9
2019-12-14 10:00:00,571.0,31.4,52,9.1
2019-12-14 11:00:00,674.0,32.8,46,7.7
2019-12-14 12:00:00,748.0,34.2,41,7.7
2019-12-14 13:00:00,729.0,35.1,40,8.0
2019-12-14 14:00:00,586.0,35.3,39,7.9
2019-12-14 15:00:00,464.0,35.0,39,6.5
2019-12-14 16:00:00,292.0,34.1,42,5.9
2019-12-14 17:00:00,145.0,32.3,48,8.9
2019-12-15 06:00:00,0.0,24.4,95,5.6
2019-12-15 07:00:00,40.0,24.7,96,4.0
2019-12-15 08:00:00,191.0,25.8,87,2.5
2019-12-15 09:00:00,398.0,27.5,76,4.4
2019-12-15 10:00:00,455.0,28.9,68,5.0
2019-12-15 11:00:00,618.0,30.6,59,5.2
2019-12-15 12:00:00,719.0,32.2,52,6.5
2019-12-15 13:00:00,767.0,33.5,47,6.2
2019-12-15 14:00:00,682.0,34.2,44,4.1
2019-12-15 15:00:00,541.0,34.3,43,3.8
2019-12-15 16:00:00,334.0,33.5,45,3.6
2019-12-15 17:00:00,131.0,32.0,51,6.6
2019-12-16 06:00:00,0.0,25.2,77,9.5
2019-12-16 07:00:00,52.0,26.4,75,10.9
2019-12-16 08:00:00,227.0,28.9,64,7.8
2019-12-16 09:00:00,426.0,30.9,54,5.2
2019-12-16 10:00:00,621.0,33.0,46,7.3
2019-12-16 11:00:00,752.0,34.5,41,8.0
2019-12-16 12:00:00,840.0,35.7,38,8.0
2019-12-16 13:00:00,806.0,36.2,36,6.6
2019-12-16 14:00:00,719.0,36.5,35,6.1
2019-12-16 15:00:00,531.0,36.2,35,8.3
2019-12-16 16:00:00,367.0,35.8,36,10.3
2019-12-16 17:00:00,164.0,35.0,37,6.6
2019-12-17 06:00:00,0.0,26.1,72,14.6
2019-12-17 07:00:00,51.0,27.4,68,15.5
2019-12-17 08:00:00,245.0,30.2,55,12.7
2019-12-17 09:00:00,467.0,32.8,45,13.8
2019-12-17 10:00:00,653.0,34.3,40,14.4
2019-12-17 11:00:00,784.0,35.7,36,12.0
2019-12-17 12:00:00,851.0,36.5,34,11.2
2019-12-17 13:00:00,831.0,36.9,33,10.6
2019-12-17 14:00:00,715.0,37.0,33,9.3
2019-12-17 15:00:00,595.0,36.9,32,7.6
2019-12-17 16:00:00,367.0,36.4,33,7.5
2019-12-17 17:00:00,169.0,35.5,36,6.5
2019-12-18 06:00:00,0.0,25.5,96,5.9
2019-12-18 07:00:00,42.0,26.0,93,6.0
2019-12-18 08:00:00,198.0,28.0,78,7.9
2019-12-18 09:00:00,418.0,29.9,68,4.1
2019-12-18 10:00:00,584.0,31.6,59,4.0
2019-12-18 11:00:00,672.0,33.5,49,5.9
2019-12-18 12:00:00,691.0,34.6,44,8.3
2019-12-18 13:00:00,728.0,35.2,42,9.4
2019-12-18 14:00:00,645.0,35.2,42,9.4
2019-12-18 15:00:00,449.0,33.5,48,11.5
2019-12-18 16:00:00,241.0,32.5,53,8.1
2019-12-18 17:00:00,116.0,29.9,66,12.5
2019-12-19 06:00:00,0.0,25.2,87,3.7
2019-12-19 07:00:00,41.0,26.6,78,6.4
2019-12-19 08:00:00,217.0,28.8,65,7.9
2019-12-19 09:00:00,420.0,31.2,53,7.6
2019-12-19 10:00:00,582.0,33.0,46,6.5
2019-12-19 11:00:00,762.0,34.9,40,7.8
2019-12-19 12:00:00,849.0,36.1,37,9.2
2019-12-19 13:00:00,796.0,36.7,36,9.4
2019-12-19 14:00:00,721.0,37.0,34,7.4
2019-12-19 15:00:00,547.0,36.5,35,6.0
2019-12-19 16:00:00,379.0,36.2,35,5.8
2019-12-19 17:00:00,151.0,34.3,41,10.4
2019-12-20 06:00:00,0.0,25.8,77,6.9
2019-12-20 07:00:00,50.0,26.7,73,1.5
2019-12-20 08:00:00,238.0,28.9,65,2.0
2019-12-20 09:00:00,429.0,31.0,60,3.7
2019-12-20 10:00:00,633.0,33.2,51,4.3
2019-12-20 11:00:00,716.0,35.0,44,3.2
2019-12-20 12:00:00,807.0,36.5,38,5.2
2019-12-20 13:00:00,796.0,37.5,34,5.8
2019-12-20 14:00:00,680.0,37.8,33,6.3
2019-12-20 15:00:00,522.0,37.3,34,8.4
2019-12-20 16:00:00,322.0,35.7,37,8.2
2019-12-20 17:00:00,151.0,34.2,43,4.8
2019-12-21 06:00:00,0.0,26.9,73,15.6
2019-12-21 07:00:00,45.0,28.2,65,14.9
2019-12-21 08:00:00,239.0,30.8,55,14.7
2019-12-21 09:00:00,440.0,32.9,45,10.9
2019-12-21 10:00:00,629.0,34.8,40,9.7
2019-12-21 11:00:00,721.0,36.1,37,9.5
2019-12-21 12:00:00,796.0,37.2,34,9.0
2019-12-21 13:00:00,791.0,37.8,33,8.3
2019-12-21 14:00:00,721.0,38.1,31,9.7
2019-12-21 15:00:00,511.0,37.1,34,12.8
2019-12-21 16:00:00,323.0,36.2,36,14.3
2019-12-21 17:00:00,164.0,35.7,36,10.5
2019-12-22 06:00:00,0.0,27.2,68,18.9
2019-12-22 07:00:00,42.0,28.5,63,16.4
2019-12-22 08:00:00,230.0,31.1,53,21.0
2019-12-22 09:00:00,442.0,33.5,44,22.7
2019-12-22 10:00:00,622.0,35.2,39,19.8
2019-12-22 11:00:00,714.0,36.1,36,15.1
2019-12-22 12:00:00,781.0,37.0,34,11.7
2019-12-22 13:00:00,762.0,37.6,33,10.9
2019-12-22 14:00:00,607.0,37.4,33,11.6
2019-12-22 15:00:00,570.0,37.5,33,11.9
2019-12-22 16:00:00,353.0,37.0,33,10.9
2019-12-22 17:00:00,125.0,35.8,37,10.8
2019-12-23 06:00:00,0.0,26.2,75,9.5
2019-12-23 07:00:00,47.0,27.4,70,8.3
2019-12-23 08:00:00,235.0,29.2,59,10.2
2019-12-23 09:00:00,455.0,31.7,51,8.0
2019-12-23 10:00:00,640.0,33.7,45,6.6
2019-12-23 11:00:00,779.0,35.3,39,7.7
2019-12-23 12:00:00,817.0,36.2,37,9.5
2019-12-23 13:00:00,763.0,36.7,36,9.5
2019-12-23 14:00:00,660.0,37.0,35,8.2
2019-12-23 15:00:00,514.0,37.0,34,5.9
2019-12-23 16:00:00,349.0,36.8,33,5.0
2019-12-23 17:00:00,191.0,36.0,35,4.0
2019-12-24 06:00:00,0.0,26.5,77,3.7
2019-12-24 07:00:00,46.0,27.5,78,4.3
2019-12-24 08:00:00,210.0,29.4,69,5.9
2019-12-24 09:00:00,448.0,31.7,58,4.4
2019-12-24 10:00:00,594.0,33.5,50,6.1
2019-12-24 11:00:00,704.0,35.0,44,7.9
2019-12-24 12:00:00,781.0,36.2,39,9.3
2019-12-24 13:00:00,762.0,37.0,36,11.7
2019-12-24 14:00:00,654.0,37.2,35,10.7
2019-12-24 15:00:00,483.0,35.2,44,16.7
2019-12-24 16:00:00,295.0,34.5,47,13.0
2019-12-24 17:00:00,141.0,34.1,48,10.0
2019-12-25 06:00:00,0.0,26.0,89,4.9
2019-12-25 07:00:00,34.0,26.3,89,6.0
2019-12-25 08:00:00,166.0,28.0,79,5.8
2019-12-25 09:00:00,362.0,30.0,68,3.1
2019-12-25 10:00:00,455.0,31.5,61,3.1
2019-12-25 11:00:00,624.0,33.0,55,3.5
2019-12-25 12:00:00,640.0,33.8,52,5.4
2019-12-25 13:00:00,624.0,34.5,49,5.3
2019-12-25 14:00:00,651.0,35.7,45,7.4
2019-12-25 15:00:00,474.0,32.2,56,4.8
2019-12-25 16:00:00,146.0,29.0,75,0.7
2019-12-25 17:00:00,61.0,28.9,74,6.8
2019-12-26 06:00:00,0.0,25.4,92,1.6
2019-12-26 07:00:00,36.0,26.0,88,1.6
2019-12-26 08:00:00,218.0,28.4,73,2.2
2019-12-26 09:00:00,368.0,30.1,65,3.3
2019-12-26 10:00:00,518.0,32.0,57,4.4
2019-12-26 11:00:00,654.0,33.8,49,3.6
2019-12-26 12:00:00,759.0,35.2,44,2.5
2019-12-26 13:00:00,760.0,36.0,41,1.9
2019-12-26 14:00:00,646.0,36.5,39,1.8
2019-12-26 15:00:00,553.0,36.8,38,3.6
2019-12-26 16:00:00,364.0,36.4,38,4.9
2019-12-26 17:00:00,137.0,34.5,42,9.1
2019-12-27 06:00:00,0.0,27.2,70,6.6
2019-12-27 07:00:00,34.0,27.9,67,7.6
2019-12-27 08:00:00,157.0,29.5,61,7.2
2019-12-27 09:00:00,274.0,31.0,57,7.2
2019-12-27 10:00:00,452.0,33.2,48,9.7
2019-12-27 11:00:00,568.0,34.4,44,9.4
2019-12-27 12:00:00,618.0,35.2,41,10.4
2019-12-27 13:00:00,401.0,34.8,42,11.3
2019-12-27 14:00:00,467.0,35.6,39,8.6
2019-12-27 15:00:00,302.0,35.1,40,8.4
2019-12-27 16:00:00,258.0,35.1,40,8.0
2019-12-27 17:00:00,99.0,33.8,44,9.4
2019-12-28 06:00:00,0.0,26.4,92,5.4
2019-12-28 07:00:00,31.0,26.9,88,5.3
2019-12-28 08:00:00,135.0,28.2,78,4.8
2019-12-28 09:00:00,363.0,30.6,65,5.1
2019-12-28 10:00:00,494.0,32.4,54,10.1
2019-12-28 11:00:00,690.0,34.4,47,11.6
2019-12-28 12:00:00,779.0,35.8,41,9.9
2019-12-28 13:00:00,769.0,36.8,37,8.1
2019-12-28 14:00:00,709.0,37.2,34,7.1
2019-12-28 15:00:00,512.0,37.2,34,6.4
2019-12-28 16:00:00,317.0,36.7,34,5.6
2019-12-28 17:00:00,133.0,35.0,40,7.3
2019-12-29 06:00:00,0.0,26.8,72,12.6
2019-12-29 07:00:00,36.0,28.0,68,15.1
2019-12-29 08:00:00,220.0,30.2,58,15.2
2019-12-29 09:00:00,428.0,32.5,50,12.4
2019-12-29 10:00:00,615.0,34.4,44,10.2
2019-12-29 11:00:00,761.0,36.0,39,11.1
2019-12-29 12:00:00,773.0,36.7,36,10.5
2019-12-29 13:00:00,784.0,37.3,34,7.3
2019-12-29 14:00:00,667.0,37.8,33,4.5
2019-12-29 15:00:00,578.0,37.7,33,3.9
2019-12-29 16:00:00,328.0,36.3,36,4.7
2019-12-29 17:00:00,142.0,35.0,39,3.3
2019-12-30 06:00:00,0.0,26.8,60,16.4
2019-12-30 07:00:00,40.0,27.5,58,14.2
2019-12-30 08:00:00,235.0,29.8,51,14.3
2019-12-30 09:00:00,456.0,32.3,43,14.2
2019-12-30 10:00:00,644.0,34.8,36,14.5
2019-12-30 11:00:00,782.0,36.1,33,12.5
2019-12-30 12:00:00,861.0,37.3,30,9.8
2019-12-30 13:00:00,861.0,38.0,28,8.6
2019-12-30 14:00:00,778.0,38.0,28,6.9
2019-12-30 15:00:00,546.0,37.2,30,7.1
2019-12-30 16:00:00,424.0,36.8,33,10.1
2019-12-30 17:00:00,172.0,35.3,36,10.6
2019-12-31 06:00:00,0.0,24.5,98,5.2
2019-12-31 07:00:00,30.0,25.1,94,4.9
2019-12-31 08:00:00,191.0,26.6,82,7.6
2019-12-31 09:00:00,391.0,28.9,66,9.6
2019-12-31 10:00:00,515.0,31.4,51,9.4
2019-12-31 11:00:00,650.0,33.4,42,6.5
2019-12-31 12:00:00,752.0,34.5,39,6.7
2019-12-31 13:00:00,756.0,35.0,38,9.2
2019-12-31 14:00:00,697.0,35.0,38,12.5
2019-12-31 15:00:00,490.0,34.0,40,10.6
2019-12-31 16:00:00,381.0,34.1,40,6.5
2019-12-31 17:00:00,175.0,32.9,44,8.7
2020-01-01 06:00:00,0.0,24.6,92,6.8
2020-01-01 07:00:00,39.0,25.7,77,13.4
2020-01-01 08:00:00,228.0,27.8,64,18.5
2020-01-01 09:00:00,445.0,30.1,51,20.6
2020-01-01 10:00:00,648.0,32.2,42,18.0
2020-01-01 11:00:00,780.0,33.7,38,13.3
2020-01-01 12:00:00,836.0,34.8,35,11.0
2020-01-01 13:00:00,842.0,35.7,32,9.4
2020-01-01 14:00:00,780.0,36.1,30,8.4
2020-01-01 15:00:00,633.0,36.0,30,8.1
2020-01-01 16:00:00,442.0,35.7,30,9.2
2020-01-01 17:00:00,211.0,34.5,32,9.7
2020-01-02 06:00:00,0.0,24.3,63,11.3
2020-01-02 07:00:00,40.0,25.2,59,11.2
2020-01-02 08:00:00,238.0,27.9,49,10.7
2020-01-02 09:00:00,466.0,31.0,40,14.7
2020-01-02 10:00:00,661.0,33.2,35,15.6
2020-01-02 11:00:00,802.0,34.7,31,12.6
2020-01-02 12:00:00,876.0,35.8,28,9.2
2020-01-02 13:00:00,874.0,36.5,26,6.8
2020-01-02 14:00:00,785.0,36.9,24,6.5
2020-01-02 15:00:00,632.0,37.0,23,7.1
2020-01-02 16:00:00,456.0,36.6,24,8.1
2020-01-02 17:00:00,227.0,35.1,29,8.9
2020-01-03 06:00:00,0.0,24.5,70,16.5
2020-01-03 07:00:00,40.0,25.5,65,13.3
2020-01-03 08:00:00,236.0,28.1,54,11.2
2020-01-03 09:00:00,465.0,31.0,42,10.2
2020-01-03 10:00:00,662.0,33.0,36,10.2
2020-01-03 11:00:00,806.0,34.8,30,11.9
2020-01-03 12:00:00,880.0,36.1,27,11.4
2020-01-03 13:00:00,877.0,36.8,26,10.5
2020-01-03 14:00:00,798.0,37.2,24,8.0
2020-01-03 15:00:00,654.0,37.4,22,6.5
2020-01-03 16:00:00,456.0,37.2,21,6.8
2020-01-03 17:00:00,227.0,36.1,23,4.8
2020-01-04 06:00:00,0.0,25.0,66,18.5
2020-01-04 07:00:00,38.0,26.0,62,15.9
2020-01-04 08:00:00,235.0,28.5,50,15.1
2020-01-04 09:00:00,463.0,31.2,40,11.8
2020-01-04 10:00:00,659.0,33.2,34,11.5
2020-01-04 11:00:00,800.0,34.8,29,11.3
2020-01-04 12:00:00,876.0,35.9,26,9.7
2020-01-04 13:00:00,877.0,36.8,23,7.1
2020-01-04 14:00:00,803.0,37.3,21,5.0
2020-01-04 15:00:00,661.0,37.5,19,5.1
2020-01-04 16:00:00,459.0,37.2,19,7.2
2020-01-04 17:00:00,228.0,35.8,22,10.4
2020-01-05 06:00:00,0.0,25.2,70,14.5
2020-01-05 07:00:00,37.0,26.1,67,15.0
2020-01-05 08:00:00,225.0,28.2,57,17.7
2020-01-05 09:00:00,439.0,30.5,46,18.7
2020-01-05 10:00:00,616.0,32.1,40,15.0
2020-01-05 11:00:00,763.0,33.5,36,11.7
2020-01-05 12:00:00,837.0,34.8,31,11.9
2020-01-05 13:00:00,714.0,35.4,31,14.3
2020-01-05 14:00:00,570.0,35.4,29,14.6
2020-01-05 15:00:00,437.0,35.3,27,11.9
2020-01-05 16:00:00,425.0,35.2,27,12.6
2020-01-05 17:00:00,201.0,33.8,31,15.8
2020-01-06 06:00:00,0.0,25.0,70,12.0
2020-01-06 07:00:00,35.0,25.7,65,10.9
2020-01-06 08:00:00,224.0,27.6,55,12.5
2020-01-06 09:00:00,444.0,29.9,47,14.6
2020-01-06 10:00:00,636.0,31.9,40,13.7
2020-01-06 11:00:00,776.0,33.5,35,12.0
2020-01-06 12:00:00,858.0,34.7,32,12.7
2020-01-06 13:00:00,810.0,35.3,30,12.3
2020-01-06 14:00:00,750.0,36.0,28,10.2
2020-01-06 15:00:00,572.0,36.0,27,11.4
2020-01-06 16:00:00,358.0,35.3,28,13.4
2020-01-06 17:00:00,204.0,33.9,31,13.8
2020-01-07 06:00:00,0.0,25.1,71,10.6
2020-01-07 07:00:00,32.0,26.0,67,9.2
2020-01-07 08:00:00,195.0,28.1,57,7.7
2020-01-07 09:00:00,404.0,30.4,48,7.0
2020-01-07 10:00:00,586.0,32.3,41,9.5
2020-01-07 11:00:00,768.0,34.0,37,9.7
2020-01-07 12:00:00,843.0,35.2,34,11.8
2020-01-07 13:00:00,803.0,35.7,33,10.6
2020-01-07 14:00:00,767.0,36.2,32,7.1
2020-01-07 15:00:00,607.0,36.3,31,3.9
2020-01-07 16:00:00,416.0,36.0,31,3.7
2020-01-07 17:00:00,213.0,35.5,32,6.8
2020-01-08 06:00:00,0.0,25.4,65,12.0
2020-01-08 07:00:00,35.0,26.6,61,11.3
2020-01-08 08:00:00,225.0,29.4,49,10.5
2020-01-08 09:00:00,441.0,31.8,41,12.6
2020-01-08 10:00:00,633.0,33.4,37,13.8
2020-01-08 11:00:00,771.0,34.8,34,12.7
2020-01-08 12:00:00,849.0,36.2,28,11.6
2020-01-08 13:00:00,842.0,37.0,23,11.5
2020-01-08 14:00:00,777.0,37.2,24,11.9
2020-01-08 15:00:00,643.0,37.0,26,11.9
2020-01-08 16:00:00,452.0,36.8,25,10.5
2020-01-08 17:00:00,236.0,35.2,31,14.7
2020-01-09 06:00:00,0.0,26.0,57,22.2
2020-01-09 07:00:00,35.0,26.4,58,20.1
2020-01-09 08:00:00,230.0,28.6,50,23.7
2020-01-09 09:00:00,461.0,31.0,40,24.6
2020-01-09 10:00:00,662.0,33.0,32,23.8
2020-01-09 11:00:00,809.0,34.5,27,19.7
2020-01-09 12:00:00,888.0,35.7,26,14.8
2020-01-09 13:00:00,890.0,36.3,26,12.7
2020-01-09 14:00:00,814.0,36.8,26,14.1
2020-01-09 15:00:00,666.0,36.7,26,16.9
2020-01-09 16:00:00,467.0,36.2,25,17.7
2020-01-09 17:00:00,243.0,34.8,28,20.3
2020-01-10 06:00:00,0.0,26.4,54,27.0
2020-01-10 07:00:00,34.0,26.9,53,24.2
2020-01-10 08:00:00,225.0,29.4,46,28.9
2020-01-10 09:00:00,456.0,31.0,40,26.4
2020-01-10 10:00:00,650.0,32.9,36,22.0
2020-01-10 11:00:00,788.0,34.3,33,20.6
2020-01-10 12:00:00,834.0,35.3,31,20.3
2020-01-10 13:00:00,816.0,35.8,31,20.8
2020-01-10 14:00:00,763.0,36.0,30,18.8
2020-01-10 15:00:00,644.0,35.9,30,16.6
2020-01-10 16:00:00,461.0,35.2,31,19.6
2020-01-10 17:00:00,240.0,33.9,34,24.1
2020-01-11 06:00:00,0.0,26.7,58,26.0
2020-01-11 07:00:00,33.0,27.1,57,19.8
2020-01-11 08:00:00,223.0,29.1,51,23.3
2020-01-11 09:00:00,445.0,32.1,41,26.1
2020-01-11 10:00:00,639.0,34.0,33,25.5
2020-01-11 11:00:00,784.0,35.2,31,21.1
2020-01-11 12:00:00,865.0,36.3,28,18.9
2020-01-11 13:00:00,875.0,37.0,28,19.4
2020-01-11 14:00:00,790.0,37.3,26,19.0
2020-01-11 15:00:00,629.0,37.2,27,17.2
2020-01-11 16:00:00,461.0,36.3,29,21.3
2020-01-11 17:00:00,240.0,35.0,31,24.4
2020-01-12 06:00:00,0.0,27.3,51,24.2
2020-01-12 07:00:00,32.0,27.5,52,20.9
2020-01-12 08:00:00,221.0,29.6,46,23.8
2020-01-12 09:00:00,443.0,32.1,39,22.9
2020-01-12 10:00:00,640.0,33.8,33,21.0
2020-01-12 11:00:00,782.0,35.1,30,18.0
2020-01-12 12:00:00,865.0,36.2,28,17.6
2020-01-12 13:00:00,868.0,36.9,26,18.8
2020-01-12 14:00:00,798.0,37.0,27,20.5
2020-01-12 15:00:00,658.0,37.0,28,22.0
2020-01-12 16:00:00,467.0,36.5,28,24.1
2020-01-12 17:00:00,243.0,35.0,30,24.7
2020-01-13 06:00:00,0.0,27.1,51,27.1
2020-01-13 07:00:00,33.0,27.9,49,25.7
2020-01-13 08:00:00,225.0,29.6,44,26.4
2020-01-13 09:00:00,454.0,31.9,37,28.3
2020-01-13 10:00:00,653.0,33.5,32,24.4
2020-01-13 11:00:00,799.0,34.8,31,21.2
2020-01-13 12:00:00,877.0,36.0,29,20.7
2020-01-13 13:00:00,881.0,36.7,27,20.2
2020-01-13 14:00:00,809.0,37.0,28,21.8
2020-01-13 15:00:00,664.0,37.2,27,22.6
2020-01-13 16:00:00,471.0,36.8,25,24.9
2020-01-13 17:00:00,249.0,35.2,28,23.8
2020-01-14 06:00:00,0.0,27.3,48,25.9
2020-01-14 07:00:00,32.0,27.9,48,22.0
2020-01-14 08:00:00,222.0,29.7,44,27.1
2020-01-14 09:00:00,450.0,31.6,39,27.4
2020-01-14 10:00:00,650.0,33.1,35,24.0
2020-01-14 11:00:00,796.0,34.5,33,23.8
2020-01-14 12:00:00,874.0,35.7,31,23.4
2020-01-14 13:00:00,878.0,36.2,30,22.9
2020-01-14 14:00:00,808.0,36.7,30,22.3
2020-01-14 15:00:00,667.0,36.5,30,22.7
2020-01-14 16:00:00,472.0,36.0,31,23.0
2020-01-14 17:00:00,248.0,34.5,34,23.9
2020-01-15 06:00:00,0.0,25.9,66,19.6
2020-01-15 07:00:00,30.0,26.4,64,20.0
2020-01-15 08:00:00,206.0,28.2,58,24.0
2020-01-15 09:00:00,405.0,30.8,48,23.2
2020-01-15 10:00:00,568.0,33.2,40,21.3
2020-01-15 11:00:00,653.0,34.8,34,16.9
2020-01-15 12:00:00,789.0,36.3,31,14.4
2020-01-15 13:00:00,847.0,37.4,28,12.3
2020-01-15 14:00:00,790.0,38.2,27,13.1
2020-01-15 15:00:00,656.0,38.0,27,16.7
2020-01-15 16:00:00,467.0,37.6,27,17.3
2020-01-15 17:00:00,231.0,36.3,29,17.0
2020-01-16 06:00:00,0.0,26.4,72,16.9
2020-01-16 07:00:00,29.0,26.9,69,17.9
2020-01-16 08:00:00,203.0,29.5,57,18.9
2020-01-16 09:00:00,423.0,32.5,44,17.7
2020-01-16 10:00:00,611.0,34.5,37,14.5
2020-01-16 11:00:00,735.0,35.8,33,11.2
2020-01-16 12:00:00,808.0,37.2,30,9.8
2020-01-16 13:00:00,809.0,38.5,27,12.2
2020-01-16 14:00:00,767.0,39.0,26,18.0
2020-01-16 15:00:00,620.0,38.5,27,19.9
2020-01-16 16:00:00,397.0,37.7,29,19.1
2020-01-16 17:00:00,240.0,36.8,31,17.2
2020-01-17 06:00:00,0.0,27.0,68,23.1
2020-01-17 07:00:00,30.0,27.5,66,17.3
2020-01-17 08:00:00,215.0,29.6,58,22.7
2020-01-17 09:00:00,442.0,32.5,48,23.4
2020-01-17 10:00:00,641.0,34.8,40,23.0
2020-01-17 11:00:00,787.0,36.3,36,21.1
2020-01-17 12:00:00,872.0,37.5,32,18.9
2020-01-17 13:00:00,871.0,38.5,29,18.2
2020-01-17 14:00:00,797.0,39.1,27,20.5
2020-01-17 15:00:00,576.0,38.4,28,20.5
2020-01-17 16:00:00,400.0,37.5,32,20.8
2020-01-17 17:00:00,233.0,35.7,39,22.7
2020-01-18 06:00:00,0.0,27.3,65,24.3
2020-01-18 07:00:00,30.0,27.8,64,20.3
2020-01-18 08:00:00,212.0,29.9,56,25.3
2020-01-18 09:00:00,438.0,32.2,49,24.8
2020-01-18 10:00:00,638.0,34.3,42,24.5
2020-01-18 11:00:00,778.0,36.0,36,22.7
2020-01-18 12:00:00,859.0,37.2,33,19.7
2020-01-18 13:00:00,868.0,38.5,30,20.2
2020-01-18 14:00:00,799.0,38.8,28,18.9
2020-01-18 15:00:00,607.0,38.3,30,16.9
2020-01-18 16:00:00,461.0,37.2,33,21.7
2020-01-18 17:00:00,248.0,35.1,40,24.1
2020-01-19 06:00:00,0.0,26.8,62,24.9
2020-01-19 07:00:00,30.0,27.2,61,21.5
2020-01-19 08:00:00,212.0,29.1,55,23.5
2020-01-19 09:00:00,422.0,31.6,48,23.1
2020-01-19 10:00:00,641.0,34.0,41,22.2
2020-01-19 11:00:00,784.0,35.7,36,18.7
2020-01-19 12:00:00,872.0,37.2,32,14.8
2020-01-19 13:00:00,879.0,38.5,30,13.6
2020-01-19 14:00:00,730.0,38.8,28,14.3
2020-01-19 15:00:00,630.0,39.0,27,16.2
2020-01-19 16:00:00,361.0,37.8,29,17.9
2020-01-19 17:00:00,200.0,36.9,31,17.3
2020-01-20 06:00:00,0.0,27.0,67,17.4
2020-01-20 07:00:00,27.0,27.5,64,11.7
2020-01-20 08:00:00,197.0,29.3,59,11.9
2020-01-20 09:00:00,411.0,32.1,46,9.3
2020-01-20 10:00:00,605.0,33.8,42,5.5
2020-01-20 11:00:00,760.0,35.3,38,5.5
2020-01-20 12:00:00,836.0,36.6,35,5.2
2020-01-20 13:00:00,862.0,37.5,33,5.0
2020-01-20 14:00:00,770.0,38.3,30,4.5
2020-01-20 15:00:00,626.0,39.0,29,8.8
2020-01-20 16:00:00,335.0,34.5,43,14.4
2020-01-20 17:00:00,140.0,34.7,42,2.9
2020-01-21 06:00:00,0.0,25.0,89,3.9
2020-01-21 07:00:00,18.0,25.1,89,4.7
2020-01-21 08:00:00,132.0,26.1,83,2.8
2020-01-21 09:00:00,232.0,27.2,76,1.9
2020-01-21 10:00:00,469.0,29.5,64,3.1
2020-01-21 11:00:00,599.0,30.9,60,4.7
2020-01-21 12:00:00,737.0,32.0,55,5.2
2020-01-21 13:00:00,766.0,33.3,49,6.1
2020-01-21 14:00:00,656.0,34.0,48,6.6
2020-01-21 15:00:00,573.0,34.2,47,6.3
2020-01-21 16:00:00,359.0,33.9,46,6.9
2020-01-21 17:00:00,143.0,27.7,78,6.5
2020-01-22 06:00:00,0.0,23.7,97,6.1
2020-01-22 07:00:00,11.0,24.1,94,7.6
2020-01-22 08:00:00,75.0,24.5,95,8.5
2020-01-22 09:00:00,173.0,25.1,92,8.0
2020-01-22 10:00:00,302.0,26.2,83,6.0
2020-01-22 11:00:00,555.0,28.4,72,5.1
2020-01-22 12:00:00,506.0,29.0,67,5.5
2020-01-22 13:00:00,603.0,29.8,63,5.5
2020-01-22 14:00:00,548.0,30.0,61,5.7
2020-01-22 15:00:00,398.0,30.1,60,6.2
2020-01-22 16:00:00,247.0,29.6,63,7.6
2020-01-22 17:00:00,129.0,29.0,64,7.4
2020-01-23 06:00:00,0.0,23.8,97,4.0
2020-01-23 07:00:00,20.0,23.6,97,5.6
2020-01-23 08:00:00,129.0,24.9,91,8.3
2020-01-23 09:00:00,366.0,26.5,80,9.8
2020-01-23 10:00:00,585.0,28.4,69,5.8
2020-01-23 11:00:00,621.0,29.6,62,2.9
2020-01-23 12:00:00,676.0,30.6,57,3.5
2020-01-23 13:00:00,664.0,31.4,53,5.8
2020-01-23 14:00:00,641.0,31.7,52,6.8
2020-01-23 15:00:00,598.0,32.0,51,4.9
2020-01-23 16:00:00,395.0,31.8,51,2.4
2020-01-23 17:00:00,207.0,31.4,52,0.8
2020-01-24 06:00:00,0.0,24.1,85,7.7
2020-01-24 07:00:00,26.0,24.6,86,6.1
2020-01-24 08:00:00,170.0,26.6,73,4.3
2020-01-24 09:00:00,381.0,28.1,65,7.4
2020-01-24 10:00:00,548.0,29.5,60,6.4
2020-01-24 11:00:00,538.0,30.4,57,4.7
2020-01-24 12:00:00,753.0,31.8,52,4.7
2020-01-24 13:00:00,784.0,32.5,51,5.9
2020-01-24 14:00:00,670.0,32.6,50,5.9
2020-01-24 15:00:00,531.0,32.4,51,5.4
2020-01-24 16:00:00,363.0,31.7,54,5.6
2020-01-24 17:00:00,182.0,31.0,58,5.6
2020-01-25 06:00:00,0.0,24.1,76,9.3
2020-01-25 07:00:00,27.0,24.6,76,8.7
2020-01-25 08:00:00,195.0,26.8,66,11.8
2020-01-25 09:00:00,410.0,29.1,57,11.6
2020-01-25 10:00:00,604.0,31.0,52,8.8
2020-01-25 11:00:00,772.0,32.4,46,7.6
2020-01-25 12:00:00,861.0,33.8,40,8.0
2020-01-25 13:00:00,855.0,34.8,35,8.6
2020-01-25 14:00:00,802.0,35.2,33,7.9
2020-01-25 15:00:00,659.0,35.3,33,8.0
2020-01-25 16:00:00,468.0,34.9,34,9.4
2020-01-25 17:00:00,248.0,33.9,38,12.0
2020-01-26 06:00:00,0.0,25.0,68,18.3
2020-01-26 07:00:00,28.0,25.6,67,16.3
2020-01-26 08:00:00,205.0,27.6,57,16.9
2020-01-26 09:00:00,440.0,29.8,49,15.4
2020-01-26 10:00:00,633.0,31.4,42,12.9
2020-01-26 11:00:00,809.0,33.2,36,11.2
2020-01-26 12:00:00,895.0,34.5,33,9.6
2020-01-26 13:00:00,902.0,35.4,31,7.3
2020-01-26 14:00:00,840.0,36.0,30,4.9
2020-01-26 15:00:00,699.0,36.0,29,2.8
2020-01-26 16:00:00,503.0,35.8,29,2.6
2020-01-26 17:00:00,233.0,35.2,30,6.9
2020-01-27 06:00:00,0.0,25.2,76,7.9
2020-01-27 07:00:00,25.0,25.5,73,7.3
2020-01-27 08:00:00,188.0,27.3,66,5.9
2020-01-27 09:00:00,382.0,28.8,63,5.6
2020-01-27 10:00:00,565.0,30.2,58,5.4
2020-01-27 11:00:00,697.0,31.9,50,3.9
2020-01-27 12:00:00,787.0,33.3,45,3.7
2020-01-27 13:00:00,819.0,34.2,41,3.7
2020-01-27 14:00:00,665.0,34.2,41,6.3
2020-01-27 15:00:00,537.0,34.0,43,8.3
2020-01-27 16:00:00,393.0,33.2,46,7.3
2020-01-27 17:00:00,200.0,32.3,50,6.9
2020-01-28 06:00:00,0.0,25.8,75,11.5
2020-01-28 07:00:00,23.0,26.1,74,8.2
2020-01-28 08:00:00,194.0,27.8,69,5.8
2020-01-28 09:00:00,420.0,29.6,61,5.8
2020-01-28 10:00:00,629.0,31.3,54,6.3
2020-01-28 11:00:00,667.0,32.2,49,5.0
2020-01-28 12:00:00,776.0,33.6,44,5.5
2020-01-28 13:00:00,775.0,34.3,41,5.8
2020-01-28 14:00:00,680.0,34.7,40,5.0
2020-01-28 15:00:00,541.0,34.7,40,4.6
2020-01-28 16:00:00,380.0,34.4,41,3.1
2020-01-28 17:00:00,178.0,33.5,42,1.8
2020-01-29 06:00:00,0.0,26.0,79,4.0
2020-01-29 07:00:00,22.0,26.3,80,2.3
2020-01-29 08:00:00,174.0,27.9,71,5.5
2020-01-29 09:00:00,372.0,29.5,62,5.2
2020-01-29 10:00:00,491.0,31.0,56,5.1
2020-01-29 11:00:00,691.0,32.2,52,5.2
2020-01-29 12:00:00,752.0,33.0,48,5.5
2020-01-29 13:00:00,722.0,33.8,45,3.1
2020-01-29 14:00:00,685.0,34.5,42,2.3
2020-01-29 15:00:00,534.0,34.2,43,1.4
2020-01-29 16:00:00,392.0,33.7,43,6.1
2020-01-29 17:00:00,163.0,30.9,56,13.0
2020-01-30 06:00:00,0.0,25.7,68,11.0
2020-01-30 07:00:00,28.0,26.6,64,10.7
2020-01-30 08:00:00,195.0,28.8,55,12.2
2020-01-30 09:00:00,445.0,31.4,43,15.6
2020-01-30 10:00:00,650.0,33.5,36,15.8
2020-01-30 11:00:00,803.0,35.0,32,13.0
2020-01-30 12:00:00,898.0,36.2,29,9.7
2020-01-30 13:00:00,892.0,36.8,28,6.2
2020-01-30 14:00:00,826.0,37.3,27,5.3
2020-01-30 15:00:00,662.0,37.1,28,5.1
2020-01-30 16:00:00,479.0,36.8,29,5.4
2020-01-30 17:00:00,266.0,36.3,30,8.5
2020-01-31 06:00:00,0.0,25.9,63,21.6
2020-01-31 07:00:00,28.0,26.8,61,18.1
2020-01-31 08:00:00,210.0,28.6,56,21.2
2020-01-31 09:00:00,438.0,31.1,45,22.7
2020-01-31 10:00:00,652.0,33.6,37,18.0
2020-01-31 11:00:00,807.0,35.2,32,15.0
2020-01-31 12:00:00,893.0,36.5,29,13.3
2020-01-31 13:00:00,904.0,37.5,27,10.9
2020-01-31 14:00:00,837.0,38.2,25,10.1
2020-01-31 15:00:00,677.0,38.1,25,11.6
2020-01-31 16:00:00,487.0,37.6,26,13.3
2020-01-31 17:00:00,272.0,36.7,28,14.5
2020-02-01 06:00:00,0.0,26.2,72,17.2
2020-02-01 07:00:00,29.0,27.0,69,14.2
2020-02-01 08:00:00,213.0,29.5,59,14.0
2020-02-01 09:00:00,443.0,32.1,47,10.7
2020-02-01 10:00:00,649.0,34.2,40,6.8
2020-02-01 11:00:00,801.0,36.0,35,8.7
2020-02-01 12:00:00,888.0,37.2,32,9.4
2020-02-01 13:00:00,903.0,38.2,30,7.9
2020-02-01 14:00:00,838.0,38.6,29,6.2
2020-02-01 15:00:00,675.0,38.8,28,4.6
2020-02-01 16:00:00,493.0,38.7,28,5.3
2020-02-01 17:00:00,236.0,37.8,29,3.7
2020-02-02 06:00:00,0.0,26.9,66,13.3
2020-02-02 07:00:00,28.0,27.5,64,13.5
2020-02-02 08:00:00,190.0,29.5,57,16.3
2020-02-02 09:00:00,422.0,31.6,51,14.7
2020-02-02 10:00:00,619.0,33.3,46,11.8
2020-02-02 11:00:00,757.0,34.9,40,11.1
2020-02-02 12:00:00,819.0,36.2,35,11.2
2020-02-02 13:00:00,797.0,36.7,35,12.6
2020-02-02 14:00:00,751.0,37.2,33,14.3
2020-02-02 15:00:00,600.0,37.2,33,15.2
2020-02-02 16:00:00,450.0,36.1,36,18.3
2020-02-02 17:00:00,245.0,34.9,38,18.5
2020-02-03 06:00:00,0.0,26.2,70,17.3
2020-02-03 07:00:00,29.0,26.8,66,15.5
2020-02-03 08:00:00,216.0,29.2,56,16.6
2020-02-03 09:00:00,449.0,32.1,45,18.1
2020-02-03 10:00:00,643.0,34.2,39,18.9
2020-02-03 11:00:00,798.0,35.7,35,17.6
2020-02-03 12:00:00,881.0,36.9,31,13.7
2020-02-03 13:00:00,893.0,38.0,28,10.7
2020-02-03 14:00:00,833.0,38.5,27,10.0
2020-02-03 15:00:00,698.0,38.4,27,10.6
2020-02-03 16:00:00,500.0,37.9,28,12.9
2020-02-03 17:00:00,263.0,36.7,30,16.3
2020-02-04 06:00:00,0.0,26.2,60,20.2
2020-02-04 07:00:00,30.0,26.8,57,17.3
2020-02-04 08:00:00,220.0,29.6,47,18.3
2020-02-04 09:00:00,456.0,32.2,38,15.6
2020-02-04 10:00:00,666.0,34.3,32,13.5
2020-02-04 11:00:00,827.0,36.1,27,12.8
2020-02-04 12:00:00,918.0,37.3,23,13.0
2020-02-04 13:00:00,931.0,38.2,23,9.2
2020-02-04 14:00:00,864.0,38.8,23,6.9
2020-02-04 15:00:00,723.0,39.2,23,7.5
2020-02-04 16:00:00,518.0,39.3,22,11.3
2020-02-04 17:00:00,248.0,36.8,28,19.8
2020-02-05 06:00:00,0.0,25.3,60,21.4
2020-02-05 07:00:00,30.0,25.8,58,19.0
2020-02-05 08:00:00,222.0,28.0,50,20.9
2020-02-05 09:00:00,462.0,31.1,38,20.2
2020-02-05 10:00:00,675.0,33.5,31,16.8
2020-02-05 11:00:00,835.0,35.2,28,13.9
2020-02-05 12:00:00,925.0,36.4,25,11.6
2020-02-05 13:00:00,938.0,37.5,23,8.6
2020-02-05 14:00:00,872.0,38.2,22,6.8
2020-02-05 15:00:00,732.0,38.5,21,8.5
2020-02-05 16:00:00,532.0,38.2,22,12.2
2020-02-05 17:00:00,297.0,37.1,22,13.9
2020-02-06 06:00:00,0.0,24.5,70,19.9
2020-02-06 07:00:00,31.0,24.8,69,17.6
2020-02-06 08:00:00,227.0,27.3,58,15.2
2020-02-06 09:00:00,469.0,30.8,43,11.0
2020-02-06 10:00:00,684.0,33.0,33,5.2
2020-02-06 11:00:00,846.0,34.9,29,6.0
2020-02-06 12:00:00,935.0,37.1,22,9.0
2020-02-06 13:00:00,949.0,37.9,22,13.6
2020-02-06 14:00:00,882.0,38.2,20,9.7
2020-02-06 15:00:00,742.0,38.8,17,7.9
2020-02-06 16:00:00,541.0,38.6,16,12.6
2020-02-06 17:00:00,303.0,37.5,17,13.7
2020-02-07 06:00:00,0.0,25.0,63,12.0
2020-02-07 07:00:00,32.0,25.2,66,8.5
2020-02-07 08:00:00,227.0,27.6,55,9.6
2020-02-07 09:00:00,467.0,30.9,41,9.2
2020-02-07 10:00:00,680.0,33.6,33,8.7
2020-02-07 11:00:00,843.0,35.7,27,7.2
2020-02-07 12:00:00,934.0,37.3,23,5.1
2020-02-07 13:00:00,944.0,38.2,21,5.0
2020-02-07 14:00:00,875.0,38.7,20,4.6
2020-02-07 15:00:00,735.0,38.8,19,4.2
2020-02-07 16:00:00,534.0,38.6,19,2.9
2020-02-07 17:00:00,300.0,38.0,20,2.5
2020-02-08 06:00:00,0.0,25.4,64,21.1
2020-02-08 07:00:00,31.0,25.8,64,19.9
2020-02-08 08:00:00,224.0,27.8,58,22.4
2020-02-08 09:00:00,463.0,31.0,46,21.6
2020-02-08 10:00:00,677.0,33.7,35,16.1
2020-02-08 11:00:00,837.0,35.3,30,14.6
2020-02-08 12:00:00,927.0,36.5,28,13.5
2020-02-08 13:00:00,941.0,37.5,25,11.2
2020-02-08 14:00:00,878.0,38.3,22,10.2
2020-02-08 15:00:00,735.0,38.6,21,9.0
2020-02-08 16:00:00,535.0,38.0,22,10.7
2020-02-08 17:00:00,301.0,36.8,25,15.5
2020-02-09 06:00:00,0.0,25.6,60,22.1
2020-02-09 07:00:00,30.0,26.1,59,18.5
2020-02-09 08:00:00,225.0,28.0,51,26.4
2020-02-09 09:00:00,470.0,31.0,37,27.7
2020-02-09 10:00:00,687.0,33.5,30,24.1
2020-02-09 11:00:00,846.0,34.8,28,20.5
2020-02-09 12:00:00,937.0,36.2,26,16.9
2020-02-09 13:00:00,948.0,37.0,25,18.1
2020-02-09 14:00:00,879.0,37.5,23,17.7
2020-02-09 15:00:00,736.0,37.7,22,16.6
2020-02-09 16:00:00,535.0,37.4,22,16.2
2020-02-09 17:00:00,301.0,36.5,23,16.2
2020-02-10 06:00:00,0.0,25.5,67,17.7
2020-02-10 07:00:00,31.0,25.7,68,12.4
2020-02-10 08:00:00,224.0,28.0,57,15.3
2020-02-10 09:00:00,463.0,31.1,43,16.3
2020-02-10 10:00:00,676.0,34.0,33,17.3
2020-02-10 11:00:00,834.0,35.7,30,16.1
2020-02-10 12:00:00,924.0,37.2,27,15.4
2020-02-10 13:00:00,937.0,38.2,24,16.6
2020-02-10 14:00:00,869.0,38.7,23,18.5
2020-02-10 15:00:00,729.0,38.5,24,19.4
2020-02-10 16:00:00,532.0,37.7,26,21.4
2020-02-10 17:00:00,298.0,36.2,30,21.6
2020-02-11 06:00:00,0.0,26.5,54,23.6
2020-02-11 07:00:00,32.0,27.1,51,21.6
2020-02-11 08:00:00,225.0,29.1,44,24.4
2020-02-11 09:00:00,464.0,31.8,37,23.8
2020-02-11 10:00:00,677.0,33.9,32,21.4
2020-02-11 11:00:00,837.0,35.8,28,17.9
2020-02-11 12:00:00,928.0,37.2,26,14.9
2020-02-11 13:00:00,940.0,38.5,24,14.8
2020-02-11 14:00:00,872.0,39.1,23,16.6
2020-02-11 15:00:00,733.0,39.0,23,18.6
2020-02-11 16:00:00,535.0,38.2,25,20.5
2020-02-11 17:00:00,299.0,36.7,27,18.0
2020-02-12 06:00:00,0.0,26.6,61,21.1
2020-02-12 07:00:00,32.0,27.0,60,20.0
2020-02-12 08:00:00,225.0,29.1,53,23.8
2020-02-12 09:00:00,463.0,31.6,44,23.9
2020-02-12 10:00:00,676.0,33.8,36,22.5
2020-02-12 11:00:00,834.0,35.5,32,20.0
2020-02-12 12:00:00,922.0,36.7,30,18.1
2020-02-12 13:00:00,935.0,37.7,27,17.2
2020-02-12 14:00:00,871.0,38.2,26,16.8
2020-02-12 15:00:00,733.0,38.3,26,15.2
2020-02-12 16:00:00,533.0,38.0,26,14.1
2020-02-12 17:00:00,299.0,37.0,28,15.5
2020-02-13 06:00:00,0.0,26.5,62,21.4
2020-02-13 07:00:00,33.0,27.0,59,21.1
2020-02-13 08:00:00,226.0,29.5,50,26.7
2020-02-13 09:00:00,464.0,32.1,40,25.7
2020-02-13 10:00:00,677.0,34.2,34,19.5
2020-02-13 11:00:00,836.0,35.9,30,16.0
2020-02-13 12:00:00,926.0,37.2,28,14.8
2020-02-13 13:00:00,943.0,38.2,26,13.8
2020-02-13 14:00:00,875.0,38.7,25,13.8
2020-02-13 15:00:00,728.0,38.8,25,14.9
2020-02-13 16:00:00,517.0,38.2,25,14.8
2020-02-13 17:00:00,279.0,37.2,27,14.3
2020-02-14 06:00:00,0.0,26.6,66,19.8
2020-02-14 07:00:00,32.0,27.2,64,19.2
2020-02-14 08:00:00,225.0,29.3,56,23.8
2020-02-14 09:00:00,457.0,32.2,45,22.3
2020-02-14 10:00:00,673.0,34.5,36,18.5
2020-02-14 11:00:00,836.0,36.0,33,16.3
2020-02-14 12:00:00,913.0,37.2,30,14.3
2020-02-14 13:00:00,855.0,37.7,28,12.8
2020-02-14 14:00:00,818.0,38.3,26,13.1
2020-02-14 15:00:00,641.0,38.2,26,12.6
2020-02-14 16:00:00,387.0,37.3,27,12.0
2020-02-14 17:00:00,242.0,36.9,27,14.8
2020-02-15 06:00:00,0.0,26.5,67,21.3
2020-02-15 07:00:00,32.0,26.3,67,20.9
2020-02-15 08:00:00,223.0,28.5,59,23.8
2020-02-15 09:00:00,458.0,31.6,47,23.5
2020-02-15 10:00:00,671.0,34.7,37,20.7
2020-02-15 11:00:00,827.0,36.4,32,15.3
2020-02-15 12:00:00,914.0,37.5,29,10.9
2020-02-15 13:00:00,928.0,38.5,27,8.1
2020-02-15 14:00:00,855.0,39.6,24,8.9
2020-02-15 15:00:00,712.0,39.9,23,14.1
2020-02-15 16:00:00,516.0,39.4,22,16.6
2020-02-15 17:00:00,270.0,38.3,23,14.1
2020-02-16 06:00:00,0.0,26.1,63,24.8
2020-02-16 07:00:00,31.0,26.7,61,26.6
2020-02-16 08:00:00,217.0,28.9,53,28.4
2020-02-16 09:00:00,458.0,31.7,44,27.9
2020-02-16 10:00:00,670.0,34.0,38,24.7
2020-02-16 11:00:00,825.0,36.0,33,19.9
2020-02-16 12:00:00,911.0,37.3,31,16.8
2020-02-16 13:00:00,915.0,38.2,28,15.3
2020-02-16 14:00:00,849.0,38.8,27,14.4
2020-02-16 15:00:00,711.0,39.0,25,15.3
2020-02-16 16:00:00,516.0,38.5,25,14.8
2020-02-16 17:00:00,272.0,37.5,27,15.5
2020-02-17 06:00:00,0.0,26.0,66,22.0
2020-02-17 07:00:00,34.0,26.7,63,19.2
2020-02-17 08:00:00,226.0,29.2,55,19.3
2020-02-17 09:00:00,462.0,32.1,45,15.2
2020-02-17 10:00:00,674.0,34.7,37,12.1
2020-02-17 11:00:00,834.0,36.7,32,11.3
2020-02-17 12:00:00,926.0,38.2,28,9.7
2020-02-17 13:00:00,939.0,39.3,26,7.3
2020-02-17 14:00:00,866.0,40.0,24,6.8
2020-02-17 15:00:00,669.0,40.4,21,11.9
2020-02-17 16:00:00,292.0,38.7,24,18.5
2020-02-17 17:00:00,212.0,37.6,27,16.7
2020-02-18 06:00:00,0.0,26.0,68,21.7
2020-02-18 07:00:00,35.0,26.4,67,23.4
2020-02-18 08:00:00,230.0,29.0,57,24.2
2020-02-18 09:00:00,469.0,32.0,46,20.6
2020-02-18 10:00:00,683.0,35.7,34,15.6
2020-02-18 11:00:00,843.0,38.3,26,14.3
2020-02-18 12:00:00,934.0,40.2,22,18.9
2020-02-18 13:00:00,946.0,40.7,22,22.8
2020-02-18 14:00:00,888.0,40.5,22,24.6
2020-02-18 15:00:00,740.0,40.0,23,25.2
2020-02-18 16:00:00,541.0,39.3,24,22.8
2020-02-18 17:00:00,302.0,38.0,27,20.1
2020-02-19 06:00:00,0.0,27.4,65,22.2
2020-02-19 07:00:00,35.0,27.5,65,23.2
2020-02-19 08:00:00,229.0,29.5,58,24.5
2020-02-19 09:00:00,467.0,32.7,48,24.5
2020-02-19 10:00:00,679.0,35.2,40,24.0
2020-02-19 11:00:00,840.0,37.0,33,19.8
2020-02-19 12:00:00,929.0,38.4,30,14.0
2020-02-19 13:00:00,945.0,39.5,27,14.4
2020-02-19 14:00:00,712.0,39.3,27,14.7
2020-02-19 15:00:00,477.0,38.8,27,14.1
2020-02-19 16:00:00,470.0,38.5,29,15.8
2020-02-19 17:00:00,244.0,36.9,35,20.6
2020-02-20 06:00:00,0.0,27.8,61,24.6
2020-02-20 07:00:00,35.0,27.9,61,21.4
2020-02-20 08:00:00,226.0,29.7,55,25.8
2020-02-20 09:00:00,459.0,32.4,45,24.8
2020-02-20 10:00:00,672.0,34.3,39,20.5
2020-02-20 11:00:00,830.0,35.8,35,16.1
2020-02-20 12:00:00,926.0,37.2,31,13.3
2020-02-20 13:00:00,921.0,38.2,29,13.5
2020-02-20 14:00:00,837.0,38.5,28,13.6
2020-02-20 15:00:00,679.0,38.3,27,12.1
2020-02-20 16:00:00,504.0,38.0,27,12.2
2020-02-20 17:00:00,274.0,37.0,30,16.3
2020-02-21 06:00:00,0.0,25.9,67,19.6
2020-02-21 07:00:00,36.0,26.7,64,19.0
2020-02-21 08:00:00,224.0,29.1,55,20.5
2020-02-21 09:00:00,464.0,32.0,44,19.7
2020-02-21 10:00:00,678.0,34.1,38,13.8
2020-02-21 11:00:00,837.0,35.8,33,10.6
2020-02-21 12:00:00,934.0,37.0,30,7.8
2020-02-21 13:00:00,932.0,37.8,28,7.2
2020-02-21 14:00:00,877.0,38.3,27,6.9
2020-02-21 15:00:00,709.0,38.4,26,7.9
2020-02-21 16:00:00,513.0,38.5,24,8.6
2020-02-21 17:00:00,258.0,37.0,28,17.5
2020-02-22 06:00:00,0.0,26.2,67,17.9
2020-02-22 07:00:00,22.0,27.1,63,17.6
2020-02-22 08:00:00,167.0,28.9,56,15.4
2020-02-22 09:00:00,418.0,30.8,51,10.4
2020-02-22 10:00:00,600.0,32.5,46,8.8
2020-02-22 11:00:00,763.0,34.1,40,7.2
2020-02-22 12:00:00,909.0,35.7,35,5.4
2020-02-22 13:00:00,870.0,36.6,31,4.0
2020-02-22 14:00:00,841.0,37.5,28,2.6
2020-02-22 15:00:00,653.0,37.7,26,4.2
2020-02-22 16:00:00,453.0,37.5,26,5.1
2020-02-22 17:00:00,233.0,36.4,30,9.6
2020-02-23 06:00:00,0.0,26.2,65,18.2
2020-02-23 07:00:00,27.0,27.0,63,18.1
2020-02-23 08:00:00,167.0,28.9,54,18.8
2020-02-23 09:00:00,404.0,31.1,46,13.9
2020-02-23 10:00:00,663.0,33.1,40,9.0
2020-02-23 11:00:00,839.0,34.9,35,5.8
2020-02-23 12:00:00,928.0,36.4,32,5.2
2020-02-23 13:00:00,937.0,37.7,30,5.9
2020-02-23 14:00:00,840.0,38.2,29,5.5
2020-02-23 15:00:00,591.0,38.0,29,1.1
2020-02-23 16:00:00,455.0,36.8,30,5.6
2020-02-23 17:00:00,227.0,35.6,32,3.3
2020-02-24 06:00:00,0.0,26.3,59,16.8
2020-02-24 07:00:00,37.0,27.0,56,16.7
2020-02-24 08:00:00,227.0,29.0,50,19.4
2020-02-24 09:00:00,472.0,31.5,42,17.9
2020-02-24 10:00:00,672.0,33.5,37,14.4
2020-02-24 11:00:00,840.0,35.2,34,10.7
2020-02-24 12:00:00,930.0,36.5,31,9.4
2020-02-24 13:00:00,932.0,38.0,27,6.6
2020-02-24 14:00:00,862.0,38.5,26,7.3
2020-02-24 15:00:00,696.0,38.5,27,8.1
2020-02-24 16:00:00,504.0,38.0,27,6.8
2020-02-24 17:00:00,222.0,37.2,28,4.1
2020-02-25 06:00:00,0.0,26.1,67,15.7
2020-02-25 07:00:00,37.0,27.2,64,13.0
2020-02-25 08:00:00,190.0,29.1,56,13.6
2020-02-25 09:00:00,424.0,31.1,50,10.5
2020-02-25 10:00:00,610.0,32.5,47,8.4
2020-02-25 11:00:00,721.0,33.7,44,7.7
2020-02-25 12:00:00,790.0,34.7,41,5.6
2020-02-25 13:00:00,885.0,36.2,35,5.6
2020-02-25 14:00:00,754.0,36.8,33,6.0
2020-02-25 15:00:00,646.0,37.2,31,5.4
2020-02-25 16:00:00,468.0,37.3,30,5.0
2020-02-25 17:00:00,276.0,36.5,31,3.9
2020-02-26 06:00:00,0.0,26.5,75,5.4
2020-02-26 07:00:00,38.0,26.3,82,6.5
2020-02-26 08:00:00,215.0,28.3,69,5.0
2020-02-26 09:00:00,441.0,30.2,59,5.7
2020-02-26 10:00:00,631.0,32.2,50,6.7
2020-02-26 11:00:00,766.0,34.0,42,5.8
2020-02-26 12:00:00,774.0,34.9,38,6.2
2020-02-26 13:00:00,876.0,36.2,35,6.0
2020-02-26 14:00:00,805.0,37.0,31,6.6
2020-02-26 15:00:00,695.0,37.3,30,6.0
2020-02-26 16:00:00,478.0,37.2,29,8.0
2020-02-26 17:00:00,258.0,36.4,31,8.9
2020-02-27 06:00:00,0.0,26.5,76,1.1
2020-02-27 07:00:00,34.0,27.0,76,2.6
2020-02-27 08:00:00,172.0,28.2,74,6.1
2020-02-27 09:00:00,373.0,29.8,68,4.6
2020-02-27 10:00:00,550.0,31.6,58,3.4
2020-02-27 11:00:00,685.0,33.2,47,3.3
2020-02-27 12:00:00,775.0,34.8,41,3.1
2020-02-27 13:00:00,836.0,36.2,35,2.3
2020-02-27 14:00:00,770.0,36.9,32,1.3
2020-02-27 15:00:00,636.0,36.8,31,4.7
2020-02-27 16:00:00,475.0,36.8,29,5.0
2020-02-27 17:00:00,265.0,36.1,30,8.7
2020-02-28 06:00:00,0.0,26.2,63,21.7
2020-02-28 07:00:00,41.0,27.1,59,18.5
2020-02-28 08:00:00,241.0,29.2,50,20.6
2020-02-28 09:00:00,476.0,31.6,39,20.3
2020-02-28 10:00:00,688.0,33.6,33,15.8
2020-02-28 11:00:00,838.0,35.3,27,12.9
2020-02-28 12:00:00,935.0,36.7,23,10.6
2020-02-28 13:00:00,966.0,37.7,22,7.7
2020-02-28 14:00:00,900.0,38.2,22,7.9
2020-02-28 15:00:00,754.0,38.5,21,10.3
2020-02-28 16:00:00,551.0,38.2,22,12.1
2020-02-28 17:00:00,308.0,37.3,23,14.8
2020-02-29 06:00:00,0.0,25.5,67,22.8
2020-02-29 07:00:00,42.0,26.1,66,22.4
2020-02-29 08:00:00,242.0,28.2,58,25.6
2020-02-29 09:00:00,483.0,31.1,47,25.0
2020-02-29 10:00:00,697.0,33.4,37,22.4
2020-02-29 11:00:00,858.0,35.2,32,16.4
2020-02-29 12:00:00,946.0,36.7,29,12.6
2020-02-29 13:00:00,957.0,37.8,27,12.3
2020-02-29 14:00:00,895.0,38.2,25,13.7
2020-02-29 15:00:00,631.0,37.8,25,13.8
2020-02-29 16:00:00,535.0,37.6,26,13.3
2020-02-29 17:00:00,293.0,36.2,29,17.0
2020-03-01 06:00:00,0.0,25.7,65,21.4
2020-03-01 07:00:00,43.0,27.1,61,20.6
2020-03-01 08:00:00,243.0,29.2,53,24.1
2020-03-01 09:00:00,482.0,32.0,42,22.6
2020-03-01 10:00:00,694.0,34.2,35,17.7
2020-03-01 11:00:00,853.0,36.0,31,14.8
2020-03-01 12:00:00,941.0,37.2,28,10.5
2020-03-01 13:00:00,950.0,38.1,27,5.9
2020-03-01 14:00:00,883.0,38.8,26,1.9
2020-03-01 15:00:00,733.0,39.4,24,3.4
2020-03-01 16:00:00,519.0,39.6,24,9.4
2020-03-01 17:00:00,215.0,37.7,27,14.1
2020-03-02 06:00:00,0.0,26.4,52,20.5
2020-03-02 07:00:00,44.0,27.2,51,20.2
2020-03-02 08:00:00,245.0,29.3,45,21.8
2020-03-02 09:00:00,484.0,31.9,39,21.1
2020-03-02 10:00:00,699.0,34.4,33,20.0
2020-03-02 11:00:00,858.0,36.1,30,17.4
2020-03-02 12:00:00,946.0,37.5,28,14.3
2020-03-02 13:00:00,955.0,38.5,27,10.9
2020-03-02 14:00:00,881.0,39.0,26,9.4
2020-03-02 15:00:00,728.0,39.0,25,7.2
2020-03-02 16:00:00,529.0,38.9,25,6.2
2020-03-02 17:00:00,290.0,38.8,24,8.8
2020-03-03 06:00:00,0.0,26.6,54,20.4
2020-03-03 07:00:00,45.0,27.8,51,20.2
2020-03-03 08:00:00,247.0,30.0,44,22.8
2020-03-03 09:00:00,488.0,32.7,36,21.9
2020-03-03 10:00:00,702.0,34.9,32,19.8
2020-03-03 11:00:00,863.0,36.5,30,17.1
2020-03-03 12:00:00,950.0,37.7,27,12.8
2020-03-03 13:00:00,962.0,38.8,25,8.6
2020-03-03 14:00:00,891.0,39.2,25,6.8
2020-03-03 15:00:00,739.0,39.5,24,5.5
2020-03-03 16:00:00,517.0,39.5,23,7.0
2020-03-03 17:00:00,288.0,38.8,23,12.2
2020-03-04 06:00:00,0.0,26.7,55,21.3
2020-03-04 07:00:00,46.0,27.5,52,20.2
2020-03-04 08:00:00,251.0,30.1,43,22.1
2020-03-04 09:00:00,493.0,33.0,34,21.1
2020-03-04 10:00:00,707.0,35.0,30,19.5
2020-03-04 11:00:00,865.0,36.5,28,16.5
2020-03-04 12:00:00,951.0,37.9,26,11.3
2020-03-04 13:00:00,959.0,39.0,24,7.6
2020-03-04 14:00:00,883.0,40.0,22,7.6
2020-03-04 15:00:00,742.0,40.3,22,12.6
2020-03-04 16:00:00,531.0,39.5,23,17.9
2020-03-04 17:00:00,301.0,38.8,23,15.0
2020-03-05 06:00:00,0.0,25.6,65,20.3
2020-03-05 07:00:00,48.0,26.1,64,18.5
2020-03-05 08:00:00,257.0,29.0,52,19.6
2020-03-05 09:00:00,502.0,32.5,40,19.1
2020-03-05 10:00:00,718.0,34.9,31,14.3
2020-03-05 11:00:00,879.0,36.5,27,10.5
2020-03-05 12:00:00,966.0,38.1,24,7.6
2020-03-05 13:00:00,974.0,39.5,20,8.2
2020-03-05 14:00:00,902.0,40.0,18,10.0
2020-03-05 15:00:00,756.0,40.2,18,10.4
2020-03-05 16:00:00,549.0,39.9,18,9.3
2020-03-05 17:00:00,307.0,39.1,19,7.9
2020-03-06 06:00:00,0.0,25.5,67,18.8
2020-03-06 07:00:00,48.0,26.5,63,17.1
2020-03-06 08:00:00,255.0,29.2,53,18.9
2020-03-06 09:00:00,498.0,32.4,41,17.6
2020-03-06 10:00:00,712.0,34.7,33,11.3
2020-03-06 11:00:00,872.0,36.3,29,8.6
2020-03-06 12:00:00,961.0,37.6,25,5.8
2020-03-06 13:00:00,972.0,38.7,21,3.3
2020-03-06 14:00:00,901.0,39.5,20,2.0
2020-03-06 15:00:00,756.0,39.8,19,1.9
2020-03-06 16:00:00,550.0,39.5,19,4.6
2020-03-06 17:00:00,308.0,39.3,19,7.1
2020-03-07 06:00:00,0.0,26.1,64,16.8
2020-03-07 07:00:00,48.0,27.1,60,13.5
2020-03-07 08:00:00,251.0,29.5,54,12.1
2020-03-07 09:00:00,492.0,31.4,49,9.4
2020-03-07 10:00:00,703.0,33.2,44,7.6
2020-03-07 11:00:00,855.0,35.0,39,7.6
2020-03-07 12:00:00,897.0,36.3,34,8.1
2020-03-07 13:00:00,833.0,37.2,30,9.7
2020-03-07 14:00:00,733.0,37.6,29,10.0
2020-03-07 15:00:00,702.0,37.9,28,8.7
2020-03-07 16:00:00,451.0,37.7,28,10.3
2020-03-07 17:00:00,249.0,36.8,28,5.1
2020-03-08 06:00:00,0.0,26.1,56,20.1
2020-03-08 07:00:00,47.0,27.2,54,20.3
2020-03-08 08:00:00,226.0,29.1,47,23.7
2020-03-08 09:00:00,466.0,31.8,39,24.0
2020-03-08 10:00:00,692.0,34.1,32,20.4
2020-03-08 11:00:00,866.0,35.8,29,16.2
2020-03-08 12:00:00,956.0,37.2,26,13.7
2020-03-08 13:00:00,964.0,38.2,25,12.4
2020-03-08 14:00:00,892.0,38.8,24,13.4
2020-03-08 15:00:00,744.0,38.8,24,17.0
2020-03-08 16:00:00,536.0,38.5,25,16.9
2020-03-08 17:00:00,294.0,36.9,27,22.9
2020-03-09 06:00:00,0.0,26.9,55,25.3
2020-03-09 07:00:00,50.0,27.5,53,23.9
2020-03-09 08:00:00,255.0,29.7,44,27.6
2020-03-09 09:00:00,493.0,32.5,34,26.6
2020-03-09 10:00:00,704.0,34.6,28,24.5
2020-03-09 11:00:00,863.0,36.2,26,20.7
2020-03-09 12:00:00,950.0,37.5,25,18.7
2020-03-09 13:00:00,957.0,38.4,24,19.2
2020-03-09 14:00:00,884.0,39.0,23,16.8
2020-03-09 15:00:00,738.0,39.2,23,15.8
2020-03-09 16:00:00,534.0,38.8,23,16.7
2020-03-09 17:00:00,301.0,37.8,24,20.3
2020-03-10 06:00:00,0.0,26.6,52,21.4
2020-03-10 07:00:00,46.0,27.3,50,19.8
2020-03-10 08:00:00,203.0,29.1,46,22.9
2020-03-10 09:00:00,440.0,31.6,40,24.2
2020-03-10 10:00:00,565.0,33.5,36,21.1
2020-03-10 11:00:00,704.0,35.2,32,17.2
2020-03-10 12:00:00,778.0,36.6,29,14.4
2020-03-10 13:00:00,800.0,37.6,27,13.0
2020-03-10 14:00:00,764.0,38.2,25,10.9
2020-03-10 15:00:00,665.0,38.5,24,9.2
2020-03-10 16:00:00,479.0,38.0,25,14.3
2020-03-10 17:00:00,130.0,36.0,28,19.6
2020-03-11 06:00:00,0.0,26.2,66,20.9
2020-03-11 07:00:00,41.0,27.1,63,19.5
2020-03-11 08:00:00,205.0,29.1,56,19.5
2020-03-11 09:00:00,433.0,31.6,46,16.2
2020-03-11 10:00:00,650.0,33.4,41,11.2
2020-03-11 11:00:00,805.0,34.8,38,9.3
2020-03-11 12:00:00,787.0,35.7,35,8.0
2020-03-11 13:00:00,686.0,36.3,33,6.4
2020-03-11 14:00:00,609.0,36.8,31,4.2
2020-03-11 15:00:00,512.0,37.4,29,7.9
2020-03-11 16:00:00,334.0,36.8,30,13.1
2020-03-11 17:00:00,181.0,35.3,33,17.2
2020-03-12 06:00:00,0.0,26.9,57,18.6
2020-03-12 07:00:00,49.0,27.3,54,17.7
2020-03-12 08:00:00,231.0,29.5,46,17.9
2020-03-12 09:00:00,442.0,31.5,42,13.7
2020-03-12 10:00:00,622.0,33.2,38,8.7
2020-03-12 11:00:00,795.0,35.0,34,5.8
2020-03-12 12:00:00,890.0,36.3,31,5.6
2020-03-12 13:00:00,883.0,37.3,29,5.1
2020-03-12 14:00:00,822.0,37.8,28,3.8
2020-03-12 15:00:00,695.0,38.0,27,3.1
2020-03-12 16:00:00,501.0,38.0,26,7.1
2020-03-12 17:00:00,262.0,37.7,26,8.4
2020-03-13 06:00:00,0.0,26.6,59,18.6
2020-03-13 07:00:00,47.0,27.4,57,18.2
2020-03-13 08:00:00,212.0,29.5,49,18.7
2020-03-13 09:00:00,452.0,31.3,46,13.3
2020-03-13 10:00:00,677.0,33.0,41,8.6
2020-03-13 11:00:00,838.0,34.7,37,5.9
2020-03-13 12:00:00,904.0,36.0,34,4.6
2020-03-13 13:00:00,923.0,37.2,32,3.5
2020-03-13 14:00:00,842.0,38.0,29,0.5
2020-03-13 15:00:00,635.0,38.2,28,1.8
2020-03-13 16:00:00,427.0,38.0,28,6.1
2020-03-13 17:00:00,229.0,37.3,27,4.3
2020-03-14 06:00:00,0.0,26.4,64,18.7
2020-03-14 07:00:00,55.0,27.4,62,17.2
2020-03-14 08:00:00,261.0,29.8,52,20.5
2020-03-14 09:00:00,494.0,32.2,42,16.9
2020-03-14 10:00:00,682.0,33.8,37,11.9
2020-03-14 11:00:00,827.0,35.4,33,10.1
2020-03-14 12:00:00,901.0,36.8,29,9.9
2020-03-14 13:00:00,897.0,37.8,24,12.7
2020-03-14 14:00:00,846.0,38.5,23,13.6
2020-03-14 15:00:00,709.0,38.6,23,13.3
2020-03-14 16:00:00,514.0,38.2,23,12.9
2020-03-14 17:00:00,275.0,37.4,23,11.5
2020-03-15 06:00:00,0.0,25.8,61,23.5
2020-03-15 07:00:00,57.0,26.8,59,22.9
2020-03-15 08:00:00,264.0,29.2,50,25.5
2020-03-15 09:00:00,504.0,31.8,39,20.6
2020-03-15 10:00:00,716.0,33.8,33,14.7
2020-03-15 11:00:00,872.0,35.7,27,11.8
2020-03-15 12:00:00,957.0,37.1,22,9.9
2020-03-15 13:00:00,965.0,38.0,20,8.3
2020-03-15 14:00:00,893.0,38.6,18,6.8
2020-03-15 15:00:00,746.0,38.8,18,5.5
2020-03-15 16:00:00,538.0,38.5,17,5.9
2020-03-15 17:00:00,302.0,37.8,18,6.8
2020-03-16 06:00:00,0.0,25.9,63,22.5
2020-03-16 07:00:00,57.0,26.9,60,21.4
2020-03-16 08:00:00,264.0,29.1,51,23.2
2020-03-16 09:00:00,505.0,31.5,42,22.7
2020-03-16 10:00:00,719.0,33.8,34,18.0
2020-03-16 11:00:00,879.0,35.5,30,15.1
2020-03-16 12:00:00,964.0,36.9,26,12.1
2020-03-16 13:00:00,970.0,37.9,23,11.1
2020-03-16 14:00:00,897.0,38.6,20,11.6
2020-03-16 15:00:00,749.0,38.9,18,10.7
2020-03-16 16:00:00,548.0,38.5,20,11.8
2020-03-16 17:00:00,302.0,37.3,24,16.6
2020-03-17 06:00:00,0.0,25.7,68,20.7
2020-03-17 07:00:00,60.0,26.8,65,19.3
2020-03-17 08:00:00,272.0,29.0,56,22.5
2020-03-17 09:00:00,512.0,31.7,43,20.8
2020-03-17 10:00:00,725.0,34.0,35,16.9
2020-03-17 11:00:00,881.0,35.8,29,12.5
2020-03-17 12:00:00,965.0,37.3,25,8.7
2020-03-17 13:00:00,971.0,38.5,21,8.0
2020-03-17 14:00:00,899.0,39.2,18,8.2
2020-03-17 15:00:00,747.0,39.3,18,8.1
2020-03-17 16:00:00,517.0,39.0,18,9.2
2020-03-17 17:00:00,288.0,37.8,24,16.3
2020-03-18 06:00:00,0.0,25.6,58,21.9
2020-03-18 07:00:00,61.0,26.8,54,22.1
2020-03-18 08:00:00,275.0,28.9,46,23.5
2020-03-18 09:00:00,516.0,31.6,36,22.4
2020-03-18 10:00:00,729.0,33.7,32,18.7
2020-03-18 11:00:00,879.0,35.4,29,14.7
2020-03-18 12:00:00,957.0,36.7,25,12.6
2020-03-18 13:00:00,958.0,37.5,23,11.2
2020-03-18 14:00:00,895.0,38.2,21,11.9
2020-03-18 15:00:00,746.0,38.7,19,13.4
2020-03-18 16:00:00,545.0,38.7,20,14.0
2020-03-18 17:00:00,232.0,37.2,24,16.7
2020-03-19 06:00:00,0.0,25.5,62,22.3
2020-03-19 07:00:00,62.0,26.5,60,21.3
2020-03-19 08:00:00,274.0,28.7,50,23.7
2020-03-19 09:00:00,515.0,31.6,38,23.1
2020-03-19 10:00:00,727.0,34.1,32,21.7
2020-03-19 11:00:00,881.0,35.8,28,17.1
2020-03-19 12:00:00,964.0,37.0,26,14.0
2020-03-19 13:00:00,970.0,37.9,24,12.6
2020-03-19 14:00:00,896.0,38.5,22,12.5
2020-03-19 15:00:00,741.0,38.7,21,10.8
2020-03-19 16:00:00,518.0,38.5,21,11.3
2020-03-19 17:00:00,273.0,36.7,27,16.5
2020-03-20 06:00:00,0.0,26.5,54,22.2
2020-03-20 07:00:00,64.0,27.4,55,22.7
2020-03-20 08:00:00,271.0,29.5,48,24.7
2020-03-20 09:00:00,507.0,31.9,40,22.9
2020-03-20 10:00:00,714.0,33.8,35,15.8
2020-03-20 11:00:00,867.0,35.5,31,11.9
2020-03-20 12:00:00,854.0,36.4,28,9.4
2020-03-20 13:00:00,873.0,37.3,26,8.3
2020-03-20 14:00:00,749.0,37.8,24,7.9
2020-03-20 15:00:00,604.0,38.0,23,6.9
2020-03-20 16:00:00,359.0,37.3,24,13.6
2020-03-20 17:00:00,132.0,34.5,30,24.4
2020-03-21 06:00:00,0.0,25.5,60,19.1
2020-03-21 07:00:00,63.0,26.4,58,18.3
2020-03-21 08:00:00,263.0,28.8,50,16.6
2020-03-21 09:00:00,494.0,30.9,43,14.4
2020-03-21 10:00:00,700.0,32.8,37,12.3
2020-03-21 11:00:00,848.0,34.5,31,9.2
2020-03-21 12:00:00,911.0,35.8,24,8.4
2020-03-21 13:00:00,920.0,36.8,20,8.4
2020-03-21 14:00:00,843.0,37.3,19,8.7
2020-03-21 15:00:00,706.0,37.5,20,10.4
2020-03-21 16:00:00,482.0,37.4,20,14.2
2020-03-21 17:00:00,240.0,36.1,23,19.0
2020-03-22 06:00:00,0.0,25.3,63,20.7
2020-03-22 07:00:00,67.0,26.4,59,19.1
2020-03-22 08:00:00,284.0,28.8,50,22.3
2020-03-22 09:00:00,526.0,31.5,38,20.8
2020-03-22 10:00:00,732.0,33.9,30,17.2
2020-03-22 11:00:00,889.0,35.7,25,14.0
2020-03-22 12:00:00,973.0,36.9,22,11.2
2020-03-22 13:00:00,978.0,37.8,20,9.5
2020-03-22 14:00:00,897.0,38.3,19,8.7
2020-03-22 15:00:00,745.0,38.5,18,6.6
2020-03-22 16:00:00,543.0,38.3,18,6.0
2020-03-22 17:00:00,302.0,37.8,18,8.1
2020-03-23 06:00:00,0.0,26.0,65,19.2
2020-03-23 07:00:00,67.0,27.0,61,20.6
2020-03-23 08:00:00,279.0,29.2,54,22.1
2020-03-23 09:00:00,521.0,32.0,43,20.5
2020-03-23 10:00:00,730.0,34.2,35,16.4
2020-03-23 11:00:00,886.0,36.0,29,12.5
2020-03-23 12:00:00,972.0,37.3,26,9.5
2020-03-23 13:00:00,964.0,38.2,24,6.6
2020-03-23 14:00:00,870.0,38.7,22,3.3
2020-03-23 15:00:00,718.0,38.9,22,2.0
2020-03-23 16:00:00,500.0,38.7,22,3.7
2020-03-23 17:00:00,266.0,38.3,22,7.2
2020-03-24 06:00:00,0.0,26.9,66,19.5
2020-03-24 07:00:00,68.0,28.1,61,20.6
2020-03-24 08:00:00,278.0,30.4,52,21.2
2020-03-24 09:00:00,517.0,33.0,42,13.8
2020-03-24 10:00:00,704.0,34.8,37,10.0
2020-03-24 11:00:00,872.0,36.3,32,6.5
2020-03-24 12:00:00,954.0,37.7,28,3.6
2020-03-24 13:00:00,958.0,38.7,25,3.0
2020-03-24 14:00:00,856.0,39.2,23,3.6
2020-03-24 15:00:00,686.0,39.6,22,5.9
2020-03-24 16:00:00,412.0,39.2,22,8.7
2020-03-24 17:00:00,205.0,38.1,23,10.0
2020-03-25 06:00:00,0.0,26.5,70,20.3
2020-03-25 07:00:00,70.0,27.7,64,22.4
2020-03-25 08:00:00,282.0,30.1,55,23.9
2020-03-25 09:00:00,518.0,32.8,45,19.7
2020-03-25 10:00:00,725.0,34.8,39,13.6
2020-03-25 11:00:00,878.0,36.3,34,11.3
2020-03-25 12:00:00,946.0,37.6,31,9.6
2020-03-25 13:00:00,929.0,38.7,28,8.8
2020-03-25 14:00:00,855.0,39.2,26,8.7
2020-03-25 15:00:00,709.0,39.3,25,8.3
2020-03-25 16:00:00,506.0,39.5,23,8.6
2020-03-25 17:00:00,260.0,38.5,24,9.1
2020-03-26 06:00:00,0.0,26.5,61,20.1
2020-03-26 07:00:00,71.0,27.6,59,19.0
2020-03-26 08:00:00,279.0,30.1,51,18.5
2020-03-26 09:00:00,508.0,32.2,47,12.3
2020-03-26 10:00:00,723.0,34.0,43,7.9
2020-03-26 11:00:00,877.0,35.8,37,6.1
2020-03-26 12:00:00,937.0,37.1,33,3.9
2020-03-26 13:00:00,896.0,38.2,29,2.3
2020-03-26 14:00:00,825.0,39.0,26,0.5
2020-03-26 15:00:00,701.0,39.5,24,2.3
2020-03-26 16:00:00,478.0,39.5,23,5.9
2020-03-26 17:00:00,256.0,38.4,25,11.5
2020-03-27 06:00:00,0.0,26.6,57,17.1
2020-03-27 07:00:00,71.0,27.8,54,12.6
2020-03-27 08:00:00,279.0,30.1,45,11.2
2020-03-27 09:00:00,522.0,32.1,43,7.1
2020-03-27 10:00:00,739.0,34.2,37,5.9
2020-03-27 11:00:00,894.0,35.9,31,5.3
2020-03-27 12:00:00,968.0,37.3,27,4.4
2020-03-27 13:00:00,958.0,38.5,24,4.9
2020-03-27 14:00:00,875.0,39.2,22,4.6
2020-03-27 15:00:00,733.0,39.5,21,6.2
2020-03-27 16:00:00,534.0,39.0,23,9.8
2020-03-27 17:00:00,297.0,38.0,23,15.6
2020-03-28 06:00:00,0.0,26.0,54,21.3
2020-03-28 07:00:00,79.0,27.0,52,21.0
2020-03-28 08:00:00,299.0,29.5,43,24.2
2020-03-28 09:00:00,537.0,32.2,34,24.2
2020-03-28 10:00:00,749.0,34.3,29,21.3
2020-03-28 11:00:00,904.0,36.0,25,18.2
2020-03-28 12:00:00,984.0,37.5,22,14.5
2020-03-28 13:00:00,982.0,38.4,20,10.9
2020-03-28 14:00:00,906.0,39.0,20,10.1
2020-03-28 15:00:00,755.0,39.2,19,10.1
2020-03-28 16:00:00,546.0,38.9,19,10.6
2020-03-28 17:00:00,300.0,38.2,20,12.3
2020-03-29 06:00:00,0.0,26.8,53,22.1
2020-03-29 07:00:00,80.0,27.8,52,21.4
2020-03-29 08:00:00,302.0,30.2,43,23.8
2020-03-29 09:00:00,542.0,33.0,36,23.7
2020-03-29 10:00:00,750.0,35.3,30,22.6
2020-03-29 11:00:00,904.0,36.8,26,17.4
2020-03-29 12:00:00,985.0,38.2,24,15.5
2020-03-29 13:00:00,985.0,39.3,21,16.4
2020-03-29 14:00:00,905.0,39.8,20,15.2
2020-03-29 15:00:00,740.0,39.8,19,14.1
2020-03-29 16:00:00,540.0,39.5,20,13.9
2020-03-29 17:00:00,300.0,38.5,21,15.6
2020-03-30 06:00:00,0.0,27.0,61,18.7
2020-03-30 07:00:00,78.0,28.5,56,12.8
2020-03-30 08:00:00,295.0,31.1,45,11.6
2020-03-30 09:00:00,530.0,33.0,40,8.4
2020-03-30 10:00:00,727.0,35.0,35,9.5
2020-03-30 11:00:00,875.0,37.0,29,10.8
2020-03-30 12:00:00,955.0,38.2,26,10.3
2020-03-30 13:00:00,936.0,39.1,25,8.4
2020-03-30 14:00:00,876.0,39.6,24,6.8
2020-03-30 15:00:00,714.0,39.8,24,8.7
2020-03-30 16:00:00,494.0,39.3,25,10.3
2020-03-30 17:00:00,238.0,38.0,27,11.0
2020-03-31 06:00:00,0.0,26.9,66,19.1
2020-03-31 07:00:00,75.0,28.2,60,19.1
2020-03-31 08:00:00,285.0,30.5,51,16.9
2020-03-31 09:00:00,517.0,32.2,47,8.7
2020-03-31 10:00:00,712.0,33.8,43,7.0
2020-03-31 11:00:00,865.0,35.3,39,7.4
2020-03-31 12:00:00,934.0,36.5,35,8.1
2020-03-31 13:00:00,895.0,37.8,31,7.9
2020-03-31 14:00:00,822.0,38.5,29,7.8
2020-03-31 15:00:00,670.0,39.2,28,4.7
2020-03-31 16:00:00,451.0,36.2,34,7.2
2020-03-31 17:00:00,169.0,35.0,38,10.5
2020-04-01 06:00:00,0.0,25.4,91,4.5
2020-04-01 07:00:00,69.0,27.3,70,3.2
2020-04-01 08:00:00,275.0,29.1,62,5.6
2020-04-01 09:00:00,472.0,31.0,56,6.1
2020-04-01 10:00:00,624.0,32.7,51,5.8
2020-04-01 11:00:00,764.0,34.5,46,7.2
2020-04-01 12:00:00,830.0,35.8,43,9.3
2020-04-01 13:00:00,726.0,35.5,46,13.0
2020-04-01 14:00:00,599.0,34.0,50,12.1
2020-04-01 15:00:00,365.0,33.3,51,7.6
2020-04-01 16:00:00,369.0,33.3,52,6.3
2020-04-01 17:00:00,152.0,31.9,59,9.0
2020-04-02 06:00:00,0.0,24.0,98,6.3
2020-04-02 07:00:00,39.0,24.5,95,4.3
2020-04-02 08:00:00,217.0,25.5,90,5.0
2020-04-02 09:00:00,357.0,26.5,84,5.1
2020-04-02 10:00:00,490.0,27.8,80,3.9
2020-04-02 11:00:00,617.0,29.1,77,3.8
2020-04-02 12:00:00,768.0,30.2,74,4.5
2020-04-02 13:00:00,827.0,30.9,70,4.3
2020-04-02 14:00:00,789.0,31.5,66,5.4
2020-04-02 15:00:00,685.0,31.8,65,4.8
2020-04-02 16:00:00,475.0,31.8,64,3.5
2020-04-02 17:00:00,258.0,31.1,66,3.7
2020-04-03 06:00:00,0.0,26.1,71,14.0
2020-04-03 07:00:00,78.0,26.9,73,11.2
2020-04-03 08:00:00,242.0,28.0,70,9.8
2020-04-03 09:00:00,451.0,29.4,69,5.9
2020-04-03 10:00:00,590.0,30.5,67,3.8
2020-04-03 11:00:00,801.0,31.7,62,5.8
2020-04-03 12:00:00,869.0,32.5,59,6.9
2020-04-03 13:00:00,742.0,32.9,58,7.9
2020-04-03 14:00:00,784.0,33.6,57,7.6
2020-04-03 15:00:00,635.0,33.8,55,6.5
2020-04-03 16:00:00,476.0,33.5,56,8.4
2020-04-03 17:00:00,225.0,32.4,66,5.3
2020-04-04 06:00:00,0.0,26.9,74,16.3
2020-04-04 07:00:00,73.0,27.2,75,12.0
2020-04-04 08:00:00,243.0,28.6,72,8.4
2020-04-04 09:00:00,437.0,29.5,70,6.6
2020-04-04 10:00:00,677.0,30.8,66,5.6
2020-04-04 11:00:00,772.0,32.0,61,4.6
2020-04-04 12:00:00,868.0,33.2,58,3.3
2020-04-04 13:00:00,826.0,33.5,56,2.6
2020-04-04 14:00:00,732.0,33.8,55,5.5
2020-04-04 15:00:00,609.0,32.9,57,1.5
2020-04-04 16:00:00,410.0,32.2,62,7.1
2020-04-04 17:00:00,218.0,30.9,72,9.3
2020-04-05 06:00:00,1.0,26.8,79,11.3
2020-04-05 07:00:00,85.0,27.4,77,9.1
2020-04-05 08:00:00,296.0,29.1,71,9.2
2020-04-05 09:00:00,508.0,30.8,65,5.9
2020-04-05 10:00:00,721.0,32.2,61,4.0
2020-04-05 11:00:00,878.0,33.5,58,5.3
2020-04-05 12:00:00,936.0,34.2,56,4.6
2020-04-05 13:00:00,853.0,35.0,52,3.6
2020-04-05 14:00:00,817.0,35.5,50,2.5
2020-04-05 15:00:00,625.0,36.0,45,2.9
2020-04-05 16:00:00,444.0,34.2,54,12.2
2020-04-05 17:00:00,196.0,32.8,60,8.3
2020-04-06 06:00:00,0.0,26.5,84,6.4
2020-04-06 07:00:00,52.0,27.8,70,8.7
2020-04-06 08:00:00,274.0,29.1,67,9.8
2020-04-06 09:00:00,477.0,30.2,66,7.0
2020-04-06 10:00:00,628.0,31.4,66,6.3
2020-04-06 11:00:00,612.0,32.0,64,6.6
2020-04-06 12:00:00,713.0,33.0,60,6.6
2020-04-06 13:00:00,841.0,33.9,57,6.1
2020-04-06 14:00:00,540.0,33.8,58,4.7
2020-04-06 15:00:00,603.0,34.3,57,4.4
2020-04-06 16:00:00,391.0,34.2,57,4.3
2020-04-06 17:00:00,208.0,33.7,61,4.7
2020-04-07 06:00:00,1.0,27.0,74,10.8
2020-04-07 07:00:00,81.0,27.5,76,10.3
2020-04-07 08:00:00,265.0,29.0,73,10.6
2020-04-07 09:00:00,482.0,30.4,68,9.8
2020-04-07 10:00:00,626.0,31.6,65,7.2
2020-04-07 11:00:00,815.0,33.1,60,7.2
2020-04-07 12:00:00,881.0,34.2,55,5.8
2020-04-07 13:00:00,884.0,35.1,51,5.5
2020-04-07 14:00:00,808.0,35.8,48,6.4
2020-04-07 15:00:00,620.0,36.0,48,3.2
2020-04-07 16:00:00,468.0,36.1,46,4.0
2020-04-07 17:00:00,222.0,35.7,48,3.4
2020-04-08 06:00:00,1.0,26.6,76,5.9
2020-04-08 07:00:00,82.0,28.0,74,10.2
2020-04-08 08:00:00,273.0,29.9,67,10.5
2020-04-08 09:00:00,510.0,31.5,62,12.2
2020-04-08 10:00:00,674.0,33.5,56,12.5
2020-04-08 11:00:00,868.0,35.2,51,8.7
2020-04-08 12:00:00,920.0,36.3,48,6.1
2020-04-08 13:00:00,871.0,37.2,45,5.4
2020-04-08 14:00:00,845.0,37.8,43,4.9
2020-04-08 15:00:00,609.0,37.8,43,6.3
2020-04-08 16:00:00,380.0,35.1,50,15.1
2020-04-08 17:00:00,167.0,33.2,56,12.8
2020-04-09 06:00:00,1.0,27.0,73,11.3
2020-04-09 07:00:00,89.0,28.0,70,4.1
2020-04-09 08:00:00,276.0,29.1,68,6.0
2020-04-09 09:00:00,507.0,30.6,64,5.4
2020-04-09 10:00:00,731.0,32.5,58,4.0
2020-04-09 11:00:00,875.0,34.0,53,6.4
2020-04-09 12:00:00,941.0,34.8,50,6.9
2020-04-09 13:00:00,840.0,35.8,45,5.4
2020-04-09 14:00:00,651.0,36.2,41,1.9
2020-04-09 15:00:00,634.0,36.6,40,1.8
2020-04-09 16:00:00,347.0,36.3,40,0.8
2020-04-09 17:00:00,208.0,35.8,44,3.6
2020-04-10 06:00:00,1.0,26.9,76,8.6
2020-04-10 07:00:00,89.0,28.2,71,10.4
2020-04-10 08:00:00,292.0,30.0,65,12.1
2020-04-10 09:00:00,509.0,31.8,60,11.4
2020-04-10 10:00:00,751.0,33.9,51,10.5
2020-04-10 11:00:00,870.0,35.3,44,6.2
2020-04-10 12:00:00,970.0,36.3,42,6.8
2020-04-10 13:00:00,873.0,36.7,40,5.8
2020-04-10 14:00:00,810.0,37.2,39,4.2
2020-04-10 15:00:00,694.0,37.5,37,4.1
2020-04-10 16:00:00,481.0,37.5,35,5.0
2020-04-10 17:00:00,230.0,36.5,39,9.4
2020-04-11 06:00:00,1.0,26.6,85,1.6
2020-04-11 07:00:00,85.0,27.6,77,0.8
2020-04-11 08:00:00,296.0,29.5,71,0.7
2020-04-11 09:00:00,473.0,31.2,64,4.1
2020-04-11 10:00:00,696.0,33.0,57,5.9
2020-04-11 11:00:00,801.0,34.5,52,5.8
2020-04-11 12:00:00,816.0,35.5,48,5.7
2020-04-11 13:00:00,811.0,35.7,47,4.0
2020-04-11 14:00:00,745.0,36.1,45,2.2
2020-04-11 15:00:00,542.0,36.2,44,5.2
2020-04-11 16:00:00,384.0,32.5,59,16.8
2020-04-11 17:00:00,141.0,32.1,58,4.0
2020-04-12 06:00:00,1.0,24.8,98,4.5
2020-04-12 07:00:00,78.0,25.7,92,5.2
2020-04-12 08:00:00,243.0,27.4,78,9.8
2020-04-12 09:00:00,528.0,30.3,61,10.1
2020-04-12 10:00:00,730.0,32.5,55,5.7
2020-04-12 11:00:00,901.0,34.2,50,8.3
2020-04-12 12:00:00,976.0,35.5,47,7.6
2020-04-12 13:00:00,966.0,36.5,42,3.4
2020-04-12 14:00:00,733.0,36.8,38,2.6
2020-04-12 15:00:00,675.0,37.3,35,2.5
2020-04-12 16:00:00,502.0,36.8,35,2.5
2020-04-12 17:00:00,232.0,36.2,37,1.3
2020-04-13 06:00:00,1.0,26.2,83,5.8
2020-04-13 07:00:00,66.0,26.5,90,5.1
2020-04-13 08:00:00,273.0,28.3,77,5.1
2020-04-13 09:00:00,487.0,30.0,68,5.8
2020-04-13 10:00:00,713.0,32.2,56,5.6
2020-04-13 11:00:00,888.0,34.2,47,7.1
2020-04-13 12:00:00,954.0,35.7,40,8.2
2020-04-13 13:00:00,742.0,35.7,39,8.7
2020-04-13 14:00:00,811.0,36.5,37,7.4
2020-04-13 15:00:00,666.0,36.8,34,3.4
2020-04-13 16:00:00,473.0,36.5,34,3.1
2020-04-13 17:00:00,264.0,35.9,35,2.7
2020-04-14 06:00:00,2.0,26.2,64,13.5
2020-04-14 07:00:00,100.0,27.0,69,3.7
2020-04-14 08:00:00,298.0,28.8,66,5.8
2020-04-14 09:00:00,476.0,30.4,61,6.8
2020-04-14 10:00:00,697.0,32.4,52,6.0
2020-04-14 11:00:00,838.0,34.1,43,4.8
2020-04-14 12:00:00,917.0,35.5,38,4.6
2020-04-14 13:00:00,884.0,36.5,34,4.1
2020-04-14 14:00:00,795.0,36.8,30,6.6
2020-04-14 15:00:00,650.0,37.0,29,11.0
2020-04-14 16:00:00,481.0,36.8,26,10.4
2020-04-14 17:00:00,254.0,36.0,26,7.9
2020-04-15 06:00:00,1.0,23.9,96,5.8
2020-04-15 07:00:00,71.0,25.2,87,4.6
2020-04-15 08:00:00,234.0,27.5,74,5.4
2020-04-15 09:00:00,438.0,29.5,64,8.7
2020-04-15 10:00:00,646.0,31.2,57,8.9
2020-04-15 11:00:00,824.0,33.0,46,7.8
2020-04-15 12:00:00,927.0,34.7,39,6.6
2020-04-15 13:00:00,941.0,36.0,33,6.9
2020-04-15 14:00:00,792.0,36.7,30,6.4
2020-04-15 15:00:00,651.0,37.0,28,5.1
2020-04-15 16:00:00,503.0,36.8,28,5.1
2020-04-15 17:00:00,261.0,36.0,28,9.4
2020-04-16 06:00:00,2.0,25.4,64,11.5
2020-04-16 07:00:00,113.0,27.4,56,10.7
2020-04-16 08:00:00,344.0,30.3,45,12.4
2020-04-16 09:00:00,577.0,32.8,36,15.3
2020-04-16 10:00:00,775.0,35.0,29,13.6
2020-04-16 11:00:00,912.0,36.6,26,11.0
2020-04-16 12:00:00,989.0,37.8,24,7.9
2020-04-16 13:00:00,981.0,38.5,23,5.8
2020-04-16 14:00:00,886.0,39.0,22,4.2
2020-04-16 15:00:00,724.0,39.0,21,3.3
2020-04-16 16:00:00,506.0,38.8,20,4.2
2020-04-16 17:00:00,272.0,36.7,29,16.9
2020-04-17 06:00:00,2.0,26.4,65,18.0
2020-04-17 07:00:00,111.0,27.7,62,19.5
2020-04-17 08:00:00,340.0,30.1,54,20.1
2020-04-17 09:00:00,575.0,32.8,43,20.0
2020-04-17 10:00:00,772.0,34.8,35,17.1
2020-04-17 11:00:00,913.0,36.7,31,14.7
2020-04-17 12:00:00,810.0,37.3,28,10.1
2020-04-17 13:00:00,800.0,38.0,26,7.2
2020-04-17 14:00:00,698.0,38.2,25,5.8
2020-04-17 15:00:00,607.0,38.3,25,4.7
2020-04-17 16:00:00,432.0,38.2,24,5.0
2020-04-17 17:00:00,214.0,37.8,25,8.5
2020-04-18 06:00:00,2.0,27.1,63,18.4
2020-04-18 07:00:00,99.0,28.8,56,16.9
2020-04-18 08:00:00,317.0,31.0,47,18.1
2020-04-18 09:00:00,534.0,33.3,39,16.6
2020-04-18 10:00:00,730.0,34.8,35,10.5
2020-04-18 11:00:00,785.0,36.0,32,6.3
2020-04-18 12:00:00,923.0,37.3,30,4.6
2020-04-18 13:00:00,911.0,38.5,28,7.6
2020-04-18 14:00:00,693.0,35.5,40,16.1
2020-04-18 15:00:00,506.0,35.2,36,4.2
2020-04-18 16:00:00,434.0,36.5,31,5.2
2020-04-18 17:00:00,207.0,33.8,39,12.5
2020-04-19 06:00:00,2.0,25.3,87,5.8
2020-04-19 07:00:00,36.0,25.4,87,7.1
2020-04-19 08:00:00,162.0,26.6,80,6.1
2020-04-19 09:00:00,379.0,28.6,70,6.6
2020-04-19 10:00:00,456.0,29.5,66,4.5
2020-04-19 11:00:00,717.0,31.5,59,5.4
2020-04-19 12:00:00,822.0,33.0,52,6.0
2020-04-19 13:00:00,845.0,33.9,47,5.0
2020-04-19 14:00:00,666.0,34.3,44,4.9
2020-04-19 15:00:00,584.0,34.8,42,7.5
2020-04-19 16:00:00,421.0,34.3,44,9.2
2020-04-19 17:00:00,207.0,33.0,51,8.7
2020-04-20 06:00:00,3.0,26.9,67,6.8
2020-04-20 07:00:00,108.0,28.4,61,7.2
2020-04-20 08:00:00,332.0,30.6,55,6.5
2020-04-20 09:00:00,563.0,32.6,49,4.0
2020-04-20 10:00:00,758.0,34.5,43,4.1
2020-04-20 11:00:00,874.0,36.3,38,5.2
2020-04-20 12:00:00,935.0,38.0,33,6.6
2020-04-20 13:00:00,780.0,37.7,34,7.9
2020-04-20 14:00:00,762.0,37.2,37,6.3
2020-04-20 15:00:00,449.0,36.8,39,6.4
2020-04-20 16:00:00,362.0,34.0,49,12.1
2020-04-20 17:00:00,132.0,26.8,88,10.1
2020-04-21 06:00:00,2.0,24.8,89,10.8
2020-04-21 07:00:00,70.0,25.6,91,6.8
2020-04-21 08:00:00,234.0,27.1,85,5.2
2020-04-21 09:00:00,387.0,28.5,79,5.4
2020-04-21 10:00:00,675.0,30.4,68,6.2
2020-04-21 11:00:00,835.0,32.2,58,6.5
2020-04-21 12:00:00,940.0,34.0,50,7.8
2020-04-21 13:00:00,881.0,34.9,46,9.8
2020-04-21 14:00:00,760.0,34.5,50,9.3
2020-04-21 15:00:00,551.0,33.8,53,8.0
2020-04-21 16:00:00,410.0,32.5,58,0.8
2020-04-21 17:00:00,234.0,31.0,66,6.8
2020-04-22 06:00:00,3.0,24.0,94,3.3
2020-04-22 07:00:00,101.0,24.5,89,4.5
2020-04-22 08:00:00,305.0,26.8,80,5.0
2020-04-22 09:00:00,488.0,28.5,73,5.4
2020-04-22 10:00:00,652.0,30.5,66,5.2
2020-04-22 11:00:00,839.0,31.9,60,3.0
2020-04-22 12:00:00,858.0,32.8,56,3.1
2020-04-22 13:00:00,776.0,33.4,53,0.8
2020-04-22 14:00:00,786.0,33.9,52,1.5
2020-04-22 15:00:00,515.0,32.8,55,3.2
2020-04-22 16:00:00,338.0,30.5,66,10.6
2020-04-22 17:00:00,163.0,30.0,67,9.0
2020-04-23 06:00:00,3.0,24.6,96,3.7
2020-04-23 07:00:00,68.0,25.6,89,3.8
2020-04-23 08:00:00,255.0,27.4,83,6.4
2020-04-23 09:00:00,386.0,29.0,74,5.8
2020-04-23 10:00:00,515.0,30.4,68,7.2
2020-04-23 11:00:00,778.0,32.0,62,8.5
2020-04-23 12:00:00,844.0,32.9,59,6.1
2020-04-23 13:00:00,805.0,33.3,58,4.7
2020-04-23 14:00:00,700.0,33.3,58,2.9
2020-04-23 15:00:00,518.0,33.3,57,2.5
2020-04-23 16:00:00,431.0,33.3,57,4.0
2020-04-23 17:00:00,200.0,32.2,61,5.4
2020-04-24 06:00:00,3.0,24.5,98,3.7
2020-04-24 07:00:00,100.0,25.9,92,4.2
2020-04-24 08:00:00,320.0,27.7,76,6.2
2020-04-24 09:00:00,535.0,29.4,63,8.2
2020-04-24 10:00:00,753.0,31.1,56,6.5
2020-04-24 11:00:00,913.0,33.0,49,6.0
2020-04-24 12:00:00,988.0,34.5,43,6.1
2020-04-24 13:00:00,976.0,35.5,38,7.7
2020-04-24 14:00:00,861.0,35.8,37,8.7
2020-04-24 15:00:00,710.0,35.7,39,8.3
2020-04-24 16:00:00,507.0,35.4,40,8.1
2020-04-24 17:00:00,281.0,34.3,44,11.2
2020-04-25 06:00:00,3.0,24.9,74,10.3
2020-04-25 07:00:00,115.0,26.0,75,8.4
2020-04-25 08:00:00,318.0,28.2,65,8.9
2020-04-25 09:00:00,559.0,30.5,59,7.6
2020-04-25 10:00:00,752.0,32.3,49,7.0
2020-04-25 11:00:00,899.0,34.1,40,8.4
2020-04-25 12:00:00,954.0,35.5,34,9.6
2020-04-25 13:00:00,972.0,36.6,31,6.4
2020-04-25 14:00:00,794.0,36.9,29,1.9
2020-04-25 15:00:00,684.0,37.0,28,3.3
2020-04-25 16:00:00,492.0,36.8,28,4.0
2020-04-25 17:00:00,272.0,36.1,29,3.2
2020-04-26 06:00:00,4.0,25.4,73,3.8
2020-04-26 07:00:00,121.0,27.0,68,6.3
2020-04-26 08:00:00,341.0,29.2,61,5.9
2020-04-26 09:00:00,563.0,31.5,54,4.3
2020-04-26 10:00:00,767.0,34.0,45,3.3
2020-04-26 11:00:00,900.0,35.9,38,2.1
2020-04-26 12:00:00,934.0,37.2,33,4.3
2020-04-26 13:00:00,873.0,37.7,32,7.1
2020-04-26 14:00:00,650.0,36.8,37,10.1
2020-04-26 15:00:00,624.0,37.5,35,9.2
2020-04-26 16:00:00,485.0,37.3,34,6.6
2020-04-26 17:00:00,267.0,36.3,37,7.6
2020-04-27 06:00:00,4.0,25.5,74,10.9
2020-04-27 07:00:00,116.0,27.5,65,10.6
2020-04-27 08:00:00,326.0,29.6,60,11.5
2020-04-27 09:00:00,566.0,31.5,55,8.4
2020-04-27 10:00:00,761.0,33.8,47,7.2
2020-04-27 11:00:00,866.0,35.5,40,7.0
2020-04-27 12:00:00,972.0,37.1,35,5.9
2020-04-27 13:00:00,943.0,38.1,31,5.0
2020-04-27 14:00:00,853.0,38.7,29,4.8
2020-04-27 15:00:00,712.0,38.8,28,6.4
2020-04-27 16:00:00,504.0,38.5,29,7.2
2020-04-27 17:00:00,239.0,36.0,39,14.5
2020-04-28 06:00:00,4.0,26.5,65,4.8
2020-04-28 07:00:00,115.0,27.6,61,4.7
2020-04-28 08:00:00,310.0,29.2,65,4.8
2020-04-28 09:00:00,521.0,31.2,60,5.4
2020-04-28 10:00:00,684.0,33.5,49,6.3
2020-04-28 11:00:00,887.0,35.7,41,7.0
2020-04-28 12:00:00,960.0,37.1,36,7.8
2020-04-28 13:00:00,884.0,37.8,32,6.8
2020-04-28 14:00:00,805.0,38.1,31,5.6
2020-04-28 15:00:00,652.0,38.2,31,4.7
2020-04-28 16:00:00,323.0,36.5,33,1.5
2020-04-28 17:00:00,207.0,33.8,49,9.9
2020-04-29 06:00:00,4.0,26.6,69,11.5
2020-04-29 07:00:00,113.0,27.8,65,9.2
2020-04-29 08:00:00,318.0,29.6,60,9.4
2020-04-29 09:00:00,567.0,31.5,55,9.8
2020-04-29 10:00:00,703.0,33.2,50,9.7
2020-04-29 11:00:00,838.0,34.8,43,7.8
2020-04-29 12:00:00,804.0,35.5,40,6.5
2020-04-29 13:00:00,901.0,36.5,38,5.4
2020-04-29 14:00:00,695.0,36.1,39,5.2
2020-04-29 15:00:00,613.0,36.3,38,6.6
2020-04-29 16:00:00,352.0,34.8,43,10.0
2020-04-29 17:00:00,183.0,32.8,55,6.4
2020-04-30 06:00:00,3.0,24.9,96,6.8
2020-04-30 07:00:00,90.0,26.6,86,2.5
2020-04-30 08:00:00,232.0,28.5,74,2.6
2020-04-30 09:00:00,344.0,30.0,66,5.2
2020-04-30 10:00:00,527.0,31.8,58,5.8
2020-04-30 11:00:00,555.0,33.0,52,7.5
2020-04-30 12:00:00,736.0,34.7,46,8.4
2020-04-30 13:00:00,764.0,35.5,44,9.4
2020-04-30 14:00:00,539.0,33.8,54,12.6
2020-04-30 15:00:00,470.0,34.0,51,7.9
2020-04-30 16:00:00,334.0,33.8,52,8.9
2020-04-30 17:00:00,154.0,32.0,62,8.6
2020-05-01 06:00:00,4.0,24.6,97,3.6
2020-05-01 07:00:00,85.0,25.1,92,2.9
2020-05-01 08:00:00,247.0,26.8,83,4.2
2020-05-01 09:00:00,429.0,28.5,75,5.8
2020-05-01 10:00:00,618.0,30.5,67,4.9
2020-05-01 11:00:00,794.0,32.5,59,4.2
2020-05-01 12:00:00,909.0,34.3,52,4.8
2020-05-01 13:00:00,895.0,35.3,47,4.3
2020-05-01 14:00:00,824.0,35.9,44,4.6
2020-05-01 15:00:00,582.0,34.8,47,8.0
2020-05-01 16:00:00,378.0,32.7,57,8.2
2020-05-01 17:00:00,224.0,29.9,71,13.3
2020-05-02 06:00:00,5.0,26.2,76,12.9
2020-05-02 07:00:00,116.0,26.9,77,9.3
2020-05-02 08:00:00,311.0,28.4,69,12.2
2020-05-02 09:00:00,502.0,30.3,62,12.8
2020-05-02 10:00:00,663.0,32.0,55,10.3
2020-05-02 11:00:00,849.0,33.7,50,9.2
2020-05-02 12:00:00,919.0,34.8,48,9.1
2020-05-02 13:00:00,860.0,35.2,47,8.0
2020-05-02 14:00:00,763.0,35.7,46,7.7
2020-05-02 15:00:00,649.0,36.2,44,8.8
2020-05-02 16:00:00,462.0,35.3,44,11.6
2020-05-02 17:00:00,256.0,34.8,44,7.4
2020-05-03 06:00:00,5.0,26.3,78,2.1
2020-05-03 07:00:00,100.0,27.6,72,3.9
2020-05-03 08:00:00,264.0,29.0,74,4.8
2020-05-03 09:00:00,398.0,30.5,69,5.4
2020-05-03 10:00:00,558.0,31.9,63,5.8
2020-05-03 11:00:00,747.0,33.5,58,4.4
2020-05-03 12:00:00,746.0,34.3,54,4.3
2020-05-03 13:00:00,627.0,34.6,51,4.1
2020-05-03 14:00:00,596.0,34.9,49,4.9
2020-05-03 15:00:00,426.0,34.5,50,6.0
2020-05-03 16:00:00,241.0,33.8,53,6.8
2020-05-03 17:00:00,144.0,32.2,59,3.7
2020-05-04 06:00:00,5.0,25.4,88,5.2
2020-05-04 07:00:00,110.0,27.2,79,9.7
2020-05-04 08:00:00,329.0,29.0,73,8.6
2020-05-04 09:00:00,518.0,31.0,64,8.7
2020-05-04 10:00:00,641.0,32.7,57,7.5
2020-05-04 11:00:00,704.0,34.0,53,6.1
2020-05-04 12:00:00,852.0,35.5,47,4.7
2020-05-04 13:00:00,891.0,36.3,44,4.8
2020-05-04 14:00:00,776.0,36.2,44,7.8
2020-05-04 15:00:00,496.0,33.4,53,7.8
2020-05-04 16:00:00,247.0,31.6,65,12.7
2020-05-04 17:00:00,167.0,31.5,65,6.4
2020-05-05 06:00:00,4.0,25.5,93,4.1
2020-05-05 07:00:00,96.0,27.4,81,2.1
2020-05-05 08:00:00,279.0,29.0,72,1.6
2020-05-05 09:00:00,478.0,31.0,64,4.1
2020-05-05 10:00:00,609.0,32.6,56,7.0
2020-05-05 11:00:00,812.0,34.5,49,7.4
2020-05-05 12:00:00,831.0,35.6,45,9.1
2020-05-05 13:00:00,796.0,36.5,43,10.2
2020-05-05 14:00:00,733.0,37.0,40,9.3
2020-05-05 15:00:00,574.0,37.0,40,7.4
2020-05-05 16:00:00,347.0,36.3,41,5.6
2020-05-05 17:00:00,153.0,36.0,43,5.2
2020-05-06 06:00:00,5.0,24.8,98,5.1
2020-05-06 07:00:00,107.0,26.3,90,8.9
2020-05-06 08:00:00,205.0,28.0,81,5.9
2020-05-06 09:00:00,396.0,29.7,73,5.6
2020-05-06 10:00:00,556.0,31.6,63,4.3
2020-05-06 11:00:00,557.0,32.2,61,6.4
2020-05-06 12:00:00,777.0,33.5,58,6.5
2020-05-06 13:00:00,842.0,34.8,54,3.8
2020-05-06 14:00:00,800.0,35.5,49,2.4
2020-05-06 15:00:00,622.0,35.8,46,3.9
2020-05-06 16:00:00,445.0,35.7,45,5.8
2020-05-06 17:00:00,253.0,35.1,44,4.8
2020-05-07 06:00:00,5.0,25.7,92,5.5
2020-05-07 07:00:00,85.0,26.6,88,3.6
2020-05-07 08:00:00,249.0,28.5,78,4.8
2020-05-07 09:00:00,409.0,29.8,70,5.2
2020-05-07 10:00:00,574.0,31.3,64,5.5
2020-05-07 11:00:00,631.0,32.5,59,5.1
2020-05-07 12:00:00,820.0,34.3,53,5.0
2020-05-07 13:00:00,771.0,35.5,49,4.7
2020-05-07 14:00:00,697.0,36.3,46,5.1
2020-05-07 15:00:00,560.0,35.5,48,5.9
2020-05-07 16:00:00,314.0,34.9,50,9.2
2020-05-07 17:00:00,212.0,33.2,56,11.0
2020-05-08 06:00:00,5.0,24.7,98,4.1
2020-05-08 07:00:00,100.0,26.1,90,2.1
2020-05-08 08:00:00,320.0,28.0,81,4.0
2020-05-08 09:00:00,491.0,29.8,74,3.4
2020-05-08 10:00:00,680.0,31.7,65,5.4
2020-05-08 11:00:00,848.0,33.5,58,4.6
2020-05-08 12:00:00,844.0,34.7,54,5.4
2020-05-08 13:00:00,711.0,35.3,52,3.8
2020-05-08 14:00:00,807.0,36.7,47,4.6
2020-05-08 15:00:00,587.0,36.6,44,6.8
2020-05-08 16:00:00,429.0,36.3,43,7.9
2020-05-08 17:00:00,255.0,35.6,44,8.1
2020-05-09 06:00:00,6.0,26.6,93,6.6
2020-05-09 07:00:00,131.0,28.1,83,5.8
2020-05-09 08:00:00,336.0,30.0,74,5.4
2020-05-09 09:00:00,568.0,32.0,65,3.9
2020-05-09 10:00:00,724.0,33.7,57,6.1
2020-05-09 11:00:00,862.0,35.2,50,6.6
2020-05-09 12:00:00,938.0,36.8,42,7.6
2020-05-09 13:00:00,883.0,37.7,38,9.0
2020-05-09 14:00:00,790.0,38.2,36,7.6
2020-05-09 15:00:00,638.0,38.6,33,7.3
2020-05-09 16:00:00,458.0,38.5,32,7.2
2020-05-09 17:00:00,237.0,36.8,37,9.1
2020-05-10 06:00:00,6.0,26.4,79,8.7
2020-05-10 07:00:00,135.0,27.4,80,7.9
2020-05-10 08:00:00,356.0,29.6,68,5.5
2020-05-10 09:00:00,564.0,31.5,62,3.6
2020-05-10 10:00:00,751.0,33.5,55,3.9
2020-05-10 11:00:00,882.0,35.6,48,4.0
2020-05-10 12:00:00,887.0,37.2,40,5.8
2020-05-10 13:00:00,918.0,38.6,35,5.8
2020-05-10 14:00:00,825.0,39.2,32,5.2
2020-05-10 15:00:00,653.0,39.1,31,3.9
2020-05-10 16:00:00,421.0,38.5,32,4.1
2020-05-10 17:00:00,244.0,37.4,36,7.0
2020-05-11 06:00:00,6.0,25.9,96,5.6
2020-05-11 07:00:00,127.0,27.0,86,6.8
2020-05-11 08:00:00,343.0,29.1,71,7.6
2020-05-11 09:00:00,571.0,31.2,61,5.4
2020-05-11 10:00:00,757.0,33.2,54,4.9
2020-05-11 11:00:00,892.0,35.0,49,7.2
2020-05-11 12:00:00,933.0,36.2,45,10.0
2020-05-11 13:00:00,826.0,36.4,44,10.4
2020-05-11 14:00:00,827.0,36.8,42,7.9
2020-05-11 15:00:00,610.0,36.4,43,7.6
2020-05-11 16:00:00,324.0,33.9,51,4.4
2020-05-11 17:00:00,177.0,31.4,64,10.1
2020-05-12 06:00:00,5.0,24.2,96,3.6
2020-05-12 07:00:00,98.0,24.5,92,5.7
2020-05-12 08:00:00,296.0,26.5,84,8.7
2020-05-12 09:00:00,418.0,28.5,75,3.8
2020-05-12 10:00:00,646.0,30.5,68,4.0
2020-05-12 11:00:00,831.0,32.5,60,5.4
2020-05-12 12:00:00,876.0,33.5,56,4.9
2020-05-12 13:00:00,860.0,34.2,54,2.7
2020-05-12 14:00:00,687.0,34.5,53,2.7
2020-05-12 15:00:00,554.0,34.3,52,3.6
2020-05-12 16:00:00,267.0,29.5,78,8.2
2020-05-12 17:00:00,133.0,28.5,82,8.7
2020-05-13 06:00:00,1.0,23.7,100,6.6
2020-05-13 07:00:00,28.0,24.5,96,4.1
2020-05-13 08:00:00,170.0,25.4,92,5.4
2020-05-13 09:00:00,384.0,27.0,84,8.6
2020-05-13 10:00:00,387.0,27.8,81,5.6
2020-05-13 11:00:00,524.0,29.1,74,5.1
2020-05-13 12:00:00,542.0,29.8,72,5.7
2020-05-13 13:00:00,821.0,30.7,68,2.3
2020-05-13 14:00:00,739.0,31.5,65,4.1
2020-05-13 15:00:00,559.0,30.9,68,5.4
2020-05-13 16:00:00,451.0,31.0,66,1.1
2020-05-13 17:00:00,221.0,29.9,72,4.2
2020-05-14 06:00:00,5.0,24.1,96,7.2
2020-05-14 07:00:00,111.0,25.5,91,6.9
2020-05-14 08:00:00,307.0,27.0,85,5.9
2020-05-14 09:00:00,457.0,28.1,79,5.8
2020-05-14 10:00:00,636.0,29.3,74,5.7
2020-05-14 11:00:00,830.0,30.6,71,4.3
2020-05-14 12:00:00,883.0,31.6,68,2.3
2020-05-14 13:00:00,898.0,32.5,64,1.5
2020-05-14 14:00:00,811.0,32.8,60,1.8
2020-05-14 15:00:00,658.0,32.8,59,0.7
2020-05-14 16:00:00,466.0,32.7,60,3.8
2020-05-14 17:00:00,227.0,31.3,66,3.9
2020-05-15 06:00:00,7.0,25.5,98,2.5
2020-05-15 07:00:00,117.0,26.1,89,1.4
2020-05-15 08:00:00,338.0,27.6,84,1.8
2020-05-15 09:00:00,516.0,28.9,79,2.6
2020-05-15 10:00:00,671.0,30.0,73,3.6
2020-05-15 11:00:00,860.0,31.6,66,3.9
2020-05-15 12:00:00,875.0,32.5,61,3.6
2020-05-15 13:00:00,875.0,33.2,59,2.4
2020-05-15 14:00:00,726.0,33.2,58,3.5
2020-05-15 15:00:00,644.0,32.2,63,2.8
2020-05-15 16:00:00,395.0,31.6,67,6.6
2020-05-15 17:00:00,209.0,31.1,70,4.4
2020-05-16 06:00:00,6.0,25.6,86,5.2
2020-05-16 07:00:00,124.0,27.2,82,4.8
2020-05-16 08:00:00,342.0,28.9,76,4.1
2020-05-16 09:00:00,563.0,30.4,73,3.0
2020-05-16 10:00:00,720.0,31.8,68,2.9
2020-05-16 11:00:00,771.0,32.9,62,2.8
2020-05-16 12:00:00,823.0,33.9,57,3.8
2020-05-16 13:00:00,834.0,34.1,57,5.2
2020-05-16 14:00:00,685.0,34.3,56,4.5
2020-05-16 15:00:00,581.0,34.5,55,1.8
2020-05-16 16:00:00,395.0,34.5,55,1.8
2020-05-16 17:00:00,206.0,34.0,57,0.7
2020-05-17 06:00:00,4.0,25.9,93,5.4
2020-05-17 07:00:00,96.0,27.3,90,10.9
2020-05-17 08:00:00,226.0,28.5,84,6.2
2020-05-17 09:00:00,265.0,29.1,81,5.4
2020-05-17 10:00:00,411.0,30.6,74,3.5
2020-05-17 11:00:00,545.0,31.4,71,4.1
2020-05-17 12:00:00,668.0,32.3,68,3.9
2020-05-17 13:00:00,758.0,33.0,64,4.1
2020-05-17 14:00:00,669.0,33.6,60,2.6
2020-05-17 15:00:00,491.0,33.5,61,3.3
2020-05-17 16:00:00,374.0,33.5,62,0.7
2020-05-17 17:00:00,234.0,32.9,63,0.8
2020-05-18 06:00:00,7.0,25.1,99,5.2
2020-05-18 07:00:00,121.0,26.1,93,2.8
2020-05-18 08:00:00,293.0,27.8,84,3.4
2020-05-18 09:00:00,475.0,29.2,77,3.6
2020-05-18 10:00:00,580.0,30.5,72,5.8
2020-05-18 11:00:00,743.0,31.4,70,8.8
2020-05-18 12:00:00,868.0,32.3,66,8.0
2020-05-18 13:00:00,928.0,33.2,62,7.4
2020-05-18 14:00:00,763.0,33.2,61,6.0
2020-05-18 15:00:00,598.0,33.0,62,6.8
2020-05-18 16:00:00,388.0,32.8,63,4.4
2020-05-18 17:00:00,194.0,29.4,80,10.7
2020-05-19 06:00:00,3.0,25.1,95,6.5
2020-05-19 07:00:00,76.0,25.1,94,5.9
2020-05-19 08:00:00,191.0,26.4,88,6.2
2020-05-19 09:00:00,383.0,28.1,81,4.4
2020-05-19 10:00:00,314.0,28.8,77,4.3
2020-05-19 11:00:00,707.0,30.6,72,4.7
2020-05-19 12:00:00,639.0,31.0,69,6.0
2020-05-19 13:00:00,685.0,31.4,66,6.4
2020-05-19 14:00:00,626.0,31.7,64,6.4
2020-05-19 15:00:00,394.0,31.1,67,7.1
2020-05-19 16:00:00,298.0,30.8,70,6.4
2020-05-19 17:00:00,156.0,29.8,76,5.0
2020-05-20 06:00:00,5.0,24.4,97,2.2
2020-05-20 07:00:00,77.0,25.2,94,5.8
2020-05-20 08:00:00,322.0,26.8,87,3.1
2020-05-20 09:00:00,516.0,28.2,81,2.4
2020-05-20 10:00:00,724.0,30.0,73,2.6
2020-05-20 11:00:00,763.0,31.1,69,2.4
2020-05-20 12:00:00,875.0,32.1,68,2.6
2020-05-20 13:00:00,809.0,32.5,68,2.1
2020-05-20 14:00:00,672.0,32.7,68,2.1
2020-05-20 15:00:00,421.0,32.5,67,3.0
2020-05-20 16:00:00,317.0,32.4,65,3.1
2020-05-20 17:00:00,225.0,31.9,67,3.4
2020-05-21 06:00:00,7.0,25.1,85,2.2
2020-05-21 07:00:00,137.0,26.0,81,1.4
2020-05-21 08:00:00,358.0,27.9,77,3.3
2020-05-21 09:00:00,577.0,29.6,73,5.1
2020-05-21 10:00:00,754.0,31.1,69,5.1
2020-05-21 11:00:00,884.0,32.3,65,4.1
2020-05-21 12:00:00,929.0,33.3,62,2.2
2020-05-21 13:00:00,887.0,34.0,61,2.3
2020-05-21 14:00:00,796.0,34.3,60,2.2
2020-05-21 15:00:00,669.0,34.5,59,3.6
2020-05-21 16:00:00,466.0,34.2,59,4.6
2020-05-21 17:00:00,232.0,33.3,65,4.4
2020-05-22 06:00:00,7.0,24.5,98,3.9
2020-05-22 07:00:00,107.0,25.8,94,6.0
2020-05-22 08:00:00,279.0,27.2,89,5.8
2020-05-22 09:00:00,485.0,28.6,81,5.6
2020-05-22 10:00:00,601.0,30.0,74,5.7
2020-05-22 11:00:00,688.0,30.7,73,2.9
2020-05-22 12:00:00,794.0,32.2,69,3.8
2020-05-22 13:00:00,882.0,33.5,64,4.8
2020-05-22 14:00:00,684.0,32.5,65,5.6
2020-05-22 15:00:00,501.0,32.5,66,5.5
2020-05-22 16:00:00,351.0,28.5,84,9.8
2020-05-22 17:00:00,56.0,27.9,85,1.0
2020-05-23 06:00:00,6.0,25.8,90,2.3
2020-05-23 07:00:00,123.0,27.2,89,2.6
2020-05-23 08:00:00,231.0,28.7,84,6.3
2020-05-23 09:00:00,457.0,30.5,75,7.3
2020-05-23 10:00:00,540.0,31.5,69,4.2
2020-05-23 11:00:00,837.0,32.8,65,2.3
2020-05-23 12:00:00,888.0,33.6,61,3.6
2020-05-23 13:00:00,849.0,34.1,58,3.3
2020-05-23 14:00:00,760.0,34.7,56,2.8
2020-05-23 15:00:00,583.0,34.2,58,3.7
2020-05-23 16:00:00,460.0,33.0,62,3.0
2020-05-23 17:00:00,240.0,31.2,69,2.9
2020-05-24 06:00:00,7.0,25.6,98,2.5
2020-05-24 07:00:00,81.0,27.2,92,3.0
2020-05-24 08:00:00,230.0,28.5,88,6.1
2020-05-24 09:00:00,376.0,29.4,81,6.4
2020-05-24 10:00:00,608.0,30.4,76,4.9
2020-05-24 11:00:00,789.0,31.8,70,6.1
2020-05-24 12:00:00,889.0,33.2,64,7.3
2020-05-24 13:00:00,895.0,34.0,60,6.9
2020-05-24 14:00:00,839.0,34.7,58,6.2
2020-05-24 15:00:00,669.0,34.8,57,6.3
2020-05-24 16:00:00,387.0,33.8,61,7.9
2020-05-24 17:00:00,197.0,32.5,70,7.9
2020-05-25 06:00:00,7.0,25.0,98,6.6
2020-05-25 07:00:00,106.0,26.5,97,7.3
2020-05-25 08:00:00,144.0,27.4,90,5.9
2020-05-25 09:00:00,355.0,29.0,81,4.0
2020-05-25 10:00:00,428.0,30.1,76,5.8
2020-05-25 11:00:00,634.0,31.0,74,8.2
2020-05-25 12:00:00,679.0,31.7,72,6.8
2020-05-25 13:00:00,685.0,32.5,69,6.5
2020-05-25 14:00:00,605.0,33.2,67,6.5
2020-05-25 15:00:00,438.0,33.0,66,6.6
2020-05-25 16:00:00,219.0,32.3,70,7.4
2020-05-25 17:00:00,196.0,31.8,72,4.9
2020-05-26 06:00:00,5.0,25.3,97,6.0
2020-05-26 07:00:00,80.0,26.2,95,3.4
2020-05-26 08:00:00,254.0,28.0,88,2.3
2020-05-26 09:00:00,463.0,29.5,78,3.8
2020-05-26 10:00:00,674.0,30.9,74,3.1
2020-05-26 11:00:00,858.0,32.3,70,3.2
2020-05-26 12:00:00,828.0,33.2,67,6.3
2020-05-26 13:00:00,678.0,33.7,63,7.3
2020-05-26 14:00:00,567.0,33.8,61,5.2
2020-05-26 15:00:00,595.0,34.5,59,2.1
2020-05-26 16:00:00,274.0,32.7,66,4.0
2020-05-26 17:00:00,203.0,28.9,83,13.9
2020-05-27 06:00:00,7.0,25.4,95,4.8
2020-05-27 07:00:00,98.0,26.0,88,2.3
2020-05-27 08:00:00,272.0,27.4,82,6.9
2020-05-27 09:00:00,346.0,28.5,77,6.5
2020-05-27 10:00:00,440.0,29.6,72,7.3
2020-05-27 11:00:00,624.0,30.9,67,7.0
2020-05-27 12:00:00,784.0,31.8,66,5.8
2020-05-27 13:00:00,906.0,32.5,63,6.4
2020-05-27 14:00:00,763.0,32.0,65,8.5
2020-05-27 15:00:00,601.0,32.2,65,3.8
2020-05-27 16:00:00,434.0,30.9,69,5.9
2020-05-27 17:00:00,175.0,29.9,76,7.7
2020-05-28 06:00:00,3.0,23.6,98,1.9
2020-05-28 07:00:00,52.0,24.5,97,4.6
2020-05-28 08:00:00,139.0,25.0,97,4.4
2020-05-28 09:00:00,326.0,26.0,88,3.9
2020-05-28 10:00:00,425.0,27.1,81,4.4
2020-05-28 11:00:00,448.0,28.0,76,2.9
2020-05-28 12:00:00,544.0,29.4,71,4.8
2020-05-28 13:00:00,514.0,30.0,68,4.0
2020-05-28 14:00:00,577.0,30.5,68,4.5
2020-05-28 15:00:00,446.0,30.0,70,4.3
2020-05-28 16:00:00,263.0,29.1,75,6.5
2020-05-28 17:00:00,88.0,27.1,86,7.8
2020-05-29 06:00:00,2.0,24.4,95,1.6
2020-05-29 07:00:00,41.0,24.4,96,5.8
2020-05-29 08:00:00,135.0,25.4,91,3.9
2020-05-29 09:00:00,185.0,26.0,88,5.9
2020-05-29 10:00:00,387.0,27.0,86,7.4
2020-05-29 11:00:00,349.0,26.8,87,5.9
2020-05-29 12:00:00,225.0,27.0,84,5.0
2020-05-29 13:00:00,411.0,27.9,81,4.3
2020-05-29 14:00:00,533.0,28.7,77,2.6
2020-05-29 15:00:00,383.0,28.9,75,1.5
2020-05-29 16:00:00,292.0,28.4,80,4.4
2020-05-29 17:00:00,127.0,27.4,85,5.5
2020-05-30 06:00:00,3.0,23.4,98,2.4
2020-05-30 07:00:00,61.0,23.7,99,4.4
2020-05-30 08:00:00,108.0,24.4,95,4.0
2020-05-30 09:00:00,145.0,24.6,94,5.2
2020-05-30 10:00:00,298.0,25.0,96,5.4
2020-05-30 11:00:00,206.0,25.3,91,5.6
2020-05-30 12:00:00,288.0,26.2,85,6.8
2020-05-30 13:00:00,315.0,26.6,83,8.1
2020-05-30 14:00:00,239.0,26.8,82,6.4
2020-05-30 15:00:00,190.0,26.6,83,5.8
2020-05-30 16:00:00,142.0,26.5,85,4.9
2020-05-30 17:00:00,113.0,26.2,87,5.0
2020-05-31 06:00:00,2.0,23.7,98,2.6
2020-05-31 07:00:00,51.0,24.0,97,2.3
2020-05-31 08:00:00,175.0,25.2,91,2.1
2020-05-31 09:00:00,387.0,26.6,83,1.1
2020-05-31 10:00:00,632.0,28.0,82,0.4
2020-05-31 11:00:00,740.0,28.7,82,1.3
2020-05-31 12:00:00,657.0,28.7,86,4.1
2020-05-31 13:00:00,454.0,27.5,84,6.4
2020-05-31 14:00:00,291.0,27.2,86,1.1
2020-05-31 15:00:00,335.0,27.9,84,1.5
2020-05-31 16:00:00,385.0,28.3,82,2.3
2020-05-31 17:00:00,185.0,27.9,82,1.8
2020-06-01 06:00:00,6.0,23.6,95,7.0
2020-06-01 07:00:00,104.0,24.1,90,7.0
2020-06-01 08:00:00,279.0,25.6,84,6.1
2020-06-01 09:00:00,370.0,26.5,81,5.9
2020-06-01 10:00:00,428.0,27.2,80,6.5
2020-06-01 11:00:00,751.0,28.8,74,6.8
2020-06-01 12:00:00,900.0,30.6,65,7.3
2020-06-01 13:00:00,906.0,31.2,64,6.4
2020-06-01 14:00:00,821.0,31.6,62,6.3
2020-06-01 15:00:00,684.0,31.9,61,5.8
2020-06-01 16:00:00,458.0,31.4,63,5.6
2020-06-01 17:00:00,252.0,30.5,71,5.1
2020-06-02 06:00:00,3.0,23.8,99,2.1
2020-06-02 07:00:00,96.0,25.5,94,3.1
2020-06-02 08:00:00,325.0,26.5,85,4.0
2020-06-02 09:00:00,496.0,27.7,80,4.1
2020-06-02 10:00:00,696.0,29.1,74,4.8
2020-06-02 11:00:00,836.0,30.6,69,3.9
2020-06-02 12:00:00,845.0,31.6,65,2.5
2020-06-02 13:00:00,821.0,32.2,64,1.5
2020-06-02 14:00:00,666.0,31.6,66,0.8
2020-06-02 15:00:00,541.0,31.3,68,3.8
2020-06-02 16:00:00,356.0,28.5,78,1.5
2020-06-02 17:00:00,137.0,27.6,82,3.6
2020-06-03 06:00:00,6.0,24.0,97,1.1
2020-06-03 07:00:00,115.0,24.7,94,3.6
2020-06-03 08:00:00,307.0,25.8,88,3.4
2020-06-03 09:00:00,357.0,26.1,87,5.1
2020-06-03 10:00:00,482.0,27.2,82,4.0
2020-06-03 11:00:00,774.0,28.9,75,3.7
2020-06-03 12:00:00,764.0,29.7,72,4.3
2020-06-03 13:00:00,832.0,30.7,67,3.3
2020-06-03 14:00:00,698.0,31.1,65,2.8
2020-06-03 15:00:00,551.0,31.1,63,1.8
2020-06-03 16:00:00,395.0,30.9,64,1.6
2020-06-03 17:00:00,241.0,29.8,70,3.3
2020-06-04 06:00:00,6.0,24.0,97,4.3
2020-06-04 07:00:00,126.0,25.6,91,6.3
2020-06-04 08:00:00,343.0,27.2,82,6.5
2020-06-04 09:00:00,540.0,28.4,75,5.8
2020-06-04 10:00:00,729.0,29.6,72,3.6
2020-06-04 11:00:00,872.0,31.1,66,3.2
2020-06-04 12:00:00,902.0,32.2,61,3.8
2020-06-04 13:00:00,843.0,33.0,60,5.2
2020-06-04 14:00:00,727.0,33.0,60,6.3
2020-06-04 15:00:00,561.0,32.8,62,5.4
2020-06-04 16:00:00,437.0,32.7,63,4.1
2020-06-04 17:00:00,267.0,32.2,64,2.3
2020-06-05 06:00:00,7.0,24.8,96,4.3
2020-06-05 07:00:00,136.0,26.9,76,2.5
2020-06-05 08:00:00,343.0,28.5,71,6.9
2020-06-05 09:00:00,524.0,29.9,72,5.5
2020-06-05 10:00:00,639.0,30.9,70,4.3
2020-06-05 11:00:00,829.0,31.9,67,3.9
2020-06-05 12:00:00,796.0,32.7,64,2.8
2020-06-05 13:00:00,809.0,33.2,62,3.1
2020-06-05 14:00:00,775.0,33.6,61,4.3
2020-06-05 15:00:00,579.0,32.2,65,5.4
2020-06-05 16:00:00,312.0,31.4,69,1.5
2020-06-05 17:00:00,240.0,31.2,70,1.1
2020-06-06 06:00:00,7.0,23.8,98,6.4
2020-06-06 07:00:00,123.0,25.6,93,1.6
2020-06-06 08:00:00,300.0,27.2,86,3.3
2020-06-06 09:00:00,413.0,28.5,79,2.6
2020-06-06 10:00:00,514.0,29.5,75,5.1
2020-06-06 11:00:00,762.0,30.8,69,5.0
2020-06-06 12:00:00,815.0,31.6,65,4.7
2020-06-06 13:00:00,804.0,32.2,63,4.0
2020-06-06 14:00:00,733.0,32.2,63,7.3
2020-06-06 15:00:00,555.0,31.5,66,5.2
2020-06-06 16:00:00,364.0,30.9,69,5.5
2020-06-06 17:00:00,245.0,30.4,72,3.6
2020-06-07 06:00:00,7.0,24.6,91,8.9
2020-06-07 07:00:00,126.0,26.2,88,6.3
2020-06-07 08:00:00,343.0,27.9,81,6.4
2020-06-07 09:00:00,533.0,29.4,74,6.3
2020-06-07 10:00:00,639.0,30.7,68,8.2
2020-06-07 11:00:00,866.0,32.0,61,6.3
2020-06-07 12:00:00,880.0,32.8,58,2.9
2020-06-07 13:00:00,813.0,33.5,55,2.3
2020-06-07 14:00:00,741.0,33.7,54,2.1
2020-06-07 15:00:00,625.0,33.2,56,4.4
2020-06-07 16:00:00,465.0,32.5,58,4.2
2020-06-07 17:00:00,176.0,31.9,63,2.3
2020-06-08 06:00:00,6.0,25.6,87,3.3
2020-06-08 07:00:00,113.0,26.4,76,5.2
2020-06-08 08:00:00,331.0,28.0,71,4.5
2020-06-08 09:00:00,560.0,29.5,67,5.5
2020-06-08 10:00:00,738.0,31.1,62,3.6
2020-06-08 11:00:00,868.0,32.7,58,3.2
2020-06-08 12:00:00,932.0,33.5,55,3.3
2020-06-08 13:00:00,896.0,34.2,53,2.9
2020-06-08 14:00:00,792.0,34.6,51,2.2
2020-06-08 15:00:00,616.0,34.5,50,0.8
2020-06-08 16:00:00,434.0,34.2,51,2.2
2020-06-08 17:00:00,246.0,33.2,57,2.5
2020-06-09 06:00:00,7.0,26.7,79,13.8
2020-06-09 07:00:00,110.0,27.9,73,6.2
2020-06-09 08:00:00,302.0,28.3,75,7.4
2020-06-09 09:00:00,512.0,29.1,73,7.7
2020-06-09 10:00:00,704.0,30.5,68,7.4
2020-06-09 11:00:00,831.0,32.2,60,4.1
2020-06-09 12:00:00,922.0,33.9,54,1.8
2020-06-09 13:00:00,892.0,34.5,52,1.1
2020-06-09 14:00:00,717.0,34.2,53,4.0
2020-06-09 15:00:00,504.0,33.7,56,4.0
2020-06-09 16:00:00,358.0,32.2,64,8.6
2020-06-09 17:00:00,192.0,31.1,71,8.3
2020-06-10 06:00:00,3.0,23.4,98,4.3
2020-06-10 07:00:00,45.0,23.5,93,2.6
2020-06-10 08:00:00,91.0,24.0,93,4.0
2020-06-10 09:00:00,100.0,24.2,93,3.7
2020-06-10 10:00:00,128.0,24.4,93,2.6
2020-06-10 11:00:00,109.0,24.3,93,1.3
2020-06-10 12:00:00,172.0,24.5,91,3.1
2020-06-10 13:00:00,173.0,24.9,89,4.3
2020-06-10 14:00:00,211.0,25.4,87,3.3
2020-06-10 15:00:00,141.0,25.4,87,2.6
2020-06-10 16:00:00,127.0,25.1,89,2.9
2020-06-10 17:00:00,76.0,24.9,90,3.4
2020-06-11 06:00:00,7.0,22.7,99,2.6
2020-06-11 07:00:00,131.0,24.1,94,2.5
2020-06-11 08:00:00,304.0,25.5,88,3.3
2020-06-11 09:00:00,525.0,27.0,81,2.9
2020-06-11 10:00:00,669.0,28.2,74,0.8
2020-06-11 11:00:00,808.0,29.4,68,1.3
2020-06-11 12:00:00,837.0,30.0,65,3.2
2020-06-11 13:00:00,764.0,30.2,64,5.1
2020-06-11 14:00:00,657.0,30.2,65,6.4
2020-06-11 15:00:00,633.0,30.2,65,6.8
2020-06-11 16:00:00,462.0,29.9,67,7.1
2020-06-11 17:00:00,253.0,28.2,77,7.5
2020-06-12 06:00:00,6.0,24.0,97,1.9
2020-06-12 07:00:00,85.0,24.2,92,1.9
2020-06-12 08:00:00,212.0,25.5,89,2.9
2020-06-12 09:00:00,399.0,26.9,83,6.2
2020-06-12 10:00:00,444.0,27.5,79,7.5
2020-06-12 11:00:00,684.0,28.9,74,8.6
2020-06-12 12:00:00,743.0,29.5,72,8.4
2020-06-12 13:00:00,718.0,29.9,69,7.6
2020-06-12 14:00:00,667.0,29.8,69,5.8
2020-06-12 15:00:00,541.0,29.7,69,3.0
2020-06-12 16:00:00,433.0,29.4,71,2.8
2020-06-12 17:00:00,211.0,26.7,84,6.6
2020-06-13 06:00:00,6.0,24.0,99,2.9
2020-06-13 07:00:00,112.0,24.5,96,3.9
2020-06-13 08:00:00,288.0,26.0,88,3.7
2020-06-13 09:00:00,521.0,27.6,80,4.2
2020-06-13 10:00:00,681.0,29.1,74,4.2
2020-06-13 11:00:00,798.0,30.4,68,5.2
2020-06-13 12:00:00,878.0,31.4,64,5.1
2020-06-13 13:00:00,844.0,32.1,59,4.7
2020-06-13 14:00:00,697.0,32.4,58,4.0
2020-06-13 15:00:00,662.0,32.7,57,4.2
2020-06-13 16:00:00,466.0,32.0,61,5.8
2020-06-13 17:00:00,261.0,31.5,63,4.2
2020-06-14 06:00:00,6.0,24.6,96,4.1
2020-06-14 07:00:00,114.0,26.1,90,4.3
2020-06-14 08:00:00,314.0,27.8,84,5.7
2020-06-14 09:00:00,503.0,29.2,78,5.8
2020-06-14 10:00:00,639.0,30.3,72,7.0
2020-06-14 11:00:00,815.0,31.3,68,6.8
2020-06-14 12:00:00,810.0,31.9,65,3.0
2020-06-14 13:00:00,824.0,32.3,64,2.0
2020-06-14 14:00:00,703.0,31.6,67,3.8
2020-06-14 15:00:00,463.0,29.9,76,6.1
2020-06-14 16:00:00,319.0,29.9,76,1.5
2020-06-14 17:00:00,193.0,28.7,81,4.2
2020-06-15 06:00:00,4.0,24.5,99,6.1
2020-06-15 07:00:00,84.0,24.5,98,6.6
2020-06-15 08:00:00,89.0,25.6,93,8.0
2020-06-15 09:00:00,153.0,26.6,88,5.1
2020-06-15 10:00:00,297.0,27.6,83,3.5
2020-06-15 11:00:00,569.0,29.1,75,2.8
2020-06-15 12:00:00,707.0,30.5,67,3.7
2020-06-15 13:00:00,637.0,31.2,64,3.3
2020-06-15 14:00:00,386.0,31.0,64,1.5
2020-06-15 15:00:00,443.0,31.1,63,4.7
2020-06-15 16:00:00,401.0,31.1,64,4.2
2020-06-15 17:00:00,215.0,30.6,66,1.8
2020-06-16 06:00:00,6.0,25.3,85,10.8
2020-06-16 07:00:00,131.0,26.7,81,12.6
2020-06-16 08:00:00,344.0,28.6,73,13.2
2020-06-16 09:00:00,556.0,30.2,68,13.6
2020-06-16 10:00:00,733.0,31.9,63,11.8
2020-06-16 11:00:00,866.0,32.8,59,9.3
2020-06-16 12:00:00,906.0,33.3,58,9.3
2020-06-16 13:00:00,860.0,33.5,58,7.4
2020-06-16 14:00:00,622.0,30.9,72,14.3
2020-06-16 15:00:00,400.0,30.1,77,10.0
2020-06-16 16:00:00,282.0,30.2,74,6.9
2020-06-16 17:00:00,204.0,29.4,77,3.6
2020-06-17 06:00:00,5.0,24.5,98,9.0
2020-06-17 07:00:00,30.0,25.8,92,5.7
2020-06-17 08:00:00,187.0,26.5,88,6.1
2020-06-17 09:00:00,264.0,26.8,87,6.2
2020-06-17 10:00:00,372.0,27.5,82,3.2
2020-06-17 11:00:00,637.0,29.0,77,3.3
2020-06-17 12:00:00,834.0,30.2,70,2.5
2020-06-17 13:00:00,781.0,30.8,71,5.7
2020-06-17 14:00:00,747.0,30.3,73,10.2
2020-06-17 15:00:00,599.0,29.5,76,11.0
2020-06-17 16:00:00,362.0,28.0,80,5.6
2020-06-17 17:00:00,151.0,26.9,84,0.8
2020-06-18 06:00:00,5.0,24.2,93,7.2
2020-06-18 07:00:00,120.0,25.2,91,8.2
2020-06-18 08:00:00,326.0,26.4,87,7.9
2020-06-18 09:00:00,546.0,28.0,78,5.4
2020-06-18 10:00:00,672.0,29.9,71,9.0
2020-06-18 11:00:00,800.0,31.0,67,10.0
2020-06-18 12:00:00,773.0,31.9,62,6.7
2020-06-18 13:00:00,776.0,32.2,60,2.5
2020-06-18 14:00:00,583.0,30.5,70,7.3
2020-06-18 15:00:00,448.0,29.5,78,7.5
2020-06-18 16:00:00,323.0,29.5,77,5.1
2020-06-18 17:00:00,211.0,29.3,78,6.9
2020-06-19 06:00:00,4.0,24.4,97,6.0
2020-06-19 07:00:00,104.0,25.2,92,6.1
2020-06-19 08:00:00,265.0,26.2,86,5.9
2020-06-19 09:00:00,494.0,27.9,80,5.2
2020-06-19 10:00:00,697.0,29.7,72,7.1
2020-06-19 11:00:00,818.0,31.1,66,7.5
2020-06-19 12:00:00,887.0,31.9,63,8.0
2020-06-19 13:00:00,802.0,32.2,61,7.7
2020-06-19 14:00:00,761.0,32.6,59,7.1
2020-06-19 15:00:00,568.0,32.6,60,4.5
2020-06-19 16:00:00,417.0,31.5,66,7.5
2020-06-19 17:00:00,200.0,30.1,75,9.7
2020-06-20 06:00:00,5.0,24.6,99,5.9
2020-06-20 07:00:00,99.0,25.6,90,4.1
2020-06-20 08:00:00,225.0,27.0,84,1.9
2020-06-20 09:00:00,342.0,27.8,81,4.1
2020-06-20 10:00:00,553.0,28.9,75,5.8
2020-06-20 11:00:00,858.0,30.5,68,6.5
2020-06-20 12:00:00,907.0,31.5,65,4.6
2020-06-20 13:00:00,840.0,32.3,63,4.5
2020-06-20 14:00:00,665.0,32.6,61,3.7
2020-06-20 15:00:00,675.0,32.8,61,2.3
2020-06-20 16:00:00,454.0,32.5,61,2.3
2020-06-20 17:00:00,236.0,31.5,69,6.6
2020-06-21 06:00:00,4.0,24.7,99,5.8
2020-06-21 07:00:00,100.0,25.8,93,5.1
2020-06-21 08:00:00,267.0,27.3,84,5.2
2020-06-21 09:00:00,460.0,28.5,78,4.3
2020-06-21 10:00:00,517.0,29.5,73,6.2
2020-06-21 11:00:00,752.0,30.5,68,5.7
2020-06-21 12:00:00,847.0,31.6,64,4.7
2020-06-21 13:00:00,808.0,32.5,61,5.7
2020-06-21 14:00:00,799.0,33.7,57,5.9
2020-06-21 15:00:00,657.0,33.8,56,4.7
2020-06-21 16:00:00,439.0,33.5,58,6.4
2020-06-21 17:00:00,263.0,32.7,63,5.4
2020-06-22 06:00:00,5.0,25.4,81,3.6
2020-06-22 07:00:00,102.0,26.2,80,7.2
2020-06-22 08:00:00,305.0,27.9,75,7.5
2020-06-22 09:00:00,520.0,29.9,70,6.6
2020-06-22 10:00:00,674.0,31.6,62,6.6
2020-06-22 11:00:00,819.0,32.9,57,8.2
2020-06-22 12:00:00,843.0,33.7,53,10.2
2020-06-22 13:00:00,862.0,34.0,51,12.6
2020-06-22 14:00:00,828.0,34.2,49,12.6
2020-06-22 15:00:00,715.0,34.4,46,12.7
2020-06-22 16:00:00,425.0,33.8,47,10.6
2020-06-22 17:00:00,292.0,32.6,52,12.2
2020-06-23 06:00:00,5.0,26.6,76,9.8
2020-06-23 07:00:00,115.0,27.9,73,7.0
2020-06-23 08:00:00,324.0,30.0,64,6.3
2020-06-23 09:00:00,534.0,31.8,56,4.2
2020-06-23 10:00:00,684.0,33.3,51,6.2
2020-06-23 11:00:00,857.0,35.0,45,14.7
2020-06-23 12:00:00,914.0,35.6,41,16.7
2020-06-23 13:00:00,896.0,36.2,38,11.7
2020-06-23 14:00:00,856.0,36.2,41,9.8
2020-06-23 15:00:00,653.0,35.3,47,12.4
2020-06-23 16:00:00,515.0,34.9,47,13.0
2020-06-23 17:00:00,307.0,33.9,51,10.1
2020-06-24 06:00:00,5.0,25.7,70,16.6
2020-06-24 07:00:00,115.0,27.0,68,13.2
2020-06-24 08:00:00,316.0,29.4,60,10.4
2020-06-24 09:00:00,541.0,31.5,51,7.6
2020-06-24 10:00:00,741.0,33.3,46,6.8
2020-06-24 11:00:00,874.0,34.4,43,7.9
2020-06-24 12:00:00,932.0,35.3,41,7.7
2020-06-24 13:00:00,931.0,36.5,34,6.9
2020-06-24 14:00:00,848.0,37.2,31,10.0
2020-06-24 15:00:00,705.0,36.9,32,9.8
2020-06-24 16:00:00,542.0,36.8,30,8.0
2020-06-24 17:00:00,327.0,35.8,35,6.5
2020-06-25 06:00:00,5.0,26.0,71,11.4
2020-06-25 07:00:00,127.0,27.4,68,11.4
2020-06-25 08:00:00,344.0,29.8,58,10.0
2020-06-25 09:00:00,559.0,32.3,47,7.9
2020-06-25 10:00:00,741.0,34.3,39,8.3
2020-06-25 11:00:00,873.0,35.3,37,8.1
2020-06-25 12:00:00,945.0,36.0,36,7.6
2020-06-25 13:00:00,910.0,36.7,34,7.8
2020-06-25 14:00:00,835.0,37.2,31,8.5
2020-06-25 15:00:00,711.0,37.4,29,8.8
2020-06-25 16:00:00,527.0,37.2,29,7.2
2020-06-25 17:00:00,314.0,36.6,31,10.9
2020-06-26 06:00:00,5.0,26.8,73,11.7
2020-06-26 07:00:00,99.0,28.5,64,13.9
2020-06-26 08:00:00,233.0,30.1,59,11.0
2020-06-26 09:00:00,447.0,31.9,53,11.3
2020-06-26 10:00:00,632.0,33.7,47,8.6
2020-06-26 11:00:00,704.0,35.0,43,5.8
2020-06-26 12:00:00,797.0,35.8,40,7.1
2020-06-26 13:00:00,809.0,36.5,38,7.7
2020-06-26 14:00:00,721.0,35.8,39,12.7
2020-06-26 15:00:00,438.0,35.3,41,5.8
2020-06-26 16:00:00,414.0,35.7,41,7.5
2020-06-26 17:00:00,216.0,34.8,42,5.6
2020-06-27 06:00:00,4.0,25.7,84,1.5
2020-06-27 07:00:00,79.0,27.9,67,6.0
2020-06-27 08:00:00,203.0,29.2,62,5.8
2020-06-27 09:00:00,383.0,30.2,63,7.6
2020-06-27 10:00:00,626.0,32.2,54,9.6
2020-06-27 11:00:00,808.0,34.1,46,10.6
2020-06-27 12:00:00,808.0,35.4,41,7.9
2020-06-27 13:00:00,854.0,36.5,36,7.3
2020-06-27 14:00:00,680.0,36.7,33,6.8
2020-06-27 15:00:00,669.0,37.2,31,7.1
2020-06-27 16:00:00,489.0,36.9,31,5.6
2020-06-27 17:00:00,282.0,34.2,47,16.4
2020-06-28 06:00:00,4.0,24.1,96,5.1
2020-06-28 07:00:00,110.0,25.1,90,0.4
2020-06-28 08:00:00,300.0,26.5,85,9.5
2020-06-28 09:00:00,474.0,28.1,76,11.0
2020-06-28 10:00:00,639.0,30.0,68,9.2
2020-06-28 11:00:00,629.0,30.6,65,8.0
2020-06-28 12:00:00,782.0,31.5,61,7.5
2020-06-28 13:00:00,758.0,31.8,59,5.4
2020-06-28 14:00:00,666.0,32.0,58,4.2
2020-06-28 15:00:00,575.0,32.5,56,3.6
2020-06-28 16:00:00,391.0,30.8,65,10.1
2020-06-28 17:00:00,207.0,28.6,76,14.1
2020-06-29 06:00:00,3.0,24.5,98,5.1
2020-06-29 07:00:00,58.0,25.5,91,2.1
2020-06-29 08:00:00,185.0,27.0,80,3.4
2020-06-29 09:00:00,410.0,28.8,72,3.1
2020-06-29 10:00:00,583.0,30.1,66,4.0
2020-06-29 11:00:00,535.0,30.9,62,4.1
2020-06-29 12:00:00,649.0,31.9,58,3.3
2020-06-29 13:00:00,733.0,33.2,53,1.8
2020-06-29 14:00:00,669.0,33.7,49,1.0
2020-06-29 15:00:00,652.0,34.0,48,1.5
2020-06-29 16:00:00,474.0,33.3,52,7.9
2020-06-29 17:00:00,271.0,32.6,54,10.1
2020-06-30 06:00:00,4.0,25.0,94,4.7
2020-06-30 07:00:00,108.0,27.1,76,4.1
2020-06-30 08:00:00,312.0,29.5,61,1.6
2020-06-30 09:00:00,534.0,31.0,59,2.2
2020-06-30 10:00:00,708.0,32.5,55,2.5
2020-06-30 11:00:00,837.0,33.8,49,2.7
2020-06-30 12:00:00,849.0,35.1,43,5.4
2020-06-30 13:00:00,890.0,36.2,38,6.9
2020-06-30 14:00:00,810.0,36.5,37,7.4
2020-06-30 15:00:00,698.0,36.5,36,6.6
2020-06-30 16:00:00,513.0,36.2,36,5.4
2020-06-30 17:00:00,299.0,35.5,37,7.5
2020-07-01 06:00:00,4.0,24.0,96,3.9
2020-07-01 07:00:00,96.0,24.0,92,2.3
2020-07-01 08:00:00,251.0,26.2,83,0.8
2020-07-01 09:00:00,463.0,28.5,74,3.5
2020-07-01 10:00:00,462.0,29.8,68,7.7
2020-07-01 11:00:00,810.0,32.1,58,6.7
2020-07-01 12:00:00,847.0,33.3,53,4.6
2020-07-01 13:00:00,822.0,34.1,49,4.7
2020-07-01 14:00:00,800.0,34.7,46,5.2
2020-07-01 15:00:00,620.0,34.3,47,3.6
2020-07-01 16:00:00,368.0,31.3,60,6.8
2020-07-01 17:00:00,179.0,29.6,72,9.8
2020-07-02 06:00:00,3.0,24.0,97,3.8
2020-07-02 07:00:00,85.0,24.9,92,6.0
2020-07-02 08:00:00,223.0,26.0,86,4.3
2020-07-02 09:00:00,457.0,27.8,77,2.8
2020-07-02 10:00:00,593.0,29.6,66,6.2
2020-07-02 11:00:00,682.0,30.9,61,6.1
2020-07-02 12:00:00,802.0,32.2,55,2.9
2020-07-02 13:00:00,750.0,32.7,53,0.7
2020-07-02 14:00:00,747.0,33.3,51,1.9
2020-07-02 15:00:00,580.0,32.8,53,5.4
2020-07-02 16:00:00,344.0,27.8,78,14.4
2020-07-02 17:00:00,104.0,26.8,82,2.4
2020-07-03 06:00:00,3.0,24.1,98,3.3
2020-07-03 07:00:00,71.0,25.3,94,3.1
2020-07-03 08:00:00,250.0,26.6,84,5.1
2020-07-03 09:00:00,447.0,28.0,77,7.6
2020-07-03 10:00:00,715.0,30.2,68,5.2
2020-07-03 11:00:00,811.0,31.9,59,4.8
2020-07-03 12:00:00,873.0,33.3,53,6.1
2020-07-03 13:00:00,851.0,33.4,53,3.9
2020-07-03 14:00:00,688.0,33.2,53,4.9
2020-07-03 15:00:00,589.0,31.0,66,11.5
2020-07-03 16:00:00,314.0,30.4,67,9.6
2020-07-03 17:00:00,235.0,30.2,67,7.7
2020-07-04 06:00:00,3.0,23.8,99,0.8
2020-07-04 07:00:00,98.0,25.3,92,6.5
2020-07-04 08:00:00,312.0,26.9,84,4.7
2020-07-04 09:00:00,527.0,28.7,75,4.3
2020-07-04 10:00:00,645.0,30.2,66,6.1
2020-07-04 11:00:00,818.0,31.9,60,7.3
2020-07-04 12:00:00,842.0,33.2,56,8.1
2020-07-04 13:00:00,825.0,33.1,58,8.7
2020-07-04 14:00:00,708.0,31.6,66,5.5
2020-07-04 15:00:00,511.0,28.4,80,6.6
2020-07-04 16:00:00,190.0,27.4,83,5.0
2020-07-04 17:00:00,107.0,26.6,86,10.4
2020-07-05 06:00:00,3.0,23.9,97,3.8
2020-07-05 07:00:00,61.0,24.6,98,4.6
2020-07-05 08:00:00,213.0,26.0,90,2.2
2020-07-05 09:00:00,389.0,27.3,82,4.5
2020-07-05 10:00:00,554.0,28.9,71,6.2
2020-07-05 11:00:00,624.0,30.2,65,6.5
2020-07-05 12:00:00,794.0,31.7,59,6.8
2020-07-05 13:00:00,733.0,32.0,60,5.6
2020-07-05 14:00:00,609.0,32.2,60,7.1
2020-07-05 15:00:00,580.0,32.2,58,7.6
2020-07-05 16:00:00,459.0,32.2,55,9.1
2020-07-05 17:00:00,273.0,31.0,60,10.5
2020-07-06 06:00:00,3.0,24.1,99,3.1
2020-07-06 07:00:00,87.0,25.8,85,5.9
2020-07-06 08:00:00,310.0,28.1,66,11.0
2020-07-06 09:00:00,523.0,30.3,55,11.9
2020-07-06 10:00:00,683.0,32.1,48,6.5
2020-07-06 11:00:00,814.0,33.3,45,4.7
2020-07-06 12:00:00,915.0,34.3,41,5.0
2020-07-06 13:00:00,912.0,35.2,38,3.9
2020-07-06 14:00:00,802.0,35.5,36,2.8
2020-07-06 15:00:00,664.0,35.5,37,4.1
2020-07-06 16:00:00,470.0,35.3,38,7.3
2020-07-06 17:00:00,248.0,33.5,49,12.3
2020-07-07 06:00:00,3.0,26.3,75,3.5
2020-07-07 07:00:00,79.0,27.2,66,3.7
2020-07-07 08:00:00,211.0,28.2,62,4.2
2020-07-07 09:00:00,435.0,30.0,58,2.7
2020-07-07 10:00:00,610.0,31.5,54,1.3
2020-07-07 11:00:00,795.0,33.0,51,4.5
2020-07-07 12:00:00,817.0,33.7,48,4.7
2020-07-07 13:00:00,772.0,33.5,48,5.4
2020-07-07 14:00:00,694.0,33.9,47,2.5
2020-07-07 15:00:00,431.0,29.9,74,12.0
2020-07-07 16:00:00,312.0,29.6,74,9.3
2020-07-07 17:00:00,202.0,28.0,79,7.5
2020-07-08 06:00:00,2.0,25.4,92,9.2
2020-07-08 07:00:00,20.0,25.5,92,8.3
2020-07-08 08:00:00,129.0,25.8,90,10.0
2020-07-08 09:00:00,373.0,27.3,83,7.7
2020-07-08 10:00:00,523.0,28.8,75,7.0
2020-07-08 11:00:00,673.0,30.1,69,6.5
2020-07-08 12:00:00,706.0,30.9,69,4.7
2020-07-08 13:00:00,742.0,31.9,65,4.1
2020-07-08 14:00:00,699.0,32.2,64,4.1
2020-07-08 15:00:00,497.0,31.8,64,5.8
2020-07-08 16:00:00,284.0,27.6,83,15.8
2020-07-08 17:00:00,112.0,26.8,85,4.1
2020-07-09 06:00:00,3.0,23.8,99,2.9
2020-07-09 07:00:00,115.0,25.0,89,0.8
2020-07-09 08:00:00,322.0,26.6,80,2.7
2020-07-09 09:00:00,528.0,28.4,71,4.3
2020-07-09 10:00:00,687.0,30.1,66,5.1
2020-07-09 11:00:00,838.0,31.8,61,5.8
2020-07-09 12:00:00,930.0,33.0,55,6.6
2020-07-09 13:00:00,896.0,33.8,52,6.6
2020-07-09 14:00:00,831.0,34.4,49,5.8
2020-07-09 15:00:00,688.0,34.1,49,1.1
2020-07-09 16:00:00,480.0,33.1,54,8.4
2020-07-09 17:00:00,280.0,31.7,61,12.0
2020-07-10 06:00:00,3.0,25.3,78,9.3
2020-07-10 07:00:00,110.0,27.0,72,14.1
2020-07-10 08:00:00,321.0,28.8,65,11.0
2020-07-10 09:00:00,543.0,31.0,55,8.3
2020-07-10 10:00:00,730.0,32.8,49,6.9
2020-07-10 11:00:00,863.0,34.3,44,8.3
2020-07-10 12:00:00,925.0,35.5,40,7.4
2020-07-10 13:00:00,902.0,36.1,38,5.6
2020-07-10 14:00:00,814.0,36.5,36,5.2
2020-07-10 15:00:00,671.0,36.7,36,7.3
2020-07-10 16:00:00,435.0,33.7,49,13.1
2020-07-10 17:00:00,256.0,32.8,55,11.0
2020-07-11 06:00:00,2.0,23.6,96,3.4
2020-07-11 07:00:00,61.0,24.8,92,3.6
2020-07-11 08:00:00,197.0,26.1,85,8.9
2020-07-11 09:00:00,269.0,26.8,82,8.0
2020-07-11 10:00:00,298.0,26.2,85,8.9
2020-07-11 11:00:00,398.0,27.7,78,8.2
2020-07-11 12:00:00,578.0,29.1,73,8.0
2020-07-11 13:00:00,476.0,29.2,71,6.4
2020-07-11 14:00:00,431.0,29.6,70,5.8
2020-07-11 15:00:00,309.0,27.2,80,4.6
2020-07-11 16:00:00,120.0,26.1,86,5.2
2020-07-11 17:00:00,135.0,26.4,84,4.1
2020-07-12 06:00:00,1.0,22.9,98,3.7
2020-07-12 07:00:00,27.0,23.5,97,2.7
2020-07-12 08:00:00,49.0,24.0,97,0.8
2020-07-12 09:00:00,164.0,24.6,96,1.4
2020-07-12 10:00:00,332.0,25.8,86,1.8
2020-07-12 11:00:00,482.0,27.2,79,1.0
2020-07-12 12:00:00,718.0,28.9,73,0.0
2020-07-12 13:00:00,787.0,30.3,66,1.5
2020-07-12 14:00:00,708.0,30.6,65,4.0
2020-07-12 15:00:00,543.0,30.5,66,5.0
2020-07-12 16:00:00,421.0,30.0,68,4.4
2020-07-12 17:00:00,225.0,29.5,70,3.3
2020-07-13 06:00:00,2.0,24.5,93,2.3
2020-07-13 07:00:00,107.0,25.7,83,3.8
2020-07-13 08:00:00,318.0,27.2,76,5.4
2020-07-13 09:00:00,543.0,28.9,69,5.0
2020-07-13 10:00:00,730.0,30.5,63,3.9
2020-07-13 11:00:00,865.0,32.2,58,5.1
2020-07-13 12:00:00,937.0,33.3,58,7.7
2020-07-13 13:00:00,934.0,34.2,56,7.7
2020-07-13 14:00:00,828.0,34.7,52,5.9
2020-07-13 15:00:00,658.0,34.8,49,1.8
2020-07-13 16:00:00,512.0,34.4,50,3.1
2020-07-13 17:00:00,314.0,32.6,67,8.6
2020-07-14 06:00:00,3.0,24.5,99,3.7
2020-07-14 07:00:00,80.0,25.1,94,2.5
2020-07-14 08:00:00,207.0,26.6,86,6.1
2020-07-14 09:00:00,361.0,28.0,79,5.4
2020-07-14 10:00:00,532.0,28.9,75,6.4
2020-07-14 11:00:00,733.0,30.1,69,4.5
2020-07-14 12:00:00,833.0,31.5,65,4.2
2020-07-14 13:00:00,794.0,32.2,63,3.9
2020-07-14 14:00:00,749.0,32.5,61,4.4
2020-07-14 15:00:00,567.0,32.4,62,3.5
2020-07-14 16:00:00,459.0,32.3,63,0.5
2020-07-14 17:00:00,267.0,32.0,66,3.6
2020-07-15 06:00:00,2.0,24.4,92,3.4
2020-07-15 07:00:00,109.0,26.2,83,0.5
2020-07-15 08:00:00,324.0,27.8,78,2.0
2020-07-15 09:00:00,541.0,29.5,75,3.3
2020-07-15 10:00:00,702.0,31.0,68,5.5
2020-07-15 11:00:00,830.0,32.2,61,7.0
2020-07-15 12:00:00,864.0,33.0,58,6.4
2020-07-15 13:00:00,896.0,33.8,53,4.7
2020-07-15 14:00:00,826.0,34.5,50,3.8
2020-07-15 15:00:00,724.0,34.7,47,3.3
2020-07-15 16:00:00,534.0,34.0,49,4.7
2020-07-15 17:00:00,290.0,32.5,64,7.6
2020-07-16 06:00:00,3.0,25.2,77,11.0
2020-07-16 07:00:00,107.0,26.4,75,8.7
2020-07-16 08:00:00,313.0,28.0,71,5.5
2020-07-16 09:00:00,497.0,29.6,66,4.9
2020-07-16 10:00:00,685.0,31.0,62,2.9
2020-07-16 11:00:00,862.0,32.5,58,2.5
2020-07-16 12:00:00,870.0,32.8,56,4.0
2020-07-16 13:00:00,885.0,33.1,58,3.3
2020-07-16 14:00:00,704.0,30.2,70,6.0
2020-07-16 15:00:00,412.0,30.5,71,5.0
2020-07-16 16:00:00,335.0,30.1,68,6.9
2020-07-16 17:00:00,214.0,29.1,74,6.5
2020-07-17 06:00:00,2.0,24.9,83,7.7
2020-07-17 07:00:00,98.0,25.6,82,6.6
2020-07-17 08:00:00,304.0,27.4,75,5.6
2020-07-17 09:00:00,538.0,29.5,66,5.4
2020-07-17 10:00:00,716.0,31.1,60,5.0
2020-07-17 11:00:00,848.0,32.7,54,5.4
2020-07-17 12:00:00,857.0,33.5,52,5.6
2020-07-17 13:00:00,856.0,34.4,49,5.2
2020-07-17 14:00:00,849.0,35.0,46,5.8
2020-07-17 15:00:00,634.0,34.6,46,8.3
2020-07-17 16:00:00,409.0,34.1,48,7.9
2020-07-17 17:00:00,266.0,33.0,56,7.9
2020-07-18 06:00:00,2.0,25.4,80,6.7
2020-07-18 07:00:00,109.0,26.6,74,6.6
2020-07-18 08:00:00,320.0,28.9,68,6.8
2020-07-18 09:00:00,533.0,30.6,60,7.2
2020-07-18 10:00:00,712.0,31.9,57,5.4
2020-07-18 11:00:00,844.0,33.2,53,4.0
2020-07-18 12:00:00,925.0,34.4,49,1.8
2020-07-18 13:00:00,928.0,35.5,45,1.1
2020-07-18 14:00:00,732.0,35.0,48,4.3
2020-07-18 15:00:00,630.0,32.5,58,5.8
2020-07-18 16:00:00,334.0,31.2,66,12.3
2020-07-18 17:00:00,204.0,30.8,68,6.5
2020-07-19 06:00:00,2.0,25.4,84,4.0
2020-07-19 07:00:00,101.0,27.0,79,4.7
2020-07-19 08:00:00,299.0,28.5,70,5.2
2020-07-19 09:00:00,533.0,30.0,65,4.7
2020-07-19 10:00:00,705.0,31.5,60,4.6
2020-07-19 11:00:00,859.0,33.1,55,3.9
2020-07-19 12:00:00,912.0,34.2,51,4.2
2020-07-19 13:00:00,900.0,35.2,48,4.3
2020-07-19 14:00:00,844.0,35.5,48,4.1
2020-07-19 15:00:00,630.0,35.1,48,6.4
2020-07-19 16:00:00,469.0,34.0,50,4.6
2020-07-19 17:00:00,189.0,31.7,65,10.5
2020-07-20 06:00:00,2.0,24.3,97,6.9
2020-07-20 07:00:00,84.0,24.8,94,4.0
2020-07-20 08:00:00,304.0,26.6,84,4.7
2020-07-20 09:00:00,458.0,28.0,81,4.9
2020-07-20 10:00:00,667.0,29.9,73,6.1
2020-07-20 11:00:00,779.0,31.4,65,5.4
2020-07-20 12:00:00,811.0,32.5,60,4.3
2020-07-20 13:00:00,816.0,33.0,59,2.3
2020-07-20 14:00:00,642.0,33.1,59,3.0
2020-07-20 15:00:00,595.0,33.1,61,3.1
2020-07-20 16:00:00,388.0,31.6,63,4.0
2020-07-20 17:00:00,169.0,30.1,69,5.8
2020-07-21 06:00:00,1.0,23.8,97,8.0
2020-07-21 07:00:00,53.0,24.8,94,4.2
2020-07-21 08:00:00,201.0,26.0,87,1.9
2020-07-21 09:00:00,388.0,27.4,81,1.5
2020-07-21 10:00:00,468.0,28.5,75,3.6
2020-07-21 11:00:00,523.0,29.4,70,1.5
2020-07-21 12:00:00,591.0,30.1,69,2.4
2020-07-21 13:00:00,565.0,29.7,71,4.0
2020-07-21 14:00:00,603.0,28.8,74,9.6
2020-07-21 15:00:00,332.0,27.5,81,4.3
2020-07-21 16:00:00,119.0,27.0,83,4.2
2020-07-21 17:00:00,101.0,26.9,86,1.8
2020-07-22 06:00:00,1.0,23.2,97,5.4
2020-07-22 07:00:00,61.0,24.4,93,1.5
2020-07-22 08:00:00,205.0,25.4,89,3.7
2020-07-22 09:00:00,278.0,26.2,85,4.2
2020-07-22 10:00:00,453.0,27.6,79,3.7
2020-07-22 11:00:00,559.0,29.0,73,3.4
2020-07-22 12:00:00,697.0,30.2,69,2.6
2020-07-22 13:00:00,647.0,30.9,68,1.4
2020-07-22 14:00:00,737.0,31.1,68,1.1
2020-07-22 15:00:00,560.0,30.4,71,3.3
2020-07-22 16:00:00,274.0,29.4,74,3.7
2020-07-22 17:00:00,172.0,29.2,77,5.5
2020-07-23 06:00:00,1.0,23.1,98,1.8
2020-07-23 07:00:00,59.0,24.2,95,4.6
2020-07-23 08:00:00,272.0,25.6,87,5.4
2020-07-23 09:00:00,494.0,26.8,82,3.8
2020-07-23 10:00:00,603.0,28.0,77,2.9
2020-07-23 11:00:00,791.0,29.8,70,1.9
2020-07-23 12:00:00,871.0,31.1,65,1.5
2020-07-23 13:00:00,909.0,32.0,61,1.4
2020-07-23 14:00:00,791.0,32.3,59,3.6
2020-07-23 15:00:00,686.0,32.2,60,5.1
2020-07-23 16:00:00,464.0,31.3,64,9.4
2020-07-23 17:00:00,213.0,29.9,72,9.4
2020-07-24 06:00:00,1.0,22.8,97,2.6
2020-07-24 07:00:00,13.0,23.5,99,5.6
2020-07-24 08:00:00,30.0,23.7,99,6.3
2020-07-24 09:00:00,38.0,23.8,98,5.4
2020-07-24 10:00:00,319.0,25.5,87,5.4
2020-07-24 11:00:00,626.0,27.4,79,3.2
2020-07-24 12:00:00,674.0,28.5,74,3.1
2020-07-24 13:00:00,749.0,29.5,73,4.3
2020-07-24 14:00:00,643.0,29.6,74,3.8
2020-07-24 15:00:00,478.0,28.6,76,4.6
2020-07-24 16:00:00,293.0,27.0,80,8.2
2020-07-24 17:00:00,113.0,25.9,87,4.8
2020-07-25 06:00:00,1.0,23.5,98,6.3
2020-07-25 07:00:00,36.0,24.0,97,5.0
2020-07-25 08:00:00,165.0,24.8,95,5.8
2020-07-25 09:00:00,231.0,25.4,89,5.7
2020-07-25 10:00:00,448.0,26.6,80,4.8
2020-07-25 11:00:00,570.0,28.0,74,4.8
2020-07-25 12:00:00,553.0,29.0,69,3.6
2020-07-25 13:00:00,780.0,30.4,64,1.8
2020-07-25 14:00:00,715.0,30.7,63,1.8
2020-07-25 15:00:00,623.0,30.8,63,1.5
2020-07-25 16:00:00,368.0,29.1,70,2.9
2020-07-25 17:00:00,194.0,27.1,83,3.1
2020-07-26 06:00:00,1.0,23.6,100,2.2
2020-07-26 07:00:00,60.0,24.2,98,5.9
2020-07-26 08:00:00,229.0,25.6,90,3.6
2020-07-26 09:00:00,382.0,26.7,83,4.1
2020-07-26 10:00:00,547.0,27.9,77,5.0
2020-07-26 11:00:00,718.0,29.0,74,3.8
2020-07-26 12:00:00,639.0,29.4,72,2.7
2020-07-26 13:00:00,445.0,29.5,72,2.2
2020-07-26 14:00:00,449.0,29.0,78,6.8
2020-07-26 15:00:00,516.0,29.3,80,7.2
2020-07-26 16:00:00,325.0,28.4,79,7.7
2020-07-26 17:00:00,123.0,26.7,87,2.1
2020-07-27 06:00:00,2.0,23.9,96,3.3
2020-07-27 07:00:00,67.0,25.1,90,3.3
2020-07-27 08:00:00,185.0,26.0,86,4.0
2020-07-27 09:00:00,177.0,26.2,86,2.6
2020-07-27 10:00:00,499.0,28.1,78,3.6
2020-07-27 11:00:00,622.0,29.3,73,3.4
2020-07-27 12:00:00,785.0,30.8,69,2.4
2020-07-27 13:00:00,846.0,31.4,67,1.5
2020-07-27 14:00:00,708.0,31.3,69,1.9
2020-07-27 15:00:00,552.0,31.1,72,5.2
2020-07-27 16:00:00,428.0,29.4,75,8.1
2020-07-27 17:00:00,180.0,29.2,76,7.2
2020-07-28 06:00:00,1.0,24.0,99,7.3
2020-07-28 07:00:00,76.0,25.7,92,1.5
2020-07-28 08:00:00,288.0,27.3,84,1.8
2020-07-28 09:00:00,454.0,28.7,76,2.3
2020-07-28 10:00:00,683.0,30.1,70,1.6
2020-07-28 11:00:00,761.0,30.9,71,4.0
2020-07-28 12:00:00,770.0,31.2,73,7.3
2020-07-28 13:00:00,767.0,31.4,67,4.8
2020-07-28 14:00:00,713.0,31.9,63,3.2
2020-07-28 15:00:00,638.0,32.2,62,1.3
2020-07-28 16:00:00,412.0,31.1,67,5.4
2020-07-28 17:00:00,236.0,30.4,74,8.9
2020-07-29 06:00:00,2.0,24.2,96,2.9
2020-07-29 07:00:00,98.0,26.0,87,1.8
2020-07-29 08:00:00,310.0,27.9,75,5.8
2020-07-29 09:00:00,518.0,29.1,71,6.8
2020-07-29 10:00:00,684.0,30.7,66,6.7
2020-07-29 11:00:00,857.0,32.0,61,8.0
2020-07-29 12:00:00,924.0,32.8,59,7.2
2020-07-29 13:00:00,900.0,33.5,56,5.0
2020-07-29 14:00:00,821.0,33.5,56,6.8
2020-07-29 15:00:00,688.0,32.8,59,6.9
2020-07-29 16:00:00,458.0,30.9,69,15.8
2020-07-29 17:00:00,235.0,30.0,74,12.9
2020-07-30 06:00:00,2.0,23.8,97,2.1
2020-07-30 07:00:00,89.0,25.8,87,5.1
2020-07-30 08:00:00,279.0,27.1,80,3.4
2020-07-30 09:00:00,528.0,28.9,74,3.0
2020-07-30 10:00:00,710.0,30.5,69,4.0
2020-07-30 11:00:00,850.0,31.9,65,6.0
2020-07-30 12:00:00,810.0,32.3,66,7.1
2020-07-30 13:00:00,870.0,32.8,67,7.4
2020-07-30 14:00:00,770.0,31.9,72,8.3
2020-07-30 15:00:00,481.0,30.9,75,5.3
2020-07-30 16:00:00,395.0,30.3,79,7.4
2020-07-30 17:00:00,252.0,29.5,80,7.4
2020-07-31 06:00:00,2.0,24.1,100,1.6
2020-07-31 07:00:00,99.0,25.6,93,1.3
2020-07-31 08:00:00,298.0,27.2,86,2.6
2020-07-31 09:00:00,499.0,28.9,78,3.5
2020-07-31 10:00:00,669.0,30.2,72,5.1
2020-07-31 11:00:00,748.0,31.1,68,6.0
2020-07-31 12:00:00,841.0,32.0,65,4.7
2020-07-31 13:00:00,770.0,32.5,65,4.7
2020-07-31 14:00:00,711.0,32.2,66,4.4
2020-07-31 15:00:00,549.0,31.4,69,4.1
2020-07-31 16:00:00,382.0,30.5,74,5.6
2020-07-31 17:00:00,192.0,26.6,90,11.3
2020-08-01 06:00:00,2.0,24.2,97,3.4
2020-08-01 07:00:00,102.0,26.0,91,3.6
2020-08-01 08:00:00,305.0,27.5,84,3.6
2020-08-01 09:00:00,541.0,28.9,77,3.1
2020-08-01 10:00:00,722.0,30.6,70,0.8
2020-08-01 11:00:00,834.0,32.1,66,1.8
2020-08-01 12:00:00,897.0,33.0,64,2.1
2020-08-01 13:00:00,881.0,32.5,68,5.5
2020-08-01 14:00:00,614.0,31.5,70,7.4
2020-08-01 15:00:00,582.0,31.5,68,0.7
2020-08-01 16:00:00,413.0,31.6,67,4.5
2020-08-01 17:00:00,276.0,31.2,68,4.5
2020-08-02 06:00:00,1.0,26.3,77,11.8
2020-08-02 07:00:00,88.0,27.5,78,8.9
2020-08-02 08:00:00,295.0,29.4,71,8.9
2020-08-02 09:00:00,538.0,31.2,63,8.9
2020-08-02 10:00:00,728.0,32.5,58,7.5
2020-08-02 11:00:00,861.0,33.5,54,5.1
2020-08-02 12:00:00,925.0,34.5,50,3.5
2020-08-02 13:00:00,900.0,35.0,50,4.9
2020-08-02 14:00:00,794.0,35.5,48,2.6
2020-08-02 15:00:00,604.0,32.7,61,12.8
2020-08-02 16:00:00,378.0,31.8,68,6.5
2020-08-02 17:00:00,230.0,30.8,74,7.4
2020-08-03 06:00:00,2.0,25.6,90,2.6
2020-08-03 07:00:00,96.0,27.0,81,8.2
2020-08-03 08:00:00,269.0,28.8,73,8.0
2020-08-03 09:00:00,509.0,30.5,65,7.7
2020-08-03 10:00:00,672.0,31.9,59,4.9
2020-08-03 11:00:00,828.0,33.2,54,4.7
2020-08-03 12:00:00,906.0,34.2,51,5.2
2020-08-03 13:00:00,890.0,33.4,56,7.6
2020-08-03 14:00:00,619.0,32.2,66,10.1
2020-08-03 15:00:00,590.0,32.2,66,7.6
2020-08-03 16:00:00,391.0,31.8,67,5.6
2020-08-03 17:00:00,208.0,30.6,72,3.6
2020-08-04 06:00:00,1.0,25.0,93,3.8
2020-08-04 07:00:00,90.0,26.4,91,3.4
2020-08-04 08:00:00,252.0,28.1,84,3.1
2020-08-04 09:00:00,494.0,30.1,72,4.8
2020-08-04 10:00:00,583.0,31.0,66,5.9
2020-08-04 11:00:00,642.0,31.8,64,6.7
2020-08-04 12:00:00,560.0,32.0,64,6.3
2020-08-04 13:00:00,738.0,32.5,65,7.2
2020-08-04 14:00:00,765.0,33.0,63,6.2
2020-08-04 15:00:00,468.0,29.4,76,8.3
2020-08-04 16:00:00,182.0,29.4,73,6.9
2020-08-04 17:00:00,116.0,28.2,81,3.3
2020-08-05 06:00:00,1.0,26.5,77,5.9
2020-08-05 07:00:00,78.0,26.5,80,3.3
2020-08-05 08:00:00,278.0,27.5,72,3.7
2020-08-05 09:00:00,497.0,29.2,66,1.5
2020-08-05 10:00:00,617.0,31.0,61,3.3
2020-08-05 11:00:00,835.0,32.8,56,3.8
2020-08-05 12:00:00,832.0,33.8,51,4.1
2020-08-05 13:00:00,858.0,34.3,49,3.4
2020-08-05 14:00:00,694.0,33.7,53,4.9
2020-08-05 15:00:00,500.0,32.0,67,9.1
2020-08-05 16:00:00,327.0,31.5,70,9.4
2020-08-05 17:00:00,141.0,29.7,74,5.4
2020-08-06 06:00:00,1.0,24.7,95,7.0
2020-08-06 07:00:00,50.0,25.6,91,6.5
2020-08-06 08:00:00,218.0,27.1,84,3.9
2020-08-06 09:00:00,408.0,28.8,74,1.1
2020-08-06 10:00:00,541.0,30.0,70,2.7
2020-08-06 11:00:00,752.0,31.3,65,3.4
2020-08-06 12:00:00,899.0,32.3,61,2.6
2020-08-06 13:00:00,770.0,32.7,62,4.8
2020-08-06 14:00:00,686.0,31.8,66,8.0
2020-08-06 15:00:00,376.0,30.4,71,5.1
2020-08-06 16:00:00,233.0,29.7,73,3.4
2020-08-06 17:00:00,127.0,29.1,74,5.1
2020-08-07 06:00:00,1.0,24.0,100,5.2
2020-08-07 07:00:00,83.0,25.8,93,4.0
2020-08-07 08:00:00,275.0,27.1,87,2.8
2020-08-07 09:00:00,501.0,28.8,79,3.1
2020-08-07 10:00:00,656.0,30.4,72,3.4
2020-08-07 11:00:00,661.0,31.2,67,3.6
2020-08-07 12:00:00,763.0,32.0,63,2.8
2020-08-07 13:00:00,806.0,32.4,61,3.1
2020-08-07 14:00:00,632.0,32.0,62,1.1
2020-08-07 15:00:00,457.0,31.0,69,9.9
2020-08-07 16:00:00,324.0,29.8,73,13.3
2020-08-07 17:00:00,169.0,29.3,74,5.6
2020-08-08 06:00:00,1.0,25.2,85,4.0
2020-08-08 07:00:00,84.0,27.5,76,4.7
2020-08-08 08:00:00,309.0,29.2,69,3.1
2020-08-08 09:00:00,539.0,30.9,62,4.2
2020-08-08 10:00:00,730.0,32.3,58,4.7
2020-08-08 11:00:00,856.0,33.6,55,4.1
2020-08-08 12:00:00,937.0,34.8,50,1.6
2020-08-08 13:00:00,869.0,35.5,47,2.2
2020-08-08 14:00:00,678.0,35.3,46,4.1
2020-08-08 15:00:00,643.0,35.5,46,5.8
2020-08-08 16:00:00,495.0,33.0,54,10.4
2020-08-08 17:00:00,206.0,32.4,61,1.1
2020-08-09 06:00:00,1.0,27.4,74,15.5
2020-08-09 07:00:00,83.0,28.5,70,14.7
2020-08-09 08:00:00,292.0,30.5,64,13.8
2020-08-09 09:00:00,525.0,32.3,55,11.3
2020-08-09 10:00:00,713.0,33.8,50,9.8
2020-08-09 11:00:00,848.0,35.0,46,8.5
2020-08-09 12:00:00,882.0,36.0,43,3.5
2020-08-09 13:00:00,895.0,34.2,49,5.9
2020-08-09 14:00:00,598.0,32.2,58,7.6
2020-08-09 15:00:00,504.0,32.8,56,1.5
2020-08-09 16:00:00,384.0,33.3,53,6.9
2020-08-09 17:00:00,214.0,33.3,53,7.0
2020-08-10 06:00:00,1.0,26.2,79,3.6
2020-08-10 07:00:00,93.0,27.8,72,5.0
2020-08-10 08:00:00,296.0,29.0,72,5.1
2020-08-10 09:00:00,515.0,30.6,68,6.4
2020-08-10 10:00:00,637.0,32.1,61,5.4
2020-08-10 11:00:00,801.0,33.5,54,3.1
2020-08-10 12:00:00,839.0,34.5,49,2.2
2020-08-10 13:00:00,777.0,35.3,46,3.2
2020-08-10 14:00:00,726.0,35.8,44,1.9
2020-08-10 15:00:00,622.0,36.0,42,2.1
2020-08-10 16:00:00,463.0,35.5,42,4.8
2020-08-10 17:00:00,181.0,29.0,77,15.2
2020-08-11 06:00:00,1.0,26.2,76,11.5
2020-08-11 07:00:00,96.0,27.5,71,7.4
2020-08-11 08:00:00,311.0,29.1,66,6.6
2020-08-11 09:00:00,514.0,30.8,61,5.0
2020-08-11 10:00:00,627.0,32.3,57,5.2
2020-08-11 11:00:00,792.0,34.0,51,4.2
2020-08-11 12:00:00,876.0,35.1,49,3.4
2020-08-11 13:00:00,893.0,36.3,44,1.0
2020-08-11 14:00:00,737.0,33.5,54,8.2
2020-08-11 15:00:00,469.0,30.5,72,10.7
2020-08-11 16:00:00,197.0,30.0,70,10.5
2020-08-11 17:00:00,174.0,29.9,71,5.8
2020-08-12 06:00:00,1.0,25.5,93,5.9
2020-08-12 07:00:00,88.0,27.0,79,2.4
2020-08-12 08:00:00,299.0,28.8,67,6.1
2020-08-12 09:00:00,520.0,30.9,61,7.7
2020-08-12 10:00:00,670.0,32.8,55,7.9
2020-08-12 11:00:00,804.0,34.8,47,7.6
2020-08-12 12:00:00,857.0,36.2,41,7.7
2020-08-12 13:00:00,769.0,36.3,41,9.7
2020-08-12 14:00:00,785.0,37.1,39,8.8
2020-08-12 15:00:00,628.0,36.9,38,7.7
2020-08-12 16:00:00,490.0,37.0,38,6.7
2020-08-12 17:00:00,284.0,35.0,42,0.0
2020-08-13 06:00:00,1.0,27.2,70,12.4
2020-08-13 07:00:00,100.0,29.3,63,13.2
2020-08-13 08:00:00,281.0,31.5,54,10.5
2020-08-13 09:00:00,529.0,33.2,49,4.7
2020-08-13 10:00:00,712.0,35.0,44,4.7
2020-08-13 11:00:00,867.0,36.5,39,6.5
2020-08-13 12:00:00,913.0,37.3,38,7.3
2020-08-13 13:00:00,848.0,36.7,41,10.1
2020-08-13 14:00:00,738.0,35.5,46,7.4
2020-08-13 15:00:00,651.0,36.5,41,4.3
2020-08-13 16:00:00,343.0,33.8,51,9.3
2020-08-13 17:00:00,223.0,33.8,52,9.5
2020-08-14 06:00:00,1.0,25.7,93,2.2
2020-08-14 07:00:00,100.0,26.0,92,4.3
2020-08-14 08:00:00,242.0,28.0,80,5.2
2020-08-14 09:00:00,442.0,29.9,69,2.9
2020-08-14 10:00:00,459.0,31.1,61,5.9
2020-08-14 11:00:00,669.0,32.9,54,6.5
2020-08-14 12:00:00,823.0,34.3,48,4.2
2020-08-14 13:00:00,854.0,35.7,45,3.6
2020-08-14 14:00:00,733.0,36.5,41,1.9
2020-08-14 15:00:00,351.0,30.6,63,5.1
2020-08-14 16:00:00,193.0,30.1,69,10.4
2020-08-14 17:00:00,171.0,30.1,73,13.3
2020-08-15 06:00:00,1.0,23.8,97,5.1
2020-08-15 07:00:00,74.0,24.2,96,5.1
2020-08-15 08:00:00,228.0,25.4,86,4.5
2020-08-15 09:00:00,265.0,26.1,85,2.5
2020-08-15 10:00:00,378.0,27.6,76,3.9
2020-08-15 11:00:00,675.0,29.8,66,1.5
2020-08-15 12:00:00,820.0,31.2,59,2.6
2020-08-15 13:00:00,956.0,32.5,54,2.5
2020-08-15 14:00:00,831.0,33.0,52,2.6
2020-08-15 15:00:00,697.0,33.3,51,5.8
2020-08-15 16:00:00,414.0,31.0,64,13.9
2020-08-15 17:00:00,236.0,30.1,69,12.1
2020-08-16 06:00:00,1.0,24.1,97,6.7
2020-08-16 07:00:00,43.0,24.5,94,3.6
2020-08-16 08:00:00,201.0,25.8,88,4.5
2020-08-16 09:00:00,294.0,26.9,83,4.5
2020-08-16 10:00:00,482.0,28.1,79,4.1
2020-08-16 11:00:00,707.0,30.0,70,3.3
2020-08-16 12:00:00,711.0,31.0,65,3.9
2020-08-16 13:00:00,739.0,31.8,63,4.5
2020-08-16 14:00:00,707.0,31.9,65,5.4
2020-08-16 15:00:00,539.0,31.3,68,1.8
2020-08-16 16:00:00,412.0,29.9,72,4.0
2020-08-16 17:00:00,173.0,28.1,79,6.0
2020-08-17 06:00:00,1.0,24.5,97,3.2
2020-08-17 07:00:00,62.0,25.3,93,3.4
2020-08-17 08:00:00,197.0,26.3,87,4.7
2020-08-17 09:00:00,267.0,26.8,84,8.4
2020-08-17 10:00:00,496.0,28.5,75,10.4
2020-08-17 11:00:00,596.0,30.0,69,9.3
2020-08-17 12:00:00,631.0,30.2,72,8.4
2020-08-17 13:00:00,489.0,29.5,78,9.2
2020-08-17 14:00:00,539.0,29.9,77,6.6
2020-08-17 15:00:00,235.0,28.0,83,4.7
2020-08-17 16:00:00,378.0,28.7,80,4.5
2020-08-17 17:00:00,260.0,28.5,78,4.1
2020-08-18 06:00:00,1.0,23.6,97,1.5
2020-08-18 07:00:00,56.0,24.5,94,2.5
2020-08-18 08:00:00,250.0,25.8,88,2.3
2020-08-18 09:00:00,422.0,27.1,82,4.3
2020-08-18 10:00:00,605.0,28.9,74,5.7
2020-08-18 11:00:00,715.0,30.2,69,6.0
2020-08-18 12:00:00,795.0,31.2,65,5.1
2020-08-18 13:00:00,746.0,32.0,62,4.3
2020-08-18 14:00:00,665.0,32.2,62,2.4
2020-08-18 15:00:00,549.0,32.1,62,3.3
2020-08-18 16:00:00,361.0,28.6,80,12.3
2020-08-18 17:00:00,126.0,27.1,86,3.6
2020-08-19 06:00:00,0.0,23.5,99,6.2
2020-08-19 07:00:00,7.0,24.0,97,3.0
2020-08-19 08:00:00,83.0,24.5,94,1.9
2020-08-19 09:00:00,275.0,25.6,89,5.2
2020-08-19 10:00:00,470.0,27.0,83,7.9
2020-08-19 11:00:00,630.0,28.2,82,7.3
2020-08-19 12:00:00,739.0,29.2,81,7.7
2020-08-19 13:00:00,773.0,29.8,79,9.5
2020-08-19 14:00:00,620.0,29.6,75,5.6
2020-08-19 15:00:00,386.0,27.6,79,8.7
2020-08-19 16:00:00,165.0,26.5,86,7.0
2020-08-19 17:00:00,122.0,26.5,86,2.6
2020-08-20 06:00:00,0.0,23.1,98,5.1
2020-08-20 07:00:00,39.0,24.0,96,4.6
2020-08-20 08:00:00,227.0,25.2,91,4.4
2020-08-20 09:00:00,512.0,27.2,82,3.9
2020-08-20 10:00:00,693.0,28.6,72,2.6
2020-08-20 11:00:00,840.0,30.1,66,4.2
2020-08-20 12:00:00,837.0,30.8,66,5.2
2020-08-20 13:00:00,810.0,31.0,66,5.6
2020-08-20 14:00:00,668.0,30.9,65,5.5
2020-08-20 15:00:00,532.0,30.2,68,7.6
2020-08-20 16:00:00,312.0,27.7,80,11.0
2020-08-20 17:00:00,139.0,27.0,84,9.7
2020-08-21 06:00:00,1.0,23.0,99,5.3
2020-08-21 07:00:00,84.0,24.4,94,4.2
2020-08-21 08:00:00,261.0,25.7,87,1.8
2020-08-21 09:00:00,402.0,27.1,80,2.5
2020-08-21 10:00:00,482.0,28.2,75,4.3
2020-08-21 11:00:00,648.0,29.5,69,3.9
2020-08-21 12:00:00,762.0,30.2,68,2.3
2020-08-21 13:00:00,748.0,30.9,67,0.5
2020-08-21 14:00:00,651.0,30.8,69,1.8
2020-08-21 15:00:00,544.0,30.5,71,2.6
2020-08-21 16:00:00,442.0,29.7,74,2.3
2020-08-21 17:00:00,208.0,29.0,78,7.1
2020-08-22 06:00:00,1.0,23.9,98,6.0
2020-08-22 07:00:00,30.0,24.1,98,5.2
2020-08-22 08:00:00,106.0,24.7,92,7.9
2020-08-22 09:00:00,318.0,26.0,85,8.3
2020-08-22 10:00:00,399.0,27.2,80,6.0
2020-08-22 11:00:00,489.0,28.5,74,5.5
2020-08-22 12:00:00,514.0,29.5,71,6.4
2020-08-22 13:00:00,613.0,30.2,71,4.5
2020-08-22 14:00:00,439.0,27.4,82,11.7
2020-08-22 15:00:00,385.0,27.2,83,7.6
2020-08-22 16:00:00,227.0,27.2,82,4.0
2020-08-22 17:00:00,112.0,26.8,84,0.4
2020-08-23 06:00:00,1.0,23.5,99,2.2
2020-08-23 07:00:00,64.0,24.2,94,5.1
2020-08-23 08:00:00,277.0,25.5,88,3.1
2020-08-23 09:00:00,528.0,27.1,81,3.3
2020-08-23 10:00:00,677.0,28.9,74,4.7
2020-08-23 11:00:00,603.0,29.6,70,4.4
2020-08-23 12:00:00,801.0,30.8,67,3.3
2020-08-23 13:00:00,765.0,30.9,66,2.9
2020-08-23 14:00:00,704.0,31.4,64,2.3
2020-08-23 15:00:00,518.0,30.9,66,4.9
2020-08-23 16:00:00,284.0,28.3,81,9.0
2020-08-23 17:00:00,141.0,27.7,85,5.9
2020-08-24 06:00:00,1.0,24.0,100,3.4
2020-08-24 07:00:00,68.0,25.5,93,4.9
2020-08-24 08:00:00,298.0,26.6,85,4.2
2020-08-24 09:00:00,523.0,28.4,76,2.9
2020-08-24 10:00:00,577.0,29.5,72,4.0
2020-08-24 11:00:00,776.0,30.9,68,1.0
2020-08-24 12:00:00,804.0,31.4,68,1.8
2020-08-24 13:00:00,856.0,31.5,72,5.2
2020-08-24 14:00:00,782.0,30.3,72,11.9
2020-08-24 15:00:00,337.0,27.5,83,3.8
2020-08-24 16:00:00,161.0,27.8,84,3.5
2020-08-24 17:00:00,201.0,27.5,87,5.1
2020-08-25 06:00:00,1.0,23.6,99,4.0
2020-08-25 07:00:00,51.0,24.4,97,2.9
2020-08-25 08:00:00,168.0,26.0,88,5.6
2020-08-25 09:00:00,316.0,27.2,82,5.6
2020-08-25 10:00:00,400.0,27.9,80,5.5
2020-08-25 11:00:00,660.0,29.1,73,4.9
2020-08-25 12:00:00,726.0,30.0,69,3.7
2020-08-25 13:00:00,671.0,30.4,70,3.7
2020-08-25 14:00:00,559.0,28.1,78,7.6
2020-08-25 15:00:00,239.0,27.2,84,10.3
2020-08-25 16:00:00,258.0,27.7,82,9.2
2020-08-25 17:00:00,137.0,26.0,87,3.4
2020-08-26 06:00:00,1.0,23.0,97,5.9
2020-08-26 07:00:00,38.0,23.8,96,4.0
2020-08-26 08:00:00,111.0,24.5,91,5.4
2020-08-26 09:00:00,275.0,25.6,87,2.1
2020-08-26 10:00:00,404.0,27.0,81,3.7
2020-08-26 11:00:00,467.0,28.0,77,4.1
2020-08-26 12:00:00,648.0,29.0,75,5.4
2020-08-26 13:00:00,740.0,29.6,74,7.8
2020-08-26 14:00:00,596.0,29.8,74,7.9
2020-08-26 15:00:00,475.0,28.6,76,8.8
2020-08-26 16:00:00,237.0,27.3,82,1.6
2020-08-26 17:00:00,138.0,26.9,86,2.6
2020-08-27 06:00:00,1.0,23.7,98,1.3
2020-08-27 07:00:00,66.0,24.4,97,1.6
2020-08-27 08:00:00,215.0,25.8,89,1.5
2020-08-27 09:00:00,423.0,27.6,80,4.0
2020-08-27 10:00:00,622.0,29.3,72,2.6
2020-08-27 11:00:00,801.0,30.5,70,1.8
2020-08-27 12:00:00,858.0,31.0,69,1.5
2020-08-27 13:00:00,859.0,31.5,69,2.3
2020-08-27 14:00:00,767.0,31.5,70,3.6
2020-08-27 15:00:00,614.0,30.7,72,6.7
2020-08-27 16:00:00,447.0,30.4,70,9.5
2020-08-27 17:00:00,209.0,29.4,75,7.9
2020-08-28 06:00:00,1.0,24.5,99,5.8
2020-08-28 07:00:00,70.0,24.8,97,4.3
2020-08-28 08:00:00,244.0,26.5,87,6.6
2020-08-28 09:00:00,457.0,28.2,78,8.4
2020-08-28 10:00:00,537.0,29.5,71,7.0
2020-08-28 11:00:00,767.0,31.0,65,5.5
2020-08-28 12:00:00,724.0,31.6,64,5.2
2020-08-28 13:00:00,771.0,32.0,62,3.3
2020-08-28 14:00:00,783.0,32.5,59,2.3
2020-08-28 15:00:00,622.0,32.3,59,0.0
2020-08-28 16:00:00,416.0,31.5,64,4.4
2020-08-28 17:00:00,240.0,30.5,71,9.7
2020-08-29 06:00:00,1.0,24.2,99,4.5
2020-08-29 07:00:00,78.0,25.4,94,3.5
2020-08-29 08:00:00,220.0,26.7,88,4.2
2020-08-29 09:00:00,424.0,28.1,81,7.7
2020-08-29 10:00:00,619.0,29.6,73,5.8
2020-08-29 11:00:00,731.0,30.7,69,3.6
2020-08-29 12:00:00,810.0,31.8,66,2.4
2020-08-29 13:00:00,873.0,32.3,65,1.8
2020-08-29 14:00:00,748.0,32.5,65,3.8
2020-08-29 15:00:00,564.0,29.2,77,14.2
2020-08-29 16:00:00,432.0,30.0,74,14.5
2020-08-29 17:00:00,239.0,28.0,85,13.7
2020-08-30 06:00:00,1.0,22.2,96,3.9
2020-08-30 07:00:00,75.0,23.4,93,2.9
2020-08-30 08:00:00,210.0,24.4,89,4.9
2020-08-30 09:00:00,419.0,26.0,82,6.5
2020-08-30 10:00:00,564.0,27.5,75,6.4
2020-08-30 11:00:00,654.0,28.6,70,5.5
2020-08-30 12:00:00,698.0,29.0,69,6.3
2020-08-30 13:00:00,614.0,28.9,71,6.0
2020-08-30 14:00:00,653.0,29.1,74,8.7
2020-08-30 15:00:00,542.0,29.1,72,5.4
2020-08-30 16:00:00,439.0,29.3,71,1.3
2020-08-30 17:00:00,251.0,28.2,73,1.8
2020-08-31 06:00:00,1.0,23.8,97,1.5
2020-08-31 07:00:00,84.0,25.1,91,3.2
2020-08-31 08:00:00,280.0,26.8,84,2.6
2020-08-31 09:00:00,450.0,28.0,76,3.6
2020-08-31 10:00:00,527.0,28.9,71,4.2
2020-08-31 11:00:00,673.0,30.0,67,2.7
2020-08-31 12:00:00,806.0,31.0,63,2.6
2020-08-31 13:00:00,753.0,31.6,59,3.4
2020-08-31 14:00:00,657.0,31.5,60,2.5
2020-08-31 15:00:00,566.0,31.0,67,6.6
2020-08-31 16:00:00,353.0,29.5,75,4.9
2020-08-31 17:00:00,197.0,28.5,79,9.4
2020-09-01 06:00:00,1.0,23.8,100,5.1
2020-09-01 07:00:00,93.0,25.4,94,2.9
2020-09-01 08:00:00,294.0,27.3,84,4.7
2020-09-01 09:00:00,491.0,28.8,76,3.7
2020-09-01 10:00:00,551.0,29.5,72,3.1
2020-09-01 11:00:00,706.0,30.7,67,2.9
2020-09-01 12:00:00,831.0,31.8,65,3.4
2020-09-01 13:00:00,855.0,32.3,63,5.9
2020-09-01 14:00:00,781.0,32.4,64,5.5
2020-09-01 15:00:00,585.0,31.4,67,8.9
2020-09-01 16:00:00,359.0,30.2,73,9.1
2020-09-01 17:00:00,190.0,28.3,80,5.5
2020-09-02 06:00:00,1.0,23.0,98,6.7
2020-09-02 07:00:00,64.0,23.7,95,5.9
2020-09-02 08:00:00,129.0,24.3,90,7.1
2020-09-02 09:00:00,161.0,24.9,89,9.4
2020-09-02 10:00:00,290.0,25.2,91,9.8
2020-09-02 11:00:00,400.0,26.0,90,9.1
2020-09-02 12:00:00,606.0,27.0,86,8.1
2020-09-02 13:00:00,598.0,27.5,83,6.8
2020-09-02 14:00:00,505.0,27.5,81,9.7
2020-09-02 15:00:00,339.0,26.5,86,4.5
2020-09-02 16:00:00,181.0,25.7,90,4.8
2020-09-02 17:00:00,82.0,25.1,91,0.0
2020-09-03 06:00:00,1.0,23.4,99,4.3
2020-09-03 07:00:00,43.0,24.4,93,5.0
2020-09-03 08:00:00,291.0,26.0,85,3.6
2020-09-03 09:00:00,528.0,27.5,76,1.3
2020-09-03 10:00:00,749.0,29.1,70,1.5
2020-09-03 11:00:00,795.0,30.1,65,3.4
2020-09-03 12:00:00,872.0,30.9,62,4.5
2020-09-03 13:00:00,892.0,31.4,61,5.7
2020-09-03 14:00:00,794.0,31.4,61,5.5
2020-09-03 15:00:00,674.0,31.3,60,4.7
2020-09-03 16:00:00,460.0,31.0,60,5.4
2020-09-03 17:00:00,194.0,28.8,74,12.7
2020-09-04 06:00:00,1.0,24.1,94,2.6
2020-09-04 07:00:00,81.0,25.2,94,4.5
2020-09-04 08:00:00,231.0,26.4,87,4.7
2020-09-04 09:00:00,503.0,27.9,79,4.5
2020-09-04 10:00:00,650.0,29.2,73,4.7
2020-09-04 11:00:00,759.0,30.2,69,5.4
2020-09-04 12:00:00,824.0,30.9,67,4.7
2020-09-04 13:00:00,772.0,31.5,64,4.6
2020-09-04 14:00:00,796.0,32.0,62,4.5
2020-09-04 15:00:00,648.0,32.0,61,1.9
2020-09-04 16:00:00,495.0,31.5,63,2.9
2020-09-04 17:00:00,236.0,30.0,74,6.3
2020-09-05 06:00:00,2.0,23.2,100,5.0
2020-09-05 07:00:00,107.0,25.0,94,2.3
2020-09-05 08:00:00,338.0,27.2,82,3.0
2020-09-05 09:00:00,552.0,28.7,76,2.7
2020-09-05 10:00:00,729.0,30.0,72,4.0
2020-09-05 11:00:00,702.0,31.0,68,3.9
2020-09-05 12:00:00,751.0,31.9,65,3.8
2020-09-05 13:00:00,881.0,32.7,62,1.9
2020-09-05 14:00:00,801.0,32.8,62,2.2
2020-09-05 15:00:00,656.0,32.8,63,2.6
2020-09-05 16:00:00,476.0,32.3,65,4.7
2020-09-05 17:00:00,213.0,29.5,81,3.6
2020-09-06 06:00:00,1.0,24.2,99,4.4
2020-09-06 07:00:00,71.0,25.6,88,0.7
2020-09-06 08:00:00,278.0,27.0,81,2.9
2020-09-06 09:00:00,458.0,27.9,77,7.7
2020-09-06 10:00:00,612.0,28.9,74,3.6
2020-09-06 11:00:00,814.0,30.6,68,6.5
2020-09-06 12:00:00,887.0,31.6,64,7.3
2020-09-06 13:00:00,864.0,32.4,62,6.2
2020-09-06 14:00:00,790.0,32.8,63,2.4
2020-09-06 15:00:00,542.0,32.4,64,1.3
2020-09-06 16:00:00,388.0,30.2,71,6.3
2020-09-06 17:00:00,118.0,27.0,86,8.4
2020-09-07 06:00:00,1.0,23.0,97,7.2
2020-09-07 07:00:00,52.0,23.6,96,9.0
2020-09-07 08:00:00,142.0,24.2,92,8.4
2020-09-07 09:00:00,312.0,25.2,87,9.5
2020-09-07 10:00:00,457.0,26.9,81,6.4
2020-09-07 11:00:00,458.0,28.0,76,6.2
2020-09-07 12:00:00,646.0,29.1,72,6.1
2020-09-07 13:00:00,679.0,29.5,70,9.0
2020-09-07 14:00:00,563.0,29.6,70,8.8
2020-09-07 15:00:00,577.0,29.4,71,9.8
2020-09-07 16:00:00,276.0,27.8,78,9.5
2020-09-07 17:00:00,170.0,27.6,81,7.2
2020-09-08 06:00:00,1.0,23.2,98,3.4
2020-09-08 07:00:00,65.0,23.2,98,7.8
2020-09-08 08:00:00,194.0,24.0,94,8.5
2020-09-08 09:00:00,349.0,25.1,86,6.8
2020-09-08 10:00:00,453.0,26.4,79,4.5
2020-09-08 11:00:00,726.0,28.1,72,4.4
2020-09-08 12:00:00,484.0,28.0,73,9.2
2020-09-08 13:00:00,724.0,28.5,73,8.2
2020-09-08 14:00:00,635.0,28.5,73,8.2
2020-09-08 15:00:00,476.0,28.6,72,7.1
2020-09-08 16:00:00,389.0,28.8,71,6.9
2020-09-08 17:00:00,220.0,28.2,74,5.1
2020-09-09 06:00:00,2.0,23.2,100,4.7
2020-09-09 07:00:00,106.0,24.5,93,4.2
2020-09-09 08:00:00,300.0,26.3,84,2.1
2020-09-09 09:00:00,469.0,27.5,78,1.3
2020-09-09 10:00:00,649.0,28.9,77,1.6
2020-09-09 11:00:00,630.0,29.5,75,3.4
2020-09-09 12:00:00,895.0,30.4,73,3.0
2020-09-09 13:00:00,826.0,30.4,74,3.1
2020-09-09 14:00:00,604.0,30.9,67,0.8
2020-09-09 15:00:00,420.0,27.2,81,9.0
2020-09-09 16:00:00,215.0,26.9,82,3.3
2020-09-09 17:00:00,175.0,26.7,83,1.8
2020-09-10 06:00:00,2.0,24.2,91,5.1
2020-09-10 07:00:00,106.0,25.6,88,1.9
2020-09-10 08:00:00,337.0,27.1,81,3.3
2020-09-10 09:00:00,562.0,28.5,76,3.7
2020-09-10 10:00:00,759.0,29.9,70,4.9
2020-09-10 11:00:00,878.0,31.1,65,4.8
2020-09-10 12:00:00,932.0,32.1,61,5.1
2020-09-10 13:00:00,891.0,32.8,58,4.3
2020-09-10 14:00:00,747.0,32.6,58,1.5
2020-09-10 15:00:00,610.0,31.6,66,6.8
2020-09-10 16:00:00,363.0,30.5,72,5.5
2020-09-10 17:00:00,203.0,29.9,76,3.9
2020-09-11 06:00:00,2.0,24.4,93,3.5
2020-09-11 07:00:00,89.0,25.8,86,7.6
2020-09-11 08:00:00,309.0,27.2,85,6.4
2020-09-11 09:00:00,545.0,28.8,78,5.9
2020-09-11 10:00:00,738.0,30.2,71,4.9
2020-09-11 11:00:00,835.0,31.2,66,4.3
2020-09-11 12:00:00,806.0,32.0,63,3.4
2020-09-11 13:00:00,848.0,32.8,60,4.0
2020-09-11 14:00:00,704.0,32.3,63,4.7
2020-09-11 15:00:00,556.0,31.1,65,6.4
2020-09-11 16:00:00,253.0,28.6,79,5.9
2020-09-11 17:00:00,100.0,28.0,83,4.3
2020-09-12 06:00:00,1.0,23.9,98,0.0
2020-09-12 07:00:00,78.0,24.6,95,2.9
2020-09-12 08:00:00,259.0,25.7,88,3.6
2020-09-12 09:00:00,475.0,27.0,83,4.6
2020-09-12 10:00:00,649.0,28.1,78,5.9
2020-09-12 11:00:00,795.0,29.7,72,5.8
2020-09-12 12:00:00,789.0,31.2,64,4.7
2020-09-12 13:00:00,809.0,31.9,63,3.2
2020-09-12 14:00:00,762.0,31.9,63,5.8
2020-09-12 15:00:00,573.0,30.5,71,3.6
2020-09-12 16:00:00,319.0,29.1,77,6.9
2020-09-12 17:00:00,163.0,28.4,78,2.7
2020-09-13 06:00:00,1.0,24.0,99,4.1
2020-09-13 07:00:00,70.0,25.6,96,2.6
2020-09-13 08:00:00,285.0,26.8,89,4.7
2020-09-13 09:00:00,435.0,27.8,84,3.6
2020-09-13 10:00:00,439.0,28.7,79,3.3
2020-09-13 11:00:00,662.0,30.1,75,1.0
2020-09-13 12:00:00,745.0,30.9,73,2.3
2020-09-13 13:00:00,759.0,31.0,76,3.3
2020-09-13 14:00:00,637.0,30.5,79,4.0
2020-09-13 15:00:00,445.0,30.2,80,8.0
2020-09-13 16:00:00,283.0,27.2,87,12.0
2020-09-13 17:00:00,75.0,26.8,88,4.8
2020-09-14 06:00:00,1.0,24.6,97,5.7
2020-09-14 07:00:00,50.0,25.5,97,3.1
2020-09-14 08:00:00,234.0,26.9,88,3.8
2020-09-14 09:00:00,426.0,28.4,80,1.5
2020-09-14 10:00:00,467.0,29.5,74,3.7
2020-09-14 11:00:00,572.0,30.5,70,5.7
2020-09-14 12:00:00,682.0,31.3,68,5.2
2020-09-14 13:00:00,832.0,32.3,64,1.8
2020-09-14 14:00:00,728.0,32.5,64,2.9
2020-09-14 15:00:00,565.0,32.6,62,4.0
2020-09-14 16:00:00,408.0,32.3,64,5.8
2020-09-14 17:00:00,230.0,31.5,71,4.1
2020-09-15 06:00:00,1.0,25.0,94,2.3
2020-09-15 07:00:00,68.0,25.9,93,3.7
2020-09-15 08:00:00,229.0,27.1,89,5.5
2020-09-15 09:00:00,425.0,28.7,81,4.3
2020-09-15 10:00:00,456.0,29.3,77,5.9
2020-09-15 11:00:00,649.0,30.4,73,5.5
2020-09-15 12:00:00,778.0,31.4,68,4.5
2020-09-15 13:00:00,851.0,32.0,66,2.3
2020-09-15 14:00:00,674.0,32.0,65,1.6
2020-09-15 15:00:00,528.0,32.0,65,2.9
2020-09-15 16:00:00,339.0,27.5,82,17.4
2020-09-15 17:00:00,83.0,26.9,86,7.6
2020-09-16 06:00:00,1.0,23.9,99,8.5
2020-09-16 07:00:00,67.0,24.6,94,5.9
2020-09-16 08:00:00,283.0,26.2,86,8.4
2020-09-16 09:00:00,357.0,26.3,86,13.5
2020-09-16 10:00:00,434.0,26.1,89,12.4
2020-09-16 11:00:00,629.0,28.0,80,6.2
2020-09-16 12:00:00,733.0,29.4,76,5.7
2020-09-16 13:00:00,770.0,30.0,72,7.9
2020-09-16 14:00:00,541.0,27.9,80,10.6
2020-09-16 15:00:00,429.0,28.5,78,5.2
2020-09-16 16:00:00,287.0,26.6,83,2.2
2020-09-16 17:00:00,78.0,26.0,89,3.4
2020-09-17 06:00:00,1.0,23.0,98,3.3
2020-09-17 07:00:00,73.0,24.0,94,4.5
2020-09-17 08:00:00,298.0,25.4,88,3.7
2020-09-17 09:00:00,474.0,26.6,83,2.8
2020-09-17 10:00:00,607.0,28.0,78,2.4
2020-09-17 11:00:00,745.0,29.4,72,1.1
2020-09-17 12:00:00,899.0,30.5,67,2.0
2020-09-17 13:00:00,913.0,31.2,67,1.8
2020-09-17 14:00:00,807.0,31.4,67,4.5
2020-09-17 15:00:00,614.0,30.1,69,8.0
2020-09-17 16:00:00,314.0,28.8,77,6.2
2020-09-17 17:00:00,155.0,28.1,80,4.6
2020-09-18 06:00:00,1.0,23.8,96,5.1
2020-09-18 07:00:00,46.0,25.0,94,5.0
2020-09-18 08:00:00,221.0,26.5,86,5.2
2020-09-18 09:00:00,345.0,27.3,83,3.9
2020-09-18 10:00:00,503.0,28.2,82,3.1
2020-09-18 11:00:00,535.0,29.0,81,5.1
2020-09-18 12:00:00,587.0,29.0,78,5.1
2020-09-18 13:00:00,447.0,26.9,87,12.5
2020-09-18 14:00:00,315.0,26.2,89,6.5
2020-09-18 15:00:00,277.0,26.9,86,5.1
2020-09-18 16:00:00,254.0,27.5,83,3.7
2020-09-18 17:00:00,165.0,26.9,86,4.7
2020-09-19 06:00:00,1.0,23.2,98,6.5
2020-09-19 07:00:00,63.0,23.8,94,4.3
2020-09-19 08:00:00,306.0,25.5,89,1.9
2020-09-19 09:00:00,463.0,27.0,84,0.8
2020-09-19 10:00:00,573.0,28.2,78,2.7
2020-09-19 11:00:00,758.0,29.5,75,1.9
2020-09-19 12:00:00,769.0,30.0,76,3.3
2020-09-19 13:00:00,799.0,30.5,76,5.8
2020-09-19 14:00:00,749.0,30.5,71,6.2
2020-09-19 15:00:00,509.0,31.1,64,6.3
2020-09-19 16:00:00,307.0,28.8,75,12.6
2020-09-19 17:00:00,171.0,28.0,81,4.2
2020-09-20 06:00:00,2.0,24.2,99,5.6
2020-09-20 07:00:00,68.0,24.8,94,3.5
2020-09-20 08:00:00,281.0,26.4,87,2.3
2020-09-20 09:00:00,430.0,27.6,81,3.3
2020-09-20 10:00:00,529.0,28.5,76,7.0
2020-09-20 11:00:00,701.0,29.5,73,6.3
2020-09-20 12:00:00,800.0,30.4,69,6.3
2020-09-20 13:00:00,746.0,31.0,67,4.4
2020-09-20 14:00:00,669.0,31.5,64,3.6
2020-09-20 15:00:00,543.0,31.5,64,4.2
2020-09-20 16:00:00,398.0,31.2,64,2.6
2020-09-20 17:00:00,175.0,30.5,71,3.3
2020-09-21 06:00:00,2.0,24.1,99,6.9
2020-09-21 07:00:00,91.0,25.5,91,4.6
2020-09-21 08:00:00,286.0,27.0,85,4.8
2020-09-21 09:00:00,518.0,28.8,76,4.1
2020-09-21 10:00:00,601.0,30.0,71,3.6
2020-09-21 11:00:00,739.0,30.9,67,4.6
2020-09-21 12:00:00,868.0,31.5,65,3.1
2020-09-21 13:00:00,855.0,32.0,65,1.5
2020-09-21 14:00:00,709.0,31.9,66,0.0
2020-09-21 15:00:00,597.0,32.0,67,2.6
2020-09-21 16:00:00,333.0,28.7,82,9.4
2020-09-21 17:00:00,84.0,26.3,90,4.6
2020-09-22 06:00:00,2.0,24.4,98,2.6
2020-09-22 07:00:00,91.0,25.2,93,4.6
2020-09-22 08:00:00,270.0,26.5,87,6.7
2020-09-22 09:00:00,431.0,27.5,82,4.7
2020-09-22 10:00:00,638.0,29.1,73,4.6
2020-09-22 11:00:00,715.0,30.2,70,5.6
2020-09-22 12:00:00,967.0,31.7,66,5.2
2020-09-22 13:00:00,958.0,32.5,63,5.2
2020-09-22 14:00:00,847.0,32.7,62,5.4
2020-09-22 15:00:00,648.0,32.5,62,5.4
2020-09-22 16:00:00,451.0,31.9,64,7.1
2020-09-22 17:00:00,199.0,30.9,72,3.5
2020-09-23 06:00:00,2.0,24.4,100,1.1
2020-09-23 07:00:00,100.0,25.6,95,4.1
2020-09-23 08:00:00,318.0,27.0,86,3.0
2020-09-23 09:00:00,535.0,28.4,79,2.0
2020-09-23 10:00:00,690.0,30.0,75,0.4
2020-09-23 11:00:00,776.0,31.3,70,5.4
2020-09-23 12:00:00,780.0,32.2,68,6.5
2020-09-23 13:00:00,846.0,32.4,68,5.9
2020-09-23 14:00:00,772.0,32.4,69,3.7
2020-09-23 15:00:00,527.0,30.9,71,6.2
2020-09-23 16:00:00,180.0,26.9,86,4.8
2020-09-23 17:00:00,59.0,26.8,89,4.7
2020-09-24 06:00:00,1.0,24.5,97,2.7
2020-09-24 07:00:00,35.0,24.5,97,6.9
2020-09-24 08:00:00,108.0,25.0,94,8.8
2020-09-24 09:00:00,193.0,26.0,89,4.8
2020-09-24 10:00:00,265.0,26.9,86,6.6
2020-09-24 11:00:00,480.0,27.8,83,8.2
2020-09-24 12:00:00,490.0,29.0,78,7.4
2020-09-24 13:00:00,509.0,29.1,78,6.9
2020-09-24 14:00:00,508.0,29.7,74,6.1
2020-09-24 15:00:00,399.0,29.5,73,1.5
2020-09-24 16:00:00,220.0,29.1,76,4.0
2020-09-24 17:00:00,129.0,28.5,81,4.3
2020-09-25 06:00:00,2.0,24.6,99,5.2
2020-09-25 07:00:00,53.0,24.3,98,4.3
2020-09-25 08:00:00,109.0,24.9,95,0.7
2020-09-25 09:00:00,289.0,26.6,88,2.4
2020-09-25 10:00:00,515.0,28.4,78,3.1
2020-09-25 11:00:00,537.0,29.8,70,4.1
2020-09-25 12:00:00,812.0,31.1,67,3.6
2020-09-25 13:00:00,716.0,31.1,68,2.2
2020-09-25 14:00:00,805.0,31.5,69,4.1
2020-09-25 15:00:00,500.0,31.1,70,7.3
2020-09-25 16:00:00,331.0,30.0,72,10.0
2020-09-25 17:00:00,123.0,29.0,79,7.9
2020-09-26 06:00:00,2.0,23.5,97,2.2
2020-09-26 07:00:00,121.0,25.1,87,1.1
2020-09-26 08:00:00,349.0,27.0,80,2.1
2020-09-26 09:00:00,563.0,28.9,74,4.7
2020-09-26 10:00:00,706.0,30.2,67,6.5
2020-09-26 11:00:00,801.0,31.0,66,5.4
2020-09-26 12:00:00,699.0,31.0,68,4.0
2020-09-26 13:00:00,745.0,31.0,70,4.6
2020-09-26 14:00:00,684.0,31.0,68,3.1
2020-09-26 15:00:00,508.0,29.2,74,7.6
2020-09-26 16:00:00,228.0,29.3,73,9.8
2020-09-26 17:00:00,120.0,28.5,79,7.4
2020-09-27 06:00:00,1.0,23.5,97,4.9
2020-09-27 07:00:00,59.0,24.9,94,3.1
2020-09-27 08:00:00,216.0,26.0,88,3.6
2020-09-27 09:00:00,441.0,27.4,83,5.8
2020-09-27 10:00:00,603.0,28.8,75,8.0
2020-09-27 11:00:00,719.0,30.0,70,6.5
2020-09-27 12:00:00,738.0,30.9,66,6.5
2020-09-27 13:00:00,716.0,31.0,66,4.3
2020-09-27 14:00:00,644.0,30.4,68,3.7
2020-09-27 15:00:00,386.0,29.2,74,11.6
2020-09-27 16:00:00,295.0,27.4,81,13.1
2020-09-27 17:00:00,107.0,26.0,85,9.2
2020-09-28 06:00:00,2.0,23.3,100,2.2
2020-09-28 07:00:00,106.0,25.0,93,3.5
2020-09-28 08:00:00,333.0,27.0,84,2.3
2020-09-28 09:00:00,569.0,29.0,72,4.1
2020-09-28 10:00:00,769.0,30.5,66,3.8
2020-09-28 11:00:00,851.0,31.7,62,3.2
2020-09-28 12:00:00,903.0,32.2,60,2.3
2020-09-28 13:00:00,727.0,31.5,66,9.4
2020-09-28 14:00:00,752.0,31.9,65,7.3
2020-09-28 15:00:00,586.0,30.4,70,11.3
2020-09-28 16:00:00,288.0,28.1,82,9.6
2020-09-28 17:00:00,117.0,27.5,87,5.8
2020-09-29 06:00:00,2.0,23.5,91,5.4
2020-09-29 07:00:00,123.0,25.2,84,2.3
2020-09-29 08:00:00,339.0,27.0,80,3.4
2020-09-29 09:00:00,583.0,28.9,74,1.1
2020-09-29 10:00:00,779.0,30.8,68,4.1
2020-09-29 11:00:00,909.0,32.4,62,4.7
2020-09-29 12:00:00,963.0,33.2,59,5.2
2020-09-29 13:00:00,939.0,33.5,57,5.4
2020-09-29 14:00:00,733.0,31.0,67,7.4
2020-09-29 15:00:00,556.0,30.3,73,12.8
2020-09-29 16:00:00,308.0,29.7,76,10.2
2020-09-29 17:00:00,131.0,29.0,80,6.1
2020-09-30 06:00:00,1.0,23.5,98,8.0
2020-09-30 07:00:00,64.0,24.4,95,9.4
2020-09-30 08:00:00,123.0,24.7,93,10.0
2020-09-30 09:00:00,218.0,25.3,90,8.3
2020-09-30 10:00:00,321.0,26.6,82,9.1
2020-09-30 11:00:00,392.0,28.0,76,7.9
2020-09-30 12:00:00,553.0,29.5,70,6.4
2020-09-30 13:00:00,564.0,30.6,63,4.0
2020-09-30 14:00:00,610.0,31.6,58,4.5
2020-09-30 15:00:00,450.0,31.0,62,7.7
2020-09-30 16:00:00,359.0,29.7,69,7.4
2020-09-30 17:00:00,114.0,28.9,76,2.4
2020-10-01 06:00:00,2.0,23.0,99,1.6
2020-10-01 07:00:00,102.0,24.4,94,0.7
2020-10-01 08:00:00,289.0,25.8,89,1.8
2020-10-01 09:00:00,545.0,27.4,81,3.6
2020-10-01 10:00:00,649.0,28.5,75,6.8
2020-10-01 11:00:00,741.0,29.5,70,4.7
2020-10-01 12:00:00,808.0,30.4,67,2.9
2020-10-01 13:00:00,822.0,31.0,67,4.6
2020-10-01 14:00:00,710.0,31.3,66,2.2
2020-10-01 15:00:00,544.0,31.1,67,6.2
2020-10-01 16:00:00,278.0,28.9,76,11.5
2020-10-01 17:00:00,129.0,28.7,78,3.9
2020-10-02 06:00:00,1.0,23.2,98,0.5
2020-10-02 07:00:00,83.0,23.5,95,0.7
2020-10-02 08:00:00,148.0,24.4,90,3.2
2020-10-02 09:00:00,420.0,26.2,82,5.9
2020-10-02 10:00:00,684.0,28.3,75,4.8
2020-10-02 11:00:00,695.0,29.7,68,4.3
2020-10-02 12:00:00,819.0,31.0,66,3.9
2020-10-02 13:00:00,630.0,30.8,67,4.0
2020-10-02 14:00:00,605.0,31.0,68,3.8
2020-10-02 15:00:00,378.0,28.4,78,7.8
2020-10-02 16:00:00,179.0,27.5,83,7.8
2020-10-02 17:00:00,119.0,27.4,85,5.0
2020-10-03 06:00:00,1.0,23.3,98,6.1
2020-10-03 07:00:00,46.0,24.1,95,4.3
2020-10-03 08:00:00,201.0,25.2,89,5.2
2020-10-03 09:00:00,266.0,26.1,86,4.9
2020-10-03 10:00:00,461.0,27.2,84,4.7
2020-10-03 11:00:00,554.0,28.4,80,4.1
2020-10-03 12:00:00,748.0,29.4,80,5.6
2020-10-03 13:00:00,675.0,29.8,76,3.8
2020-10-03 14:00:00,531.0,28.1,78,9.7
2020-10-03 15:00:00,245.0,27.3,82,5.2
2020-10-03 16:00:00,154.0,27.1,82,3.0
2020-10-03 17:00:00,71.0,26.4,86,0.4
2020-10-04 06:00:00,2.0,23.9,99,2.9
2020-10-04 07:00:00,80.0,24.2,94,3.5
2020-10-04 08:00:00,204.0,25.4,89,3.3
2020-10-04 09:00:00,343.0,26.2,84,3.9
2020-10-04 10:00:00,497.0,27.1,82,5.4
2020-10-04 11:00:00,655.0,28.3,79,6.2
2020-10-04 12:00:00,681.0,29.0,76,5.9
2020-10-04 13:00:00,705.0,29.8,72,6.7
2020-10-04 14:00:00,456.0,27.6,81,9.2
2020-10-04 15:00:00,443.0,28.1,79,4.6
2020-10-04 16:00:00,173.0,26.6,85,4.1
2020-10-04 17:00:00,54.0,26.2,90,2.1
2020-10-05 06:00:00,2.0,23.2,99,4.4
2020-10-05 07:00:00,114.0,24.5,92,1.3
2020-10-05 08:00:00,329.0,26.4,83,2.9
2020-10-05 09:00:00,558.0,27.9,76,3.0
2020-10-05 10:00:00,704.0,29.1,71,4.7
2020-10-05 11:00:00,617.0,29.8,69,5.6
2020-10-05 12:00:00,852.0,30.8,67,5.9
2020-10-05 13:00:00,808.0,31.0,69,6.7
2020-10-05 14:00:00,678.0,30.9,69,8.9
2020-10-05 15:00:00,339.0,28.5,78,7.9
2020-10-05 16:00:00,267.0,27.5,83,4.4
2020-10-05 17:00:00,148.0,26.9,88,2.9
2020-10-06 06:00:00,2.0,23.7,99,7.9
2020-10-06 07:00:00,73.0,25.1,94,7.4
2020-10-06 08:00:00,195.0,26.2,90,6.0
2020-10-06 09:00:00,424.0,27.5,85,5.6
2020-10-06 10:00:00,609.0,28.4,82,3.7
2020-10-06 11:00:00,590.0,29.1,75,3.5
2020-10-06 12:00:00,633.0,29.6,72,5.0
2020-10-06 13:00:00,685.0,30.2,70,5.4
2020-10-06 14:00:00,665.0,30.5,70,4.1
2020-10-06 15:00:00,498.0,30.1,70,3.6
2020-10-06 16:00:00,271.0,29.8,72,1.8
2020-10-06 17:00:00,133.0,29.1,78,2.5
2020-10-07 06:00:00,2.0,24.0,98,7.4
2020-10-07 07:00:00,114.0,26.2,89,6.8
2020-10-07 08:00:00,358.0,27.6,85,5.7
2020-10-07 09:00:00,567.0,29.1,76,4.9
2020-10-07 10:00:00,704.0,30.4,70,3.9
2020-10-07 11:00:00,756.0,31.0,70,5.2
2020-10-07 12:00:00,784.0,31.4,69,5.8
2020-10-07 13:00:00,850.0,31.7,67,5.8
2020-10-07 14:00:00,763.0,32.0,63,4.9
2020-10-07 15:00:00,468.0,30.0,71,8.1
2020-10-07 16:00:00,243.0,28.1,77,14.7
2020-10-07 17:00:00,59.0,26.1,90,8.4
2020-10-08 06:00:00,2.0,23.6,99,4.2
2020-10-08 07:00:00,100.0,24.0,95,4.9
2020-10-08 08:00:00,246.0,25.4,88,6.4
2020-10-08 09:00:00,392.0,26.2,84,6.8
2020-10-08 10:00:00,435.0,26.9,81,6.6
2020-10-08 11:00:00,500.0,27.8,78,5.4
2020-10-08 12:00:00,501.0,28.5,74,3.2
2020-10-08 13:00:00,577.0,29.3,70,2.1
2020-10-08 14:00:00,627.0,30.0,68,2.3
2020-10-08 15:00:00,543.0,30.2,66,3.7
2020-10-08 16:00:00,285.0,29.9,68,1.3
2020-10-08 17:00:00,153.0,28.9,74,2.1
2020-10-09 06:00:00,2.0,24.0,98,1.5
2020-10-09 07:00:00,104.0,25.4,87,1.5
2020-10-09 08:00:00,251.0,26.6,83,2.6
2020-10-09 09:00:00,542.0,28.2,78,3.2
2020-10-09 10:00:00,730.0,29.5,72,6.6
2020-10-09 11:00:00,702.0,30.2,69,6.3
2020-10-09 12:00:00,869.0,31.5,64,4.8
2020-10-09 13:00:00,867.0,32.0,63,4.4
2020-10-09 14:00:00,712.0,32.5,61,3.3
2020-10-09 15:00:00,604.0,32.7,60,2.5
2020-10-09 16:00:00,405.0,31.8,62,3.5
2020-10-09 17:00:00,173.0,30.0,76,4.0
2020-10-10 06:00:00,2.0,24.2,96,4.6
2020-10-10 07:00:00,122.0,25.8,89,2.5
2020-10-10 08:00:00,347.0,27.6,83,2.9
2020-10-10 09:00:00,581.0,29.1,77,3.6
2020-10-10 10:00:00,676.0,30.1,72,6.3
2020-10-10 11:00:00,860.0,31.4,65,7.2
2020-10-10 12:00:00,930.0,32.2,61,5.2
2020-10-10 13:00:00,903.0,33.0,57,4.1
2020-10-10 14:00:00,786.0,33.5,54,3.6
2020-10-10 15:00:00,604.0,33.4,53,4.0
2020-10-10 16:00:00,415.0,33.0,56,7.1
2020-10-10 17:00:00,178.0,31.5,68,5.2
2020-10-11 06:00:00,3.0,25.2,80,11.8
2020-10-11 07:00:00,124.0,26.6,78,12.9
2020-10-11 08:00:00,344.0,28.6,71,8.7
2020-10-11 09:00:00,559.0,30.4,64,6.5
2020-10-11 10:00:00,728.0,31.7,58,2.9
2020-10-11 11:00:00,787.0,32.8,56,0.8
2020-10-11 12:00:00,884.0,33.8,54,0.4
2020-10-11 13:00:00,796.0,34.2,53,1.5
2020-10-11 14:00:00,775.0,34.3,52,1.8
2020-10-11 15:00:00,616.0,34.0,52,1.8
2020-10-11 16:00:00,336.0,33.8,53,2.9
2020-10-11 17:00:00,172.0,31.0,69,5.4
2020-10-12 06:00:00,2.0,23.8,99,6.3
2020-10-12 07:00:00,108.0,25.3,92,8.5
2020-10-12 08:00:00,282.0,27.5,82,6.9
2020-10-12 09:00:00,407.0,29.0,74,6.4
2020-10-12 10:00:00,454.0,29.7,71,5.7
2020-10-12 11:00:00,628.0,30.7,67,2.4
2020-10-12 12:00:00,825.0,31.8,61,1.6
2020-10-12 13:00:00,753.0,32.3,60,3.9
2020-10-12 14:00:00,683.0,31.9,65,7.1
2020-10-12 15:00:00,467.0,29.7,73,5.7
2020-10-12 16:00:00,329.0,29.2,73,6.9
2020-10-12 17:00:00,104.0,27.8,82,8.7
2020-10-13 06:00:00,1.0,23.8,96,2.9
2020-10-13 07:00:00,75.0,24.5,96,3.6
2020-10-13 08:00:00,131.0,25.5,90,3.6
2020-10-13 09:00:00,326.0,27.0,83,3.5
2020-10-13 10:00:00,548.0,28.7,76,7.4
2020-10-13 11:00:00,480.0,29.0,74,8.8
2020-10-13 12:00:00,606.0,30.0,70,7.4
2020-10-13 13:00:00,589.0,30.2,67,6.4
2020-10-13 14:00:00,512.0,30.5,66,3.8
2020-10-13 15:00:00,406.0,30.3,65,5.0
2020-10-13 16:00:00,215.0,29.2,74,7.2
2020-10-13 17:00:00,80.0,27.8,85,8.2
2020-10-14 06:00:00,1.0,22.9,98,1.8
2020-10-14 07:00:00,42.0,23.2,93,7.6
2020-10-14 08:00:00,120.0,23.6,92,6.8
2020-10-14 09:00:00,283.0,24.9,87,4.3
2020-10-14 10:00:00,394.0,25.8,84,3.7
2020-10-14 11:00:00,431.0,26.4,82,6.4
2020-10-14 12:00:00,531.0,27.4,80,4.3
2020-10-14 13:00:00,692.0,28.8,73,4.0
2020-10-14 14:00:00,481.0,28.9,72,2.9
2020-10-14 15:00:00,485.0,29.3,70,0.8
2020-10-14 16:00:00,286.0,29.1,70,4.0
2020-10-14 17:00:00,111.0,28.6,74,2.9
2020-10-15 06:00:00,2.0,23.5,100,1.1
2020-10-15 07:00:00,93.0,25.1,93,2.9
2020-10-15 08:00:00,350.0,27.1,81,1.1
2020-10-15 09:00:00,582.0,28.9,72,1.8
2020-10-15 10:00:00,764.0,30.4,66,2.3
2020-10-15 11:00:00,871.0,31.5,61,1.1
2020-10-15 12:00:00,904.0,32.2,59,1.6
2020-10-15 13:00:00,898.0,32.7,57,0.8
2020-10-15 14:00:00,785.0,33.0,55,1.1
2020-10-15 15:00:00,618.0,32.5,58,5.9
2020-10-15 16:00:00,369.0,30.9,68,12.2
2020-10-15 17:00:00,173.0,30.0,75,5.8
2020-10-16 06:00:00,2.0,25.0,81,12.3
2020-10-16 07:00:00,122.0,26.5,77,11.6
2020-10-16 08:00:00,352.0,28.4,72,9.0
2020-10-16 09:00:00,578.0,30.2,65,6.2
2020-10-16 10:00:00,772.0,31.7,60,4.6
2020-10-16 11:00:00,888.0,33.0,56,3.3
2020-10-16 12:00:00,941.0,34.0,54,2.6
2020-10-16 13:00:00,869.0,34.6,51,1.5
2020-10-16 14:00:00,713.0,34.2,52,0.8
2020-10-16 15:00:00,570.0,34.6,49,1.1
2020-10-16 16:00:00,364.0,33.7,52,3.3
2020-10-16 17:00:00,142.0,30.6,74,5.8
2020-10-17 06:00:00,2.0,24.8,98,3.6
2020-10-17 07:00:00,89.0,26.1,92,4.9
2020-10-17 08:00:00,330.0,27.6,86,5.1
2020-10-17 09:00:00,546.0,29.4,80,5.4
2020-10-17 10:00:00,634.0,31.0,72,4.4
2020-10-17 11:00:00,783.0,32.3,68,4.0
2020-10-17 12:00:00,829.0,32.8,67,3.2
2020-10-17 13:00:00,780.0,32.7,67,6.9
2020-10-17 14:00:00,693.0,32.0,69,8.4
2020-10-17 15:00:00,467.0,30.4,76,8.0
2020-10-17 16:00:00,272.0,28.3,80,4.3
2020-10-17 17:00:00,58.0,27.5,83,3.9
2020-10-18 06:00:00,2.0,24.1,100,5.0
2020-10-18 07:00:00,95.0,25.4,95,3.6
2020-10-18 08:00:00,315.0,27.3,85,3.4
2020-10-18 09:00:00,520.0,28.9,77,2.6
2020-10-18 10:00:00,664.0,30.4,70,2.9
2020-10-18 11:00:00,745.0,31.5,67,3.9
2020-10-18 12:00:00,850.0,32.3,66,6.4
2020-10-18 13:00:00,816.0,31.0,70,7.6
2020-10-18 14:00:00,660.0,32.3,65,5.8
2020-10-18 15:00:00,467.0,29.8,74,4.7
2020-10-18 16:00:00,236.0,28.6,79,7.2
2020-10-18 17:00:00,97.0,27.9,86,9.2
2020-10-19 06:00:00,2.0,24.2,99,2.1
2020-10-19 07:00:00,78.0,24.2,94,4.0
2020-10-19 08:00:00,210.0,25.1,89,3.9
2020-10-19 09:00:00,359.0,26.4,83,6.3
2020-10-19 10:00:00,494.0,27.9,77,7.3
2020-10-19 11:00:00,551.0,29.0,71,7.5
2020-10-19 12:00:00,592.0,29.8,68,9.4
2020-10-19 13:00:00,555.0,29.9,69,12.4
2020-10-19 14:00:00,659.0,29.8,70,12.1
2020-10-19 15:00:00,498.0,29.6,70,9.9
2020-10-19 16:00:00,341.0,29.5,69,5.6
2020-10-19 17:00:00,159.0,28.5,79,2.5
2020-10-20 06:00:00,1.0,23.4,100,6.2
2020-10-20 07:00:00,51.0,24.6,95,5.9
2020-10-20 08:00:00,307.0,26.0,88,4.0
2020-10-20 09:00:00,524.0,27.7,75,1.5
2020-10-20 10:00:00,619.0,28.9,70,1.8
2020-10-20 11:00:00,755.0,30.1,66,3.0
2020-10-20 12:00:00,916.0,31.1,63,5.8
2020-10-20 13:00:00,858.0,31.5,62,6.3
2020-10-20 14:00:00,745.0,30.9,66,6.9
2020-10-20 15:00:00,536.0,30.1,69,6.0
2020-10-20 16:00:00,345.0,30.2,68,7.6
2020-10-20 17:00:00,152.0,29.0,77,6.2
2020-10-21 06:00:00,2.0,23.8,94,4.4
2020-10-21 07:00:00,104.0,26.2,81,3.2
2020-10-21 08:00:00,344.0,28.0,72,5.3
2020-10-21 09:00:00,566.0,29.5,67,5.1
2020-10-21 10:00:00,751.0,30.9,62,2.3
2020-10-21 11:00:00,875.0,31.8,61,0.7
2020-10-21 12:00:00,864.0,32.2,60,2.5
2020-10-21 13:00:00,807.0,32.4,61,4.3
2020-10-21 14:00:00,690.0,32.5,61,5.9
2020-10-21 15:00:00,514.0,31.0,68,9.2
2020-10-21 16:00:00,322.0,30.4,69,8.8
2020-10-21 17:00:00,99.0,27.9,85,9.0
2020-10-22 06:00:00,2.0,24.6,97,3.7
2020-10-22 07:00:00,115.0,26.4,84,4.7
2020-10-22 08:00:00,288.0,27.6,79,2.4
2020-10-22 09:00:00,484.0,29.0,75,2.6
2020-10-22 10:00:00,692.0,30.5,68,3.3
2020-10-22 11:00:00,745.0,31.4,64,4.0
2020-10-22 12:00:00,800.0,32.0,62,4.6
2020-10-22 13:00:00,683.0,32.0,62,5.0
2020-10-22 14:00:00,691.0,32.2,61,4.2
2020-10-22 15:00:00,462.0,31.1,67,7.4
2020-10-22 16:00:00,264.0,29.5,77,8.3
2020-10-22 17:00:00,122.0,27.6,84,7.1
2020-10-23 06:00:00,2.0,24.6,96,4.6
2020-10-23 07:00:00,119.0,26.4,88,1.8
2020-10-23 08:00:00,339.0,28.0,82,4.0
2020-10-23 09:00:00,572.0,29.5,76,4.3
2020-10-23 10:00:00,740.0,30.9,71,3.1
2020-10-23 11:00:00,797.0,31.6,68,2.6
2020-10-23 12:00:00,821.0,31.8,67,2.6
2020-10-23 13:00:00,734.0,33.0,60,1.8
2020-10-23 14:00:00,709.0,30.2,75,17.7
2020-10-23 15:00:00,402.0,28.8,80,10.7
2020-10-23 16:00:00,202.0,28.1,82,6.6
2020-10-23 17:00:00,54.0,27.0,90,7.4
2020-10-24 06:00:00,2.0,23.6,98,4.4
2020-10-24 07:00:00,36.0,24.2,93,4.2
2020-10-24 08:00:00,273.0,25.5,88,5.2
2020-10-24 09:00:00,419.0,27.3,81,5.4
2020-10-24 10:00:00,395.0,27.5,80,8.5
2020-10-24 11:00:00,324.0,27.0,82,11.3
2020-10-24 12:00:00,305.0,27.3,82,8.2
2020-10-24 13:00:00,542.0,28.6,80,7.2
2020-10-24 14:00:00,482.0,28.8,81,4.4
2020-10-24 15:00:00,263.0,27.6,82,7.9
2020-10-24 16:00:00,138.0,26.4,89,11.4
2020-10-24 17:00:00,78.0,26.2,89,11.3
2020-10-25 06:00:00,2.0,23.3,99,3.4
2020-10-25 07:00:00,97.0,24.2,95,4.2
2020-10-25 08:00:00,148.0,25.0,92,4.8
2020-10-25 09:00:00,208.0,25.5,90,4.5
2020-10-25 10:00:00,162.0,25.5,91,4.8
2020-10-25 11:00:00,251.0,25.8,89,3.8
2020-10-25 12:00:00,386.0,26.9,84,3.1
2020-10-25 13:00:00,501.0,28.2,80,5.8
2020-10-25 14:00:00,593.0,29.1,76,6.2
2020-10-25 15:00:00,540.0,29.2,74,3.6
2020-10-25 16:00:00,327.0,29.1,74,4.1
2020-10-25 17:00:00,114.0,28.1,83,3.0
2020-10-26 06:00:00,2.0,24.0,94,4.1
2020-10-26 07:00:00,99.0,25.8,88,6.3
2020-10-26 08:00:00,308.0,27.3,81,7.1
2020-10-26 09:00:00,510.0,28.7,76,6.1
2020-10-26 10:00:00,698.0,30.3,69,4.7
2020-10-26 11:00:00,844.0,31.8,62,3.6
2020-10-26 12:00:00,888.0,32.6,58,1.8
2020-10-26 13:00:00,843.0,32.8,57,0.8
2020-10-26 14:00:00,685.0,32.4,62,3.9
2020-10-26 15:00:00,511.0,30.0,74,14.3
2020-10-26 16:00:00,357.0,30.1,72,12.5
2020-10-26 17:00:00,155.0,29.2,75,10.0
2020-10-27 06:00:00,2.0,23.9,92,5.1
2020-10-27 07:00:00,112.0,25.7,82,5.4
2020-10-27 08:00:00,349.0,27.6,77,3.6
2020-10-27 09:00:00,572.0,29.4,72,3.6
2020-10-27 10:00:00,752.0,31.0,67,4.0
2020-10-27 11:00:00,815.0,32.1,60,2.7
2020-10-27 12:00:00,820.0,33.0,54,4.6
2020-10-27 13:00:00,827.0,33.8,51,5.2
2020-10-27 14:00:00,735.0,34.0,49,4.8
2020-10-27 15:00:00,606.0,33.0,55,10.7
2020-10-27 16:00:00,387.0,31.7,64,12.2
2020-10-27 17:00:00,163.0,30.1,69,11.1
2020-10-28 06:00:00,2.0,23.9,94,5.0
2020-10-28 07:00:00,98.0,25.5,90,9.2
2020-10-28 08:00:00,335.0,27.7,81,8.5
2020-10-28 09:00:00,555.0,29.9,70,5.8
2020-10-28 10:00:00,728.0,31.5,60,5.4
2020-10-28 11:00:00,777.0,32.5,54,2.0
2020-10-28 12:00:00,878.0,33.1,53,5.2
2020-10-28 13:00:00,809.0,33.0,55,6.9
2020-10-28 14:00:00,684.0,33.2,55,6.9
2020-10-28 15:00:00,520.0,32.3,58,6.9
2020-10-28 16:00:00,336.0,29.5,71,7.9
2020-10-28 17:00:00,114.0,28.1,78,4.0
2020-10-29 06:00:00,1.0,23.1,98,0.8
2020-10-29 07:00:00,65.0,23.6,97,3.8
2020-10-29 08:00:00,80.0,24.1,94,4.9
2020-10-29 09:00:00,221.0,25.2,88,2.1
2020-10-29 10:00:00,310.0,26.3,84,2.5
2020-10-29 11:00:00,438.0,27.5,79,7.1
2020-10-29 12:00:00,445.0,27.8,78,9.4
2020-10-29 13:00:00,305.0,27.1,83,12.6
2020-10-29 14:00:00,448.0,27.5,81,7.6
2020-10-29 15:00:00,465.0,27.8,80,6.2
2020-10-29 16:00:00,253.0,27.5,81,3.1
2020-10-29 17:00:00,108.0,27.0,84,1.5
2020-10-30 06:00:00,1.0,23.3,99,2.5
2020-10-30 07:00:00,60.0,24.5,97,3.4
2020-10-30 08:00:00,256.0,25.7,89,4.4
2020-10-30 09:00:00,464.0,27.0,85,4.4
2020-10-30 10:00:00,489.0,28.0,81,7.7
2020-10-30 11:00:00,334.0,25.6,88,7.3
2020-10-30 12:00:00,499.0,27.0,86,7.7
2020-10-30 13:00:00,650.0,28.1,85,4.9
2020-10-30 14:00:00,556.0,28.6,82,3.0
2020-10-30 15:00:00,402.0,28.1,79,7.3
2020-10-30 16:00:00,227.0,26.2,89,9.2
2020-10-30 17:00:00,105.0,25.6,93,3.1
2020-10-31 06:00:00,1.0,23.1,99,6.9
2020-10-31 07:00:00,46.0,23.5,97,4.6
2020-10-31 08:00:00,194.0,24.6,89,7.1
2020-10-31 09:00:00,441.0,26.4,83,6.6
2020-10-31 10:00:00,504.0,27.4,82,6.3
2020-10-31 11:00:00,725.0,28.5,82,8.1
2020-10-31 12:00:00,700.0,29.4,73,9.8
2020-10-31 13:00:00,456.0,28.7,75,9.9
2020-10-31 14:00:00,429.0,27.1,81,10.0
2020-10-31 15:00:00,193.0,26.9,87,3.8
2020-10-31 16:00:00,144.0,26.2,91,3.9
2020-10-31 17:00:00,94.0,25.8,91,2.5
2020-11-01 06:00:00,1.0,22.9,99,6.2
2020-11-01 07:00:00,23.0,23.2,97,5.8
2020-11-01 08:00:00,42.0,23.3,97,5.0
2020-11-01 09:00:00,91.0,23.6,98,4.8
2020-11-01 10:00:00,184.0,24.2,93,4.5
2020-11-01 11:00:00,233.0,24.6,92,4.2
2020-11-01 12:00:00,258.0,25.2,89,0.0
2020-11-01 13:00:00,301.0,25.9,86,4.3
2020-11-01 14:00:00,333.0,26.2,83,6.0
2020-11-01 15:00:00,245.0,26.0,85,7.9
2020-11-01 16:00:00,177.0,26.0,85,7.2
2020-11-01 17:00:00,63.0,25.5,88,5.1
2020-11-02 06:00:00,2.0,22.2,94,5.8
2020-11-02 07:00:00,102.0,23.8,87,4.2
2020-11-02 08:00:00,225.0,25.5,81,2.8
2020-11-02 09:00:00,379.0,27.1,77,1.8
2020-11-02 10:00:00,670.0,28.9,69,4.6
2020-11-02 11:00:00,820.0,29.9,65,2.2
2020-11-02 12:00:00,853.0,30.6,63,0.7
2020-11-02 13:00:00,877.0,31.2,61,2.1
2020-11-02 14:00:00,748.0,31.2,62,2.3
2020-11-02 15:00:00,544.0,31.0,61,4.0
2020-11-02 16:00:00,335.0,29.9,66,8.4
2020-11-02 17:00:00,123.0,28.2,77,9.4
2020-11-03 06:00:00,1.0,23.9,88,8.8
2020-11-03 07:00:00,97.0,25.5,84,7.7
2020-11-03 08:00:00,268.0,27.2,77,6.1
2020-11-03 09:00:00,529.0,28.7,72,4.7
2020-11-03 10:00:00,712.0,29.6,71,5.6
2020-11-03 11:00:00,793.0,30.3,67,5.6
2020-11-03 12:00:00,708.0,30.4,68,5.7
2020-11-03 13:00:00,725.0,30.5,69,7.5
2020-11-03 14:00:00,577.0,28.1,83,9.6
2020-11-03 15:00:00,430.0,28.8,80,5.7
2020-11-03 16:00:00,256.0,28.6,79,4.9
2020-11-03 17:00:00,83.0,27.9,86,4.3
2020-11-04 06:00:00,1.0,23.8,94,5.2
2020-11-04 07:00:00,86.0,25.7,86,4.5
2020-11-04 08:00:00,157.0,26.9,80,4.9
2020-11-04 09:00:00,286.0,27.8,76,5.7
2020-11-04 10:00:00,559.0,29.0,71,6.6
2020-11-04 11:00:00,778.0,30.1,67,5.2
2020-11-04 12:00:00,774.0,30.8,65,3.3
2020-11-04 13:00:00,784.0,31.1,65,3.1
2020-11-04 14:00:00,655.0,30.9,65,5.4
2020-11-04 15:00:00,427.0,29.9,69,4.3
2020-11-04 16:00:00,276.0,29.7,67,5.7
2020-11-04 17:00:00,118.0,29.0,73,2.9
2020-11-05 06:00:00,1.0,23.8,97,6.0
2020-11-05 07:00:00,76.0,24.9,93,4.2
2020-11-05 08:00:00,231.0,26.1,89,4.7
2020-11-05 09:00:00,485.0,27.6,80,7.7
2020-11-05 10:00:00,531.0,28.2,80,7.9
2020-11-05 11:00:00,687.0,28.0,86,10.5
2020-11-05 12:00:00,635.0,28.4,84,8.6
2020-11-05 13:00:00,565.0,27.3,88,12.0
2020-11-05 14:00:00,294.0,27.5,88,3.1
2020-11-05 15:00:00,194.0,26.3,91,5.6
2020-11-05 16:00:00,104.0,25.4,96,2.9
2020-11-05 17:00:00,54.0,25.2,97,3.7
2020-11-06 06:00:00,1.0,23.6,98,2.6
2020-11-06 07:00:00,49.0,24.1,94,4.7
2020-11-06 08:00:00,265.0,25.3,90,4.0
2020-11-06 09:00:00,508.0,26.9,81,3.7
2020-11-06 10:00:00,575.0,28.0,76,4.6
2020-11-06 11:00:00,600.0,28.6,74,4.3
2020-11-06 12:00:00,700.0,29.2,75,5.8
2020-11-06 13:00:00,713.0,29.7,74,6.9
2020-11-06 14:00:00,609.0,29.8,70,8.6
2020-11-06 15:00:00,337.0,27.2,83,9.2
2020-11-06 16:00:00,195.0,26.9,83,11.6
2020-11-06 17:00:00,67.0,25.9,89,6.5
2020-11-07 06:00:00,1.0,22.9,99,2.1
2020-11-07 07:00:00,96.0,24.4,96,2.7
2020-11-07 08:00:00,270.0,25.9,90,3.2
2020-11-07 09:00:00,447.0,27.3,83,1.6
2020-11-07 10:00:00,524.0,28.3,76,0.7
2020-11-07 11:00:00,518.0,28.8,72,1.3
2020-11-07 12:00:00,611.0,29.5,70,2.2
2020-11-07 13:00:00,584.0,29.9,68,3.5
2020-11-07 14:00:00,635.0,30.5,65,4.8
2020-11-07 15:00:00,497.0,30.3,66,5.4
2020-11-07 16:00:00,275.0,28.5,75,4.8
2020-11-07 17:00:00,92.0,27.5,83,3.6
2020-11-08 06:00:00,1.0,23.5,98,5.4
2020-11-08 07:00:00,80.0,25.2,88,6.0
2020-11-08 08:00:00,215.0,26.6,81,5.1
2020-11-08 09:00:00,431.0,28.0,77,3.1
2020-11-08 10:00:00,620.0,29.4,71,2.1
2020-11-08 11:00:00,683.0,30.2,70,1.1
2020-11-08 12:00:00,682.0,30.6,71,0.4
2020-11-08 13:00:00,592.0,30.5,72,4.9
2020-11-08 14:00:00,546.0,30.5,71,5.4
2020-11-08 15:00:00,422.0,29.5,73,6.5
2020-11-08 16:00:00,208.0,27.5,82,2.5
2020-11-08 17:00:00,102.0,27.1,87,3.7
2020-11-09 06:00:00,1.0,23.5,98,3.3
2020-11-09 07:00:00,89.0,25.5,90,2.7
2020-11-09 08:00:00,285.0,27.4,78,1.1
2020-11-09 09:00:00,489.0,28.5,72,3.1
2020-11-09 10:00:00,668.0,29.8,68,3.9
2020-11-09 11:00:00,767.0,30.5,65,4.4
2020-11-09 12:00:00,782.0,31.0,65,2.6
2020-11-09 13:00:00,660.0,30.9,66,2.8
2020-11-09 14:00:00,573.0,30.8,66,5.4
2020-11-09 15:00:00,476.0,28.8,76,12.4
2020-11-09 16:00:00,223.0,27.9,81,9.5
2020-11-09 17:00:00,102.0,27.2,87,5.2
2020-11-10 06:00:00,1.0,23.7,98,1.3
2020-11-10 07:00:00,84.0,24.5,94,1.5
2020-11-10 08:00:00,273.0,25.8,88,1.1
2020-11-10 09:00:00,478.0,27.5,81,1.0
2020-11-10 10:00:00,547.0,28.6,75,1.8
2020-11-10 11:00:00,743.0,29.9,72,0.8
2020-11-10 12:00:00,636.0,30.0,72,1.5
2020-11-10 13:00:00,671.0,30.3,72,1.8
2020-11-10 14:00:00,575.0,30.1,73,4.3
2020-11-10 15:00:00,448.0,30.4,71,4.5
2020-11-10 16:00:00,243.0,27.9,81,11.6
2020-11-10 17:00:00,83.0,26.8,90,5.1
2020-11-11 06:00:00,1.0,23.6,100,2.3
2020-11-11 07:00:00,64.0,24.4,97,1.8
2020-11-11 08:00:00,205.0,25.5,88,2.2
2020-11-11 09:00:00,294.0,26.4,85,4.1
2020-11-11 10:00:00,462.0,27.5,83,5.6
2020-11-11 11:00:00,564.0,28.2,82,6.0
2020-11-11 12:00:00,539.0,28.7,80,6.5
2020-11-11 13:00:00,583.0,28.6,76,8.2
2020-11-11 14:00:00,499.0,29.2,74,7.0
2020-11-11 15:00:00,424.0,27.5,81,10.2
2020-11-11 16:00:00,208.0,26.6,83,6.4
2020-11-11 17:00:00,82.0,25.8,90,1.3
2020-11-12 06:00:00,1.0,22.8,98,2.5
2020-11-12 07:00:00,77.0,24.2,93,3.1
2020-11-12 08:00:00,279.0,25.5,89,5.1
2020-11-12 09:00:00,376.0,26.2,87,4.7
2020-11-12 10:00:00,521.0,27.1,85,4.0
2020-11-12 11:00:00,611.0,28.2,78,5.0
2020-11-12 12:00:00,642.0,29.1,72,5.5
2020-11-12 13:00:00,675.0,29.5,72,6.2
2020-11-12 14:00:00,652.0,29.7,74,4.7
2020-11-12 15:00:00,433.0,29.0,75,6.2
2020-11-12 16:00:00,244.0,27.6,83,2.3
2020-11-12 17:00:00,86.0,26.4,89,3.3
2020-11-13 06:00:00,1.0,22.9,99,4.3
2020-11-13 07:00:00,60.0,23.2,96,1.3
2020-11-13 08:00:00,191.0,24.4,90,1.6
2020-11-13 09:00:00,183.0,24.8,88,1.6
2020-11-13 10:00:00,96.0,24.5,90,2.8
2020-11-13 11:00:00,300.0,25.2,90,2.6
2020-11-13 12:00:00,114.0,24.4,95,5.8
2020-11-13 13:00:00,56.0,23.8,99,3.1
2020-11-13 14:00:00,67.0,23.9,95,1.9
2020-11-13 15:00:00,94.0,24.1,94,1.8
2020-11-13 16:00:00,110.0,24.5,94,1.5
2020-11-13 17:00:00,73.0,24.4,94,5.1
2020-11-14 06:00:00,0.0,22.8,98,4.8
2020-11-14 07:00:00,75.0,23.2,96,5.8
2020-11-14 08:00:00,43.0,23.3,96,5.1
2020-11-14 09:00:00,87.0,23.7,95,3.4
2020-11-14 10:00:00,227.0,24.6,94,0.8
2020-11-14 11:00:00,322.0,25.6,90,4.4
2020-11-14 12:00:00,503.0,26.7,88,7.0
2020-11-14 13:00:00,362.0,26.1,88,7.7
2020-11-14 14:00:00,303.0,25.9,86,4.0
2020-11-14 15:00:00,178.0,25.6,86,4.4
2020-11-14 16:00:00,160.0,25.4,87,3.3
2020-11-14 17:00:00,81.0,24.9,91,4.6
2020-11-15 06:00:00,1.0,22.5,88,7.0
2020-11-15 07:00:00,83.0,23.5,87,2.3
2020-11-15 08:00:00,92.0,24.4,85,5.2
2020-11-15 09:00:00,249.0,26.1,75,5.4
2020-11-15 10:00:00,269.0,26.8,73,0.7
2020-11-15 11:00:00,546.0,28.3,66,1.6
2020-11-15 12:00:00,737.0,29.5,62,2.6
2020-11-15 13:00:00,794.0,30.2,61,4.3
2020-11-15 14:00:00,728.0,30.2,63,4.2
2020-11-15 15:00:00,543.0,30.5,62,8.5
2020-11-15 16:00:00,314.0,29.8,67,8.8
2020-11-15 17:00:00,128.0,28.3,76,6.4
2020-11-16 06:00:00,1.0,22.6,96,5.6
2020-11-16 07:00:00,96.0,24.8,84,1.5
2020-11-16 08:00:00,268.0,26.4,80,2.9
2020-11-16 09:00:00,479.0,28.0,75,3.3
2020-11-16 10:00:00,692.0,29.5,68,3.3
2020-11-16 11:00:00,796.0,30.3,63,4.8
2020-11-16 12:00:00,863.0,30.9,60,5.6
2020-11-16 13:00:00,806.0,31.1,59,5.1
2020-11-16 14:00:00,610.0,31.0,61,7.9
2020-11-16 15:00:00,497.0,30.3,64,12.0
2020-11-16 16:00:00,257.0,28.8,74,11.0
2020-11-16 17:00:00,91.0,27.7,82,5.4
2020-11-17 06:00:00,0.0,23.8,97,2.3
2020-11-17 07:00:00,74.0,24.2,93,4.0
2020-11-17 08:00:00,164.0,25.5,86,4.6
2020-11-17 09:00:00,305.0,26.4,81,4.2
2020-11-17 10:00:00,387.0,26.9,79,4.0
2020-11-17 11:00:00,561.0,27.8,75,5.2
2020-11-17 12:00:00,532.0,28.1,73,3.3
2020-11-17 13:00:00,473.0,28.1,72,2.1
2020-11-17 14:00:00,418.0,28.1,71,1.1
2020-11-17 15:00:00,280.0,26.9,77,6.1
2020-11-17 16:00:00,150.0,26.4,80,3.3
2020-11-17 17:00:00,69.0,25.9,85,2.9
2020-11-18 06:00:00,0.0,23.1,99,2.4
2020-11-18 07:00:00,49.0,23.5,99,2.3
2020-11-18 08:00:00,106.0,24.3,93,1.1
2020-11-18 09:00:00,266.0,25.4,86,1.3
2020-11-18 10:00:00,385.0,26.1,81,1.6
2020-11-18 11:00:00,424.0,26.8,76,0.8
2020-11-18 12:00:00,560.0,27.9,72,3.2
2020-11-18 13:00:00,623.0,28.4,72,5.4
2020-11-18 14:00:00,684.0,29.1,69,8.7
2020-11-18 15:00:00,476.0,28.5,72,7.6
2020-11-18 16:00:00,285.0,27.7,76,7.2
2020-11-18 17:00:00,96.0,26.0,88,7.1
2020-11-19 06:00:00,0.0,22.5,95,5.1
2020-11-19 07:00:00,73.0,23.8,89,3.8
2020-11-19 08:00:00,257.0,25.5,83,4.4
2020-11-19 09:00:00,468.0,27.0,79,5.6
2020-11-19 10:00:00,683.0,28.4,75,6.7
2020-11-19 11:00:00,784.0,29.4,70,6.2
2020-11-19 12:00:00,829.0,30.2,66,3.9
2020-11-19 13:00:00,780.0,30.5,64,3.9
2020-11-19 14:00:00,589.0,30.8,62,4.9
2020-11-19 15:00:00,419.0,29.8,68,7.1
2020-11-19 16:00:00,271.0,28.9,75,4.7
2020-11-19 17:00:00,129.0,28.1,81,3.4
2020-11-20 06:00:00,0.0,22.5,95,4.5
2020-11-20 07:00:00,89.0,24.2,87,4.7
2020-11-20 08:00:00,297.0,25.9,80,3.7
2020-11-20 09:00:00,508.0,27.5,74,4.4
2020-11-20 10:00:00,655.0,28.8,70,5.4
2020-11-20 11:00:00,765.0,29.8,67,5.4
2020-11-20 12:00:00,862.0,30.9,64,4.0
2020-11-20 13:00:00,780.0,31.1,63,4.5
2020-11-20 14:00:00,621.0,31.1,63,2.9
2020-11-20 15:00:00,523.0,30.6,65,4.2
2020-11-20 16:00:00,347.0,30.1,68,2.3
2020-11-20 17:00:00,106.0,28.6,84,4.8
2020-11-21 06:00:00,0.0,23.5,99,2.9
2020-11-21 07:00:00,48.0,24.5,95,3.4
2020-11-21 08:00:00,256.0,26.2,85,6.5
2020-11-21 09:00:00,393.0,27.5,79,6.9
2020-11-21 10:00:00,586.0,28.5,79,5.0
2020-11-21 11:00:00,706.0,29.2,77,4.0
2020-11-21 12:00:00,700.0,29.6,75,3.3
2020-11-21 13:00:00,742.0,29.9,74,1.1
2020-11-21 14:00:00,628.0,30.2,71,2.0
2020-11-21 15:00:00,487.0,29.4,73,6.7
2020-11-21 16:00:00,283.0,27.7,78,6.6
2020-11-21 17:00:00,104.0,26.7,86,6.1
2020-11-22 06:00:00,0.0,22.9,99,4.7
2020-11-22 07:00:00,81.0,24.3,94,0.8
2020-11-22 08:00:00,285.0,25.9,89,1.9
2020-11-22 09:00:00,485.0,27.4,81,4.1
2020-11-22 10:00:00,613.0,28.6,76,3.3
2020-11-22 11:00:00,765.0,29.9,70,2.9
2020-11-22 12:00:00,770.0,30.5,66,3.0
2020-11-22 13:00:00,759.0,31.0,64,3.4
2020-11-22 14:00:00,697.0,31.2,64,4.4
2020-11-22 15:00:00,554.0,31.0,66,4.2
2020-11-22 16:00:00,331.0,30.2,70,7.6
2020-11-22 17:00:00,137.0,28.4,79,6.4
2020-11-23 06:00:00,0.0,23.1,98,2.9
2020-11-23 07:00:00,86.0,25.5,90,0.8
2020-11-23 08:00:00,294.0,27.5,79,2.3
2020-11-23 09:00:00,497.0,28.6,75,4.1
2020-11-23 10:00:00,682.0,30.0,70,4.8
2020-11-23 11:00:00,815.0,31.1,64,4.6
2020-11-23 12:00:00,840.0,31.9,60,3.2
2020-11-23 13:00:00,786.0,32.2,59,2.3
2020-11-23 14:00:00,717.0,32.3,58,1.8
2020-11-23 15:00:00,546.0,32.0,59,4.3
2020-11-23 16:00:00,359.0,31.5,63,6.1
2020-11-23 17:00:00,147.0,29.9,78,3.8
2020-11-24 06:00:00,0.0,24.6,92,7.6
2020-11-24 07:00:00,61.0,26.1,87,10.1
2020-11-24 08:00:00,263.0,27.9,80,11.5
2020-11-24 09:00:00,494.0,29.3,73,13.5
2020-11-24 10:00:00,626.0,30.5,68,15.5
2020-11-24 11:00:00,816.0,32.2,59,14.8
2020-11-24 12:00:00,852.0,32.7,57,12.3
2020-11-24 13:00:00,836.0,33.0,56,9.4
2020-11-24 14:00:00,666.0,32.4,59,8.6
2020-11-24 15:00:00,440.0,30.5,69,4.5
2020-11-24 16:00:00,276.0,29.6,76,4.7
2020-11-24 17:00:00,84.0,29.0,82,5.2
2020-11-25 06:00:00,0.0,24.3,85,6.4
2020-11-25 07:00:00,69.0,26.0,79,10.7
2020-11-25 08:00:00,273.0,27.6,73,8.0
2020-11-25 09:00:00,474.0,29.4,68,9.0
2020-11-25 10:00:00,654.0,30.8,63,7.6
2020-11-25 11:00:00,702.0,31.6,60,6.5
2020-11-25 12:00:00,775.0,32.0,60,8.8
2020-11-25 13:00:00,734.0,32.1,61,11.7
2020-11-25 14:00:00,574.0,31.1,63,12.2
2020-11-25 15:00:00,421.0,31.0,62,11.2
2020-11-25 16:00:00,236.0,28.8,78,14.0
2020-11-25 17:00:00,110.0,27.8,83,10.5
2020-11-26 06:00:00,0.0,25.2,78,15.4
2020-11-26 07:00:00,80.0,25.9,77,15.6
2020-11-26 08:00:00,275.0,27.5,71,16.9
2020-11-26 09:00:00,499.0,29.2,65,18.1
2020-11-26 10:00:00,674.0,30.4,62,15.9
2020-11-26 11:00:00,793.0,31.4,58,12.3
2020-11-26 12:00:00,860.0,32.2,55,9.4
2020-11-26 13:00:00,853.0,32.7,53,7.7
2020-11-26 14:00:00,713.0,32.7,54,6.6
2020-11-26 15:00:00,516.0,32.3,55,5.4
2020-11-26 16:00:00,315.0,31.1,61,5.8
2020-11-26 17:00:00,144.0,29.2,75,5.8
2020-11-27 06:00:00,0.0,24.2,82,9.2
2020-11-27 07:00:00,70.0,25.5,79,7.1
2020-11-27 08:00:00,264.0,27.0,75,3.4
2020-11-27 09:00:00,401.0,28.2,71,5.1
2020-11-27 10:00:00,634.0,29.9,65,7.5
2020-11-27 11:00:00,801.0,31.1,60,8.9
2020-11-27 12:00:00,848.0,32.0,58,9.3
2020-11-27 13:00:00,810.0,32.7,57,8.4
2020-11-27 14:00:00,692.0,32.2,57,6.1
2020-11-27 15:00:00,476.0,30.4,67,9.1
2020-11-27 16:00:00,245.0,28.9,75,6.8
2020-11-27 17:00:00,103.0,28.1,80,4.5
2020-11-28 06:00:00,0.0,23.4,94,4.1
2020-11-28 07:00:00,55.0,25.0,94,5.6
2020-11-28 08:00:00,216.0,26.5,83,5.0
2020-11-28 09:00:00,317.0,27.1,79,4.0
2020-11-28 10:00:00,556.0,28.6,71,5.3
2020-11-28 11:00:00,564.0,29.5,67,4.1
2020-11-28 12:00:00,675.0,30.6,64,2.0
2020-11-28 13:00:00,549.0,30.8,64,2.3
2020-11-28 14:00:00,538.0,31.0,65,3.7
2020-11-28 15:00:00,382.0,30.7,66,3.1
2020-11-28 16:00:00,200.0,28.0,83,8.1
2020-11-28 17:00:00,41.0,26.6,90,4.4
2020-11-29 06:00:00,0.0,22.9,96,5.6
2020-11-29 07:00:00,73.0,24.1,89,8.0
2020-11-29 08:00:00,283.0,26.3,81,8.0
2020-11-29 09:00:00,498.0,28.0,75,6.1
2020-11-29 10:00:00,661.0,29.5,69,3.4
2020-11-29 11:00:00,807.0,31.3,61,4.0
2020-11-29 12:00:00,845.0,32.3,56,5.1
2020-11-29 13:00:00,790.0,32.9,54,6.0
2020-11-29 14:00:00,703.0,33.0,54,7.6
2020-11-29 15:00:00,484.0,32.5,56,10.9
2020-11-29 16:00:00,299.0,31.4,64,8.7
2020-11-29 17:00:00,139.0,29.9,74,7.9
2020-11-30 06:00:00,0.0,24.8,81,7.2
2020-11-30 07:00:00,74.0,26.4,79,9.8
2020-11-30 08:00:00,265.0,27.9,73,9.3
2020-11-30 09:00:00,452.0,29.4,66,8.4
2020-11-30 10:00:00,679.0,31.2,60,6.7
2020-11-30 11:00:00,793.0,32.5,55,6.5
2020-11-30 12:00:00,789.0,33.0,53,8.1
2020-11-30 13:00:00,802.0,33.2,53,10.1
2020-11-30 14:00:00,612.0,33.3,54,10.2
2020-11-30 15:00:00,508.0,33.0,53,9.2
2020-11-30 16:00:00,337.0,32.3,58,4.4
2020-11-30 17:00:00,130.0,27.5,84,14.4
2020-12-01 06:00:00,0.0,24.0,99,5.4
2020-12-01 07:00:00,44.0,24.9,90,5.0
2020-12-01 08:00:00,198.0,25.9,88,5.4
2020-12-01 09:00:00,337.0,27.2,81,5.1
2020-12-01 10:00:00,456.0,28.5,76,3.6
2020-12-01 11:00:00,506.0,29.8,69,2.7
2020-12-01 12:00:00,643.0,30.9,64,3.3
2020-12-01 13:00:00,701.0,31.6,65,4.0
2020-12-01 14:00:00,574.0,31.1,69,4.7
2020-12-01 15:00:00,404.0,29.4,76,11.2
2020-12-01 16:00:00,234.0,28.3,80,9.7
2020-12-01 17:00:00,107.0,26.8,87,9.0
2020-12-02 06:00:00,0.0,23.5,99,2.6
2020-12-02 07:00:00,45.0,24.0,94,4.4
2020-12-02 08:00:00,244.0,25.5,87,2.8
2020-12-02 09:00:00,411.0,26.9,81,2.2
2020-12-02 10:00:00,477.0,28.1,77,5.1
2020-12-02 11:00:00,620.0,29.5,72,6.9
2020-12-02 12:00:00,761.0,30.6,67,4.9
2020-12-02 13:00:00,713.0,31.0,67,3.9
2020-12-02 14:00:00,593.0,31.0,68,4.7
2020-12-02 15:00:00,488.0,30.9,68,6.9
2020-12-02 16:00:00,309.0,29.8,70,10.1
2020-12-02 17:00:00,122.0,28.8,75,9.3
2020-12-03 06:00:00,0.0,23.5,99,2.0
2020-12-03 07:00:00,43.0,24.4,97,6.1
2020-12-03 08:00:00,197.0,25.5,91,3.9
2020-12-03 09:00:00,369.0,26.8,84,4.6
2020-12-03 10:00:00,565.0,28.6,75,6.8
2020-12-03 11:00:00,675.0,30.0,66,7.8
2020-12-03 12:00:00,764.0,31.0,62,8.2
2020-12-03 13:00:00,742.0,31.6,57,5.2
2020-12-03 14:00:00,714.0,32.3,51,2.1
2020-12-03 15:00:00,491.0,32.2,50,2.5
2020-12-03 16:00:00,368.0,31.1,61,8.3
2020-12-03 17:00:00,164.0,29.1,70,12.6
2020-12-04 06:00:00,0.0,23.3,78,15.0
2020-12-04 07:00:00,75.0,24.3,74,14.7
2020-12-04 08:00:00,293.0,26.5,69,16.8
2020-12-04 09:00:00,516.0,28.4,62,17.6
2020-12-04 10:00:00,699.0,30.0,52,14.5
2020-12-04 11:00:00,825.0,31.1,49,12.7
2020-12-04 12:00:00,883.0,31.9,47,13.0
2020-12-04 13:00:00,864.0,32.5,44,12.7
2020-12-04 14:00:00,771.0,32.8,42,11.6
2020-12-04 15:00:00,613.0,32.7,42,10.9
2020-12-04 16:00:00,407.0,31.9,47,7.7
2020-12-04 17:00:00,180.0,29.6,58,6.6
2020-12-05 06:00:00,0.0,23.4,85,12.5
2020-12-05 07:00:00,70.0,24.8,80,14.5
2020-12-05 08:00:00,285.0,26.8,73,16.3
2020-12-05 09:00:00,506.0,28.8,64,15.5
2020-12-05 10:00:00,689.0,30.6,55,12.7
2020-12-05 11:00:00,810.0,32.0,49,9.7
2020-12-05 12:00:00,861.0,32.8,47,7.6
2020-12-05 13:00:00,825.0,33.2,46,6.9
2020-12-05 14:00:00,666.0,33.3,46,6.8
2020-12-05 15:00:00,539.0,33.2,46,6.6
2020-12-05 16:00:00,341.0,32.7,51,5.9
2020-12-05 17:00:00,144.0,31.0,63,3.5
2020-12-06 06:00:00,0.0,24.7,82,12.4
2020-12-06 07:00:00,70.0,26.0,77,13.5
2020-12-06 08:00:00,281.0,28.1,68,13.2
2020-12-06 09:00:00,500.0,29.9,60,14.3
2020-12-06 10:00:00,673.0,31.4,55,14.2
2020-12-06 11:00:00,800.0,32.8,49,11.0
2020-12-06 12:00:00,848.0,33.7,46,8.4
2020-12-06 13:00:00,843.0,34.3,44,5.1
2020-12-06 14:00:00,745.0,34.6,44,3.5
2020-12-06 15:00:00,586.0,34.6,43,2.5
2020-12-06 16:00:00,366.0,33.7,47,4.6
2020-12-06 17:00:00,161.0,31.9,66,4.8
2020-12-07 06:00:00,0.0,25.2,83,10.2
2020-12-07 07:00:00,65.0,27.0,74,11.5
2020-12-07 08:00:00,262.0,29.0,67,12.9
2020-12-07 09:00:00,464.0,30.6,61,14.1
2020-12-07 10:00:00,609.0,32.0,54,11.1
2020-12-07 11:00:00,699.0,33.1,50,8.5
2020-12-07 12:00:00,753.0,33.8,48,6.1
2020-12-07 13:00:00,810.0,34.5,46,5.2
2020-12-07 14:00:00,686.0,34.7,45,5.1
2020-12-07 15:00:00,465.0,33.9,47,3.0
2020-12-07 16:00:00,272.0,32.0,54,4.3
2020-12-07 17:00:00,111.0,29.8,69,4.1
2020-12-08 06:00:00,0.0,24.8,87,3.7
2020-12-08 07:00:00,61.0,26.1,80,7.4
2020-12-08 08:00:00,205.0,27.9,72,6.8
2020-12-08 09:00:00,412.0,29.6,64,8.0
2020-12-08 10:00:00,592.0,31.4,59,6.4
2020-12-08 11:00:00,685.0,32.6,53,5.4
2020-12-08 12:00:00,778.0,33.4,50,5.7
2020-12-08 13:00:00,598.0,33.2,51,7.9
2020-12-08 14:00:00,666.0,33.6,50,5.4
2020-12-08 15:00:00,505.0,33.6,49,4.1
2020-12-08 16:00:00,359.0,33.2,50,3.4
2020-12-08 17:00:00,145.0,31.5,63,4.7
2020-12-09 06:00:00,0.0,24.1,97,3.8
2020-12-09 07:00:00,49.0,25.5,90,6.9
2020-12-09 08:00:00,190.0,26.9,81,7.0
2020-12-09 09:00:00,381.0,28.2,74,8.6
2020-12-09 10:00:00,439.0,29.9,66,11.6
2020-12-09 11:00:00,614.0,31.7,59,13.2
2020-12-09 12:00:00,736.0,32.8,56,14.0
2020-12-09 13:00:00,769.0,32.2,59,14.0
2020-12-09 14:00:00,540.0,33.3,51,2.7
2020-12-09 15:00:00,440.0,31.4,61,7.4
2020-12-09 16:00:00,247.0,28.7,77,12.8
2020-12-09 17:00:00,115.0,27.8,78,10.7
2020-12-10 06:00:00,0.0,23.9,81,7.0
2020-12-10 07:00:00,54.0,24.9,79,6.8
2020-12-10 08:00:00,268.0,27.5,69,10.1
2020-12-10 09:00:00,476.0,29.6,60,15.8
2020-12-10 10:00:00,644.0,31.2,55,16.4
2020-12-10 11:00:00,781.0,32.7,50,16.0
2020-12-10 12:00:00,786.0,33.2,48,13.1
2020-12-10 13:00:00,724.0,33.5,47,11.8
2020-12-10 14:00:00,648.0,33.7,45,12.5
2020-12-10 15:00:00,513.0,33.4,45,13.3
2020-12-10 16:00:00,370.0,32.8,48,9.9
2020-12-10 17:00:00,164.0,31.2,58,5.2
2020-12-11 06:00:00,0.0,24.6,72,16.6
2020-12-11 07:00:00,64.0,25.9,68,16.4
2020-12-11 08:00:00,272.0,27.9,61,20.0
2020-12-11 09:00:00,484.0,29.8,55,20.6
2020-12-11 10:00:00,656.0,31.5,48,16.6
2020-12-11 11:00:00,777.0,32.8,43,14.5
2020-12-11 12:00:00,823.0,33.7,40,13.0
2020-12-11 13:00:00,832.0,34.2,39,12.5
2020-12-11 14:00:00,733.0,34.3,38,10.8
2020-12-11 15:00:00,592.0,34.5,36,6.9
2020-12-11 16:00:00,407.0,34.0,38,5.6
2020-12-11 17:00:00,161.0,31.8,49,7.1
2020-12-12 06:00:00,0.0,24.5,74,19.3
2020-12-12 07:00:00,63.0,25.5,72,18.8
2020-12-12 08:00:00,276.0,27.5,67,20.9
2020-12-12 09:00:00,498.0,29.8,58,20.3
2020-12-12 10:00:00,683.0,31.9,48,17.7
2020-12-12 11:00:00,811.0,33.4,40,14.7
2020-12-12 12:00:00,873.0,34.5,36,11.3
2020-12-12 13:00:00,861.0,35.1,34,9.4
2020-12-12 14:00:00,773.0,35.4,33,6.9
2020-12-12 15:00:00,622.0,35.5,31,6.7
2020-12-12 16:00:00,419.0,34.8,33,7.1
2020-12-12 17:00:00,191.0,32.0,48,5.9
2020-12-13 06:00:00,0.0,24.4,75,18.1
2020-12-13 07:00:00,62.0,25.6,73,18.1
2020-12-13 08:00:00,274.0,27.6,65,19.5
2020-12-13 09:00:00,496.0,30.0,56,20.0
2020-12-13 10:00:00,682.0,32.0,47,18.2
2020-12-13 11:00:00,811.0,33.5,40,15.2
2020-12-13 12:00:00,874.0,34.5,36,10.6
2020-12-13 13:00:00,863.0,35.0,33,8.0
2020-12-13 14:00:00,776.0,35.3,33,8.5
2020-12-13 15:00:00,623.0,35.0,34,11.2
2020-12-13 16:00:00,418.0,34.3,36,11.1
2020-12-13 17:00:00,191.0,32.3,45,5.9
2020-12-14 06:00:00,0.0,24.2,79,11.8
2020-12-14 07:00:00,60.0,25.8,74,13.0
2020-12-14 08:00:00,267.0,28.0,66,14.8
2020-12-14 09:00:00,488.0,30.3,56,14.3
2020-12-14 10:00:00,675.0,32.5,44,11.9
2020-12-14 11:00:00,803.0,34.0,38,9.7
2020-12-14 12:00:00,863.0,35.0,35,7.6
2020-12-14 13:00:00,850.0,35.7,34,5.7
2020-12-14 14:00:00,743.0,36.0,32,6.2
2020-12-14 15:00:00,446.0,35.2,35,7.2
2020-12-14 16:00:00,343.0,34.7,37,9.0
2020-12-14 17:00:00,159.0,32.8,53,4.0
2020-12-15 06:00:00,0.0,25.1,76,6.1
2020-12-15 07:00:00,55.0,27.0,67,7.7
2020-12-15 08:00:00,194.0,28.3,60,5.8
2020-12-15 09:00:00,451.0,30.4,53,9.4
2020-12-15 10:00:00,622.0,32.2,48,12.0
2020-12-15 11:00:00,743.0,33.8,43,11.4
2020-12-15 12:00:00,823.0,35.0,40,9.5
2020-12-15 13:00:00,806.0,35.5,38,7.1
2020-12-15 14:00:00,681.0,35.5,37,6.1
2020-12-15 15:00:00,492.0,35.0,38,5.1
2020-12-15 16:00:00,333.0,33.7,42,5.5
2020-12-15 17:00:00,143.0,31.7,53,3.2
2020-12-16 06:00:00,0.0,25.5,72,8.9
2020-12-16 07:00:00,51.0,26.4,71,3.5
2020-12-16 08:00:00,233.0,28.2,63,5.5
2020-12-16 09:00:00,426.0,30.3,55,6.6
2020-12-16 10:00:00,639.0,32.2,49,6.3
2020-12-16 11:00:00,763.0,33.5,46,7.0
2020-12-16 12:00:00,817.0,34.3,45,8.9
2020-12-16 13:00:00,732.0,34.5,45,9.3
2020-12-16 14:00:00,685.0,34.6,45,9.1
2020-12-16 15:00:00,536.0,34.5,46,5.3
2020-12-16 16:00:00,322.0,33.7,47,4.2
2020-12-16 17:00:00,139.0,31.0,56,15.6
2020-12-17 06:00:00,0.0,26.1,72,12.0
2020-12-17 07:00:00,42.0,27.2,68,12.0
2020-12-17 08:00:00,237.0,29.0,61,15.6
2020-12-17 09:00:00,446.0,30.9,54,16.9
2020-12-17 10:00:00,589.0,32.5,48,15.0
2020-12-17 11:00:00,770.0,34.0,43,13.2
2020-12-17 12:00:00,774.0,34.8,40,9.8
2020-12-17 13:00:00,729.0,35.2,39,6.8
2020-12-17 14:00:00,695.0,35.4,38,6.9
2020-12-17 15:00:00,519.0,35.2,39,6.9
2020-12-17 16:00:00,356.0,34.5,39,8.7
2020-12-17 17:00:00,165.0,33.1,46,4.8
2020-12-18 06:00:00,0.0,25.5,75,17.1
2020-12-18 07:00:00,54.0,26.7,68,14.0
2020-12-18 08:00:00,255.0,29.0,59,18.0
2020-12-18 09:00:00,468.0,30.8,54,20.6
2020-12-18 10:00:00,649.0,32.6,47,20.5
2020-12-18 11:00:00,777.0,34.2,40,16.9
2020-12-18 12:00:00,798.0,35.0,37,11.4
2020-12-18 13:00:00,783.0,35.7,35,9.4
2020-12-18 14:00:00,701.0,35.8,35,11.6
2020-12-18 15:00:00,555.0,35.1,37,13.1
2020-12-18 16:00:00,384.0,34.5,37,12.2
2020-12-18 17:00:00,184.0,33.3,40,7.6
2020-12-19 06:00:00,0.0,25.9,70,18.4
2020-12-19 07:00:00,49.0,26.9,65,17.4
2020-12-19 08:00:00,239.0,28.7,57,20.6
2020-12-19 09:00:00,443.0,31.0,48,21.3
2020-12-19 10:00:00,630.0,33.0,40,19.4
2020-12-19 11:00:00,768.0,34.0,38,13.3
2020-12-19 12:00:00,846.0,35.0,36,10.5
2020-12-19 13:00:00,769.0,35.5,34,10.1
2020-12-19 14:00:00,692.0,35.5,33,12.3
2020-12-19 15:00:00,552.0,35.3,32,14.6
2020-12-19 16:00:00,372.0,34.7,34,14.3
2020-12-19 17:00:00,184.0,33.4,37,10.8
2020-12-20 06:00:00,0.0,25.6,66,16.6
2020-12-20 07:00:00,49.0,26.6,64,16.1
2020-12-20 08:00:00,241.0,28.5,57,17.8
2020-12-20 09:00:00,462.0,30.5,48,18.0
2020-12-20 10:00:00,643.0,32.6,39,17.2
2020-12-20 11:00:00,780.0,34.2,34,13.3
2020-12-20 12:00:00,850.0,35.1,32,9.7
2020-12-20 13:00:00,840.0,35.7,31,8.7
2020-12-20 14:00:00,756.0,36.0,29,8.4
2020-12-20 15:00:00,603.0,35.8,29,8.8
2020-12-20 16:00:00,411.0,35.2,30,9.0
2020-12-20 17:00:00,193.0,34.0,34,8.2
2020-12-21 06:00:00,0.0,25.5,71,14.5
2020-12-21 07:00:00,49.0,26.5,68,13.0
2020-12-21 08:00:00,235.0,28.5,60,13.2
2020-12-21 09:00:00,453.0,30.8,51,12.6
2020-12-21 10:00:00,643.0,32.7,44,12.1
2020-12-21 11:00:00,777.0,34.2,39,10.0
2020-12-21 12:00:00,848.0,35.2,36,9.4
2020-12-21 13:00:00,826.0,35.8,34,8.7
2020-12-21 14:00:00,733.0,36.0,34,6.5
2020-12-21 15:00:00,566.0,35.8,34,4.4
2020-12-21 16:00:00,385.0,35.5,34,5.0
2020-12-21 17:00:00,187.0,34.3,37,6.0
2020-12-22 06:00:00,0.0,26.0,74,13.2
2020-12-22 07:00:00,48.0,27.0,69,11.2
2020-12-22 08:00:00,242.0,29.1,59,12.0
2020-12-22 09:00:00,451.0,31.2,51,11.5
2020-12-22 10:00:00,640.0,33.0,45,11.2
2020-12-22 11:00:00,768.0,34.5,42,12.4
2020-12-22 12:00:00,842.0,35.5,41,12.4
2020-12-22 13:00:00,792.0,36.0,38,10.5
2020-12-22 14:00:00,635.0,36.2,37,10.3
2020-12-22 15:00:00,531.0,36.0,37,11.2
2020-12-22 16:00:00,379.0,35.4,37,11.3
2020-12-22 17:00:00,151.0,34.2,40,9.8
2020-12-23 06:00:00,0.0,26.5,71,19.1
2020-12-23 07:00:00,43.0,27.2,68,17.3
2020-12-23 08:00:00,227.0,29.0,61,21.1
2020-12-23 09:00:00,424.0,30.9,53,18.4
2020-12-23 10:00:00,539.0,32.7,46,16.8
2020-12-23 11:00:00,701.0,34.3,40,14.3
2020-12-23 12:00:00,766.0,35.1,38,12.4
2020-12-23 13:00:00,787.0,35.8,36,10.8
2020-12-23 14:00:00,680.0,35.8,35,10.0
2020-12-23 15:00:00,572.0,35.8,35,10.0
2020-12-23 16:00:00,368.0,35.0,36,10.5
2020-12-23 17:00:00,176.0,33.8,39,9.5
2020-12-24 06:00:00,0.0,26.6,66,20.7
2020-12-24 07:00:00,46.0,27.1,66,18.0
2020-12-24 08:00:00,241.0,29.4,57,21.3
2020-12-24 09:00:00,460.0,31.9,47,20.5
2020-12-24 10:00:00,650.0,33.7,40,19.1
2020-12-24 11:00:00,785.0,34.8,37,14.5
2020-12-24 12:00:00,855.0,35.8,35,10.4
2020-12-24 13:00:00,687.0,35.7,34,9.3
2020-12-24 14:00:00,647.0,35.8,33,7.3
2020-12-24 15:00:00,553.0,35.8,33,6.8
2020-12-24 16:00:00,385.0,35.5,34,8.7
2020-12-24 17:00:00,200.0,34.2,38,10.0
2020-12-25 06:00:00,0.0,25.6,74,12.5
2020-12-25 07:00:00,33.0,26.2,72,13.8
2020-12-25 08:00:00,225.0,28.2,65,17.3
2020-12-25 09:00:00,367.0,30.2,56,16.9
2020-12-25 10:00:00,621.0,32.2,47,16.0
2020-12-25 11:00:00,736.0,33.2,44,13.7
2020-12-25 12:00:00,829.0,34.3,39,10.0
2020-12-25 13:00:00,736.0,35.0,36,8.2
2020-12-25 14:00:00,642.0,34.5,37,12.4
2020-12-25 15:00:00,517.0,33.9,40,12.6
2020-12-25 16:00:00,356.0,33.8,39,9.7
2020-12-25 17:00:00,181.0,33.2,40,9.2
2020-12-26 06:00:00,0.0,24.5,88,1.9
2020-12-26 07:00:00,35.0,25.4,78,7.4
2020-12-26 08:00:00,195.0,26.5,74,8.6
2020-12-26 09:00:00,401.0,28.4,66,7.1
2020-12-26 10:00:00,587.0,30.0,59,6.9
2020-12-26 11:00:00,743.0,31.6,51,6.6
2020-12-26 12:00:00,718.0,32.3,46,5.9
2020-12-26 13:00:00,763.0,33.2,41,5.1
2020-12-26 14:00:00,650.0,32.9,42,7.6
2020-12-26 15:00:00,547.0,32.0,47,10.2
2020-12-26 16:00:00,329.0,31.3,51,6.4
2020-12-26 17:00:00,155.0,30.5,54,5.8
2020-12-27 06:00:00,0.0,23.4,94,7.6
2020-12-27 07:00:00,35.0,25.1,80,7.3
2020-12-27 08:00:00,197.0,26.4,75,8.7
2020-12-27 09:00:00,412.0,28.5,63,6.6
2020-12-27 10:00:00,612.0,30.5,54,7.3
2020-12-27 11:00:00,739.0,32.1,47,7.0
2020-12-27 12:00:00,642.0,32.8,42,4.8
2020-12-27 13:00:00,726.0,33.4,40,6.6
2020-12-27 14:00:00,681.0,33.2,42,10.8
2020-12-27 15:00:00,470.0,31.8,50,11.8
2020-12-27 16:00:00,352.0,31.3,50,9.2
2020-12-27 17:00:00,170.0,29.5,61,10.5
2020-12-28 06:00:00,0.0,22.5,98,3.6
2020-12-28 07:00:00,40.0,23.0,94,3.6
2020-12-28 08:00:00,221.0,24.8,85,3.4
2020-12-28 09:00:00,420.0,26.7,73,4.3
2020-12-28 10:00:00,619.0,28.8,62,5.1
2020-12-28 11:00:00,761.0,30.8,53,6.3
2020-12-28 12:00:00,822.0,32.2,47,5.3
2020-12-28 13:00:00,814.0,33.1,43,4.0
2020-12-28 14:00:00,700.0,33.5,41,3.3
2020-12-28 15:00:00,569.0,33.5,40,2.6
2020-12-28 16:00:00,367.0,33.0,42,2.6
2020-12-28 17:00:00,181.0,31.8,47,4.3
2020-12-29 06:00:00,0.0,24.5,71,8.2
2020-12-29 07:00:00,39.0,25.4,69,8.1
2020-12-29 08:00:00,226.0,27.5,62,8.0
2020-12-29 09:00:00,442.0,29.4,56,10.5
2020-12-29 10:00:00,636.0,31.5,47,11.3
2020-12-29 11:00:00,772.0,33.0,42,10.2
2020-12-29 12:00:00,836.0,34.0,39,8.1
2020-12-29 13:00:00,757.0,34.3,37,6.6
2020-12-29 14:00:00,666.0,34.4,37,6.0
2020-12-29 15:00:00,550.0,34.5,36,5.7
2020-12-29 16:00:00,369.0,33.8,38,6.2
2020-12-29 17:00:00,176.0,32.4,46,2.6
2020-12-30 06:00:00,0.0,24.6,67,17.6
2020-12-30 07:00:00,40.0,25.4,65,15.1
2020-12-30 08:00:00,224.0,27.2,58,18.3
2020-12-30 09:00:00,447.0,29.4,49,20.4
2020-12-30 10:00:00,637.0,31.5,40,16.9
2020-12-30 11:00:00,779.0,33.0,35,12.6
2020-12-30 12:00:00,842.0,34.1,32,10.3
2020-12-30 13:00:00,837.0,34.8,30,8.9
2020-12-30 14:00:00,754.0,35.0,28,9.0
2020-12-30 15:00:00,608.0,34.9,28,10.6
2020-12-30 16:00:00,441.0,34.2,30,14.8
2020-12-30 17:00:00,217.0,33.1,31,14.9
2020-12-31 06:00:00,0.0,23.9,74,14.9
2020-12-31 07:00:00,41.0,25.3,67,15.3
2020-12-31 08:00:00,237.0,27.9,55,16.9
2020-12-31 09:00:00,462.0,30.0,47,18.2
2020-12-31 10:00:00,656.0,32.0,41,16.9
2020-12-31 11:00:00,793.0,33.7,36,14.6
2020-12-31 12:00:00,862.0,34.9,32,11.6
2020-12-31 13:00:00,858.0,35.7,30,10.1
2020-12-31 14:00:00,785.0,36.1,28,9.2
2020-12-31 15:00:00,646.0,36.0,27,7.8
2020-12-31 16:00:00,448.0,35.5,27,11.5
2020-12-31 17:00:00,227.0,34.2,30,14.0
2021-01-01 06:00:00,0.0,25.2,71,18.0
2021-01-01 07:00:00,39.0,25.9,68,17.5
2021-01-01 08:00:00,222.0,27.9,61,21.1
2021-01-01 09:00:00,458.0,30.4,51,22.7
2021-01-01 10:00:00,653.0,32.3,43,20.9
2021-01-01 11:00:00,778.0,33.8,39,17.8
2021-01-01 12:00:00,779.0,34.8,35,12.4
2021-01-01 13:00:00,746.0,35.2,33,8.3
2021-01-01 14:00:00,737.0,35.9,31,8.3
2021-01-01 15:00:00,604.0,35.7,32,12.4
2021-01-01 16:00:00,388.0,34.8,34,16.9
2021-01-01 17:00:00,186.0,33.5,38,16.6
2021-01-02 06:00:00,0.0,25.0,73,13.8
2021-01-02 07:00:00,38.0,25.8,67,16.4
2021-01-02 08:00:00,232.0,28.0,59,20.4
2021-01-02 09:00:00,454.0,30.9,48,18.6
2021-01-02 10:00:00,648.0,33.0,40,15.6
2021-01-02 11:00:00,782.0,34.2,39,15.6
2021-01-02 12:00:00,855.0,35.3,35,12.9
2021-01-02 13:00:00,854.0,36.2,32,11.1
2021-01-02 14:00:00,774.0,36.7,32,12.3
2021-01-02 15:00:00,620.0,36.2,33,16.1
2021-01-02 16:00:00,419.0,35.1,36,18.9
2021-01-02 17:00:00,205.0,33.5,41,20.4
2021-01-03 06:00:00,0.0,25.5,66,19.7
2021-01-03 07:00:00,38.0,26.2,63,19.0
2021-01-03 08:00:00,229.0,28.2,53,23.5
2021-01-03 09:00:00,452.0,30.5,43,24.5
2021-01-03 10:00:00,643.0,32.2,37,23.1
2021-01-03 11:00:00,783.0,33.5,33,21.4
2021-01-03 12:00:00,864.0,34.5,31,18.6
2021-01-03 13:00:00,869.0,35.3,30,15.7
2021-01-03 14:00:00,791.0,35.6,30,13.8
2021-01-03 15:00:00,646.0,35.5,29,11.5
2021-01-03 16:00:00,457.0,35.0,31,10.2
2021-01-03 17:00:00,234.0,33.8,33,11.1
2021-01-04 06:00:00,0.0,24.0,61,20.2
2021-01-04 07:00:00,39.0,24.8,58,16.4
2021-01-04 08:00:00,235.0,26.9,49,19.6
2021-01-04 09:00:00,465.0,29.5,38,20.0
2021-01-04 10:00:00,664.0,31.6,31,14.7
2021-01-04 11:00:00,809.0,33.0,29,10.8
2021-01-04 12:00:00,888.0,34.2,27,9.4
2021-01-04 13:00:00,888.0,35.0,23,8.7
2021-01-04 14:00:00,815.0,35.5,20,7.0
2021-01-04 15:00:00,671.0,35.7,19,6.6
2021-01-04 16:00:00,473.0,35.5,20,7.5
2021-01-04 17:00:00,242.0,34.1,22,8.2
2021-01-05 06:00:00,0.0,23.8,65,15.8
2021-01-05 07:00:00,38.0,24.8,60,15.8
2021-01-05 08:00:00,237.0,26.9,52,16.8
2021-01-05 09:00:00,468.0,29.9,38,16.5
2021-01-05 10:00:00,669.0,32.2,28,14.2
2021-01-05 11:00:00,815.0,33.7,25,10.8
2021-01-05 12:00:00,891.0,34.8,22,8.3
2021-01-05 13:00:00,893.0,35.5,21,7.0
2021-01-05 14:00:00,820.0,36.0,20,5.8
2021-01-05 15:00:00,674.0,36.0,19,5.4
2021-01-05 16:00:00,473.0,35.7,19,5.4
2021-01-05 17:00:00,242.0,34.5,23,4.0
2021-01-06 06:00:00,0.0,23.5,68,9.2
2021-01-06 07:00:00,37.0,24.5,63,8.3
2021-01-06 08:00:00,229.0,27.4,52,5.5
2021-01-06 09:00:00,457.0,29.2,50,4.1
2021-01-06 10:00:00,655.0,31.3,41,4.3
2021-01-06 11:00:00,797.0,33.0,34,4.2
2021-01-06 12:00:00,874.0,34.5,28,5.5
2021-01-06 13:00:00,876.0,35.3,25,6.0
2021-01-06 14:00:00,803.0,35.8,24,6.1
2021-01-06 15:00:00,660.0,36.0,24,7.7
2021-01-06 16:00:00,455.0,35.5,25,8.4
2021-01-06 17:00:00,236.0,34.6,27,9.7
2021-01-07 06:00:00,0.0,24.4,76,6.7
2021-01-07 07:00:00,34.0,25.5,70,8.3
2021-01-07 08:00:00,210.0,27.9,56,9.4
2021-01-07 09:00:00,410.0,29.5,53,7.4
2021-01-07 10:00:00,560.0,31.0,50,7.2
2021-01-07 11:00:00,732.0,32.5,45,6.9
2021-01-07 12:00:00,745.0,33.5,42,9.3
2021-01-07 13:00:00,787.0,34.4,39,10.0
2021-01-07 14:00:00,708.0,34.8,37,9.3
2021-01-07 15:00:00,578.0,35.2,35,9.2
2021-01-07 16:00:00,372.0,35.1,35,6.6
2021-01-07 17:00:00,196.0,34.2,37,7.8
2021-01-08 06:00:00,0.0,25.9,66,9.3
2021-01-08 07:00:00,32.0,27.0,64,12.9
2021-01-08 08:00:00,192.0,29.0,57,13.0
2021-01-08 09:00:00,394.0,30.8,50,13.3
2021-01-08 10:00:00,576.0,32.5,45,14.4
2021-01-08 11:00:00,735.0,34.0,41,15.0
2021-01-08 12:00:00,828.0,35.0,39,12.8
2021-01-08 13:00:00,741.0,35.8,37,12.2
2021-01-08 14:00:00,478.0,35.0,37,9.5
2021-01-08 15:00:00,432.0,34.2,39,8.8
2021-01-08 16:00:00,383.0,34.3,39,8.2
2021-01-08 17:00:00,143.0,32.7,44,12.2
2021-01-09 06:00:00,0.0,25.3,83,2.8
2021-01-09 07:00:00,24.0,25.8,79,4.5
2021-01-09 08:00:00,150.0,27.2,73,4.3
2021-01-09 09:00:00,409.0,29.5,64,2.8
2021-01-09 10:00:00,520.0,31.1,56,4.5
2021-01-09 11:00:00,663.0,32.5,50,6.1
2021-01-09 12:00:00,768.0,33.8,45,7.9
2021-01-09 13:00:00,720.0,34.2,43,9.4
2021-01-09 14:00:00,716.0,35.2,39,8.4
2021-01-09 15:00:00,580.0,34.2,42,10.0
2021-01-09 16:00:00,346.0,31.4,54,8.8
2021-01-09 17:00:00,154.0,30.1,59,7.7
2021-01-10 06:00:00,0.0,25.3,70,14.5
2021-01-10 07:00:00,27.0,26.0,66,10.3
2021-01-10 08:00:00,167.0,27.6,60,9.0
2021-01-10 09:00:00,361.0,30.1,53,9.4
2021-01-10 10:00:00,549.0,32.2,46,9.7
2021-01-10 11:00:00,727.0,34.0,40,7.9
2021-01-10 12:00:00,789.0,35.0,37,6.3
2021-01-10 13:00:00,816.0,36.0,34,6.0
2021-01-10 14:00:00,753.0,36.5,33,7.8
2021-01-10 15:00:00,645.0,36.5,34,13.8
2021-01-10 16:00:00,389.0,35.5,35,15.3
2021-01-10 17:00:00,201.0,34.5,38,10.5
2021-01-11 06:00:00,0.0,26.0,73,14.4
2021-01-11 07:00:00,28.0,27.1,66,17.1
2021-01-11 08:00:00,188.0,29.5,56,17.4
2021-01-11 09:00:00,355.0,31.4,48,14.2
2021-01-11 10:00:00,532.0,33.0,42,10.2
2021-01-11 11:00:00,707.0,34.7,38,9.4
2021-01-11 12:00:00,762.0,35.5,36,7.0
2021-01-11 13:00:00,759.0,36.4,33,7.2
2021-01-11 14:00:00,737.0,36.0,34,14.1
2021-01-11 15:00:00,535.0,35.7,36,11.9
2021-01-11 16:00:00,403.0,35.4,36,13.3
2021-01-11 17:00:00,185.0,34.8,36,12.0
2021-01-12 06:00:00,0.0,25.1,62,15.8
2021-01-12 07:00:00,33.0,25.7,56,18.2
2021-01-12 08:00:00,214.0,27.9,50,20.1
2021-01-12 09:00:00,418.0,30.3,43,19.6
2021-01-12 10:00:00,638.0,32.8,37,17.1
2021-01-12 11:00:00,798.0,34.5,32,15.6
2021-01-12 12:00:00,870.0,35.9,29,14.5
2021-01-12 13:00:00,880.0,36.8,27,14.5
2021-01-12 14:00:00,776.0,36.8,28,15.5
2021-01-12 15:00:00,671.0,36.7,28,16.3
2021-01-12 16:00:00,476.0,36.1,28,16.9
2021-01-12 17:00:00,235.0,35.0,29,17.0
2021-01-13 06:00:00,0.0,24.5,73,18.1
2021-01-13 07:00:00,32.0,25.4,68,18.1
2021-01-13 08:00:00,203.0,28.0,56,17.6
2021-01-13 09:00:00,434.0,31.2,41,14.5
2021-01-13 10:00:00,643.0,33.3,34,12.8
2021-01-13 11:00:00,779.0,34.8,30,11.3
2021-01-13 12:00:00,845.0,35.8,28,10.8
2021-01-13 13:00:00,857.0,36.7,26,9.7
2021-01-13 14:00:00,793.0,37.2,24,7.7
2021-01-13 15:00:00,662.0,37.3,22,7.4
2021-01-13 16:00:00,480.0,37.0,22,8.7
2021-01-13 17:00:00,251.0,36.0,25,9.0
2021-01-14 06:00:00,0.0,24.4,59,9.8
2021-01-14 07:00:00,32.0,24.9,56,9.7
2021-01-14 08:00:00,217.0,27.5,48,9.5
2021-01-14 09:00:00,457.0,30.4,40,9.3
2021-01-14 10:00:00,660.0,32.4,35,7.2
2021-01-14 11:00:00,807.0,34.3,30,6.9
2021-01-14 12:00:00,869.0,35.7,26,6.9
2021-01-14 13:00:00,885.0,36.5,24,6.1
2021-01-14 14:00:00,795.0,37.0,23,5.4
2021-01-14 15:00:00,648.0,37.2,22,4.6
2021-01-14 16:00:00,489.0,37.0,22,3.7
2021-01-14 17:00:00,259.0,36.2,23,4.1
2021-01-15 06:00:00,0.0,25.0,66,10.5
2021-01-15 07:00:00,32.0,25.7,62,10.8
2021-01-15 08:00:00,222.0,28.2,54,12.5
2021-01-15 09:00:00,452.0,30.3,47,9.4
2021-01-15 10:00:00,656.0,32.2,41,6.5
2021-01-15 11:00:00,809.0,33.9,35,6.8
2021-01-15 12:00:00,890.0,35.2,32,8.0
2021-01-15 13:00:00,896.0,36.0,29,7.3
2021-01-15 14:00:00,827.0,36.6,28,6.1
2021-01-15 15:00:00,685.0,37.0,26,6.2
2021-01-15 16:00:00,489.0,36.8,24,7.1
2021-01-15 17:00:00,260.0,36.2,24,10.7
2021-01-16 06:00:00,0.0,24.9,62,12.5
2021-01-16 07:00:00,31.0,25.6,58,10.0
2021-01-16 08:00:00,220.0,27.8,51,9.7
2021-01-16 09:00:00,449.0,29.6,51,6.4
2021-01-16 10:00:00,649.0,31.6,45,5.8
2021-01-16 11:00:00,765.0,33.2,40,5.9
2021-01-16 12:00:00,868.0,34.5,34,6.6
2021-01-16 13:00:00,885.0,35.7,30,6.9
2021-01-16 14:00:00,796.0,36.5,26,6.9
2021-01-16 15:00:00,659.0,36.8,23,6.1
2021-01-16 16:00:00,470.0,36.5,22,5.1
2021-01-16 17:00:00,263.0,35.5,24,3.1
2021-01-17 06:00:00,0.0,25.0,63,10.0
2021-01-17 07:00:00,30.0,25.7,61,10.2
2021-01-17 08:00:00,216.0,27.9,55,7.5
2021-01-17 09:00:00,448.0,29.9,52,4.3
2021-01-17 10:00:00,651.0,31.9,44,3.7
2021-01-17 11:00:00,801.0,33.8,37,4.2
2021-01-17 12:00:00,884.0,35.5,31,6.7
2021-01-17 13:00:00,892.0,36.7,26,8.7
2021-01-17 14:00:00,827.0,37.2,23,9.5
2021-01-17 15:00:00,684.0,37.2,22,9.3
2021-01-17 16:00:00,483.0,36.9,22,8.4
2021-01-17 17:00:00,257.0,36.1,23,8.2
2021-01-18 06:00:00,0.0,24.5,70,18.9
2021-01-18 07:00:00,31.0,25.4,67,17.1
2021-01-18 08:00:00,222.0,27.6,56,20.7
2021-01-18 09:00:00,453.0,30.0,44,19.3
2021-01-18 10:00:00,656.0,32.0,37,13.7
2021-01-18 11:00:00,807.0,33.7,32,11.8
2021-01-18 12:00:00,890.0,35.2,27,10.1
2021-01-18 13:00:00,892.0,36.2,24,9.8
2021-01-18 14:00:00,809.0,36.8,22,10.6
2021-01-18 15:00:00,678.0,36.8,22,12.1
2021-01-18 16:00:00,478.0,36.3,22,12.6
2021-01-18 17:00:00,233.0,35.5,22,11.2
2021-01-19 06:00:00,0.0,25.0,67,16.4
2021-01-19 07:00:00,31.0,25.3,64,14.8
2021-01-19 08:00:00,222.0,28.0,50,15.1
2021-01-19 09:00:00,456.0,30.9,38,15.8
2021-01-19 10:00:00,664.0,32.8,32,14.7
2021-01-19 11:00:00,817.0,34.3,27,8.0
2021-01-19 12:00:00,904.0,35.8,25,5.1
2021-01-19 13:00:00,911.0,37.0,23,11.3
2021-01-19 14:00:00,840.0,37.3,22,14.6
2021-01-19 15:00:00,699.0,37.2,21,15.5
2021-01-19 16:00:00,502.0,37.0,22,15.0
2021-01-19 17:00:00,271.0,35.5,25,17.1
2021-01-20 06:00:00,0.0,26.2,63,21.7
2021-01-20 07:00:00,30.0,26.2,63,19.7
2021-01-20 08:00:00,211.0,28.5,54,18.7
2021-01-20 09:00:00,443.0,30.9,44,17.8
2021-01-20 10:00:00,646.0,32.8,37,15.3
2021-01-20 11:00:00,793.0,34.2,34,9.0
2021-01-20 12:00:00,880.0,35.6,32,4.5
2021-01-20 13:00:00,889.0,36.8,30,7.4
2021-01-20 14:00:00,798.0,37.0,29,12.7
2021-01-20 15:00:00,677.0,37.0,26,14.6
2021-01-20 16:00:00,476.0,36.8,27,12.6
2021-01-20 17:00:00,270.0,36.0,28,14.5
2021-01-21 06:00:00,0.0,25.2,67,20.0
2021-01-21 07:00:00,29.0,26.2,61,19.5
2021-01-21 08:00:00,213.0,28.3,53,23.2
2021-01-21 09:00:00,444.0,30.8,46,22.9
2021-01-21 10:00:00,640.0,32.9,37,19.5
2021-01-21 11:00:00,805.0,34.5,32,15.6
2021-01-21 12:00:00,891.0,35.8,28,12.4
2021-01-21 13:00:00,903.0,36.5,25,9.0
2021-01-21 14:00:00,824.0,37.0,25,8.4
2021-01-21 15:00:00,671.0,37.0,25,11.8
2021-01-21 16:00:00,483.0,36.5,25,12.6
2021-01-21 17:00:00,270.0,35.8,25,10.1
2021-01-22 06:00:00,0.0,25.4,65,21.1
2021-01-22 07:00:00,30.0,26.0,62,19.3
2021-01-22 08:00:00,221.0,28.4,53,21.3
2021-01-22 09:00:00,451.0,31.3,41,20.6
2021-01-22 10:00:00,658.0,33.3,34,16.1
2021-01-22 11:00:00,811.0,34.8,30,13.4
2021-01-22 12:00:00,891.0,36.0,27,10.9
2021-01-22 13:00:00,905.0,36.8,25,8.3
2021-01-22 14:00:00,837.0,37.3,24,6.4
2021-01-22 15:00:00,690.0,37.5,23,5.9
2021-01-22 16:00:00,501.0,37.2,23,5.9
2021-01-22 17:00:00,271.0,36.7,23,7.5
2021-01-23 06:00:00,0.0,25.7,61,17.7
2021-01-23 07:00:00,30.0,26.5,57,14.8
2021-01-23 08:00:00,221.0,29.4,47,14.8
2021-01-23 09:00:00,455.0,31.7,38,13.2
2021-01-23 10:00:00,661.0,33.5,33,9.7
2021-01-23 11:00:00,813.0,35.2,29,9.4
2021-01-23 12:00:00,897.0,36.2,27,8.0
2021-01-23 13:00:00,905.0,37.0,26,5.6
2021-01-23 14:00:00,838.0,37.6,25,5.5
2021-01-23 15:00:00,700.0,37.8,25,5.8
2021-01-23 16:00:00,507.0,37.6,24,6.4
2021-01-23 17:00:00,275.0,36.8,25,7.3
2021-01-24 06:00:00,0.0,25.5,70,12.3
2021-01-24 07:00:00,30.0,26.1,66,13.2
2021-01-24 08:00:00,217.0,28.6,56,15.8
2021-01-24 09:00:00,448.0,31.5,45,18.0
2021-01-24 10:00:00,653.0,33.7,39,17.2
2021-01-24 11:00:00,805.0,35.2,35,17.6
2021-01-24 12:00:00,890.0,36.7,29,13.6
2021-01-24 13:00:00,889.0,37.5,26,9.2
2021-01-24 14:00:00,839.0,38.0,25,7.2
2021-01-24 15:00:00,693.0,38.1,25,8.8
2021-01-24 16:00:00,464.0,37.6,26,12.6
2021-01-24 17:00:00,229.0,36.5,29,16.6
2021-01-25 06:00:00,0.0,25.9,62,21.1
2021-01-25 07:00:00,28.0,26.2,61,18.4
2021-01-25 08:00:00,210.0,28.2,53,22.0
2021-01-25 09:00:00,423.0,30.8,43,24.0
2021-01-25 10:00:00,623.0,33.2,34,22.7
2021-01-25 11:00:00,773.0,34.7,30,17.6
2021-01-25 12:00:00,853.0,36.2,27,14.2
2021-01-25 13:00:00,881.0,37.2,25,17.2
2021-01-25 14:00:00,821.0,37.5,25,16.8
2021-01-25 15:00:00,680.0,37.4,26,14.8
2021-01-25 16:00:00,474.0,36.9,27,15.5
2021-01-25 17:00:00,227.0,35.8,28,16.9
2021-01-26 06:00:00,0.0,24.8,67,19.4
2021-01-26 07:00:00,30.0,25.5,64,21.4
2021-01-26 08:00:00,222.0,27.9,53,22.3
2021-01-26 09:00:00,458.0,30.7,41,20.9
2021-01-26 10:00:00,668.0,32.9,33,18.0
2021-01-26 11:00:00,823.0,35.1,26,12.9
2021-01-26 12:00:00,910.0,36.6,24,9.4
2021-01-26 13:00:00,920.0,37.8,23,11.9
2021-01-26 14:00:00,853.0,38.2,23,15.8
2021-01-26 15:00:00,714.0,38.0,23,15.9
2021-01-26 16:00:00,515.0,37.3,23,15.3
2021-01-26 17:00:00,263.0,35.2,30,19.2
2021-01-27 06:00:00,0.0,24.6,72,19.6
2021-01-27 07:00:00,28.0,25.1,69,18.5
2021-01-27 08:00:00,212.0,27.6,57,22.2
2021-01-27 09:00:00,440.0,30.3,46,23.2
2021-01-27 10:00:00,659.0,32.8,36,20.5
2021-01-27 11:00:00,800.0,34.4,31,16.1
2021-01-27 12:00:00,904.0,35.8,27,11.0
2021-01-27 13:00:00,918.0,37.0,26,8.6
2021-01-27 14:00:00,835.0,37.8,25,10.3
2021-01-27 15:00:00,704.0,37.9,24,13.4
2021-01-27 16:00:00,489.0,37.2,26,15.2
2021-01-27 17:00:00,223.0,35.9,27,14.8
2021-01-28 06:00:00,0.0,24.6,71,19.9
2021-01-28 07:00:00,30.0,25.5,67,20.2
2021-01-28 08:00:00,224.0,28.1,56,23.3
2021-01-28 09:00:00,461.0,30.9,43,22.0
2021-01-28 10:00:00,670.0,33.0,34,16.6
2021-01-28 11:00:00,827.0,34.7,28,14.0
2021-01-28 12:00:00,914.0,36.1,24,13.4
2021-01-28 13:00:00,927.0,37.0,22,13.2
2021-01-28 14:00:00,860.0,37.3,21,13.7
2021-01-28 15:00:00,724.0,37.3,20,12.6
2021-01-28 16:00:00,524.0,37.0,19,11.6
2021-01-28 17:00:00,286.0,35.9,24,14.7
2021-01-29 06:00:00,0.0,25.3,56,17.0
2021-01-29 07:00:00,27.0,26.0,53,18.8
2021-01-29 08:00:00,178.0,27.5,51,24.6
2021-01-29 09:00:00,415.0,29.8,45,24.0
2021-01-29 10:00:00,623.0,32.2,36,16.6
2021-01-29 11:00:00,798.0,34.0,30,12.8
2021-01-29 12:00:00,860.0,35.0,26,9.7
2021-01-29 13:00:00,916.0,36.3,25,8.1
2021-01-29 14:00:00,848.0,37.0,23,14.7
2021-01-29 15:00:00,718.0,37.0,23,16.5
2021-01-29 16:00:00,523.0,36.3,24,14.5
2021-01-29 17:00:00,289.0,35.2,25,16.5
2021-01-30 06:00:00,0.0,26.0,52,22.4
2021-01-30 07:00:00,30.0,26.3,50,21.0
2021-01-30 08:00:00,220.0,28.4,43,23.5
2021-01-30 09:00:00,455.0,31.0,35,23.7
2021-01-30 10:00:00,665.0,33.2,30,21.6
2021-01-30 11:00:00,826.0,34.7,27,19.9
2021-01-30 12:00:00,919.0,35.8,25,19.2
2021-01-30 13:00:00,929.0,36.6,24,17.1
2021-01-30 14:00:00,861.0,37.0,24,14.8
2021-01-30 15:00:00,720.0,37.2,23,15.4
2021-01-30 16:00:00,522.0,36.7,24,18.8
2021-01-30 17:00:00,288.0,35.4,27,19.8
2021-01-31 06:00:00,0.0,24.9,68,15.9
2021-01-31 07:00:00,30.0,25.2,66,18.4
2021-01-31 08:00:00,220.0,27.8,56,20.2
2021-01-31 09:00:00,457.0,31.6,41,16.6
2021-01-31 10:00:00,666.0,34.3,33,14.2
2021-01-31 11:00:00,821.0,36.5,27,14.8
2021-01-31 12:00:00,908.0,38.1,24,20.3
2021-01-31 13:00:00,849.0,38.0,24,22.0
2021-01-31 14:00:00,777.0,38.2,23,18.8
2021-01-31 15:00:00,628.0,38.2,22,20.8
2021-01-31 16:00:00,468.0,37.8,23,23.1
2021-01-31 17:00:00,272.0,36.2,26,21.5
2021-02-01 06:00:00,0.0,25.7,71,18.4
2021-02-01 07:00:00,29.0,26.4,68,16.3
2021-02-01 08:00:00,215.0,28.8,59,17.6
2021-02-01 09:00:00,452.0,31.8,47,17.1
2021-02-01 10:00:00,651.0,34.2,37,11.1
2021-02-01 11:00:00,812.0,35.8,32,9.0
2021-02-01 12:00:00,889.0,37.1,29,5.5
2021-02-01 13:00:00,916.0,38.2,27,3.0
2021-02-01 14:00:00,830.0,38.9,26,1.1
2021-02-01 15:00:00,633.0,39.0,25,3.8
2021-02-01 16:00:00,455.0,38.5,25,7.9
2021-02-01 17:00:00,144.0,37.5,26,11.3
2021-02-02 06:00:00,0.0,26.4,61,3.9
2021-02-02 07:00:00,28.0,26.5,67,6.2
2021-02-02 08:00:00,212.0,28.1,74,8.4
2021-02-02 09:00:00,399.0,30.7,61,9.0
2021-02-02 10:00:00,544.0,32.5,53,8.0
2021-02-02 11:00:00,660.0,34.2,46,8.4
2021-02-02 12:00:00,800.0,35.7,41,8.6
2021-02-02 13:00:00,847.0,36.5,39,7.5
2021-02-02 14:00:00,782.0,36.7,37,6.1
2021-02-02 15:00:00,671.0,37.0,35,3.3
2021-02-02 16:00:00,471.0,36.7,35,3.2
2021-02-02 17:00:00,234.0,34.2,42,14.3
2021-02-03 06:00:00,0.0,26.2,67,15.8
2021-02-03 07:00:00,28.0,27.0,63,13.7
2021-02-03 08:00:00,214.0,29.0,55,19.5
2021-02-03 09:00:00,446.0,31.0,49,17.7
2021-02-03 10:00:00,658.0,32.6,43,13.3
2021-02-03 11:00:00,816.0,34.3,38,10.9
2021-02-03 12:00:00,906.0,35.8,34,8.6
2021-02-03 13:00:00,899.0,37.1,30,6.1
2021-02-03 14:00:00,824.0,37.9,27,5.9
2021-02-03 15:00:00,688.0,38.3,25,6.4
2021-02-03 16:00:00,499.0,38.2,24,6.1
2021-02-03 17:00:00,262.0,37.6,25,7.4
2021-02-04 06:00:00,0.0,26.8,61,15.2
2021-02-04 07:00:00,29.0,27.5,56,14.0
2021-02-04 08:00:00,217.0,29.8,49,15.2
2021-02-04 09:00:00,451.0,31.9,42,11.3
2021-02-04 10:00:00,663.0,33.9,38,6.5
2021-02-04 11:00:00,818.0,35.6,34,7.1
2021-02-04 12:00:00,909.0,36.9,30,6.5
2021-02-04 13:00:00,920.0,38.0,28,5.6
2021-02-04 14:00:00,765.0,38.2,27,5.2
2021-02-04 15:00:00,681.0,38.8,25,5.5
2021-02-04 16:00:00,491.0,38.6,24,8.7
2021-02-04 17:00:00,261.0,37.5,26,12.6
2021-02-05 06:00:00,0.0,26.5,68,14.1
2021-02-05 07:00:00,30.0,26.9,66,11.5
2021-02-05 08:00:00,219.0,29.5,55,8.8
2021-02-05 09:00:00,454.0,32.0,45,5.0
2021-02-05 10:00:00,662.0,34.0,40,5.1
2021-02-05 11:00:00,819.0,35.8,35,7.2
2021-02-05 12:00:00,905.0,37.0,32,6.9
2021-02-05 13:00:00,911.0,38.0,29,5.2
2021-02-05 14:00:00,848.0,38.8,27,3.7
2021-02-05 15:00:00,712.0,39.2,26,3.0
2021-02-05 16:00:00,478.0,39.2,25,2.6
2021-02-05 17:00:00,241.0,38.0,25,7.4
2021-02-06 06:00:00,0.0,26.6,63,14.3
2021-02-06 07:00:00,29.0,27.2,60,9.2
2021-02-06 08:00:00,214.0,29.4,53,7.9
2021-02-06 09:00:00,439.0,31.8,48,6.1
2021-02-06 10:00:00,659.0,33.9,41,6.9
2021-02-06 11:00:00,811.0,35.7,35,9.0
2021-02-06 12:00:00,899.0,37.0,30,9.4
2021-02-06 13:00:00,927.0,38.0,28,9.7
2021-02-06 14:00:00,860.0,38.5,26,9.9
2021-02-06 15:00:00,722.0,38.8,24,9.6
2021-02-06 16:00:00,522.0,38.5,24,7.9
2021-02-06 17:00:00,298.0,37.7,26,6.8
2021-02-07 06:00:00,0.0,25.0,65,20.4
2021-02-07 07:00:00,32.0,25.8,64,19.7
2021-02-07 08:00:00,226.0,28.4,54,21.4
2021-02-07 09:00:00,465.0,31.3,43,20.6
2021-02-07 10:00:00,677.0,33.8,34,16.0
2021-02-07 11:00:00,836.0,35.5,30,12.2
2021-02-07 12:00:00,927.0,36.6,27,8.7
2021-02-07 13:00:00,940.0,37.7,26,4.1
2021-02-07 14:00:00,872.0,38.5,26,2.2
2021-02-07 15:00:00,730.0,38.7,25,4.9
2021-02-07 16:00:00,503.0,38.5,25,6.8
2021-02-07 17:00:00,274.0,37.6,27,8.5
2021-02-08 06:00:00,0.0,26.2,62,20.4
2021-02-08 07:00:00,32.0,26.9,61,16.8
2021-02-08 08:00:00,223.0,29.2,52,18.7
2021-02-08 09:00:00,455.0,32.0,42,18.3
2021-02-08 10:00:00,669.0,34.2,35,14.4
2021-02-08 11:00:00,831.0,35.8,30,13.1
2021-02-08 12:00:00,924.0,37.1,27,12.3
2021-02-08 13:00:00,937.0,38.2,24,12.5
2021-02-08 14:00:00,868.0,38.7,23,12.3
2021-02-08 15:00:00,726.0,38.8,22,11.6
2021-02-08 16:00:00,514.0,38.3,23,10.9
2021-02-08 17:00:00,272.0,37.9,23,12.3
2021-02-09 06:00:00,0.0,26.0,65,23.1
2021-02-09 07:00:00,32.0,26.6,62,20.6
2021-02-09 08:00:00,222.0,28.6,55,22.4
2021-02-09 09:00:00,450.0,31.1,47,21.8
2021-02-09 10:00:00,650.0,33.3,39,18.5
2021-02-09 11:00:00,811.0,35.2,33,16.6
2021-02-09 12:00:00,901.0,36.5,29,14.8
2021-02-09 13:00:00,924.0,37.3,27,12.0
2021-02-09 14:00:00,869.0,37.8,26,9.8
2021-02-09 15:00:00,721.0,38.0,26,10.0
2021-02-09 16:00:00,506.0,37.7,26,10.4
2021-02-09 17:00:00,268.0,36.8,27,12.6
2021-02-10 06:00:00,0.0,26.1,59,20.4
2021-02-10 07:00:00,32.0,26.9,55,19.3
2021-02-10 08:00:00,223.0,29.0,47,21.8
2021-02-10 09:00:00,459.0,31.4,42,19.7
2021-02-10 10:00:00,670.0,33.0,39,13.9
2021-02-10 11:00:00,826.0,34.7,34,11.0
2021-02-10 12:00:00,906.0,36.0,30,8.8
2021-02-10 13:00:00,909.0,37.0,28,7.6
2021-02-10 14:00:00,850.0,37.5,25,7.1
2021-02-10 15:00:00,713.0,37.7,24,10.2
2021-02-10 16:00:00,511.0,37.5,24,16.3
2021-02-10 17:00:00,284.0,36.4,25,15.5
2021-02-11 06:00:00,0.0,25.6,50,16.1
2021-02-11 07:00:00,32.0,26.6,49,16.9
2021-02-11 08:00:00,224.0,28.6,42,22.4
2021-02-11 09:00:00,463.0,31.2,34,21.3
2021-02-11 10:00:00,676.0,33.4,29,17.8
2021-02-11 11:00:00,836.0,35.1,27,13.7
2021-02-11 12:00:00,930.0,36.5,24,10.0
2021-02-11 13:00:00,948.0,37.4,21,7.9
2021-02-11 14:00:00,885.0,38.0,21,6.0
2021-02-11 15:00:00,746.0,38.0,20,4.9
2021-02-11 16:00:00,545.0,37.8,20,6.9
2021-02-11 17:00:00,299.0,37.3,20,10.7
2021-02-12 06:00:00,0.0,25.0,64,21.0
2021-02-12 07:00:00,32.0,26.0,61,18.7
2021-02-12 08:00:00,218.0,28.4,53,19.7
2021-02-12 09:00:00,447.0,31.0,42,17.2
2021-02-12 10:00:00,658.0,33.2,35,13.0
2021-02-12 11:00:00,812.0,34.8,31,9.0
2021-02-12 12:00:00,897.0,35.9,29,5.0
2021-02-12 13:00:00,899.0,36.8,26,2.5
2021-02-12 14:00:00,830.0,37.4,25,2.7
2021-02-12 15:00:00,691.0,37.8,23,3.1
2021-02-12 16:00:00,485.0,37.7,23,3.4
2021-02-12 17:00:00,273.0,37.2,24,4.5
2021-02-13 06:00:00,0.0,27.0,57,10.8
2021-02-13 07:00:00,22.0,27.9,54,10.0
2021-02-13 08:00:00,152.0,29.2,50,12.0
2021-02-13 09:00:00,307.0,30.9,46,10.5
2021-02-13 10:00:00,506.0,32.8,41,6.0
2021-02-13 11:00:00,714.0,34.5,36,4.2
2021-02-13 12:00:00,850.0,35.6,32,3.7
2021-02-13 13:00:00,885.0,36.8,29,2.5
2021-02-13 14:00:00,835.0,37.5,27,2.9
2021-02-13 15:00:00,668.0,38.0,26,2.9
2021-02-13 16:00:00,435.0,36.0,34,16.7
2021-02-13 17:00:00,219.0,34.5,39,8.3
2021-02-14 06:00:00,0.0,25.8,83,3.7
2021-02-14 07:00:00,20.0,28.1,63,2.3
2021-02-14 08:00:00,136.0,29.4,56,5.5
2021-02-14 09:00:00,279.0,30.8,51,5.8
2021-02-14 10:00:00,399.0,32.0,47,2.1
2021-02-14 11:00:00,454.0,32.9,45,3.6
2021-02-14 12:00:00,671.0,34.2,41,3.9
2021-02-14 13:00:00,819.0,35.7,37,3.2
2021-02-14 14:00:00,737.0,36.3,36,5.4
2021-02-14 15:00:00,598.0,36.3,37,7.9
2021-02-14 16:00:00,282.0,33.1,46,13.2
2021-02-14 17:00:00,128.0,28.7,74,16.4
2021-02-15 06:00:00,0.0,26.2,67,7.9
2021-02-15 07:00:00,33.0,27.0,66,4.6
2021-02-15 08:00:00,222.0,29.2,57,2.6
2021-02-15 09:00:00,450.0,31.4,51,4.0
2021-02-15 10:00:00,670.0,33.6,44,5.4
2021-02-15 11:00:00,819.0,35.5,38,6.2
2021-02-15 12:00:00,901.0,37.0,34,4.6
2021-02-15 13:00:00,925.0,38.3,31,1.8
2021-02-15 14:00:00,643.0,38.0,31,2.6
2021-02-15 15:00:00,569.0,37.6,33,4.6
2021-02-15 16:00:00,426.0,37.5,33,9.4
2021-02-15 17:00:00,156.0,34.2,42,14.5
2021-02-16 06:00:00,0.0,26.0,68,18.4
2021-02-16 07:00:00,31.0,26.5,64,18.9
2021-02-16 08:00:00,202.0,28.4,57,19.3
2021-02-16 09:00:00,416.0,30.4,51,14.8
2021-02-16 10:00:00,629.0,32.2,45,10.8
2021-02-16 11:00:00,731.0,33.7,39,9.4
2021-02-16 12:00:00,896.0,35.5,33,7.7
2021-02-16 13:00:00,862.0,36.5,30,6.8
2021-02-16 14:00:00,732.0,36.8,28,6.2
2021-02-16 15:00:00,572.0,37.0,26,6.2
2021-02-16 16:00:00,494.0,37.0,25,7.5
2021-02-16 17:00:00,233.0,36.2,27,10.4
2021-02-17 06:00:00,0.0,26.2,56,22.9
2021-02-17 07:00:00,31.0,26.4,55,19.4
2021-02-17 08:00:00,188.0,28.1,49,19.1
2021-02-17 09:00:00,391.0,30.0,45,13.9
2021-02-17 10:00:00,562.0,31.6,43,8.9
2021-02-17 11:00:00,804.0,33.6,38,8.0
2021-02-17 12:00:00,887.0,35.0,34,5.8
2021-02-17 13:00:00,872.0,36.2,31,3.4
2021-02-17 14:00:00,831.0,37.0,29,2.7
2021-02-17 15:00:00,612.0,36.9,28,1.8
2021-02-17 16:00:00,481.0,36.8,28,7.1
2021-02-17 17:00:00,241.0,35.2,30,12.5
2021-02-18 06:00:00,0.0,24.8,62,20.7
2021-02-18 07:00:00,37.0,25.5,57,19.1
2021-02-18 08:00:00,238.0,27.8,48,15.2
2021-02-18 09:00:00,482.0,30.4,39,16.1
2021-02-18 10:00:00,693.0,33.1,32,18.0
2021-02-18 11:00:00,860.0,35.4,25,16.6
2021-02-18 12:00:00,952.0,36.8,22,12.8
2021-02-18 13:00:00,966.0,37.7,19,10.4
2021-02-18 14:00:00,898.0,38.3,18,9.7
2021-02-18 15:00:00,756.0,38.5,17,8.6
2021-02-18 16:00:00,550.0,38.2,18,6.8
2021-02-18 17:00:00,308.0,37.4,19,6.8
2021-02-19 06:00:00,0.0,25.0,54,16.6
2021-02-19 07:00:00,37.0,25.5,53,15.1
2021-02-19 08:00:00,239.0,27.9,46,18.9
2021-02-19 09:00:00,482.0,30.9,38,16.7
2021-02-19 10:00:00,697.0,33.0,32,9.9
2021-02-19 11:00:00,861.0,34.7,27,6.7
2021-02-19 12:00:00,953.0,36.1,25,6.5
2021-02-19 13:00:00,966.0,37.2,22,6.9
2021-02-19 14:00:00,899.0,37.8,21,5.1
2021-02-19 15:00:00,758.0,37.9,20,2.9
2021-02-19 16:00:00,552.0,37.6,19,5.1
2021-02-19 17:00:00,312.0,37.2,19,4.0
2021-02-20 06:00:00,0.0,25.9,57,17.8
2021-02-20 07:00:00,37.0,26.8,54,17.6
2021-02-20 08:00:00,234.0,29.2,46,20.5
2021-02-20 09:00:00,479.0,31.5,40,16.4
2021-02-20 10:00:00,690.0,33.2,34,8.6
2021-02-20 11:00:00,843.0,34.8,30,7.1
2021-02-20 12:00:00,872.0,35.7,27,6.3
2021-02-20 13:00:00,956.0,36.8,25,4.7
2021-02-20 14:00:00,837.0,37.2,24,4.8
2021-02-20 15:00:00,683.0,37.7,23,5.2
2021-02-20 16:00:00,447.0,37.2,23,8.0
2021-02-20 17:00:00,222.0,35.7,25,9.4
2021-02-21 06:00:00,0.0,25.5,64,20.7
2021-02-21 07:00:00,35.0,25.9,63,19.9
2021-02-21 08:00:00,215.0,27.9,55,20.3
2021-02-21 09:00:00,448.0,30.4,45,17.3
2021-02-21 10:00:00,655.0,32.3,39,11.7
2021-02-21 11:00:00,653.0,33.2,36,9.3
2021-02-21 12:00:00,831.0,34.7,32,7.6
2021-02-21 13:00:00,887.0,35.9,29,6.2
2021-02-21 14:00:00,822.0,36.8,26,6.1
2021-02-21 15:00:00,708.0,37.3,24,6.9
2021-02-21 16:00:00,487.0,36.7,25,9.2
2021-02-21 17:00:00,249.0,35.7,27,11.2
2021-02-22 06:00:00,0.0,25.6,55,21.5
2021-02-22 07:00:00,37.0,26.5,55,20.3
2021-02-22 08:00:00,224.0,28.6,47,23.2
2021-02-22 09:00:00,436.0,31.0,38,22.1
2021-02-22 10:00:00,680.0,33.2,33,18.4
2021-02-22 11:00:00,854.0,34.9,29,16.9
2021-02-22 12:00:00,945.0,36.2,26,14.4
2021-02-22 13:00:00,958.0,37.0,24,13.4
2021-02-22 14:00:00,890.0,37.8,22,13.0
2021-02-22 15:00:00,753.0,38.0,21,12.6
2021-02-22 16:00:00,553.0,37.9,21,12.6
2021-02-22 17:00:00,182.0,36.5,24,16.4
2021-02-23 06:00:00,0.0,25.5,63,19.2
2021-02-23 07:00:00,38.0,26.4,61,19.2
2021-02-23 08:00:00,237.0,28.6,53,20.9
2021-02-23 09:00:00,476.0,31.6,41,18.4
2021-02-23 10:00:00,688.0,34.0,33,12.7
2021-02-23 11:00:00,847.0,35.5,30,8.4
2021-02-23 12:00:00,919.0,36.8,27,6.9
2021-02-23 13:00:00,928.0,37.8,26,6.1
2021-02-23 14:00:00,856.0,38.3,25,5.6
2021-02-23 15:00:00,569.0,38.0,25,5.6
2021-02-23 16:00:00,386.0,37.4,25,8.4
2021-02-23 17:00:00,235.0,37.0,26,11.0
2021-02-24 06:00:00,0.0,26.4,65,19.2
2021-02-24 07:00:00,39.0,27.0,62,19.2
2021-02-24 08:00:00,237.0,29.2,54,22.1
2021-02-24 09:00:00,475.0,32.1,45,21.9
2021-02-24 10:00:00,688.0,34.5,36,21.1
2021-02-24 11:00:00,847.0,36.2,32,17.8
2021-02-24 12:00:00,937.0,37.5,29,15.0
2021-02-24 13:00:00,941.0,38.6,26,13.3
2021-02-24 14:00:00,871.0,39.1,25,13.4
2021-02-24 15:00:00,714.0,39.0,24,13.1
2021-02-24 16:00:00,466.0,38.6,25,14.0
2021-02-24 17:00:00,278.0,37.4,27,19.7
2021-02-25 06:00:00,0.0,26.5,66,23.2
2021-02-25 07:00:00,38.0,27.4,63,22.1
2021-02-25 08:00:00,231.0,29.2,56,25.4
2021-02-25 09:00:00,464.0,32.0,47,25.9
2021-02-25 10:00:00,683.0,34.3,40,23.5
2021-02-25 11:00:00,839.0,36.0,34,17.6
2021-02-25 12:00:00,915.0,37.2,31,13.2
2021-02-25 13:00:00,889.0,38.3,29,13.2
2021-02-25 14:00:00,813.0,38.8,28,16.7
2021-02-25 15:00:00,652.0,38.5,28,18.8
2021-02-25 16:00:00,489.0,37.7,30,22.2
2021-02-25 17:00:00,200.0,35.2,37,25.5
2021-02-26 06:00:00,0.0,26.9,63,22.4
2021-02-26 07:00:00,38.0,27.5,60,22.4
2021-02-26 08:00:00,225.0,29.6,52,25.1
2021-02-26 09:00:00,474.0,32.2,43,25.8
2021-02-26 10:00:00,685.0,34.2,38,22.9
2021-02-26 11:00:00,833.0,35.6,34,17.4
2021-02-26 12:00:00,931.0,37.1,31,13.0
2021-02-26 13:00:00,899.0,38.0,30,13.5
2021-02-26 14:00:00,821.0,38.4,28,14.7
2021-02-26 15:00:00,642.0,38.1,29,17.7
2021-02-26 16:00:00,398.0,37.3,30,19.8
2021-02-26 17:00:00,242.0,35.2,35,22.2
2021-02-27 06:00:00,0.0,26.6,60,24.3
2021-02-27 07:00:00,39.0,27.0,58,24.5
2021-02-27 08:00:00,235.0,29.1,51,28.2
2021-02-27 09:00:00,461.0,31.3,43,26.7
2021-02-27 10:00:00,699.0,33.6,37,22.9
2021-02-27 11:00:00,835.0,35.3,32,18.0
2021-02-27 12:00:00,947.0,36.8,29,18.2
2021-02-27 13:00:00,895.0,37.5,28,18.8
2021-02-27 14:00:00,846.0,38.1,26,18.8
2021-02-27 15:00:00,712.0,38.0,26,20.1
2021-02-27 16:00:00,503.0,37.5,26,21.9
2021-02-27 17:00:00,294.0,35.8,28,25.6
2021-02-28 06:00:00,0.0,27.2,47,28.5
2021-02-28 07:00:00,43.0,28.0,45,24.2
2021-02-28 08:00:00,249.0,30.0,39,27.5
2021-02-28 09:00:00,494.0,32.2,33,28.8
2021-02-28 10:00:00,712.0,34.4,28,24.8
2021-02-28 11:00:00,873.0,36.0,26,21.1
2021-02-28 12:00:00,961.0,37.5,22,21.3
2021-02-28 13:00:00,974.0,38.2,21,21.4
2021-02-28 14:00:00,903.0,38.5,21,19.5
2021-02-28 15:00:00,751.0,38.6,22,19.6
2021-02-28 16:00:00,539.0,37.8,22,21.6
2021-02-28 17:00:00,296.0,35.7,27,23.7
2021-03-01 06:00:00,0.0,26.2,44,23.8
2021-03-01 07:00:00,45.0,26.4,47,18.2
2021-03-01 08:00:00,255.0,28.9,41,22.2
2021-03-01 09:00:00,503.0,31.5,31,22.8
2021-03-01 10:00:00,719.0,33.5,26,21.5
2021-03-01 11:00:00,890.0,35.5,20,20.2
2021-03-01 12:00:00,983.0,37.2,19,17.9
2021-03-01 13:00:00,989.0,38.0,17,22.3
2021-03-01 14:00:00,917.0,38.3,17,22.4
2021-03-01 15:00:00,768.0,38.3,17,19.7
2021-03-01 16:00:00,561.0,37.8,18,18.9
2021-03-01 17:00:00,316.0,36.3,21,19.0
2021-03-02 06:00:00,0.0,24.2,64,19.2
2021-03-02 07:00:00,46.0,25.1,60,17.8
2021-03-02 08:00:00,257.0,27.5,50,20.8
2021-03-02 09:00:00,503.0,30.4,36,22.0
2021-03-02 10:00:00,724.0,33.0,24,21.6
2021-03-02 11:00:00,891.0,35.3,17,18.6
2021-03-02 12:00:00,987.0,36.6,15,16.8
2021-03-02 13:00:00,998.0,37.5,14,17.1
2021-03-02 14:00:00,926.0,37.8,14,15.0
2021-03-02 15:00:00,779.0,37.8,15,12.9
2021-03-02 16:00:00,568.0,37.4,15,15.3
2021-03-02 17:00:00,320.0,36.1,18,20.7
2021-03-03 06:00:00,0.0,24.8,51,19.7
2021-03-03 07:00:00,48.0,25.6,46,17.2
2021-03-03 08:00:00,262.0,28.2,37,19.3
2021-03-03 09:00:00,512.0,30.8,31,20.4
2021-03-03 10:00:00,731.0,33.5,23,16.8
2021-03-03 11:00:00,895.0,35.5,19,10.2
2021-03-03 12:00:00,985.0,36.8,17,5.8
2021-03-03 13:00:00,996.0,37.8,15,4.7
2021-03-03 14:00:00,922.0,38.5,15,5.0
2021-03-03 15:00:00,775.0,38.7,14,5.6
2021-03-03 16:00:00,565.0,38.4,13,6.6
2021-03-03 17:00:00,319.0,37.7,13,6.1
2021-03-04 06:00:00,0.0,24.5,60,16.3
2021-03-04 07:00:00,48.0,25.8,54,12.4
2021-03-04 08:00:00,260.0,28.6,43,14.8
2021-03-04 09:00:00,509.0,31.5,33,13.1
2021-03-04 10:00:00,728.0,33.2,27,8.7
2021-03-04 11:00:00,890.0,34.8,23,7.6
2021-03-04 12:00:00,979.0,36.2,20,6.1
2021-03-04 13:00:00,988.0,37.2,18,6.1
2021-03-04 14:00:00,915.0,38.0,16,7.3
2021-03-04 15:00:00,771.0,38.2,14,5.8
2021-03-04 16:00:00,562.0,37.8,14,5.2
2021-03-04 17:00:00,319.0,37.1,13,6.2
2021-03-05 06:00:00,0.0,25.2,66,14.9
2021-03-05 07:00:00,46.0,26.2,61,16.6
2021-03-05 08:00:00,249.0,28.4,51,17.6
2021-03-05 09:00:00,492.0,31.0,41,16.4
2021-03-05 10:00:00,708.0,32.9,35,12.2
2021-03-05 11:00:00,869.0,34.6,30,10.1
2021-03-05 12:00:00,960.0,35.9,27,8.4
2021-03-05 13:00:00,967.0,36.7,25,3.9
2021-03-05 14:00:00,899.0,37.3,24,1.1
2021-03-05 15:00:00,734.0,37.7,23,3.5
2021-03-05 16:00:00,535.0,37.5,23,5.4
2021-03-05 17:00:00,300.0,37.0,23,3.3
2021-03-06 06:00:00,0.0,25.9,70,15.2
2021-03-06 07:00:00,47.0,27.0,66,15.4
2021-03-06 08:00:00,250.0,29.4,57,16.0
2021-03-06 09:00:00,487.0,31.7,46,13.9
2021-03-06 10:00:00,699.0,33.5,40,11.2
2021-03-06 11:00:00,856.0,35.1,34,9.4
2021-03-06 12:00:00,945.0,36.4,31,6.6
2021-03-06 13:00:00,939.0,37.4,29,5.7
2021-03-06 14:00:00,858.0,38.2,27,6.3
2021-03-06 15:00:00,705.0,38.7,26,4.7
2021-03-06 16:00:00,459.0,38.0,27,0.0
2021-03-06 17:00:00,250.0,36.9,28,1.3
2021-03-07 06:00:00,0.0,27.1,70,13.5
2021-03-07 07:00:00,43.0,28.5,65,10.8
2021-03-07 08:00:00,216.0,30.6,54,7.3
2021-03-07 09:00:00,421.0,32.5,46,4.3
2021-03-07 10:00:00,624.0,34.4,40,5.8
2021-03-07 11:00:00,766.0,36.2,36,7.4
2021-03-07 12:00:00,842.0,37.5,32,10.1
2021-03-07 13:00:00,897.0,38.7,30,10.0
2021-03-07 14:00:00,805.0,39.2,28,9.3
2021-03-07 15:00:00,635.0,39.3,28,7.5
2021-03-07 16:00:00,345.0,35.8,36,12.8
2021-03-07 17:00:00,173.0,34.5,40,8.2
2021-03-08 06:00:00,0.0,26.8,71,19.6
2021-03-08 07:00:00,32.0,28.0,63,17.3
2021-03-08 08:00:00,170.0,29.6,56,20.3
2021-03-08 09:00:00,418.0,32.1,47,18.8
2021-03-08 10:00:00,593.0,34.0,41,10.7
2021-03-08 11:00:00,767.0,36.0,35,8.4
2021-03-08 12:00:00,821.0,37.2,32,8.5
2021-03-08 13:00:00,720.0,37.5,30,9.5
2021-03-08 14:00:00,616.0,37.5,29,10.3
2021-03-08 15:00:00,547.0,37.8,28,11.0
2021-03-08 16:00:00,276.0,36.3,32,14.5
2021-03-08 17:00:00,148.0,36.0,32,20.3
2021-03-09 06:00:00,0.0,26.7,63,25.0
2021-03-09 07:00:00,41.0,27.0,61,20.2
2021-03-09 08:00:00,177.0,28.8,54,24.7
2021-03-09 09:00:00,387.0,30.9,46,25.9
2021-03-09 10:00:00,527.0,32.3,41,22.4
2021-03-09 11:00:00,760.0,34.5,35,18.0
2021-03-09 12:00:00,824.0,35.6,32,14.8
2021-03-09 13:00:00,807.0,36.5,30,13.7
2021-03-09 14:00:00,704.0,36.7,29,13.7
2021-03-09 15:00:00,573.0,36.8,29,14.0
2021-03-09 16:00:00,426.0,36.3,29,15.5
2021-03-09 17:00:00,232.0,35.0,32,18.5
2021-03-10 06:00:00,0.0,26.4,52,23.3
2021-03-10 07:00:00,52.0,27.1,50,20.3
2021-03-10 08:00:00,265.0,29.1,43,25.0
2021-03-10 09:00:00,501.0,31.5,36,25.1
2021-03-10 10:00:00,704.0,33.5,32,20.6
2021-03-10 11:00:00,869.0,35.0,28,16.1
2021-03-10 12:00:00,956.0,36.4,25,12.2
2021-03-10 13:00:00,935.0,37.3,23,9.2
2021-03-10 14:00:00,880.0,37.8,21,6.6
2021-03-10 15:00:00,732.0,38.0,20,6.9
2021-03-10 16:00:00,533.0,37.9,19,9.4
2021-03-10 17:00:00,297.0,36.9,19,10.5
2021-03-11 06:00:00,0.0,26.0,59,20.0
2021-03-11 07:00:00,42.0,27.1,56,14.4
2021-03-11 08:00:00,214.0,28.5,54,17.7
2021-03-11 09:00:00,345.0,29.9,49,17.0
2021-03-11 10:00:00,618.0,31.8,43,12.2
2021-03-11 11:00:00,672.0,33.0,37,8.6
2021-03-11 12:00:00,766.0,34.3,33,7.4
2021-03-11 13:00:00,809.0,35.2,30,5.5
2021-03-11 14:00:00,815.0,36.2,27,3.9
2021-03-11 15:00:00,591.0,36.4,26,3.9
2021-03-11 16:00:00,449.0,36.4,26,7.2
2021-03-11 17:00:00,231.0,35.4,27,8.6
2021-03-12 06:00:00,0.0,25.8,61,8.5
2021-03-12 07:00:00,45.0,26.6,58,6.1
2021-03-12 08:00:00,219.0,28.4,50,12.1
2021-03-12 09:00:00,435.0,30.2,47,11.5
2021-03-12 10:00:00,667.0,32.0,42,7.9
2021-03-12 11:00:00,764.0,33.3,38,4.5
2021-03-12 12:00:00,852.0,34.8,33,5.1
2021-03-12 13:00:00,848.0,35.6,30,3.1
2021-03-12 14:00:00,778.0,35.4,29,3.0
2021-03-12 15:00:00,651.0,36.2,27,7.2
2021-03-12 16:00:00,434.0,35.8,26,9.9
2021-03-12 17:00:00,237.0,33.5,35,17.1
2021-03-13 06:00:00,0.0,25.9,62,15.9
2021-03-13 07:00:00,43.0,26.5,58,17.6
2021-03-13 08:00:00,172.0,28.0,50,19.2
2021-03-13 09:00:00,361.0,30.0,43,15.6
2021-03-13 10:00:00,580.0,32.2,36,12.4
2021-03-13 11:00:00,691.0,33.8,30,9.4
2021-03-13 12:00:00,901.0,35.6,25,6.4
2021-03-13 13:00:00,941.0,36.7,24,4.1
2021-03-13 14:00:00,846.0,37.1,23,1.1
2021-03-13 15:00:00,647.0,36.8,22,2.3
2021-03-13 16:00:00,476.0,36.7,22,1.5
2021-03-13 17:00:00,243.0,36.8,21,2.2
2021-03-14 06:00:00,0.0,25.5,64,18.5
2021-03-14 07:00:00,54.0,26.9,59,18.6
2021-03-14 08:00:00,253.0,29.0,52,20.9
2021-03-14 09:00:00,475.0,31.2,44,19.0
2021-03-14 10:00:00,698.0,33.3,37,14.2
2021-03-14 11:00:00,818.0,34.8,33,10.7
2021-03-14 12:00:00,858.0,35.8,31,8.5
2021-03-14 13:00:00,814.0,36.5,29,7.0
2021-03-14 14:00:00,743.0,37.1,27,6.2
2021-03-14 15:00:00,611.0,37.3,26,5.1
2021-03-14 16:00:00,438.0,37.0,26,9.4
2021-03-14 17:00:00,212.0,35.3,30,15.3
2021-03-15 06:00:00,0.0,26.2,64,20.5
2021-03-15 07:00:00,49.0,27.4,60,19.2
2021-03-15 08:00:00,226.0,29.4,52,23.2
2021-03-15 09:00:00,467.0,31.6,44,19.5
2021-03-15 10:00:00,687.0,33.5,39,13.0
2021-03-15 11:00:00,855.0,35.2,34,9.3
2021-03-15 12:00:00,925.0,36.5,30,5.0
2021-03-15 13:00:00,936.0,37.6,27,3.5
2021-03-15 14:00:00,858.0,38.3,26,4.8
2021-03-15 15:00:00,684.0,38.2,26,6.9
2021-03-15 16:00:00,444.0,37.3,28,10.8
2021-03-15 17:00:00,221.0,35.5,32,16.4
2021-03-16 06:00:00,0.0,26.6,67,9.5
2021-03-16 07:00:00,28.0,27.1,63,8.0
2021-03-16 08:00:00,195.0,28.5,59,5.8
2021-03-16 09:00:00,344.0,30.0,53,6.1
2021-03-16 10:00:00,633.0,32.5,44,9.2
2021-03-16 11:00:00,771.0,34.2,38,9.8
2021-03-16 12:00:00,891.0,35.8,34,8.2
2021-03-16 13:00:00,834.0,36.8,31,6.2
2021-03-16 14:00:00,717.0,37.0,31,8.7
2021-03-16 15:00:00,562.0,36.3,33,13.7
2021-03-16 16:00:00,192.0,32.5,46,17.8
2021-03-16 17:00:00,129.0,32.5,44,17.2
2021-03-17 06:00:00,0.0,26.0,68,16.5
2021-03-17 07:00:00,50.0,27.4,62,12.3
2021-03-17 08:00:00,239.0,29.3,54,15.0
2021-03-17 09:00:00,426.0,31.2,48,13.6
2021-03-17 10:00:00,600.0,33.2,39,11.4
2021-03-17 11:00:00,814.0,35.2,33,11.1
2021-03-17 12:00:00,891.0,36.3,31,11.5
2021-03-17 13:00:00,833.0,37.2,30,12.5
2021-03-17 14:00:00,713.0,35.9,32,13.6
2021-03-17 15:00:00,422.0,34.9,36,10.7
2021-03-17 16:00:00,396.0,34.0,39,11.3
2021-03-17 17:00:00,195.0,33.7,40,7.5
2021-03-18 06:00:00,0.0,26.1,66,14.7
2021-03-18 07:00:00,58.0,27.6,60,11.9
2021-03-18 08:00:00,219.0,29.6,53,9.8
2021-03-18 09:00:00,411.0,31.1,50,7.3
2021-03-18 10:00:00,648.0,33.1,43,6.1
2021-03-18 11:00:00,771.0,34.8,37,4.2
2021-03-18 12:00:00,822.0,36.0,33,3.3
2021-03-18 13:00:00,786.0,37.0,31,4.6
2021-03-18 14:00:00,721.0,36.8,31,1.6
2021-03-18 15:00:00,311.0,32.0,51,16.1
2021-03-18 16:00:00,291.0,32.5,49,8.0
2021-03-18 17:00:00,142.0,31.8,51,3.9
2021-03-19 06:00:00,0.0,23.8,94,2.8
2021-03-19 07:00:00,45.0,24.7,91,0.7
2021-03-19 08:00:00,238.0,26.6,75,5.9
2021-03-19 09:00:00,463.0,28.8,64,8.7
2021-03-19 10:00:00,543.0,30.5,55,8.4
2021-03-19 11:00:00,792.0,32.8,46,8.7
2021-03-19 12:00:00,860.0,34.2,41,7.7
2021-03-19 13:00:00,905.0,35.3,37,5.1
2021-03-19 14:00:00,828.0,36.3,33,3.2
2021-03-19 15:00:00,652.0,36.0,33,3.1
2021-03-19 16:00:00,466.0,35.2,34,1.9
2021-03-19 17:00:00,218.0,31.6,50,15.1
2021-03-20 06:00:00,0.0,25.4,66,20.5
2021-03-20 07:00:00,61.0,26.5,62,20.6
2021-03-20 08:00:00,239.0,28.4,55,21.8
2021-03-20 09:00:00,495.0,30.8,45,19.5
2021-03-20 10:00:00,719.0,33.0,39,12.1
2021-03-20 11:00:00,879.0,34.7,34,6.3
2021-03-20 12:00:00,958.0,36.2,30,3.1
2021-03-20 13:00:00,966.0,37.2,26,2.3
2021-03-20 14:00:00,844.0,37.9,23,2.3
2021-03-20 15:00:00,718.0,38.3,20,5.4
2021-03-20 16:00:00,401.0,35.7,30,15.6
2021-03-20 17:00:00,230.0,34.5,32,14.3
2021-03-21 06:00:00,0.0,24.5,71,16.9
2021-03-21 07:00:00,68.0,26.0,65,16.6
2021-03-21 08:00:00,286.0,28.3,55,20.2
2021-03-21 09:00:00,528.0,31.2,43,19.0
2021-03-21 10:00:00,737.0,33.8,35,16.6
2021-03-21 11:00:00,895.0,35.7,30,13.2
2021-03-21 12:00:00,980.0,37.0,26,10.0
2021-03-21 13:00:00,983.0,37.9,23,7.6
2021-03-21 14:00:00,900.0,38.5,21,5.8
2021-03-21 15:00:00,717.0,38.3,20,5.1
2021-03-21 16:00:00,507.0,38.5,19,4.8
2021-03-21 17:00:00,206.0,37.5,19,2.6
2021-03-22 06:00:00,0.0,25.4,64,17.6
2021-03-22 07:00:00,65.0,26.9,59,15.9
2021-03-22 08:00:00,277.0,29.5,49,18.7
2021-03-22 09:00:00,478.0,32.0,40,18.4
2021-03-22 10:00:00,697.0,34.2,33,15.5
2021-03-22 11:00:00,862.0,35.7,29,11.7
2021-03-22 12:00:00,932.0,36.6,27,9.7
2021-03-22 13:00:00,836.0,36.5,29,10.5
2021-03-22 14:00:00,599.0,35.6,32,13.6
2021-03-22 15:00:00,511.0,35.4,33,12.7
2021-03-22 16:00:00,386.0,35.0,36,14.1
2021-03-22 17:00:00,178.0,33.0,43,17.6
2021-03-23 06:00:00,0.0,24.5,86,3.7
2021-03-23 07:00:00,48.0,25.6,79,3.1
2021-03-23 08:00:00,230.0,27.3,71,5.1
2021-03-23 09:00:00,431.0,29.3,62,4.8
2021-03-23 10:00:00,612.0,31.2,55,6.1
2021-03-23 11:00:00,705.0,32.5,50,7.4
2021-03-23 12:00:00,755.0,33.5,47,7.2
2021-03-23 13:00:00,727.0,34.1,44,7.4
2021-03-23 14:00:00,709.0,34.8,41,8.9
2021-03-23 15:00:00,594.0,35.4,39,8.7
2021-03-23 16:00:00,416.0,32.2,50,10.3
2021-03-23 17:00:00,156.0,27.0,79,5.5
2021-03-24 06:00:00,0.0,25.4,75,14.0
2021-03-24 07:00:00,57.0,25.4,79,12.8
2021-03-24 08:00:00,126.0,27.0,71,15.4
2021-03-24 09:00:00,422.0,30.2,55,17.8
2021-03-24 10:00:00,699.0,32.5,47,12.4
2021-03-24 11:00:00,805.0,33.8,43,8.4
2021-03-24 12:00:00,892.0,35.0,39,6.9
2021-03-24 13:00:00,899.0,36.0,36,8.1
2021-03-24 14:00:00,762.0,36.2,37,10.0
2021-03-24 15:00:00,582.0,34.9,40,9.0
2021-03-24 16:00:00,398.0,33.8,42,14.3
2021-03-24 17:00:00,175.0,32.0,48,8.9
2021-03-25 06:00:00,0.0,26.1,70,16.5
2021-03-25 07:00:00,64.0,27.5,63,16.3
2021-03-25 08:00:00,237.0,29.5,54,19.3
2021-03-25 09:00:00,471.0,32.0,44,17.9
2021-03-25 10:00:00,668.0,34.0,39,13.4
2021-03-25 11:00:00,809.0,35.5,35,10.4
2021-03-25 12:00:00,756.0,36.1,32,7.6
2021-03-25 13:00:00,826.0,36.8,31,6.4
2021-03-25 14:00:00,801.0,37.5,30,9.7
2021-03-25 15:00:00,480.0,36.0,34,15.1
2021-03-25 16:00:00,364.0,34.5,40,16.6
2021-03-25 17:00:00,174.0,34.0,40,10.8
2021-03-26 06:00:00,0.0,25.1,68,20.6
2021-03-26 07:00:00,75.0,26.4,62,21.3
2021-03-26 08:00:00,282.0,28.7,53,25.4
2021-03-26 09:00:00,522.0,31.4,43,25.0
2021-03-26 10:00:00,736.0,33.7,36,22.0
2021-03-26 11:00:00,880.0,35.0,34,16.6
2021-03-26 12:00:00,976.0,36.4,31,12.5
2021-03-26 13:00:00,970.0,37.3,29,13.8
2021-03-26 14:00:00,867.0,37.6,27,18.6
2021-03-26 15:00:00,704.0,37.2,28,19.7
2021-03-26 16:00:00,528.0,36.8,27,20.3
2021-03-26 17:00:00,294.0,35.5,28,21.5
2021-03-27 06:00:00,0.0,26.0,59,21.7
2021-03-27 07:00:00,76.0,26.9,55,19.6
2021-03-27 08:00:00,295.0,29.2,46,25.3
2021-03-27 09:00:00,540.0,31.5,38,27.2
2021-03-27 10:00:00,724.0,33.3,31,24.6
2021-03-27 11:00:00,863.0,34.8,29,17.6
2021-03-27 12:00:00,943.0,36.1,28,13.9
2021-03-27 13:00:00,890.0,36.8,26,14.1
2021-03-27 14:00:00,799.0,37.0,26,15.2
2021-03-27 15:00:00,601.0,36.5,27,15.5
2021-03-27 16:00:00,379.0,35.9,28,13.7
2021-03-27 17:00:00,241.0,35.4,28,14.6
2021-03-28 06:00:00,0.0,26.4,60,19.0
2021-03-28 07:00:00,71.0,27.1,58,18.2
2021-03-28 08:00:00,185.0,28.8,50,20.1
2021-03-28 09:00:00,504.0,31.9,40,22.2
2021-03-28 10:00:00,720.0,34.0,33,22.8
2021-03-28 11:00:00,867.0,35.2,31,17.3
2021-03-28 12:00:00,953.0,36.2,30,12.1
2021-03-28 13:00:00,941.0,37.1,29,13.6
2021-03-28 14:00:00,872.0,37.5,28,14.1
2021-03-28 15:00:00,523.0,36.9,29,13.0
2021-03-28 16:00:00,273.0,36.0,30,12.3
2021-03-28 17:00:00,191.0,35.4,32,16.5
2021-03-29 06:00:00,0.0,26.5,66,16.8
2021-03-29 07:00:00,72.0,27.9,61,16.9
2021-03-29 08:00:00,256.0,30.3,52,22.4
2021-03-29 09:00:00,485.0,32.7,44,22.5
2021-03-29 10:00:00,727.0,34.8,37,21.0
2021-03-29 11:00:00,868.0,36.3,33,16.8
2021-03-29 12:00:00,935.0,37.5,30,10.5
2021-03-29 13:00:00,919.0,38.5,29,8.0
2021-03-29 14:00:00,851.0,39.4,27,11.4
2021-03-29 15:00:00,612.0,38.7,29,17.1
2021-03-29 16:00:00,309.0,36.2,34,18.7
2021-03-29 17:00:00,140.0,34.9,39,17.0
2021-03-30 06:00:00,0.0,26.5,70,18.3
2021-03-30 07:00:00,78.0,27.9,65,18.2
2021-03-30 08:00:00,256.0,30.4,55,17.0
2021-03-30 09:00:00,524.0,33.5,43,15.9
2021-03-30 10:00:00,724.0,35.5,37,16.5
2021-03-30 11:00:00,865.0,37.2,33,13.0
2021-03-30 12:00:00,901.0,38.4,30,10.4
2021-03-30 13:00:00,862.0,39.4,28,13.8
2021-03-30 14:00:00,783.0,37.5,32,14.7
2021-03-30 15:00:00,508.0,35.2,39,17.7
2021-03-30 16:00:00,437.0,36.0,36,15.5
2021-03-30 17:00:00,218.0,35.2,39,18.8
2021-03-31 06:00:00,0.0,27.2,64,18.4
2021-03-31 07:00:00,48.0,28.0,61,17.4
2021-03-31 08:00:00,193.0,30.1,53,17.8
2021-03-31 09:00:00,379.0,33.0,42,13.8
2021-03-31 10:00:00,682.0,35.3,35,12.6
2021-03-31 11:00:00,812.0,36.8,32,10.6
2021-03-31 12:00:00,912.0,37.8,30,10.2
2021-03-31 13:00:00,840.0,38.2,30,12.1
2021-03-31 14:00:00,711.0,37.8,30,17.2
2021-03-31 15:00:00,576.0,37.2,31,15.5
2021-03-31 16:00:00,376.0,35.9,35,17.8
2021-03-31 17:00:00,234.0,35.5,36,18.5
2021-04-01 06:00:00,0.0,27.1,65,16.8
2021-04-01 07:00:00,60.0,28.6,58,16.1
2021-04-01 08:00:00,235.0,30.8,50,18.6
2021-04-01 09:00:00,421.0,32.7,45,17.4
2021-04-01 10:00:00,572.0,33.9,41,17.1
2021-04-01 11:00:00,835.0,35.9,36,14.5
2021-04-01 12:00:00,898.0,37.0,33,11.6
2021-04-01 13:00:00,803.0,37.2,32,10.7
2021-04-01 14:00:00,745.0,37.8,31,6.9
2021-04-01 15:00:00,491.0,36.2,34,11.4
2021-04-01 16:00:00,281.0,34.2,39,11.4
2021-04-01 17:00:00,163.0,34.8,37,6.2
2021-04-02 06:00:00,0.0,26.6,70,16.0
2021-04-02 07:00:00,58.0,28.0,64,14.6
2021-04-02 08:00:00,224.0,30.0,55,17.1
2021-04-02 09:00:00,434.0,32.1,48,15.6
2021-04-02 10:00:00,601.0,34.0,42,13.1
2021-04-02 11:00:00,777.0,35.6,37,9.4
2021-04-02 12:00:00,814.0,36.7,34,7.9
2021-04-02 13:00:00,812.0,37.5,32,8.6
2021-04-02 14:00:00,754.0,36.5,36,10.1
2021-04-02 15:00:00,530.0,34.8,41,9.4
2021-04-02 16:00:00,379.0,35.7,37,5.9
2021-04-02 17:00:00,141.0,33.8,45,12.6
2021-04-03 06:00:00,0.0,25.6,87,1.8
2021-04-03 07:00:00,69.0,26.0,79,1.6
2021-04-03 08:00:00,178.0,28.0,69,4.7
2021-04-03 09:00:00,433.0,30.6,57,6.8
2021-04-03 10:00:00,584.0,32.7,49,6.3
2021-04-03 11:00:00,852.0,35.0,41,5.5
2021-04-03 12:00:00,866.0,36.2,37,5.0
2021-04-03 13:00:00,874.0,37.2,35,6.1
2021-04-03 14:00:00,840.0,38.2,33,5.1
2021-04-03 15:00:00,382.0,30.9,62,10.1
2021-04-03 16:00:00,206.0,30.9,63,7.2
2021-04-03 17:00:00,116.0,29.0,73,10.4
2021-04-04 06:00:00,0.0,27.2,66,20.3
2021-04-04 07:00:00,45.0,27.8,62,15.5
2021-04-04 08:00:00,232.0,29.8,55,15.3
2021-04-04 09:00:00,444.0,31.6,50,13.0
2021-04-04 10:00:00,603.0,33.3,44,11.2
2021-04-04 11:00:00,810.0,35.0,39,11.3
2021-04-04 12:00:00,742.0,35.5,38,10.2
2021-04-04 13:00:00,785.0,36.3,36,9.1
2021-04-04 14:00:00,725.0,36.7,35,8.9
2021-04-04 15:00:00,661.0,37.2,35,8.9
2021-04-04 16:00:00,396.0,33.5,48,15.9
2021-04-04 17:00:00,102.0,30.6,62,6.3
2021-04-05 06:00:00,0.0,26.4,71,15.2
2021-04-05 07:00:00,60.0,27.8,64,12.2
2021-04-05 08:00:00,199.0,29.5,58,14.5
2021-04-05 09:00:00,431.0,31.8,49,12.8
2021-04-05 10:00:00,678.0,33.7,43,7.3
2021-04-05 11:00:00,845.0,35.4,39,6.6
2021-04-05 12:00:00,857.0,36.1,36,6.6
2021-04-05 13:00:00,709.0,36.7,35,6.5
2021-04-05 14:00:00,753.0,37.5,33,6.5
2021-04-05 15:00:00,575.0,36.2,35,10.8
2021-04-05 16:00:00,254.0,32.0,52,6.5
2021-04-05 17:00:00,112.0,28.6,74,14.2
2021-04-06 06:00:00,1.0,25.8,86,2.9
2021-04-06 07:00:00,74.0,26.4,88,1.1
2021-04-06 08:00:00,238.0,28.0,81,6.4
2021-04-06 09:00:00,417.0,29.3,73,6.6
2021-04-06 10:00:00,543.0,30.5,66,5.9
2021-04-06 11:00:00,526.0,31.4,62,6.2
2021-04-06 12:00:00,625.0,32.3,59,4.2
2021-04-06 13:00:00,598.0,32.9,56,3.7
2021-04-06 14:00:00,653.0,33.7,54,1.9
2021-04-06 15:00:00,481.0,33.8,54,7.1
2021-04-06 16:00:00,331.0,27.7,84,5.9
2021-04-06 17:00:00,56.0,26.3,87,8.5
2021-04-07 06:00:00,0.0,24.0,99,4.0
2021-04-07 07:00:00,32.0,24.6,95,3.3
2021-04-07 08:00:00,43.0,24.9,95,3.8
2021-04-07 09:00:00,101.0,25.4,94,6.9
2021-04-07 10:00:00,295.0,26.4,92,7.3
2021-04-07 11:00:00,336.0,27.2,87,7.6
2021-04-07 12:00:00,277.0,27.5,85,7.2
2021-04-07 13:00:00,289.0,27.9,81,5.9
2021-04-07 14:00:00,262.0,27.9,81,3.4
2021-04-07 15:00:00,352.0,28.6,76,4.3
2021-04-07 16:00:00,247.0,28.6,76,2.7
2021-04-07 17:00:00,136.0,28.4,76,1.5
2021-04-08 06:00:00,1.0,25.1,86,8.7
2021-04-08 07:00:00,80.0,25.4,91,11.5
2021-04-08 08:00:00,214.0,26.7,83,14.1
2021-04-08 09:00:00,463.0,28.4,75,15.9
2021-04-08 10:00:00,640.0,30.1,67,13.8
2021-04-08 11:00:00,739.0,31.5,61,12.3
2021-04-08 12:00:00,841.0,32.5,57,11.3
2021-04-08 13:00:00,805.0,33.4,54,8.8
2021-04-08 14:00:00,724.0,33.2,55,6.1
2021-04-08 15:00:00,410.0,28.5,80,15.0
2021-04-08 16:00:00,152.0,28.8,79,8.9
2021-04-08 17:00:00,74.0,28.0,84,5.8
2021-04-09 06:00:00,0.0,24.9,95,0.8
2021-04-09 07:00:00,55.0,25.0,96,2.5
2021-04-09 08:00:00,130.0,25.8,91,1.8
2021-04-09 09:00:00,195.0,26.6,86,4.5
2021-04-09 10:00:00,348.0,27.6,82,5.3
2021-04-09 11:00:00,457.0,28.4,79,4.1
2021-04-09 12:00:00,665.0,29.5,76,2.1
2021-04-09 13:00:00,594.0,30.0,74,3.3
2021-04-09 14:00:00,396.0,28.5,76,6.1
2021-04-09 15:00:00,232.0,28.2,77,5.6
2021-04-09 16:00:00,238.0,28.5,76,4.9
2021-04-09 17:00:00,95.0,27.9,79,2.4
2021-04-10 06:00:00,1.0,24.7,97,3.7
2021-04-10 07:00:00,60.0,25.2,94,2.1
2021-04-10 08:00:00,169.0,26.2,83,3.3
2021-04-10 09:00:00,196.0,26.7,80,3.2
2021-04-10 10:00:00,648.0,28.9,72,2.0
2021-04-10 11:00:00,818.0,30.9,62,2.0
2021-04-10 12:00:00,900.0,32.3,58,1.8
2021-04-10 13:00:00,814.0,33.0,57,1.8
2021-04-10 14:00:00,628.0,33.0,57,1.1
2021-04-10 15:00:00,441.0,30.5,68,9.0
2021-04-10 16:00:00,142.0,28.0,80,2.1
2021-04-10 17:00:00,129.0,27.9,81,3.3
2021-04-11 06:00:00,1.0,25.1,76,11.3
2021-04-11 07:00:00,79.0,25.9,74,9.5
2021-04-11 08:00:00,273.0,27.9,65,10.1
2021-04-11 09:00:00,525.0,29.8,61,8.0
2021-04-11 10:00:00,740.0,31.2,59,6.0
2021-04-11 11:00:00,838.0,32.3,56,5.8
2021-04-11 12:00:00,859.0,33.0,54,5.6
2021-04-11 13:00:00,854.0,33.5,53,5.7
2021-04-11 14:00:00,697.0,33.8,51,5.5
2021-04-11 15:00:00,550.0,33.6,51,4.8
2021-04-11 16:00:00,407.0,33.2,52,5.8
2021-04-11 17:00:00,243.0,32.5,54,2.2
2021-04-12 06:00:00,1.0,25.7,78,7.0
2021-04-12 07:00:00,100.0,27.0,73,8.9
2021-04-12 08:00:00,304.0,29.5,64,7.2
2021-04-12 09:00:00,550.0,30.8,60,7.4
2021-04-12 10:00:00,737.0,32.0,57,5.7
2021-04-12 11:00:00,892.0,33.7,52,5.2
2021-04-12 12:00:00,932.0,34.9,48,3.2
2021-04-12 13:00:00,838.0,35.8,44,4.8
2021-04-12 14:00:00,718.0,33.9,50,10.2
2021-04-12 15:00:00,566.0,33.5,54,7.4
2021-04-12 16:00:00,401.0,33.7,52,3.3
2021-04-12 17:00:00,214.0,32.9,56,2.8
2021-04-13 06:00:00,1.0,23.9,97,3.4
2021-04-13 07:00:00,102.0,25.6,93,5.1
2021-04-13 08:00:00,301.0,27.4,83,3.1
2021-04-13 09:00:00,497.0,29.2,77,3.3
2021-04-13 10:00:00,736.0,31.4,67,5.2
2021-04-13 11:00:00,693.0,32.1,64,7.2
2021-04-13 12:00:00,934.0,33.5,59,6.5
2021-04-13 13:00:00,791.0,34.0,56,4.4
2021-04-13 14:00:00,703.0,32.5,62,8.0
2021-04-13 15:00:00,515.0,30.9,70,9.1
2021-04-13 16:00:00,310.0,30.5,72,8.6
2021-04-13 17:00:00,217.0,30.9,68,6.1
2021-04-14 06:00:00,2.0,26.7,79,12.2
2021-04-14 07:00:00,81.0,27.0,79,10.5
2021-04-14 08:00:00,243.0,28.2,73,11.6
2021-04-14 09:00:00,434.0,29.6,68,6.9
2021-04-14 10:00:00,471.0,30.3,67,6.2
2021-04-14 11:00:00,644.0,31.4,63,6.4
2021-04-14 12:00:00,746.0,31.6,62,2.9
2021-04-14 13:00:00,645.0,32.1,61,3.0
2021-04-14 14:00:00,491.0,30.6,68,4.7
2021-04-14 15:00:00,341.0,30.3,70,5.6
2021-04-14 16:00:00,243.0,30.7,68,4.9
2021-04-14 17:00:00,135.0,30.5,68,5.9
2021-04-15 06:00:00,1.0,26.5,80,16.1
2021-04-15 07:00:00,49.0,27.5,76,13.3
2021-04-15 08:00:00,259.0,29.2,70,12.9
2021-04-15 09:00:00,528.0,31.4,60,11.8
2021-04-15 10:00:00,735.0,32.8,55,8.1
2021-04-15 11:00:00,877.0,33.9,51,5.5
2021-04-15 12:00:00,891.0,34.5,49,5.4
2021-04-15 13:00:00,829.0,34.5,48,7.2
2021-04-15 14:00:00,703.0,34.0,48,10.5
2021-04-15 15:00:00,495.0,33.0,53,8.4
2021-04-15 16:00:00,277.0,32.5,55,5.1
2021-04-15 17:00:00,166.0,32.0,58,4.7
2021-04-16 06:00:00,2.0,25.4,93,5.8
2021-04-16 07:00:00,63.0,25.6,94,5.4
2021-04-16 08:00:00,160.0,26.5,89,6.7
2021-04-16 09:00:00,152.0,27.0,86,7.6
2021-04-16 10:00:00,237.0,27.7,81,10.0
2021-04-16 11:00:00,358.0,29.0,75,6.9
2021-04-16 12:00:00,500.0,30.1,69,5.4
2021-04-16 13:00:00,660.0,31.0,66,5.4
2021-04-16 14:00:00,677.0,31.2,64,5.0
2021-04-16 15:00:00,521.0,31.4,64,7.2
2021-04-16 16:00:00,424.0,30.4,67,6.6
2021-04-16 17:00:00,191.0,29.4,72,6.8
2021-04-17 06:00:00,2.0,25.4,91,3.9
2021-04-17 07:00:00,71.0,26.2,85,2.1
2021-04-17 08:00:00,264.0,28.0,76,0.8
2021-04-17 09:00:00,436.0,29.5,68,2.3
2021-04-17 10:00:00,652.0,31.2,61,2.9
2021-04-17 11:00:00,811.0,32.8,55,3.8
2021-04-17 12:00:00,748.0,33.0,55,5.6
2021-04-17 13:00:00,732.0,33.0,55,7.0
2021-04-17 14:00:00,564.0,32.9,55,7.6
2021-04-17 15:00:00,388.0,30.4,65,9.4
2021-04-17 16:00:00,307.0,30.5,65,6.6
2021-04-17 17:00:00,140.0,29.9,68,5.2
2021-04-18 06:00:00,2.0,24.8,96,2.6
2021-04-18 07:00:00,94.0,25.6,90,4.3
2021-04-18 08:00:00,281.0,27.6,79,3.0
2021-04-18 09:00:00,485.0,29.5,68,0.8
2021-04-18 10:00:00,616.0,31.1,61,3.1
2021-04-18 11:00:00,814.0,32.5,56,4.8
2021-04-18 12:00:00,894.0,33.6,52,6.6
2021-04-18 13:00:00,894.0,34.3,49,7.6
2021-04-18 14:00:00,720.0,34.2,48,6.6
2021-04-18 15:00:00,649.0,34.7,46,1.8
2021-04-18 16:00:00,415.0,33.8,48,3.2
2021-04-18 17:00:00,190.0,30.6,63,11.9
2021-04-19 06:00:00,2.0,24.4,94,9.4
2021-04-19 07:00:00,100.0,25.5,87,9.2
2021-04-19 08:00:00,326.0,27.4,77,6.2
2021-04-19 09:00:00,550.0,29.4,68,3.6
2021-04-19 10:00:00,753.0,31.4,59,2.3
2021-04-19 11:00:00,905.0,33.2,50,4.7
2021-04-19 12:00:00,886.0,34.0,46,6.1
2021-04-19 13:00:00,840.0,35.0,42,6.5
2021-04-19 14:00:00,797.0,35.3,41,6.4
2021-04-19 15:00:00,650.0,35.5,39,5.2
2021-04-19 16:00:00,404.0,35.0,40,5.9
2021-04-19 17:00:00,234.0,34.3,42,6.9
2021-04-20 06:00:00,3.0,24.8,83,8.4
2021-04-20 07:00:00,114.0,26.5,76,7.8
2021-04-20 08:00:00,329.0,28.9,65,7.2
2021-04-20 09:00:00,554.0,31.0,59,5.9
2021-04-20 10:00:00,756.0,33.0,50,6.2
2021-04-20 11:00:00,854.0,34.5,43,7.0
2021-04-20 12:00:00,961.0,36.0,38,6.8
2021-04-20 13:00:00,965.0,37.2,34,6.3
2021-04-20 14:00:00,883.0,37.6,32,6.9
2021-04-20 15:00:00,634.0,37.5,32,7.1
2021-04-20 16:00:00,426.0,36.8,32,9.1
2021-04-20 17:00:00,263.0,36.1,33,11.2
2021-04-21 06:00:00,3.0,25.7,64,12.6
2021-04-21 07:00:00,117.0,27.4,59,12.4
2021-04-21 08:00:00,347.0,29.6,54,13.7
2021-04-21 09:00:00,573.0,31.5,51,10.2
2021-04-21 10:00:00,740.0,33.2,44,9.4
2021-04-21 11:00:00,841.0,34.8,39,10.3
2021-04-21 12:00:00,930.0,36.2,34,9.7
2021-04-21 13:00:00,895.0,36.8,32,8.7
2021-04-21 14:00:00,761.0,36.8,32,7.7
2021-04-21 15:00:00,635.0,36.8,31,6.6
2021-04-21 16:00:00,437.0,36.2,33,7.2
2021-04-21 17:00:00,235.0,35.3,35,5.2
2021-04-22 06:00:00,3.0,26.4,65,12.3
2021-04-22 07:00:00,116.0,28.2,58,14.1
2021-04-22 08:00:00,337.0,30.5,50,16.5
2021-04-22 09:00:00,563.0,32.8,42,14.9
2021-04-22 10:00:00,760.0,34.8,36,10.2
2021-04-22 11:00:00,913.0,36.4,31,9.6
2021-04-22 12:00:00,984.0,37.3,30,9.8
2021-04-22 13:00:00,925.0,37.2,32,9.4
2021-04-22 14:00:00,705.0,37.0,33,7.6
2021-04-22 15:00:00,617.0,37.0,32,5.2
2021-04-22 16:00:00,461.0,37.0,31,6.8
2021-04-22 17:00:00,254.0,36.3,31,6.0
2021-04-23 06:00:00,3.0,26.5,66,15.0
2021-04-23 07:00:00,121.0,28.5,59,13.5
2021-04-23 08:00:00,336.0,31.4,46,16.0
2021-04-23 09:00:00,566.0,33.5,40,16.0
2021-04-23 10:00:00,764.0,35.4,35,13.5
2021-04-23 11:00:00,900.0,36.8,31,9.4
2021-04-23 12:00:00,969.0,38.0,28,6.8
2021-04-23 13:00:00,887.0,38.3,28,5.4
2021-04-23 14:00:00,770.0,38.3,28,6.4
2021-04-23 15:00:00,589.0,38.2,28,9.4
2021-04-23 16:00:00,417.0,37.8,28,9.7
2021-04-23 17:00:00,224.0,36.3,30,1.8
2021-04-24 06:00:00,3.0,25.2,82,8.1
2021-04-24 07:00:00,97.0,26.7,79,7.4
2021-04-24 08:00:00,292.0,28.6,69,7.9
2021-04-24 09:00:00,539.0,31.0,59,4.4
2021-04-24 10:00:00,731.0,33.5,47,4.9
2021-04-24 11:00:00,867.0,35.7,39,6.6
2021-04-24 12:00:00,906.0,37.0,33,7.8
2021-04-24 13:00:00,895.0,37.8,30,7.4
2021-04-24 14:00:00,680.0,37.0,32,7.2
2021-04-24 15:00:00,630.0,37.6,31,6.9
2021-04-24 16:00:00,448.0,35.9,36,8.2
2021-04-24 17:00:00,210.0,34.0,42,5.4
2021-04-25 06:00:00,3.0,25.7,88,2.4
2021-04-25 07:00:00,96.0,27.6,72,5.9
2021-04-25 08:00:00,306.0,29.8,60,11.8
2021-04-25 09:00:00,531.0,32.2,50,12.6
2021-04-25 10:00:00,752.0,34.6,43,10.6
2021-04-25 11:00:00,897.0,36.5,36,7.9
2021-04-25 12:00:00,893.0,37.5,33,8.2
2021-04-25 13:00:00,845.0,37.9,32,6.4
2021-04-25 14:00:00,794.0,38.2,30,5.1
2021-04-25 15:00:00,497.0,33.4,50,14.4
2021-04-25 16:00:00,274.0,30.9,61,20.8
2021-04-25 17:00:00,201.0,32.0,55,14.0
2021-04-26 06:00:00,4.0,26.6,64,11.5
2021-04-26 07:00:00,104.0,28.3,59,8.4
2021-04-26 08:00:00,308.0,30.3,55,7.6
2021-04-26 09:00:00,522.0,32.6,51,6.6
2021-04-26 10:00:00,696.0,34.3,44,6.0
2021-04-26 11:00:00,795.0,35.8,40,4.7
2021-04-26 12:00:00,880.0,37.2,36,5.6
2021-04-26 13:00:00,906.0,37.6,34,6.9
2021-04-26 14:00:00,754.0,37.5,34,5.4
2021-04-26 15:00:00,510.0,36.2,37,5.5
2021-04-26 16:00:00,275.0,34.4,43,10.5
2021-04-26 17:00:00,134.0,33.8,44,8.3
2021-04-27 06:00:00,2.0,24.5,95,9.0
2021-04-27 07:00:00,57.0,25.5,91,7.7
2021-04-27 08:00:00,222.0,27.2,80,10.2
2021-04-27 09:00:00,360.0,29.2,69,12.6
2021-04-27 10:00:00,436.0,31.0,57,14.6
2021-04-27 11:00:00,565.0,32.8,49,14.8
2021-04-27 12:00:00,801.0,34.4,45,13.5
2021-04-27 13:00:00,753.0,32.7,56,12.1
2021-04-27 14:00:00,579.0,33.5,48,9.4
2021-04-27 15:00:00,421.0,33.1,48,4.7
2021-04-27 16:00:00,248.0,30.4,59,4.2
2021-04-27 17:00:00,104.0,27.6,77,3.1
2021-04-28 06:00:00,3.0,23.8,96,2.6
2021-04-28 07:00:00,78.0,24.3,94,3.0
2021-04-28 08:00:00,163.0,25.0,91,5.7
2021-04-28 09:00:00,220.0,25.4,90,7.4
2021-04-28 10:00:00,420.0,26.4,85,8.2
2021-04-28 11:00:00,397.0,27.0,83,3.8
2021-04-28 12:00:00,462.0,27.4,83,6.9
2021-04-28 13:00:00,400.0,26.3,85,9.7
2021-04-28 14:00:00,323.0,25.6,89,7.0
2021-04-28 15:00:00,114.0,24.8,93,5.4
2021-04-28 16:00:00,119.0,24.8,94,2.9
2021-04-28 17:00:00,111.0,25.0,91,2.6
2021-04-29 06:00:00,3.0,22.9,99,5.7
2021-04-29 07:00:00,78.0,24.0,94,5.8
2021-04-29 08:00:00,295.0,25.2,92,7.9
2021-04-29 09:00:00,425.0,26.4,82,7.1
2021-04-29 10:00:00,690.0,27.9,73,7.6
2021-04-29 11:00:00,715.0,28.8,70,7.5
2021-04-29 12:00:00,826.0,29.6,67,5.9
2021-04-29 13:00:00,843.0,30.1,66,4.0
2021-04-29 14:00:00,781.0,30.3,66,3.1
2021-04-29 15:00:00,642.0,30.0,67,3.2
2021-04-29 16:00:00,470.0,30.2,64,5.1
2021-04-29 17:00:00,242.0,29.2,68,3.9
2021-04-30 06:00:00,3.0,23.2,97,5.8
2021-04-30 07:00:00,100.0,24.3,89,2.5
2021-04-30 08:00:00,260.0,25.5,84,4.4
2021-04-30 09:00:00,391.0,26.5,82,5.9
2021-04-30 10:00:00,624.0,27.7,79,6.1
2021-04-30 11:00:00,611.0,28.4,74,6.6
2021-04-30 12:00:00,675.0,29.4,68,4.6
2021-04-30 13:00:00,790.0,30.2,65,6.5
2021-04-30 14:00:00,715.0,30.5,67,6.8
2021-04-30 15:00:00,416.0,29.1,71,8.2
2021-04-30 16:00:00,308.0,28.9,73,4.4
2021-04-30 17:00:00,188.0,28.5,74,2.2
2021-05-01 06:00:00,4.0,23.2,95,0.4
2021-05-01 07:00:00,96.0,25.0,87,3.4
2021-05-01 08:00:00,298.0,26.2,81,7.7
2021-05-01 09:00:00,497.0,27.9,73,8.8
2021-05-01 10:00:00,709.0,29.5,66,5.6
2021-05-01 11:00:00,857.0,30.9,59,2.3
2021-05-01 12:00:00,850.0,31.3,56,2.3
2021-05-01 13:00:00,841.0,31.8,55,2.5
2021-05-01 14:00:00,700.0,31.6,55,1.8
2021-05-01 15:00:00,643.0,31.0,58,7.1
2021-05-01 16:00:00,319.0,29.0,74,8.8
2021-05-01 17:00:00,246.0,28.9,74,4.3
2021-05-02 06:00:00,4.0,23.4,98,3.3
2021-05-02 07:00:00,82.0,23.9,93,1.8
2021-05-02 08:00:00,201.0,25.0,87,3.3
2021-05-02 09:00:00,409.0,26.2,83,4.9
2021-05-02 10:00:00,501.0,27.3,79,5.2
2021-05-02 11:00:00,342.0,27.0,81,6.4
2021-05-02 12:00:00,341.0,27.0,81,4.9
2021-05-02 13:00:00,384.0,27.6,75,2.4
2021-05-02 14:00:00,578.0,28.9,68,3.1
2021-05-02 15:00:00,484.0,29.1,64,1.1
2021-05-02 16:00:00,393.0,29.5,62,2.5
2021-05-02 17:00:00,191.0,28.9,65,2.3
2021-05-03 06:00:00,2.0,23.2,96,4.0
2021-05-03 07:00:00,39.0,24.1,95,2.2
2021-05-03 08:00:00,68.0,24.5,93,4.0
2021-05-03 09:00:00,109.0,24.7,92,4.9
2021-05-03 10:00:00,151.0,25.1,88,3.3
2021-05-03 11:00:00,245.0,25.7,82,3.8
2021-05-03 12:00:00,378.0,26.5,76,6.0
2021-05-03 13:00:00,396.0,27.2,72,5.4
2021-05-03 14:00:00,514.0,28.0,70,4.6
2021-05-03 15:00:00,484.0,28.2,70,5.6
2021-05-03 16:00:00,315.0,28.0,72,4.9
2021-05-03 17:00:00,194.0,27.8,74,4.0
2021-05-04 06:00:00,1.0,22.8,98,3.2
2021-05-04 07:00:00,15.0,23.6,96,2.3
2021-05-04 08:00:00,148.0,24.4,91,2.9
2021-05-04 09:00:00,224.0,25.0,87,3.6
2021-05-04 10:00:00,290.0,25.6,83,2.9
2021-05-04 11:00:00,432.0,26.9,78,1.6
2021-05-04 12:00:00,780.0,28.4,76,1.5
2021-05-04 13:00:00,765.0,28.7,77,1.9
2021-05-04 14:00:00,685.0,29.0,76,0.8
2021-05-04 15:00:00,593.0,29.1,76,2.5
2021-05-04 16:00:00,360.0,28.1,77,4.3
2021-05-04 17:00:00,139.0,25.4,87,9.2
2021-05-05 06:00:00,5.0,23.6,92,8.4
2021-05-05 07:00:00,126.0,25.5,81,6.5
2021-05-05 08:00:00,298.0,26.9,75,6.0
2021-05-05 09:00:00,508.0,28.4,70,5.4
2021-05-05 10:00:00,749.0,29.9,64,3.6
2021-05-05 11:00:00,840.0,30.8,61,2.3
2021-05-05 12:00:00,866.0,31.4,59,1.8
2021-05-05 13:00:00,840.0,31.7,60,0.5
2021-05-05 14:00:00,786.0,32.0,60,1.9
2021-05-05 15:00:00,594.0,30.0,70,8.4
2021-05-05 16:00:00,347.0,29.6,70,3.6
2021-05-05 17:00:00,164.0,28.4,76,4.3
2021-05-06 06:00:00,5.0,23.6,99,2.9
2021-05-06 07:00:00,94.0,25.0,94,5.4
2021-05-06 08:00:00,255.0,26.1,89,7.3
2021-05-06 09:00:00,446.0,27.4,83,5.9
2021-05-06 10:00:00,656.0,29.1,74,6.3
2021-05-06 11:00:00,801.0,30.5,67,5.6
2021-05-06 12:00:00,874.0,31.0,64,4.6
2021-05-06 13:00:00,818.0,31.2,62,1.5
2021-05-06 14:00:00,701.0,30.5,65,13.0
2021-05-06 15:00:00,542.0,29.1,76,2.5
2021-05-06 16:00:00,180.0,27.5,82,10.7
2021-05-06 17:00:00,101.0,26.2,89,11.0
2021-05-07 06:00:00,4.0,23.2,98,1.5
2021-05-07 07:00:00,99.0,24.0,95,1.8
2021-05-07 08:00:00,249.0,25.4,88,2.8
2021-05-07 09:00:00,409.0,26.6,84,3.2
2021-05-07 10:00:00,511.0,27.8,79,2.9
2021-05-07 11:00:00,674.0,28.9,74,2.6
2021-05-07 12:00:00,446.0,29.0,73,3.0
2021-05-07 13:00:00,787.0,30.5,71,1.8
2021-05-07 14:00:00,704.0,30.6,70,5.9
2021-05-07 15:00:00,419.0,27.9,78,5.4
2021-05-07 16:00:00,126.0,24.8,92,4.3
2021-05-07 17:00:00,65.0,24.7,94,4.1
2021-05-08 06:00:00,6.0,24.0,91,6.4
2021-05-08 07:00:00,123.0,24.9,87,10.2
2021-05-08 08:00:00,341.0,26.4,82,10.2
2021-05-08 09:00:00,541.0,28.1,75,9.2
2021-05-08 10:00:00,740.0,29.6,69,7.4
2021-05-08 11:00:00,869.0,30.5,67,7.1
2021-05-08 12:00:00,937.0,31.3,67,6.9
2021-05-08 13:00:00,919.0,31.7,67,6.2
2021-05-08 14:00:00,792.0,31.0,69,5.6
2021-05-08 15:00:00,592.0,30.0,71,2.7
2021-05-08 16:00:00,367.0,29.0,78,8.3
2021-05-08 17:00:00,137.0,27.5,85,9.8
2021-05-09 06:00:00,1.0,24.3,86,11.4
2021-05-09 07:00:00,26.0,24.8,85,7.7
2021-05-09 08:00:00,141.0,25.6,84,9.7
2021-05-09 09:00:00,287.0,26.9,78,13.4
2021-05-09 10:00:00,345.0,27.5,76,13.0
2021-05-09 11:00:00,469.0,28.2,74,14.0
2021-05-09 12:00:00,527.0,28.6,71,16.1
2021-05-09 13:00:00,707.0,29.4,69,16.7
2021-05-09 14:00:00,707.0,29.9,69,15.7
2021-05-09 15:00:00,675.0,30.2,67,14.5
2021-05-09 16:00:00,486.0,29.5,69,18.0
2021-05-09 17:00:00,273.0,28.6,73,18.4
2021-05-10 06:00:00,6.0,25.5,81,11.3
2021-05-10 07:00:00,122.0,26.5,79,8.2
2021-05-10 08:00:00,307.0,27.9,75,5.4
2021-05-10 09:00:00,523.0,29.5,67,2.3
2021-05-10 10:00:00,682.0,30.9,62,3.7
2021-05-10 11:00:00,811.0,32.0,61,8.2
2021-05-10 12:00:00,909.0,33.0,59,9.4
2021-05-10 13:00:00,912.0,33.5,56,9.7
2021-05-10 14:00:00,813.0,33.3,55,9.2
2021-05-10 15:00:00,579.0,33.0,56,6.9
2021-05-10 16:00:00,268.0,32.0,59,3.6
2021-05-10 17:00:00,140.0,30.9,72,2.8
2021-05-11 06:00:00,5.0,26.0,76,20.2
2021-05-11 07:00:00,110.0,25.4,85,4.7
2021-05-11 08:00:00,293.0,26.9,80,4.7
2021-05-11 09:00:00,557.0,29.0,72,5.2
2021-05-11 10:00:00,741.0,31.2,60,6.6
2021-05-11 11:00:00,889.0,33.2,50,8.0
2021-05-11 12:00:00,933.0,34.2,45,7.6
2021-05-11 13:00:00,932.0,34.9,42,8.5
2021-05-11 14:00:00,826.0,35.0,42,8.9
2021-05-11 15:00:00,669.0,35.0,42,8.4
2021-05-11 16:00:00,498.0,34.7,43,7.1
2021-05-11 17:00:00,278.0,33.8,48,4.7
2021-05-12 06:00:00,5.0,25.8,79,12.2
2021-05-12 07:00:00,121.0,27.1,72,11.6
2021-05-12 08:00:00,329.0,29.1,64,12.3
2021-05-12 09:00:00,554.0,30.9,55,9.4
2021-05-12 10:00:00,762.0,32.3,51,6.5
2021-05-12 11:00:00,890.0,33.7,48,8.0
2021-05-12 12:00:00,955.0,34.7,45,8.4
2021-05-12 13:00:00,937.0,35.3,44,8.4
2021-05-12 14:00:00,783.0,35.5,43,8.6
2021-05-12 15:00:00,659.0,35.5,43,7.6
2021-05-12 16:00:00,422.0,34.0,47,12.3
2021-05-12 17:00:00,238.0,33.5,48,1.5
2021-05-13 06:00:00,7.0,25.6,76,10.2
2021-05-13 07:00:00,127.0,27.2,69,10.5
2021-05-13 08:00:00,336.0,29.1,63,9.1
2021-05-13 09:00:00,567.0,30.7,60,6.8
2021-05-13 10:00:00,726.0,32.3,54,7.2
2021-05-13 11:00:00,891.0,34.2,47,10.2
2021-05-13 12:00:00,899.0,35.3,43,11.8
2021-05-13 13:00:00,875.0,36.2,39,11.9
2021-05-13 14:00:00,824.0,36.7,36,10.9
2021-05-13 15:00:00,696.0,36.8,35,10.2
2021-05-13 16:00:00,503.0,36.5,36,10.5
2021-05-13 17:00:00,278.0,35.3,40,9.8
2021-05-14 06:00:00,7.0,25.4,76,13.9
2021-05-14 07:00:00,144.0,27.5,69,18.8
2021-05-14 08:00:00,372.0,30.1,59,18.9
2021-05-14 09:00:00,595.0,32.6,46,16.9
2021-05-14 10:00:00,779.0,34.4,39,13.7
2021-05-14 11:00:00,905.0,35.9,35,11.7
2021-05-14 12:00:00,967.0,36.8,33,9.6
2021-05-14 13:00:00,909.0,37.5,31,8.0
2021-05-14 14:00:00,854.0,38.0,28,5.8
2021-05-14 15:00:00,719.0,38.2,27,5.9
2021-05-14 16:00:00,526.0,37.9,27,8.9
2021-05-14 17:00:00,274.0,36.8,30,10.6
2021-05-15 06:00:00,7.0,25.9,74,16.9
2021-05-15 07:00:00,140.0,28.1,63,17.0
2021-05-15 08:00:00,371.0,30.4,53,19.0
2021-05-15 09:00:00,594.0,32.3,47,15.8
2021-05-15 10:00:00,779.0,34.2,41,13.0
2021-05-15 11:00:00,909.0,35.7,37,12.4
2021-05-15 12:00:00,974.0,36.8,33,11.5
2021-05-15 13:00:00,966.0,37.7,31,10.2
2021-05-15 14:00:00,884.0,38.1,28,8.3
2021-05-15 15:00:00,732.0,38.2,27,5.7
2021-05-15 16:00:00,535.0,37.8,28,5.9
2021-05-15 17:00:00,297.0,36.8,31,10.6
2021-05-16 06:00:00,7.0,26.0,92,2.8
2021-05-16 07:00:00,98.0,27.9,82,5.8
2021-05-16 08:00:00,249.0,29.1,75,4.9
2021-05-16 09:00:00,429.0,30.6,67,4.0
2021-05-16 10:00:00,561.0,32.2,59,4.4
2021-05-16 11:00:00,781.0,34.1,50,5.9
2021-05-16 12:00:00,886.0,35.6,42,5.9
2021-05-16 13:00:00,872.0,36.5,39,5.9
2021-05-16 14:00:00,760.0,36.7,37,5.7
2021-05-16 15:00:00,613.0,36.5,38,5.8
2021-05-16 16:00:00,404.0,35.1,43,7.9
2021-05-16 17:00:00,221.0,33.2,50,7.1
2021-05-17 06:00:00,4.0,24.2,95,4.2
2021-05-17 07:00:00,65.0,24.4,92,2.7
2021-05-17 08:00:00,152.0,25.2,87,2.1
2021-05-17 09:00:00,232.0,26.4,84,4.7
2021-05-17 10:00:00,396.0,28.2,76,4.8
2021-05-17 11:00:00,429.0,29.9,68,5.6
2021-05-17 12:00:00,615.0,31.2,61,6.4
2021-05-17 13:00:00,572.0,31.9,58,5.5
2021-05-17 14:00:00,592.0,32.4,56,6.0
2021-05-17 15:00:00,408.0,32.5,56,3.4
2021-05-17 16:00:00,294.0,32.0,57,6.0
2021-05-17 17:00:00,153.0,30.6,65,9.7
2021-05-18 06:00:00,2.0,24.1,98,6.4
2021-05-18 07:00:00,61.0,24.9,92,6.5
2021-05-18 08:00:00,203.0,26.1,85,4.4
2021-05-18 09:00:00,234.0,27.0,80,7.3
2021-05-18 10:00:00,401.0,28.6,72,5.6
2021-05-18 11:00:00,450.0,29.8,67,4.9
2021-05-18 12:00:00,635.0,31.1,60,5.0
2021-05-18 13:00:00,700.0,32.2,59,7.4
2021-05-18 14:00:00,737.0,32.7,58,8.1
2021-05-18 15:00:00,599.0,31.8,63,10.3
2021-05-18 16:00:00,378.0,30.2,69,10.5
2021-05-18 17:00:00,185.0,29.0,77,9.0
2021-05-19 06:00:00,7.0,24.6,90,6.4
2021-05-19 07:00:00,135.0,26.4,83,4.3
2021-05-19 08:00:00,345.0,28.5,72,4.8
2021-05-19 09:00:00,560.0,30.3,64,3.9
2021-05-19 10:00:00,743.0,31.9,58,4.0
2021-05-19 11:00:00,837.0,33.2,52,3.9
2021-05-19 12:00:00,904.0,34.4,48,3.8
2021-05-19 13:00:00,912.0,35.3,45,1.1
2021-05-19 14:00:00,805.0,35.3,46,2.1
2021-05-19 15:00:00,619.0,35.5,44,4.9
2021-05-19 16:00:00,424.0,29.8,72,13.4
2021-05-19 17:00:00,155.0,29.0,72,4.7
2021-05-20 06:00:00,7.0,25.5,89,6.5
2021-05-20 07:00:00,138.0,26.6,85,4.6
2021-05-20 08:00:00,352.0,28.6,74,5.1
2021-05-20 09:00:00,563.0,30.6,64,6.3
2021-05-20 10:00:00,750.0,32.8,55,4.6
2021-05-20 11:00:00,874.0,34.5,48,3.6
2021-05-20 12:00:00,910.0,35.5,44,4.5
2021-05-20 13:00:00,873.0,36.2,41,5.6
2021-05-20 14:00:00,772.0,36.8,39,7.0
2021-05-20 15:00:00,640.0,35.6,42,9.4
2021-05-20 16:00:00,394.0,34.7,47,4.0
2021-05-20 17:00:00,229.0,34.0,48,5.8
2021-05-21 06:00:00,6.0,26.9,78,11.5
2021-05-21 07:00:00,101.0,28.6,66,13.2
2021-05-21 08:00:00,349.0,31.1,58,13.9
2021-05-21 09:00:00,551.0,33.1,52,12.1
2021-05-21 10:00:00,736.0,35.0,45,9.5
2021-05-21 11:00:00,813.0,36.2,40,5.6
2021-05-21 12:00:00,876.0,37.2,37,4.5
2021-05-21 13:00:00,818.0,37.8,35,5.5
2021-05-21 14:00:00,748.0,38.3,33,5.2
2021-05-21 15:00:00,582.0,38.2,33,4.3
2021-05-21 16:00:00,376.0,35.6,39,11.1
2021-05-21 17:00:00,184.0,32.8,48,10.8
2021-05-22 06:00:00,5.0,25.4,92,5.5
2021-05-22 07:00:00,90.0,26.9,83,5.1
2021-05-22 08:00:00,275.0,29.2,71,3.9
2021-05-22 09:00:00,413.0,31.2,61,6.0
2021-05-22 10:00:00,591.0,33.1,54,5.6
2021-05-22 11:00:00,783.0,34.6,49,5.4
2021-05-22 12:00:00,823.0,35.7,45,5.2
2021-05-22 13:00:00,706.0,36.2,43,6.9
2021-05-22 14:00:00,635.0,36.2,42,6.4
2021-05-22 15:00:00,559.0,36.8,39,7.5
2021-05-22 16:00:00,374.0,32.3,60,16.6
2021-05-22 17:00:00,173.0,31.6,60,8.0
2021-05-23 06:00:00,6.0,25.5,92,5.1
2021-05-23 07:00:00,119.0,28.2,66,8.9
2021-05-23 08:00:00,290.0,30.4,58,8.6
2021-05-23 09:00:00,391.0,31.8,53,7.3
2021-05-23 10:00:00,604.0,34.0,46,6.3
2021-05-23 11:00:00,734.0,35.5,42,8.0
2021-05-23 12:00:00,722.0,36.0,40,8.6
2021-05-23 13:00:00,609.0,36.0,40,6.1
2021-05-23 14:00:00,464.0,35.8,41,5.4
2021-05-23 15:00:00,483.0,36.0,40,5.8
2021-05-23 16:00:00,326.0,35.0,43,7.6
2021-05-23 17:00:00,166.0,31.9,60,15.7
2021-05-24 06:00:00,6.0,25.0,99,4.1
2021-05-24 07:00:00,100.0,27.0,86,4.6
2021-05-24 08:00:00,294.0,29.1,77,3.1
2021-05-24 09:00:00,470.0,31.1,65,5.4
2021-05-24 10:00:00,609.0,32.5,58,6.5
2021-05-24 11:00:00,818.0,34.6,49,5.0
2021-05-24 12:00:00,884.0,36.2,43,5.0
2021-05-24 13:00:00,884.0,37.3,40,4.3
2021-05-24 14:00:00,742.0,37.3,40,3.8
2021-05-24 15:00:00,628.0,37.3,39,4.8
2021-05-24 16:00:00,333.0,30.8,71,17.1
2021-05-24 17:00:00,150.0,28.0,80,11.2
2021-05-25 06:00:00,7.0,26.1,89,5.8
2021-05-25 07:00:00,113.0,26.8,83,4.9
2021-05-25 08:00:00,205.0,28.1,75,6.6
2021-05-25 09:00:00,412.0,29.9,69,9.0
2021-05-25 10:00:00,560.0,31.4,64,9.6
2021-05-25 11:00:00,710.0,33.0,56,8.0
2021-05-25 12:00:00,782.0,34.0,53,6.9
2021-05-25 13:00:00,662.0,33.5,55,7.6
2021-05-25 14:00:00,635.0,33.5,56,3.1
2021-05-25 15:00:00,252.0,29.0,77,12.9
2021-05-25 16:00:00,214.0,29.8,74,10.7
2021-05-25 17:00:00,182.0,30.8,69,9.8
2021-05-26 06:00:00,8.0,26.8,70,17.2
2021-05-26 07:00:00,141.0,28.6,59,11.9
2021-05-26 08:00:00,366.0,30.8,50,9.2
2021-05-26 09:00:00,582.0,32.8,45,5.2
2021-05-26 10:00:00,770.0,34.9,37,7.7
2021-05-26 11:00:00,882.0,36.3,34,9.2
2021-05-26 12:00:00,953.0,37.5,33,8.3
2021-05-26 13:00:00,949.0,38.4,30,6.6
2021-05-26 14:00:00,740.0,38.6,28,4.4
2021-05-26 15:00:00,687.0,39.0,26,4.2
2021-05-26 16:00:00,490.0,38.4,27,7.4
2021-05-26 17:00:00,245.0,36.5,35,15.2
2021-05-27 06:00:00,7.0,26.4,67,11.1
2021-05-27 07:00:00,140.0,28.1,61,8.8
2021-05-27 08:00:00,353.0,30.5,55,9.4
2021-05-27 09:00:00,573.0,32.3,50,8.0
2021-05-27 10:00:00,744.0,34.0,44,7.2
2021-05-27 11:00:00,864.0,35.7,39,6.4
2021-05-27 12:00:00,912.0,36.9,35,6.8
2021-05-27 13:00:00,880.0,37.8,33,8.5
2021-05-27 14:00:00,767.0,38.0,34,9.5
2021-05-27 15:00:00,631.0,34.4,45,6.7
2021-05-27 16:00:00,345.0,33.2,51,9.2
2021-05-27 17:00:00,179.0,32.5,53,5.5
2021-05-28 06:00:00,6.0,24.8,97,5.6
2021-05-28 07:00:00,123.0,25.9,92,7.3
2021-05-28 08:00:00,265.0,27.4,83,2.3
2021-05-28 09:00:00,379.0,29.1,73,5.2
2021-05-28 10:00:00,550.0,30.8,67,2.2
2021-05-28 11:00:00,678.0,32.1,62,3.6
2021-05-28 12:00:00,779.0,33.3,57,4.3
2021-05-28 13:00:00,770.0,34.2,51,4.8
2021-05-28 14:00:00,465.0,32.1,59,7.9
2021-05-28 15:00:00,309.0,28.8,77,7.5
2021-05-28 16:00:00,273.0,29.5,72,5.0
2021-05-28 17:00:00,167.0,28.1,82,4.7
2021-05-29 06:00:00,2.0,24.2,97,0.8
2021-05-29 07:00:00,44.0,24.5,95,4.7
2021-05-29 08:00:00,104.0,25.0,93,4.0
2021-05-29 09:00:00,187.0,25.5,90,5.0
2021-05-29 10:00:00,245.0,25.9,89,7.2
2021-05-29 11:00:00,395.0,26.9,83,3.7
2021-05-29 12:00:00,518.0,28.2,78,3.1
2021-05-29 13:00:00,516.0,29.0,73,3.1
2021-05-29 14:00:00,599.0,29.5,73,3.8
2021-05-29 15:00:00,472.0,28.2,79,4.0
2021-05-29 16:00:00,114.0,26.4,86,2.1
2021-05-29 17:00:00,35.0,26.0,92,3.3
2021-05-30 06:00:00,2.0,23.7,99,8.0
2021-05-30 07:00:00,35.0,24.1,97,8.1
2021-05-30 08:00:00,101.0,24.9,94,6.9
2021-05-30 09:00:00,262.0,26.0,88,8.2
2021-05-30 10:00:00,432.0,27.2,81,6.6
2021-05-30 11:00:00,755.0,29.0,73,5.9
2021-05-30 12:00:00,794.0,30.0,69,4.8
2021-05-30 13:00:00,882.0,31.0,66,5.4
2021-05-30 14:00:00,794.0,31.4,65,4.9
2021-05-30 15:00:00,636.0,31.4,65,2.9
2021-05-30 16:00:00,404.0,31.2,64,2.1
2021-05-30 17:00:00,236.0,30.6,68,3.8
2021-05-31 06:00:00,7.0,25.0,79,14.0
2021-05-31 07:00:00,131.0,26.3,78,13.0
2021-05-31 08:00:00,333.0,27.7,74,12.8
2021-05-31 09:00:00,545.0,29.3,69,11.1
2021-05-31 10:00:00,727.0,30.9,64,8.6
2021-05-31 11:00:00,868.0,31.9,62,7.0
2021-05-31 12:00:00,867.0,32.5,60,5.2
2021-05-31 13:00:00,840.0,32.7,60,4.7
2021-05-31 14:00:00,722.0,33.1,59,5.6
2021-05-31 15:00:00,576.0,32.3,61,1.5
2021-05-31 16:00:00,419.0,31.2,67,8.3
2021-05-31 17:00:00,180.0,30.6,74,7.9
2021-06-01 06:00:00,6.0,23.8,98,4.0
2021-06-01 07:00:00,92.0,25.0,92,0.7
2021-06-01 08:00:00,165.0,26.0,89,5.5
2021-06-01 09:00:00,304.0,27.6,82,5.2
2021-06-01 10:00:00,447.0,29.0,76,3.7
2021-06-01 11:00:00,496.0,28.8,79,5.4
2021-06-01 12:00:00,362.0,28.4,80,3.3
2021-06-01 13:00:00,581.0,29.5,78,4.0
2021-06-01 14:00:00,594.0,29.1,81,6.9
2021-06-01 15:00:00,290.0,27.6,84,5.2
2021-06-01 16:00:00,205.0,27.7,85,4.3
2021-06-01 17:00:00,104.0,27.5,86,2.0
2021-06-02 06:00:00,6.0,24.8,97,3.6
2021-06-02 07:00:00,78.0,25.2,96,3.7
2021-06-02 08:00:00,158.0,26.3,90,4.8
2021-06-02 09:00:00,348.0,27.5,83,6.4
2021-06-02 10:00:00,484.0,28.8,76,8.5
2021-06-02 11:00:00,495.0,29.7,72,8.4
2021-06-02 12:00:00,540.0,30.7,67,7.4
2021-06-02 13:00:00,553.0,31.3,66,7.9
2021-06-02 14:00:00,469.0,31.6,65,5.4
2021-06-02 15:00:00,456.0,31.5,68,7.5
2021-06-02 16:00:00,327.0,30.3,73,7.9
2021-06-02 17:00:00,185.0,29.5,76,7.6
2021-06-03 06:00:00,5.0,25.0,83,13.6
2021-06-03 07:00:00,94.0,25.9,84,8.9
2021-06-03 08:00:00,303.0,27.5,79,6.3
2021-06-03 09:00:00,449.0,28.6,76,7.7
2021-06-03 10:00:00,668.0,30.0,68,9.7
2021-06-03 11:00:00,787.0,31.1,63,8.4
2021-06-03 12:00:00,802.0,32.2,59,7.2
2021-06-03 13:00:00,878.0,33.2,56,3.4
2021-06-03 14:00:00,772.0,33.1,54,1.8
2021-06-03 15:00:00,632.0,32.5,59,9.1
2021-06-03 16:00:00,440.0,31.8,64,8.2
2021-06-03 17:00:00,231.0,30.6,70,10.3
2021-06-04 06:00:00,7.0,24.1,92,4.1
2021-06-04 07:00:00,117.0,25.8,83,9.0
2021-06-04 08:00:00,341.0,27.3,82,4.6
2021-06-04 09:00:00,559.0,29.3,75,4.3
2021-06-04 10:00:00,735.0,31.1,66,5.0
2021-06-04 11:00:00,776.0,31.8,62,4.6
2021-06-04 12:00:00,782.0,32.0,62,2.9
2021-06-04 13:00:00,770.0,32.0,64,4.1
2021-06-04 14:00:00,653.0,32.0,63,6.4
2021-06-04 15:00:00,562.0,31.4,65,6.6
2021-06-04 16:00:00,299.0,31.5,63,2.9
2021-06-04 17:00:00,257.0,30.8,67,2.6
2021-06-05 06:00:00,5.0,25.9,83,11.8
2021-06-05 07:00:00,87.0,26.8,80,12.0
2021-06-05 08:00:00,202.0,28.0,77,11.2
2021-06-05 09:00:00,352.0,29.0,73,8.4
2021-06-05 10:00:00,543.0,30.3,68,6.1
2021-06-05 11:00:00,682.0,31.5,64,4.1
2021-06-05 12:00:00,652.0,32.2,61,4.0
2021-06-05 13:00:00,741.0,32.9,59,4.7
2021-06-05 14:00:00,566.0,33.0,57,1.8
2021-06-05 15:00:00,453.0,31.2,64,1.8
2021-06-05 16:00:00,289.0,30.1,70,1.4
2021-06-05 17:00:00,134.0,28.8,78,3.9
2021-06-06 06:00:00,6.0,25.1,99,2.3
2021-06-06 07:00:00,70.0,26.1,88,0.5
2021-06-06 08:00:00,202.0,27.1,80,1.5
2021-06-06 09:00:00,401.0,28.2,78,3.7
2021-06-06 10:00:00,623.0,29.9,72,4.9
2021-06-06 11:00:00,699.0,31.0,66,5.6
2021-06-06 12:00:00,696.0,31.9,62,3.4
2021-06-06 13:00:00,621.0,32.3,61,3.1
2021-06-06 14:00:00,598.0,32.6,60,1.6
2021-06-06 15:00:00,634.0,32.3,62,0.7
2021-06-06 16:00:00,364.0,31.5,66,1.8
2021-06-06 17:00:00,158.0,30.9,71,2.5
2021-06-07 06:00:00,4.0,25.2,94,2.3
2021-06-07 07:00:00,77.0,25.1,87,11.5
2021-06-07 08:00:00,250.0,26.9,80,11.0
2021-06-07 09:00:00,357.0,28.5,73,9.5
2021-06-07 10:00:00,371.0,29.5,69,6.5
2021-06-07 11:00:00,460.0,30.2,65,3.9
2021-06-07 12:00:00,416.0,30.3,65,2.3
2021-06-07 13:00:00,477.0,27.7,79,7.1
2021-06-07 14:00:00,188.0,26.8,84,5.1
2021-06-07 15:00:00,287.0,27.1,84,4.3
2021-06-07 16:00:00,242.0,27.4,84,0.4
2021-06-07 17:00:00,159.0,27.0,85,1.5
2021-06-08 06:00:00,4.0,23.1,97,6.0
2021-06-08 07:00:00,59.0,24.9,94,5.2
2021-06-08 08:00:00,151.0,25.9,90,2.7
2021-06-08 09:00:00,312.0,27.0,81,1.1
2021-06-08 10:00:00,458.0,28.1,74,2.1
2021-06-08 11:00:00,595.0,29.3,69,1.6
2021-06-08 12:00:00,718.0,30.4,64,0.4
2021-06-08 13:00:00,828.0,31.2,61,1.8
2021-06-08 14:00:00,783.0,31.5,62,4.2
2021-06-08 15:00:00,565.0,30.5,65,10.2
2021-06-08 16:00:00,361.0,29.3,71,13.7
2021-06-08 17:00:00,246.0,29.1,71,11.4
2021-06-09 06:00:00,2.0,23.6,97,2.5
2021-06-09 07:00:00,64.0,24.1,95,2.6
2021-06-09 08:00:00,87.0,24.6,94,1.5
2021-06-09 09:00:00,279.0,25.6,91,1.1
2021-06-09 10:00:00,397.0,26.7,86,1.1
2021-06-09 11:00:00,567.0,28.0,76,2.7
2021-06-09 12:00:00,514.0,28.6,74,5.7
2021-06-09 13:00:00,580.0,29.0,72,5.9
2021-06-09 14:00:00,571.0,27.5,78,9.2
2021-06-09 15:00:00,150.0,26.0,85,9.4
2021-06-09 16:00:00,103.0,25.6,88,7.4
2021-06-09 17:00:00,110.0,25.7,88,2.7
2021-06-10 06:00:00,5.0,23.0,98,5.8
2021-06-10 07:00:00,95.0,23.9,94,4.9
2021-06-10 08:00:00,331.0,25.1,88,3.8
2021-06-10 09:00:00,541.0,26.8,82,3.3
2021-06-10 10:00:00,619.0,28.0,76,2.2
2021-06-10 11:00:00,744.0,29.4,69,3.6
2021-06-10 12:00:00,815.0,30.6,64,3.2
2021-06-10 13:00:00,816.0,31.5,61,3.2
2021-06-10 14:00:00,634.0,31.6,61,3.5
2021-06-10 15:00:00,476.0,31.5,61,2.6
2021-06-10 16:00:00,364.0,31.4,62,1.8
2021-06-10 17:00:00,194.0,30.6,65,1.1
2021-06-11 06:00:00,6.0,24.5,90,4.0
2021-06-11 07:00:00,121.0,26.0,84,7.1
2021-06-11 08:00:00,317.0,27.5,78,6.9
2021-06-11 09:00:00,526.0,29.1,72,4.9
2021-06-11 10:00:00,700.0,30.6,66,3.7
2021-06-11 11:00:00,836.0,31.8,62,5.4
2021-06-11 12:00:00,893.0,32.5,58,3.8
2021-06-11 13:00:00,872.0,33.0,55,1.8
2021-06-11 14:00:00,780.0,33.1,55,2.3
2021-06-11 15:00:00,557.0,31.1,68,9.2
2021-06-11 16:00:00,339.0,29.0,78,6.0
2021-06-11 17:00:00,143.0,28.6,80,3.6
2021-06-12 06:00:00,4.0,24.5,99,4.0
2021-06-12 07:00:00,78.0,26.0,93,3.8
2021-06-12 08:00:00,265.0,27.4,84,6.5
2021-06-12 09:00:00,375.0,28.0,83,3.6
2021-06-12 10:00:00,584.0,29.0,79,3.7
2021-06-12 11:00:00,727.0,30.1,75,5.7
2021-06-12 12:00:00,783.0,30.9,73,6.6
2021-06-12 13:00:00,720.0,31.2,71,6.5
2021-06-12 14:00:00,704.0,31.3,70,5.5
2021-06-12 15:00:00,641.0,30.1,72,4.4
2021-06-12 16:00:00,252.0,27.0,82,9.0
2021-06-12 17:00:00,52.0,26.5,85,3.3
2021-06-13 06:00:00,6.0,24.8,98,4.3
2021-06-13 07:00:00,112.0,25.6,93,3.9
2021-06-13 08:00:00,232.0,27.0,85,3.9
2021-06-13 09:00:00,325.0,27.8,81,3.7
2021-06-13 10:00:00,598.0,29.1,75,5.0
2021-06-13 11:00:00,727.0,30.4,69,4.8
2021-06-13 12:00:00,824.0,31.2,66,5.4
2021-06-13 13:00:00,737.0,31.3,65,5.2
2021-06-13 14:00:00,620.0,30.5,68,6.8
2021-06-13 15:00:00,390.0,29.4,75,10.9
2021-06-13 16:00:00,145.0,27.7,81,8.0
2021-06-13 17:00:00,164.0,27.5,81,5.6
2021-06-14 06:00:00,2.0,24.0,100,6.3
2021-06-14 07:00:00,45.0,24.2,96,1.0
2021-06-14 08:00:00,178.0,25.0,92,2.3
2021-06-14 09:00:00,351.0,26.7,83,2.2
2021-06-14 10:00:00,420.0,27.5,82,2.5
2021-06-14 11:00:00,674.0,28.8,80,5.2
2021-06-14 12:00:00,629.0,29.8,75,6.1
2021-06-14 13:00:00,792.0,30.5,74,3.0
2021-06-14 14:00:00,742.0,31.1,73,1.5
2021-06-14 15:00:00,492.0,30.5,69,3.6
2021-06-14 16:00:00,221.0,26.0,87,11.0
2021-06-14 17:00:00,104.0,24.6,92,7.8
2021-06-15 06:00:00,4.0,22.6,98,5.4
2021-06-15 07:00:00,78.0,23.4,95,3.6
2021-06-15 08:00:00,313.0,25.0,87,4.1
2021-06-15 09:00:00,531.0,26.6,80,4.0
2021-06-15 10:00:00,698.0,28.2,73,4.7
2021-06-15 11:00:00,764.0,29.6,68,4.3
2021-06-15 12:00:00,821.0,30.4,66,3.6
2021-06-15 13:00:00,823.0,30.7,66,3.0
2021-06-15 14:00:00,719.0,30.8,65,0.8
2021-06-15 15:00:00,547.0,29.0,73,5.4
2021-06-15 16:00:00,262.0,28.0,78,4.6
2021-06-15 17:00:00,116.0,27.5,82,6.2
2021-06-16 06:00:00,5.0,23.7,99,3.6
2021-06-16 07:00:00,89.0,24.9,90,4.5
2021-06-16 08:00:00,316.0,26.2,81,6.2
2021-06-16 09:00:00,502.0,27.5,74,4.7
2021-06-16 10:00:00,680.0,29.1,67,4.4
2021-06-16 11:00:00,831.0,30.5,62,5.2
2021-06-16 12:00:00,916.0,31.4,60,5.4
2021-06-16 13:00:00,893.0,32.0,60,6.5
2021-06-16 14:00:00,765.0,32.0,62,6.4
2021-06-16 15:00:00,601.0,31.8,64,3.6
2021-06-16 16:00:00,459.0,31.8,63,2.1
2021-06-16 17:00:00,261.0,31.2,64,0.4
2021-06-17 06:00:00,5.0,25.1,81,7.7
2021-06-17 07:00:00,123.0,26.2,77,6.5
2021-06-17 08:00:00,331.0,28.0,72,5.8
2021-06-17 09:00:00,560.0,29.6,65,3.7
2021-06-17 10:00:00,732.0,31.2,62,1.8
2021-06-17 11:00:00,867.0,32.7,56,3.7
2021-06-17 12:00:00,930.0,33.8,52,6.5
2021-06-17 13:00:00,901.0,34.2,50,7.6
2021-06-17 14:00:00,735.0,33.4,54,5.6
2021-06-17 15:00:00,575.0,33.0,56,4.8
2021-06-17 16:00:00,400.0,33.0,56,6.2
2021-06-17 17:00:00,238.0,32.5,59,3.2
2021-06-18 06:00:00,4.0,23.7,97,5.3
2021-06-18 07:00:00,80.0,24.6,96,4.4
2021-06-18 08:00:00,145.0,25.5,89,3.1
2021-06-18 09:00:00,106.0,25.6,89,4.4
2021-06-18 10:00:00,182.0,26.1,88,4.4
2021-06-18 11:00:00,433.0,27.5,81,2.7
2021-06-18 12:00:00,613.0,29.2,74,1.4
2021-06-18 13:00:00,772.0,31.0,67,0.5
2021-06-18 14:00:00,772.0,31.7,65,1.1
2021-06-18 15:00:00,583.0,31.6,64,2.4
2021-06-18 16:00:00,445.0,31.5,64,1.3
2021-06-18 17:00:00,241.0,31.0,66,1.8
2021-06-19 06:00:00,6.0,24.8,95,2.0
2021-06-19 07:00:00,127.0,26.1,89,3.1
2021-06-19 08:00:00,332.0,27.6,82,3.7
2021-06-19 09:00:00,517.0,29.0,76,5.0
2021-06-19 10:00:00,685.0,30.2,71,5.1
2021-06-19 11:00:00,813.0,31.4,65,3.8
2021-06-19 12:00:00,881.0,32.3,62,5.9
2021-06-19 13:00:00,827.0,32.9,61,6.6
2021-06-19 14:00:00,742.0,32.9,61,5.7
2021-06-19 15:00:00,600.0,33.0,61,2.6
2021-06-19 16:00:00,423.0,30.6,69,10.2
2021-06-19 17:00:00,210.0,29.2,75,12.5
2021-06-20 06:00:00,5.0,25.1,91,1.1
2021-06-20 07:00:00,114.0,26.8,77,1.1
2021-06-20 08:00:00,299.0,28.0,74,3.5
2021-06-20 09:00:00,500.0,29.2,73,3.7
2021-06-20 10:00:00,689.0,30.9,66,3.8
2021-06-20 11:00:00,825.0,32.2,61,6.0
2021-06-20 12:00:00,873.0,33.1,58,3.9
2021-06-20 13:00:00,882.0,33.8,55,3.6
2021-06-20 14:00:00,723.0,33.8,55,3.1
2021-06-20 15:00:00,542.0,33.8,54,2.9
2021-06-20 16:00:00,356.0,32.8,60,7.5
2021-06-20 17:00:00,205.0,31.2,68,10.1
2021-06-21 06:00:00,4.0,24.0,97,3.6
2021-06-21 07:00:00,86.0,24.9,92,1.6
2021-06-21 08:00:00,226.0,26.1,87,0.4
2021-06-21 09:00:00,462.0,28.0,78,1.1
2021-06-21 10:00:00,599.0,29.6,72,2.4
2021-06-21 11:00:00,751.0,31.1,65,2.6
2021-06-21 12:00:00,710.0,32.0,59,1.1
2021-06-21 13:00:00,853.0,33.2,55,1.8
2021-06-21 14:00:00,708.0,33.3,55,1.8
2021-06-21 15:00:00,549.0,30.7,70,11.0
2021-06-21 16:00:00,305.0,30.6,67,11.0
2021-06-21 17:00:00,188.0,29.7,70,13.5
2021-06-22 06:00:00,5.0,24.4,99,3.2
2021-06-22 07:00:00,94.0,25.4,93,2.9
2021-06-22 08:00:00,175.0,26.2,87,3.5
2021-06-22 09:00:00,357.0,27.5,80,4.7
2021-06-22 10:00:00,578.0,29.1,72,5.2
2021-06-22 11:00:00,655.0,30.0,72,5.2
2021-06-22 12:00:00,704.0,31.0,69,5.1
2021-06-22 13:00:00,629.0,31.1,70,6.6
2021-06-22 14:00:00,571.0,31.0,70,8.2
2021-06-22 15:00:00,460.0,30.4,69,8.0
2021-06-22 16:00:00,324.0,28.9,74,7.9
2021-06-22 17:00:00,157.0,28.2,79,7.6
2021-06-23 06:00:00,4.0,24.0,97,2.1
2021-06-23 07:00:00,110.0,24.4,96,3.1
2021-06-23 08:00:00,256.0,25.6,87,3.3
2021-06-23 09:00:00,501.0,27.5,78,6.9
2021-06-23 10:00:00,554.0,28.6,73,4.3
2021-06-23 11:00:00,506.0,29.4,70,3.0
2021-06-23 12:00:00,887.0,31.0,65,1.3
2021-06-23 13:00:00,820.0,31.1,64,0.7
2021-06-23 14:00:00,690.0,30.5,67,5.4
2021-06-23 15:00:00,446.0,28.8,71,13.2
2021-06-23 16:00:00,207.0,27.0,83,8.7
2021-06-23 17:00:00,149.0,26.9,84,1.9
2021-06-24 06:00:00,4.0,23.9,97,5.2
2021-06-24 07:00:00,84.0,25.1,91,4.1
2021-06-24 08:00:00,180.0,26.1,83,2.6
2021-06-24 09:00:00,272.0,27.1,78,1.5
2021-06-24 10:00:00,510.0,28.6,73,3.3
2021-06-24 11:00:00,728.0,29.8,68,5.2
2021-06-24 12:00:00,667.0,29.5,70,8.7
2021-06-24 13:00:00,499.0,27.3,79,8.4
2021-06-24 14:00:00,241.0,27.9,78,5.6
2021-06-24 15:00:00,501.0,27.5,79,11.2
2021-06-24 16:00:00,235.0,27.0,82,8.2
2021-06-24 17:00:00,156.0,27.0,81,5.9
2021-06-25 06:00:00,4.0,23.8,98,0.8
2021-06-25 07:00:00,78.0,24.5,95,5.4
2021-06-25 08:00:00,174.0,25.6,88,6.0
2021-06-25 09:00:00,307.0,26.5,84,4.3
2021-06-25 10:00:00,540.0,28.2,76,3.7
2021-06-25 11:00:00,791.0,30.2,66,2.9
2021-06-25 12:00:00,864.0,31.3,61,2.2
2021-06-25 13:00:00,840.0,32.0,57,1.4
2021-06-25 14:00:00,722.0,32.2,56,0.8
2021-06-25 15:00:00,657.0,31.8,58,5.0
2021-06-25 16:00:00,409.0,30.9,64,9.2
2021-06-25 17:00:00,218.0,28.4,81,10.6
2021-06-26 06:00:00,4.0,23.2,98,5.4
2021-06-26 07:00:00,83.0,24.4,93,4.8
2021-06-26 08:00:00,156.0,24.7,91,5.1
2021-06-26 09:00:00,241.0,25.3,87,5.0
2021-06-26 10:00:00,391.0,26.5,81,4.8
2021-06-26 11:00:00,523.0,27.9,75,5.5
2021-06-26 12:00:00,567.0,29.0,68,5.2
2021-06-26 13:00:00,685.0,30.2,63,3.8
2021-06-26 14:00:00,650.0,31.0,59,3.6
2021-06-26 15:00:00,613.0,31.5,58,2.3
2021-06-26 16:00:00,355.0,30.5,61,6.3
2021-06-26 17:00:00,224.0,29.2,71,7.2
2021-06-27 06:00:00,2.0,22.5,98,1.1
2021-06-27 07:00:00,82.0,23.8,96,4.5
2021-06-27 08:00:00,219.0,25.0,88,5.1
2021-06-27 09:00:00,358.0,26.4,82,4.1
2021-06-27 10:00:00,562.0,27.8,77,3.1
2021-06-27 11:00:00,748.0,29.1,71,2.9
2021-06-27 12:00:00,846.0,30.0,70,1.3
2021-06-27 13:00:00,830.0,30.8,68,1.4
2021-06-27 14:00:00,750.0,31.1,68,1.8
2021-06-27 15:00:00,612.0,30.9,69,1.8
2021-06-27 16:00:00,443.0,30.7,66,3.4
2021-06-27 17:00:00,178.0,27.0,86,7.1
2021-06-28 06:00:00,4.0,23.8,98,1.8
2021-06-28 07:00:00,117.0,25.5,82,5.0
2021-06-28 08:00:00,320.0,26.8,74,3.0
2021-06-28 09:00:00,525.0,28.1,70,1.8
2021-06-28 10:00:00,714.0,29.7,65,2.1
2021-06-28 11:00:00,847.0,31.0,62,3.1
2021-06-28 12:00:00,916.0,32.2,58,4.3
2021-06-28 13:00:00,818.0,32.8,56,2.9
2021-06-28 14:00:00,747.0,33.0,55,2.3
2021-06-28 15:00:00,614.0,32.5,56,2.9
2021-06-28 16:00:00,391.0,30.8,63,4.7
2021-06-28 17:00:00,168.0,29.7,75,4.1
2021-06-29 06:00:00,5.0,25.0,81,12.5
2021-06-29 07:00:00,125.0,26.3,79,11.5
2021-06-29 08:00:00,331.0,28.0,74,10.0
2021-06-29 09:00:00,549.0,29.9,66,7.9
2021-06-29 10:00:00,733.0,31.5,59,5.5
2021-06-29 11:00:00,865.0,33.0,53,7.6
2021-06-29 12:00:00,931.0,34.2,50,8.4
2021-06-29 13:00:00,903.0,35.0,46,9.8
2021-06-29 14:00:00,766.0,35.2,44,8.2
2021-06-29 15:00:00,674.0,35.4,44,5.4
2021-06-29 16:00:00,508.0,35.4,43,2.8
2021-06-29 17:00:00,295.0,34.1,54,3.9
2021-06-30 06:00:00,4.0,25.7,79,13.5
2021-06-30 07:00:00,113.0,27.0,75,14.5
2021-06-30 08:00:00,328.0,28.8,67,13.7
2021-06-30 09:00:00,547.0,30.2,60,12.6
2021-06-30 10:00:00,718.0,31.7,55,12.0
2021-06-30 11:00:00,854.0,33.2,50,10.8
2021-06-30 12:00:00,923.0,34.5,45,9.8
2021-06-30 13:00:00,890.0,35.2,43,8.3
2021-06-30 14:00:00,832.0,35.0,44,7.5
2021-06-30 15:00:00,640.0,34.8,44,4.4
2021-06-30 16:00:00,443.0,34.2,46,1.8
2021-06-30 17:00:00,257.0,33.0,62,2.1
2021-07-01 06:00:00,3.0,23.5,96,5.6
2021-07-01 07:00:00,99.0,25.2,91,5.0
2021-07-01 08:00:00,286.0,26.8,83,6.5
2021-07-01 09:00:00,446.0,28.0,77,6.5
2021-07-01 10:00:00,593.0,29.5,72,4.0
2021-07-01 11:00:00,700.0,30.1,70,5.6
2021-07-01 12:00:00,727.0,30.7,69,6.9
2021-07-01 13:00:00,697.0,31.1,68,7.3
2021-07-01 14:00:00,712.0,30.7,70,8.3
2021-07-01 15:00:00,423.0,27.2,81,7.4
2021-07-01 16:00:00,261.0,27.8,80,1.5
2021-07-01 17:00:00,216.0,27.6,81,7.4
2021-07-02 06:00:00,3.0,23.5,99,2.9
2021-07-02 07:00:00,94.0,24.0,94,1.9
2021-07-02 08:00:00,98.0,24.6,92,1.8
2021-07-02 09:00:00,258.0,25.8,86,3.7
2021-07-02 10:00:00,560.0,27.7,76,3.8
2021-07-02 11:00:00,627.0,29.0,72,5.4
2021-07-02 12:00:00,749.0,29.7,74,6.2
2021-07-02 13:00:00,724.0,30.0,78,5.6
2021-07-02 14:00:00,698.0,30.2,78,5.6
2021-07-02 15:00:00,639.0,29.9,76,5.8
2021-07-02 16:00:00,407.0,28.4,77,3.9
2021-07-02 17:00:00,176.0,27.2,83,6.1
2021-07-03 06:00:00,3.0,23.9,97,4.1
2021-07-03 07:00:00,73.0,25.2,90,6.5
2021-07-03 08:00:00,284.0,26.5,84,7.4
2021-07-03 09:00:00,466.0,28.0,77,6.5
2021-07-03 10:00:00,643.0,29.2,71,5.9
2021-07-03 11:00:00,792.0,30.4,70,4.1
2021-07-03 12:00:00,811.0,31.0,70,3.3
2021-07-03 13:00:00,799.0,31.5,70,1.8
2021-07-03 14:00:00,738.0,31.5,69,3.1
2021-07-03 15:00:00,506.0,31.0,67,3.4
2021-07-03 16:00:00,276.0,28.6,79,9.7
2021-07-03 17:00:00,156.0,28.0,84,7.7
2021-07-04 06:00:00,3.0,24.2,97,5.8
2021-07-04 07:00:00,86.0,24.8,92,2.6
2021-07-04 08:00:00,280.0,26.2,86,2.4
2021-07-04 09:00:00,366.0,27.3,79,2.6
2021-07-04 10:00:00,649.0,29.1,72,2.4
2021-07-04 11:00:00,773.0,30.2,71,2.3
2021-07-04 12:00:00,774.0,30.9,70,1.5
2021-07-04 13:00:00,583.0,29.8,74,6.8
2021-07-04 14:00:00,439.0,28.0,80,5.8
2021-07-04 15:00:00,494.0,29.5,75,2.4
2021-07-04 16:00:00,328.0,29.8,69,2.2
2021-07-04 17:00:00,180.0,29.4,71,2.5
2021-07-05 06:00:00,3.0,23.9,98,2.8
2021-07-05 07:00:00,108.0,24.9,95,7.5
2021-07-05 08:00:00,240.0,26.0,87,5.7
2021-07-05 09:00:00,405.0,27.5,78,4.7
2021-07-05 10:00:00,582.0,29.1,70,4.9
2021-07-05 11:00:00,761.0,30.6,65,4.8
2021-07-05 12:00:00,878.0,31.8,61,4.5
2021-07-05 13:00:00,893.0,32.7,58,3.1
2021-07-05 14:00:00,820.0,33.2,56,2.3
2021-07-05 15:00:00,653.0,32.7,58,2.3
2021-07-05 16:00:00,432.0,30.9,67,3.7
2021-07-05 17:00:00,247.0,30.0,72,7.8
2021-07-06 06:00:00,3.0,23.7,91,7.7
2021-07-06 07:00:00,112.0,25.2,85,5.3
2021-07-06 08:00:00,313.0,26.6,81,4.9
2021-07-06 09:00:00,528.0,28.5,72,2.7
2021-07-06 10:00:00,714.0,30.3,66,2.5
2021-07-06 11:00:00,838.0,31.7,60,3.6
2021-07-06 12:00:00,902.0,32.8,56,2.5
2021-07-06 13:00:00,889.0,33.6,53,2.2
2021-07-06 14:00:00,795.0,34.0,51,1.5
2021-07-06 15:00:00,632.0,34.0,51,2.1
2021-07-06 16:00:00,446.0,33.2,54,4.1
2021-07-06 17:00:00,242.0,29.6,75,12.2
2021-07-07 06:00:00,3.0,25.5,78,12.8
2021-07-07 07:00:00,85.0,26.7,77,12.9
2021-07-07 08:00:00,295.0,28.5,70,13.3
2021-07-07 09:00:00,505.0,30.4,62,11.5
2021-07-07 10:00:00,706.0,32.2,55,9.6
2021-07-07 11:00:00,841.0,33.7,50,8.7
2021-07-07 12:00:00,927.0,34.9,46,7.4
2021-07-07 13:00:00,856.0,35.5,44,5.9
2021-07-07 14:00:00,781.0,35.5,43,5.8
2021-07-07 15:00:00,664.0,35.0,46,8.6
2021-07-07 16:00:00,427.0,33.5,51,7.4
2021-07-07 17:00:00,262.0,32.5,63,3.3
2021-07-08 06:00:00,3.0,25.9,79,11.4
2021-07-08 07:00:00,93.0,27.5,72,11.3
2021-07-08 08:00:00,238.0,29.6,64,10.1
2021-07-08 09:00:00,477.0,31.5,54,9.5
2021-07-08 10:00:00,673.0,32.9,50,7.7
2021-07-08 11:00:00,833.0,34.4,45,8.6
2021-07-08 12:00:00,909.0,35.2,44,12.4
2021-07-08 13:00:00,902.0,35.8,43,12.7
2021-07-08 14:00:00,842.0,36.4,39,14.8
2021-07-08 15:00:00,660.0,35.8,39,15.5
2021-07-08 16:00:00,504.0,35.0,43,11.9
2021-07-08 17:00:00,317.0,33.8,46,13.3
2021-07-09 06:00:00,3.0,26.2,73,13.4
2021-07-09 07:00:00,114.0,27.5,68,19.4
2021-07-09 08:00:00,294.0,29.5,62,18.5
2021-07-09 09:00:00,534.0,31.8,52,15.1
2021-07-09 10:00:00,717.0,33.0,48,12.8
2021-07-09 11:00:00,846.0,34.0,46,11.0
2021-07-09 12:00:00,884.0,35.0,44,11.8
2021-07-09 13:00:00,874.0,35.1,45,14.8
2021-07-09 14:00:00,721.0,35.0,45,9.5
2021-07-09 15:00:00,633.0,33.5,48,9.1
2021-07-09 16:00:00,391.0,33.3,49,11.9
2021-07-09 17:00:00,183.0,32.0,52,11.5
2021-07-10 06:00:00,2.0,25.0,88,4.1
2021-07-10 07:00:00,68.0,26.2,77,1.6
2021-07-10 08:00:00,146.0,27.2,74,1.8
2021-07-10 09:00:00,262.0,28.5,70,2.2
2021-07-10 10:00:00,331.0,29.1,68,3.7
2021-07-10 11:00:00,368.0,29.4,67,3.2
2021-07-10 12:00:00,393.0,30.0,64,3.3
2021-07-10 13:00:00,510.0,30.9,60,4.1
2021-07-10 14:00:00,412.0,29.6,67,7.5
2021-07-10 15:00:00,293.0,29.0,72,4.7
2021-07-10 16:00:00,163.0,27.0,81,8.4
2021-07-10 17:00:00,36.0,26.5,86,4.2
2021-07-11 06:00:00,3.0,24.4,90,7.7
2021-07-11 07:00:00,94.0,25.0,91,5.9
2021-07-11 08:00:00,96.0,25.7,85,6.4
2021-07-11 09:00:00,193.0,26.2,81,8.3
2021-07-11 10:00:00,422.0,27.4,75,8.8
2021-07-11 11:00:00,463.0,28.1,70,7.9
2021-07-11 12:00:00,385.0,28.6,67,6.8
2021-07-11 13:00:00,320.0,28.5,67,6.6
2021-07-11 14:00:00,336.0,28.8,66,6.7
2021-07-11 15:00:00,531.0,29.5,62,8.7
2021-07-11 16:00:00,381.0,29.3,64,7.2
2021-07-11 17:00:00,280.0,28.9,68,4.7
2021-07-12 06:00:00,3.0,24.6,82,5.2
2021-07-12 07:00:00,112.0,26.6,72,8.8
2021-07-12 08:00:00,324.0,28.8,65,6.3
2021-07-12 09:00:00,534.0,30.5,57,3.7
2021-07-12 10:00:00,721.0,32.0,53,3.3
2021-07-12 11:00:00,863.0,33.3,49,1.8
2021-07-12 12:00:00,936.0,34.5,45,0.8
2021-07-12 13:00:00,935.0,35.3,42,1.3
2021-07-12 14:00:00,841.0,35.8,41,3.7
2021-07-12 15:00:00,680.0,35.8,42,5.6
2021-07-12 16:00:00,533.0,35.8,42,5.0
2021-07-12 17:00:00,304.0,35.3,45,2.0
2021-07-13 06:00:00,3.0,24.5,92,2.6
2021-07-13 07:00:00,112.0,26.5,75,3.1
2021-07-13 08:00:00,302.0,28.5,67,4.0
2021-07-13 09:00:00,529.0,30.5,61,4.9
2021-07-13 10:00:00,721.0,33.0,51,7.9
2021-07-13 11:00:00,860.0,35.2,42,7.6
2021-07-13 12:00:00,874.0,36.0,38,6.9
2021-07-13 13:00:00,858.0,37.0,33,6.6
2021-07-13 14:00:00,793.0,36.5,33,7.2
2021-07-13 15:00:00,608.0,36.0,35,5.8
2021-07-13 16:00:00,496.0,36.2,35,4.7
2021-07-13 17:00:00,248.0,34.0,47,3.7
2021-07-14 06:00:00,3.0,26.1,73,11.1
2021-07-14 07:00:00,110.0,28.0,65,11.2
2021-07-14 08:00:00,319.0,30.0,57,8.4
2021-07-14 09:00:00,531.0,31.5,56,6.2
2021-07-14 10:00:00,703.0,33.0,51,7.1
2021-07-14 11:00:00,809.0,34.5,44,5.7
2021-07-14 12:00:00,926.0,35.9,39,3.3
2021-07-14 13:00:00,871.0,36.8,35,5.2
2021-07-14 14:00:00,805.0,37.2,31,7.0
2021-07-14 15:00:00,695.0,37.3,30,8.0
2021-07-14 16:00:00,498.0,36.8,31,7.8
2021-07-14 17:00:00,266.0,36.0,34,5.9
2021-07-15 06:00:00,2.0,26.8,65,8.4
2021-07-15 07:00:00,87.0,28.0,61,9.8
2021-07-15 08:00:00,215.0,29.1,56,6.6
2021-07-15 09:00:00,450.0,31.3,52,3.7
2021-07-15 10:00:00,683.0,33.5,46,4.1
2021-07-15 11:00:00,802.0,35.2,40,5.7
2021-07-15 12:00:00,875.0,36.4,36,5.7
2021-07-15 13:00:00,833.0,37.1,34,4.5
2021-07-15 14:00:00,763.0,37.7,32,2.1
2021-07-15 15:00:00,624.0,37.5,32,6.5
2021-07-15 16:00:00,410.0,34.8,39,10.1
2021-07-15 17:00:00,246.0,34.5,41,11.6
2021-07-16 06:00:00,2.0,25.4,97,2.3
2021-07-16 07:00:00,86.0,26.6,85,2.3
2021-07-16 08:00:00,282.0,29.0,71,5.2
2021-07-16 09:00:00,517.0,31.3,58,6.1
2021-07-16 10:00:00,706.0,33.3,50,4.9
2021-07-16 11:00:00,791.0,34.8,44,5.1
2021-07-16 12:00:00,865.0,36.3,38,3.9
2021-07-16 13:00:00,823.0,37.2,35,3.3
2021-07-16 14:00:00,782.0,38.0,34,4.1
2021-07-16 15:00:00,604.0,37.6,34,8.2
2021-07-16 16:00:00,336.0,34.0,48,12.9
2021-07-16 17:00:00,243.0,33.2,51,4.3
2021-07-17 06:00:00,2.0,25.5,91,5.2
2021-07-17 07:00:00,78.0,26.5,85,4.3
2021-07-17 08:00:00,238.0,28.5,75,3.3
2021-07-17 09:00:00,513.0,31.0,61,4.0
2021-07-17 10:00:00,627.0,33.0,53,6.5
2021-07-17 11:00:00,690.0,34.2,48,3.4
2021-07-17 12:00:00,830.0,35.8,41,1.1
2021-07-17 13:00:00,797.0,36.8,38,0.7
2021-07-17 14:00:00,705.0,37.2,37,1.8
2021-07-17 15:00:00,552.0,36.7,37,2.2
2021-07-17 16:00:00,475.0,36.1,39,6.2
2021-07-17 17:00:00,287.0,33.8,49,8.6
2021-07-18 06:00:00,2.0,26.7,59,13.1
2021-07-18 07:00:00,109.0,28.5,52,14.9
2021-07-18 08:00:00,325.0,30.8,46,14.3
2021-07-18 09:00:00,548.0,32.9,42,10.7
2021-07-18 10:00:00,723.0,34.8,37,10.1
2021-07-18 11:00:00,874.0,36.5,32,8.0
2021-07-18 12:00:00,950.0,37.8,28,6.5
2021-07-18 13:00:00,945.0,38.8,25,6.5
2021-07-18 14:00:00,875.0,39.5,23,7.6
2021-07-18 15:00:00,694.0,39.4,23,9.4
2021-07-18 16:00:00,477.0,38.5,26,9.1
2021-07-18 17:00:00,276.0,37.0,29,10.5
2021-07-19 06:00:00,2.0,25.5,89,4.7
2021-07-19 07:00:00,105.0,25.8,90,2.5
2021-07-19 08:00:00,292.0,27.6,80,5.2
2021-07-19 09:00:00,501.0,29.9,65,5.6
2021-07-19 10:00:00,705.0,32.3,53,4.7
2021-07-19 11:00:00,861.0,34.8,45,6.2
2021-07-19 12:00:00,921.0,36.4,40,8.4
2021-07-19 13:00:00,878.0,37.1,37,5.6
2021-07-19 14:00:00,816.0,38.7,33,5.0
2021-07-19 15:00:00,661.0,35.7,42,19.2
2021-07-19 16:00:00,437.0,36.1,38,3.2
2021-07-19 17:00:00,259.0,33.2,52,9.9
2021-07-20 06:00:00,2.0,27.6,65,8.5
2021-07-20 07:00:00,109.0,29.8,55,8.9
2021-07-20 08:00:00,324.0,32.5,44,7.6
2021-07-20 09:00:00,542.0,34.9,37,9.2
2021-07-20 10:00:00,728.0,36.8,33,11.6
2021-07-20 11:00:00,866.0,38.2,29,9.8
2021-07-20 12:00:00,888.0,39.3,25,13.5
2021-07-20 13:00:00,848.0,39.2,25,20.1
2021-07-20 14:00:00,685.0,38.9,26,17.2
2021-07-20 15:00:00,627.0,38.4,26,16.2
2021-07-20 16:00:00,460.0,37.5,29,14.8
2021-07-20 17:00:00,284.0,37.2,29,13.3
2021-07-21 06:00:00,2.0,27.5,66,10.9
2021-07-21 07:00:00,107.0,29.5,56,14.7
2021-07-21 08:00:00,325.0,32.5,44,12.4
2021-07-21 09:00:00,541.0,35.3,34,13.7
2021-07-21 10:00:00,734.0,37.2,29,13.4
2021-07-21 11:00:00,874.0,38.9,26,12.7
2021-07-21 12:00:00,935.0,39.8,25,16.0
2021-07-21 13:00:00,897.0,40.2,24,15.7
2021-07-21 14:00:00,828.0,40.1,24,15.9
2021-07-21 15:00:00,729.0,40.1,24,16.9
2021-07-21 16:00:00,491.0,38.8,26,17.1
2021-07-21 17:00:00,276.0,37.5,29,21.3
2021-07-22 06:00:00,2.0,27.5,65,15.5
2021-07-22 07:00:00,108.0,29.5,57,18.3
2021-07-22 08:00:00,323.0,31.9,48,21.4
2021-07-22 09:00:00,545.0,34.3,39,16.0
2021-07-22 10:00:00,731.0,36.2,34,11.8
2021-07-22 11:00:00,862.0,37.9,31,9.7
2021-07-22 12:00:00,938.0,39.5,27,10.8
2021-07-22 13:00:00,919.0,40.2,25,13.7
2021-07-22 14:00:00,834.0,40.5,24,15.3
2021-07-22 15:00:00,688.0,40.4,25,15.2
2021-07-22 16:00:00,362.0,38.8,28,11.6
2021-07-22 17:00:00,233.0,36.8,34,14.8
2021-07-23 06:00:00,2.0,28.1,67,15.5
2021-07-23 07:00:00,94.0,29.6,61,11.8
2021-07-23 08:00:00,238.0,31.4,53,11.6
2021-07-23 09:00:00,458.0,33.2,46,7.6
2021-07-23 10:00:00,695.0,35.2,40,5.5
2021-07-23 11:00:00,854.0,37.0,35,7.4
2021-07-23 12:00:00,897.0,38.2,33,9.0
2021-07-23 13:00:00,859.0,39.0,31,11.5
2021-07-23 14:00:00,680.0,38.2,33,9.3
2021-07-23 15:00:00,493.0,37.0,36,7.9
2021-07-23 16:00:00,351.0,33.8,48,7.8
2021-07-23 17:00:00,207.0,33.9,47,11.5
2021-07-24 06:00:00,2.0,26.5,90,11.9
2021-07-24 07:00:00,62.0,27.0,84,12.9
2021-07-24 08:00:00,215.0,28.2,75,12.0
2021-07-24 09:00:00,342.0,29.2,71,9.3
2021-07-24 10:00:00,533.0,31.0,64,7.8
2021-07-24 11:00:00,614.0,32.2,59,7.5
2021-07-24 12:00:00,631.0,33.0,57,8.7
2021-07-24 13:00:00,730.0,33.7,53,9.5
2021-07-24 14:00:00,507.0,29.0,74,11.2
2021-07-24 15:00:00,173.0,28.9,74,4.6
2021-07-24 16:00:00,145.0,29.0,74,4.7
2021-07-24 17:00:00,104.0,26.8,83,3.3
2021-07-25 06:00:00,1.0,23.5,98,1.1
2021-07-25 07:00:00,44.0,24.0,96,3.8
2021-07-25 08:00:00,51.0,24.1,96,4.7
2021-07-25 09:00:00,78.0,24.4,94,4.1
2021-07-25 10:00:00,195.0,25.2,88,6.5
2021-07-25 11:00:00,416.0,26.1,84,9.4
2021-07-25 12:00:00,400.0,26.5,82,7.8
2021-07-25 13:00:00,297.0,26.8,80,6.6
2021-07-25 14:00:00,170.0,26.4,83,7.1
2021-07-25 15:00:00,281.0,26.5,84,8.2
2021-07-25 16:00:00,189.0,26.3,84,7.5
2021-07-25 17:00:00,85.0,26.0,84,5.0
2021-07-26 06:00:00,1.0,23.2,97,6.6
2021-07-26 07:00:00,74.0,23.7,92,5.5
2021-07-26 08:00:00,280.0,25.0,87,3.4
2021-07-26 09:00:00,530.0,26.8,80,1.3
2021-07-26 10:00:00,573.0,28.1,74,2.3
2021-07-26 11:00:00,736.0,29.1,69,3.6
2021-07-26 12:00:00,819.0,29.9,67,3.7
2021-07-26 13:00:00,833.0,30.8,66,1.8
2021-07-26 14:00:00,729.0,31.0,66,1.0
2021-07-26 15:00:00,570.0,30.6,67,2.5
2021-07-26 16:00:00,426.0,30.1,69,2.6
2021-07-26 17:00:00,208.0,28.4,79,6.0
2021-07-27 06:00:00,1.0,23.8,98,3.7
2021-07-27 07:00:00,42.0,24.0,94,4.8
2021-07-27 08:00:00,57.0,24.0,94,2.8
2021-07-27 09:00:00,155.0,24.6,91,0.4
2021-07-27 10:00:00,361.0,26.0,87,3.0
2021-07-27 11:00:00,538.0,27.1,81,8.4
2021-07-27 12:00:00,607.0,28.0,76,8.3
2021-07-27 13:00:00,814.0,29.6,70,5.1
2021-07-27 14:00:00,840.0,30.4,67,4.6
2021-07-27 15:00:00,550.0,30.5,66,2.5
2021-07-27 16:00:00,364.0,30.0,67,2.1
2021-07-27 17:00:00,188.0,29.5,71,3.1
2021-07-28 06:00:00,2.0,22.9,97,6.0
2021-07-28 07:00:00,81.0,24.2,93,10.4
2021-07-28 08:00:00,89.0,25.0,90,14.3
2021-07-28 09:00:00,190.0,26.4,86,10.8
2021-07-28 10:00:00,586.0,29.1,72,10.5
2021-07-28 11:00:00,788.0,30.4,67,10.2
2021-07-28 12:00:00,956.0,31.5,63,10.2
2021-07-28 13:00:00,907.0,31.7,62,9.9
2021-07-28 14:00:00,805.0,31.8,63,6.8
2021-07-28 15:00:00,671.0,32.0,62,5.6
2021-07-28 16:00:00,512.0,31.8,63,3.4
2021-07-28 17:00:00,290.0,31.1,65,1.8
2021-07-29 06:00:00,2.0,24.9,82,16.0
2021-07-29 07:00:00,101.0,26.3,80,15.9
2021-07-29 08:00:00,321.0,28.1,74,15.8
2021-07-29 09:00:00,544.0,29.8,68,14.1
2021-07-29 10:00:00,736.0,31.4,61,9.7
2021-07-29 11:00:00,872.0,32.5,56,5.1
2021-07-29 12:00:00,941.0,33.3,54,4.8
2021-07-29 13:00:00,916.0,34.2,50,4.6
2021-07-29 14:00:00,840.0,34.5,49,3.2
2021-07-29 15:00:00,642.0,33.8,52,2.2
2021-07-29 16:00:00,455.0,32.8,57,6.4
2021-07-29 17:00:00,268.0,32.0,65,6.4
2021-07-30 06:00:00,1.0,23.9,97,4.6
2021-07-30 07:00:00,79.0,24.5,94,7.6
2021-07-30 08:00:00,207.0,25.6,90,4.0
2021-07-30 09:00:00,414.0,27.0,83,3.8
2021-07-30 10:00:00,488.0,28.1,78,5.2
2021-07-30 11:00:00,669.0,29.5,71,5.4
2021-07-30 12:00:00,865.0,30.7,67,5.0
2021-07-30 13:00:00,888.0,31.8,64,3.9
2021-07-30 14:00:00,839.0,32.6,61,3.1
2021-07-30 15:00:00,645.0,32.8,60,3.3
2021-07-30 16:00:00,466.0,32.0,63,0.7
2021-07-30 17:00:00,236.0,30.5,70,3.8
2021-07-31 06:00:00,2.0,24.8,86,5.2
2021-07-31 07:00:00,99.0,25.8,83,6.4
2021-07-31 08:00:00,302.0,27.1,78,5.2
2021-07-31 09:00:00,533.0,28.5,73,5.6
2021-07-31 10:00:00,727.0,30.0,69,6.1
2021-07-31 11:00:00,873.0,31.5,63,7.2
2021-07-31 12:00:00,949.0,32.8,60,7.3
2021-07-31 13:00:00,946.0,33.7,56,7.6
2021-07-31 14:00:00,873.0,34.3,52,6.1
2021-07-31 15:00:00,712.0,34.5,51,5.9
2021-07-31 16:00:00,546.0,34.2,54,6.7
2021-07-31 17:00:00,319.0,33.3,62,6.0
2021-08-01 06:00:00,2.0,25.2,81,8.1
2021-08-01 07:00:00,100.0,26.7,77,8.9
2021-08-01 08:00:00,323.0,28.4,71,9.2
2021-08-01 09:00:00,539.0,30.3,66,7.2
2021-08-01 10:00:00,726.0,31.8,60,4.6
2021-08-01 11:00:00,840.0,32.8,57,3.6
2021-08-01 12:00:00,950.0,33.8,52,1.1
2021-08-01 13:00:00,922.0,34.5,48,2.2
2021-08-01 14:00:00,832.0,34.7,47,4.7
2021-08-01 15:00:00,704.0,35.0,46,4.0
2021-08-01 16:00:00,506.0,35.1,45,1.6
2021-08-01 17:00:00,283.0,33.5,55,6.4
2021-08-02 06:00:00,1.0,24.2,98,5.4
2021-08-02 07:00:00,79.0,25.5,91,2.5
2021-08-02 08:00:00,228.0,26.8,83,6.9
2021-08-02 09:00:00,388.0,27.5,79,5.2
2021-08-02 10:00:00,643.0,29.3,73,3.6
2021-08-02 11:00:00,726.0,31.0,68,0.8
2021-08-02 12:00:00,678.0,31.8,64,0.4
2021-08-02 13:00:00,666.0,32.2,62,1.5
2021-08-02 14:00:00,550.0,32.0,63,1.6
2021-08-02 15:00:00,573.0,32.0,65,3.3
2021-08-02 16:00:00,392.0,29.8,73,8.2
2021-08-02 17:00:00,123.0,29.0,79,7.4
2021-08-03 06:00:00,2.0,24.5,95,5.8
2021-08-03 07:00:00,95.0,25.5,87,6.6
2021-08-03 08:00:00,222.0,26.9,83,7.3
2021-08-03 09:00:00,368.0,28.2,76,7.6
2021-08-03 10:00:00,511.0,29.5,69,7.6
2021-08-03 11:00:00,730.0,30.8,63,3.7
2021-08-03 12:00:00,751.0,31.5,61,2.0
2021-08-03 13:00:00,719.0,32.0,59,4.2
2021-08-03 14:00:00,369.0,31.2,61,4.5
2021-08-03 15:00:00,369.0,29.8,68,2.3
2021-08-03 16:00:00,259.0,29.5,69,5.8
2021-08-03 17:00:00,128.0,28.0,78,4.0
2021-08-04 06:00:00,1.0,25.0,96,2.3
2021-08-04 07:00:00,84.0,24.4,91,7.2
2021-08-04 08:00:00,165.0,25.0,90,7.1
2021-08-04 09:00:00,190.0,25.5,89,5.2
2021-08-04 10:00:00,267.0,26.2,85,4.0
2021-08-04 11:00:00,228.0,26.5,83,1.4
2021-08-04 12:00:00,409.0,27.9,76,1.3
2021-08-04 13:00:00,459.0,28.7,72,0.7
2021-08-04 14:00:00,513.0,29.8,68,0.8
2021-08-04 15:00:00,368.0,30.2,66,2.9
2021-08-04 16:00:00,408.0,30.6,68,4.4
2021-08-04 17:00:00,243.0,30.4,69,6.3
2021-08-05 06:00:00,1.0,25.4,78,9.7
2021-08-05 07:00:00,104.0,26.6,75,11.0
2021-08-05 08:00:00,324.0,28.8,67,9.7
2021-08-05 09:00:00,549.0,30.8,59,10.0
2021-08-05 10:00:00,740.0,32.3,51,8.0
2021-08-05 11:00:00,880.0,33.6,47,7.8
2021-08-05 12:00:00,956.0,34.6,44,7.3
2021-08-05 13:00:00,942.0,35.3,42,6.8
2021-08-05 14:00:00,842.0,35.5,41,7.1
2021-08-05 15:00:00,705.0,35.5,40,7.7
2021-08-05 16:00:00,490.0,35.0,42,9.0
2021-08-05 17:00:00,296.0,34.0,49,6.4
2021-08-06 06:00:00,1.0,24.9,92,2.5
2021-08-06 07:00:00,87.0,26.0,86,2.3
2021-08-06 08:00:00,297.0,28.0,76,0.8
2021-08-06 09:00:00,520.0,29.8,68,3.4
2021-08-06 10:00:00,715.0,31.7,60,4.9
2021-08-06 11:00:00,860.0,33.3,53,7.2
2021-08-06 12:00:00,928.0,34.5,48,8.3
2021-08-06 13:00:00,925.0,35.3,45,7.2
2021-08-06 14:00:00,858.0,35.8,42,5.8
2021-08-06 15:00:00,738.0,35.9,41,4.5
2021-08-06 16:00:00,473.0,35.4,42,8.7
2021-08-06 17:00:00,260.0,33.8,47,3.1
2021-08-07 06:00:00,1.0,24.3,98,4.9
2021-08-07 07:00:00,84.0,25.2,90,2.6
2021-08-07 08:00:00,276.0,27.0,82,4.3
2021-08-07 09:00:00,471.0,28.8,75,6.6
2021-08-07 10:00:00,607.0,30.5,65,6.1
2021-08-07 11:00:00,756.0,32.0,57,5.3
2021-08-07 12:00:00,890.0,33.2,53,4.1
2021-08-07 13:00:00,822.0,34.0,49,3.3
2021-08-07 14:00:00,847.0,34.6,46,1.8
2021-08-07 15:00:00,683.0,34.1,48,2.3
2021-08-07 16:00:00,447.0,31.5,58,3.7
2021-08-07 17:00:00,149.0,28.4,77,10.1
2021-08-08 06:00:00,1.0,23.4,95,2.7
2021-08-08 07:00:00,85.0,24.5,95,3.0
2021-08-08 08:00:00,293.0,26.0,85,3.8
2021-08-08 09:00:00,498.0,27.5,77,5.4
2021-08-08 10:00:00,589.0,29.0,68,7.0
2021-08-08 11:00:00,840.0,31.0,61,9.0
2021-08-08 12:00:00,884.0,31.9,57,9.3
2021-08-08 13:00:00,859.0,32.4,55,8.4
2021-08-08 14:00:00,771.0,33.5,50,6.4
2021-08-08 15:00:00,645.0,31.4,63,10.8
2021-08-08 16:00:00,370.0,30.2,67,5.7
2021-08-08 17:00:00,240.0,30.5,64,3.4
2021-08-09 06:00:00,1.0,23.9,100,1.8
2021-08-09 07:00:00,103.0,25.1,93,1.1
2021-08-09 08:00:00,318.0,27.1,83,4.0
2021-08-09 09:00:00,512.0,28.8,73,4.7
2021-08-09 10:00:00,686.0,30.6,61,5.4
2021-08-09 11:00:00,867.0,32.6,50,5.0
2021-08-09 12:00:00,944.0,34.0,44,3.8
2021-08-09 13:00:00,898.0,34.7,42,4.0
2021-08-09 14:00:00,843.0,35.2,39,5.4
2021-08-09 15:00:00,670.0,35.0,40,5.2
2021-08-09 16:00:00,429.0,34.8,39,2.3
2021-08-09 17:00:00,271.0,34.0,41,1.5
2021-08-10 06:00:00,1.0,25.1,96,0.4
2021-08-10 07:00:00,81.0,26.1,89,3.8
2021-08-10 08:00:00,277.0,28.0,77,4.0
2021-08-10 09:00:00,531.0,30.1,67,6.3
2021-08-10 10:00:00,637.0,31.3,61,6.8
2021-08-10 11:00:00,805.0,33.0,53,4.9
2021-08-10 12:00:00,863.0,33.8,50,6.8
2021-08-10 13:00:00,815.0,34.8,45,7.9
2021-08-10 14:00:00,727.0,34.8,45,9.1
2021-08-10 15:00:00,590.0,35.5,43,9.4
2021-08-10 16:00:00,473.0,34.5,45,7.9
2021-08-10 17:00:00,267.0,33.8,46,0.7
2021-08-11 06:00:00,1.0,23.8,99,3.7
2021-08-11 07:00:00,75.0,24.8,93,5.0
2021-08-11 08:00:00,257.0,26.4,85,7.2
2021-08-11 09:00:00,426.0,28.0,77,6.4
2021-08-11 10:00:00,462.0,29.1,73,6.2
2021-08-11 11:00:00,715.0,30.2,71,7.3
2021-08-11 12:00:00,536.0,27.2,81,13.1
2021-08-11 13:00:00,469.0,28.1,79,7.5
2021-08-11 14:00:00,443.0,28.9,76,5.0
2021-08-11 15:00:00,441.0,29.4,73,4.2
2021-08-11 16:00:00,297.0,29.0,76,6.5
2021-08-11 17:00:00,156.0,28.2,79,3.2
2021-08-12 06:00:00,1.0,24.5,97,1.1
2021-08-12 07:00:00,94.0,25.5,91,0.8
2021-08-12 08:00:00,274.0,27.0,83,2.3
2021-08-12 09:00:00,507.0,28.8,74,2.9
2021-08-12 10:00:00,704.0,30.4,66,1.5
2021-08-12 11:00:00,800.0,31.8,60,1.1
2021-08-12 12:00:00,855.0,32.5,58,2.7
2021-08-12 13:00:00,901.0,33.0,55,1.9
2021-08-12 14:00:00,737.0,33.3,53,3.1
2021-08-12 15:00:00,548.0,31.4,63,4.4
2021-08-12 16:00:00,263.0,26.8,84,11.9
2021-08-12 17:00:00,109.0,26.5,85,3.1
2021-08-13 06:00:00,1.0,23.9,99,2.9
2021-08-13 07:00:00,79.0,24.6,97,4.7
2021-08-13 08:00:00,249.0,26.0,87,4.8
2021-08-13 09:00:00,337.0,27.2,79,5.3
2021-08-13 10:00:00,396.0,28.3,74,5.4
2021-08-13 11:00:00,589.0,29.9,69,8.2
2021-08-13 12:00:00,561.0,30.1,72,11.2
2021-08-13 13:00:00,565.0,28.0,79,11.1
2021-08-13 14:00:00,693.0,29.6,74,6.9
2021-08-13 15:00:00,490.0,29.8,72,1.8
2021-08-13 16:00:00,313.0,28.0,80,2.4
2021-08-13 17:00:00,175.0,26.7,86,4.9
2021-08-14 06:00:00,1.0,23.3,98,4.2
2021-08-14 07:00:00,66.0,24.1,95,2.5
2021-08-14 08:00:00,122.0,25.0,91,1.8
2021-08-14 09:00:00,358.0,26.5,83,2.5
2021-08-14 10:00:00,511.0,27.8,76,3.0
2021-08-14 11:00:00,632.0,29.0,73,2.9
2021-08-14 12:00:00,668.0,29.6,71,3.7
2021-08-14 13:00:00,737.0,30.4,71,4.3
2021-08-14 14:00:00,631.0,30.2,74,5.2
2021-08-14 15:00:00,545.0,29.6,75,2.7
2021-08-14 16:00:00,323.0,27.9,77,6.1
2021-08-14 17:00:00,108.0,27.0,81,1.6
2021-08-15 06:00:00,1.0,23.8,99,4.5
2021-08-15 07:00:00,38.0,24.8,95,5.7
2021-08-15 08:00:00,142.0,25.5,90,6.1
2021-08-15 09:00:00,344.0,26.6,85,3.8
2021-08-15 10:00:00,454.0,27.6,83,1.4
2021-08-15 11:00:00,743.0,29.1,81,1.1
2021-08-15 12:00:00,745.0,29.9,79,2.6
2021-08-15 13:00:00,604.0,30.0,77,2.5
2021-08-15 14:00:00,633.0,30.5,72,2.8
2021-08-15 15:00:00,443.0,30.8,64,2.9
2021-08-15 16:00:00,318.0,30.2,67,1.9
2021-08-15 17:00:00,224.0,29.6,72,2.7
2021-08-16 06:00:00,1.0,23.4,98,5.2
2021-08-16 07:00:00,43.0,24.9,95,2.1
2021-08-16 08:00:00,205.0,26.3,87,3.0
2021-08-16 09:00:00,298.0,27.1,83,3.2
2021-08-16 10:00:00,419.0,28.2,78,3.1
2021-08-16 11:00:00,517.0,29.3,71,3.3
2021-08-16 12:00:00,717.0,30.4,67,3.1
2021-08-16 13:00:00,785.0,30.9,67,2.8
2021-08-16 14:00:00,645.0,30.6,71,1.1
2021-08-16 15:00:00,525.0,30.5,71,2.4
2021-08-16 16:00:00,366.0,28.9,76,5.4
2021-08-16 17:00:00,214.0,26.3,87,8.7
2021-08-17 06:00:00,1.0,23.6,98,7.9
2021-08-17 07:00:00,29.0,24.0,97,4.9
2021-08-17 08:00:00,164.0,24.9,94,3.6
2021-08-17 09:00:00,322.0,26.0,93,3.3
2021-08-17 10:00:00,420.0,26.9,89,3.7
2021-08-17 11:00:00,613.0,28.2,85,4.6
2021-08-17 12:00:00,765.0,29.1,83,5.4
2021-08-17 13:00:00,806.0,29.5,79,5.1
2021-08-17 14:00:00,762.0,30.3,68,5.4
2021-08-17 15:00:00,569.0,30.1,69,5.8
2021-08-17 16:00:00,393.0,27.8,79,5.6
2021-08-17 17:00:00,221.0,27.1,83,5.1
2021-08-18 06:00:00,1.0,22.5,99,2.5
2021-08-18 07:00:00,92.0,23.9,95,5.9
2021-08-18 08:00:00,229.0,25.0,90,4.9
2021-08-18 09:00:00,379.0,26.2,84,0.8
2021-08-18 10:00:00,697.0,28.4,75,3.1
2021-08-18 11:00:00,879.0,30.0,69,3.1
2021-08-18 12:00:00,861.0,30.7,66,5.4
2021-08-18 13:00:00,854.0,31.4,62,4.1
2021-08-18 14:00:00,726.0,31.5,62,2.2
2021-08-18 15:00:00,574.0,31.0,65,4.6
2021-08-18 16:00:00,316.0,29.4,73,3.1
2021-08-18 17:00:00,194.0,29.4,75,2.5
2021-08-19 06:00:00,1.0,24.1,93,5.1
2021-08-19 07:00:00,77.0,25.4,85,4.8
2021-08-19 08:00:00,217.0,26.6,81,2.2
2021-08-19 09:00:00,423.0,27.6,77,0.8
2021-08-19 10:00:00,550.0,28.5,75,3.4
2021-08-19 11:00:00,702.0,29.7,70,3.6
2021-08-19 12:00:00,842.0,30.7,68,4.7
2021-08-19 13:00:00,770.0,30.9,70,6.7
2021-08-19 14:00:00,469.0,27.6,79,12.8
2021-08-19 15:00:00,255.0,26.5,86,6.9
2021-08-19 16:00:00,219.0,26.5,86,6.0
2021-08-19 17:00:00,130.0,26.1,89,8.1
2021-08-20 06:00:00,1.0,23.0,98,2.3
2021-08-20 07:00:00,92.0,23.2,95,5.2
2021-08-20 08:00:00,98.0,24.0,91,3.4
2021-08-20 09:00:00,506.0,26.0,83,5.4
2021-08-20 10:00:00,535.0,27.0,80,5.2
2021-08-20 11:00:00,621.0,28.0,80,4.2
2021-08-20 12:00:00,729.0,29.0,74,6.2
2021-08-20 13:00:00,777.0,29.0,74,7.4
2021-08-20 14:00:00,675.0,28.8,75,5.4
2021-08-20 15:00:00,551.0,28.0,80,6.0
2021-08-20 16:00:00,390.0,27.5,82,3.6
2021-08-20 17:00:00,225.0,26.9,83,3.3
2021-08-21 06:00:00,1.0,22.9,98,3.3
2021-08-21 07:00:00,101.0,24.4,95,3.8
2021-08-21 08:00:00,295.0,26.0,88,3.4
2021-08-21 09:00:00,495.0,27.7,79,1.8
2021-08-21 10:00:00,679.0,29.2,71,2.9
2021-08-21 11:00:00,773.0,30.1,67,4.6
2021-08-21 12:00:00,911.0,30.9,66,2.7
2021-08-21 13:00:00,911.0,31.5,64,1.1
2021-08-21 14:00:00,766.0,31.6,64,0.8
2021-08-21 15:00:00,635.0,31.6,65,2.7
2021-08-21 16:00:00,464.0,29.6,73,7.4
2021-08-21 17:00:00,194.0,28.6,81,4.8
2021-08-22 06:00:00,1.0,24.0,99,2.9
2021-08-22 07:00:00,102.0,25.2,88,1.8
2021-08-22 08:00:00,321.0,26.5,84,1.1
2021-08-22 09:00:00,525.0,28.2,80,3.2
2021-08-22 10:00:00,690.0,30.0,72,4.3
2021-08-22 11:00:00,780.0,31.1,67,4.7
2021-08-22 12:00:00,901.0,32.1,63,2.6
2021-08-22 13:00:00,861.0,32.5,63,1.3
2021-08-22 14:00:00,799.0,32.8,62,2.5
2021-08-22 15:00:00,593.0,32.3,64,6.1
2021-08-22 16:00:00,416.0,31.5,67,8.0
2021-08-22 17:00:00,261.0,30.5,71,6.3
2021-08-23 06:00:00,1.0,23.4,96,3.1
2021-08-23 07:00:00,105.0,25.1,87,2.3
2021-08-23 08:00:00,311.0,27.2,80,1.3
2021-08-23 09:00:00,523.0,28.8,76,1.6
2021-08-23 10:00:00,627.0,30.1,71,4.7
2021-08-23 11:00:00,739.0,31.1,68,2.4
2021-08-23 12:00:00,812.0,31.5,69,2.8
2021-08-23 13:00:00,745.0,31.2,68,1.8
2021-08-23 14:00:00,709.0,29.0,77,9.5
2021-08-23 15:00:00,437.0,28.9,78,9.3
2021-08-23 16:00:00,300.0,27.3,83,4.1
2021-08-23 17:00:00,84.0,26.6,86,3.3
2021-08-24 06:00:00,1.0,23.9,98,5.4
2021-08-24 07:00:00,32.0,24.9,93,4.9
2021-08-24 08:00:00,155.0,25.8,90,5.8
2021-08-24 09:00:00,242.0,26.3,88,8.9
2021-08-24 10:00:00,259.0,27.0,84,9.1
2021-08-24 11:00:00,512.0,28.4,78,8.5
2021-08-24 12:00:00,565.0,29.0,73,9.7
2021-08-24 13:00:00,453.0,29.4,72,9.7
2021-08-24 14:00:00,493.0,29.3,79,7.4
2021-08-24 15:00:00,539.0,29.1,78,4.4
2021-08-24 16:00:00,341.0,28.5,78,9.0
2021-08-24 17:00:00,110.0,26.7,85,7.3
2021-08-25 06:00:00,0.0,23.5,98,3.7
2021-08-25 07:00:00,35.0,23.5,96,1.9
2021-08-25 08:00:00,65.0,24.0,95,1.5
2021-08-25 09:00:00,181.0,24.9,91,0.4
2021-08-25 10:00:00,363.0,26.0,86,2.4
2021-08-25 11:00:00,555.0,27.2,79,6.2
2021-08-25 12:00:00,566.0,28.2,74,7.4
2021-08-25 13:00:00,451.0,28.5,73,6.9
2021-08-25 14:00:00,460.0,28.8,72,5.4
2021-08-25 15:00:00,382.0,28.6,74,4.7
2021-08-25 16:00:00,271.0,28.0,77,3.3
2021-08-25 17:00:00,156.0,27.8,78,3.1
2021-08-26 06:00:00,1.0,23.5,99,4.9
2021-08-26 07:00:00,77.0,24.1,96,4.7
2021-08-26 08:00:00,197.0,25.5,90,5.8
2021-08-26 09:00:00,412.0,26.9,82,7.1
2021-08-26 10:00:00,577.0,28.2,76,4.6
2021-08-26 11:00:00,746.0,29.8,68,2.5
2021-08-26 12:00:00,757.0,30.5,64,4.1
2021-08-26 13:00:00,753.0,31.0,62,5.1
2021-08-26 14:00:00,665.0,31.1,62,5.4
2021-08-26 15:00:00,632.0,31.1,64,5.9
2021-08-26 16:00:00,404.0,29.5,73,10.0
2021-08-26 17:00:00,139.0,28.0,81,4.8
2021-08-27 06:00:00,1.0,23.4,99,7.2
2021-08-27 07:00:00,39.0,23.8,95,6.0
2021-08-27 08:00:00,277.0,25.4,89,4.8
2021-08-27 09:00:00,509.0,27.1,82,2.4
2021-08-27 10:00:00,737.0,28.8,75,3.8
2021-08-27 11:00:00,836.0,30.0,71,5.8
2021-08-27 12:00:00,891.0,30.8,68,6.3
2021-08-27 13:00:00,859.0,31.4,64,6.0
2021-08-27 14:00:00,588.0,31.2,65,4.0
2021-08-27 15:00:00,628.0,30.5,69,7.0
2021-08-27 16:00:00,350.0,30.3,68,6.8
2021-08-27 17:00:00,177.0,28.8,76,7.9
2021-08-28 06:00:00,1.0,24.0,99,4.4
2021-08-28 07:00:00,75.0,25.1,94,6.0
2021-08-28 08:00:00,314.0,26.6,85,7.1
2021-08-28 09:00:00,550.0,28.1,77,7.9
2021-08-28 10:00:00,689.0,29.5,70,9.4
2021-08-28 11:00:00,881.0,31.0,64,10.0
2021-08-28 12:00:00,899.0,31.6,61,9.4
2021-08-28 13:00:00,675.0,31.5,61,6.9
2021-08-28 14:00:00,666.0,32.0,60,4.6
2021-08-28 15:00:00,600.0,32.2,60,3.6
2021-08-28 16:00:00,485.0,32.1,60,2.5
2021-08-28 17:00:00,286.0,31.6,62,3.0
2021-08-29 06:00:00,1.0,25.1,82,10.7
2021-08-29 07:00:00,102.0,26.5,79,12.0
2021-08-29 08:00:00,331.0,28.2,73,10.1
2021-08-29 09:00:00,565.0,30.2,64,8.4
2021-08-29 10:00:00,762.0,31.8,58,5.6
2021-08-29 11:00:00,898.0,32.7,55,4.2
2021-08-29 12:00:00,950.0,33.3,54,6.1
2021-08-29 13:00:00,927.0,33.7,53,6.7
2021-08-29 14:00:00,814.0,33.8,53,8.2
2021-08-29 15:00:00,626.0,32.8,55,9.3
2021-08-29 16:00:00,413.0,32.8,56,8.2
2021-08-29 17:00:00,255.0,30.9,69,7.9
2021-08-30 06:00:00,1.0,24.1,97,5.1
2021-08-30 07:00:00,82.0,24.4,98,4.0
2021-08-30 08:00:00,153.0,25.1,95,2.0
2021-08-30 09:00:00,304.0,26.0,88,4.4
2021-08-30 10:00:00,619.0,28.0,77,6.4
2021-08-30 11:00:00,637.0,29.0,74,5.8
2021-08-30 12:00:00,583.0,29.1,74,5.2
2021-08-30 13:00:00,401.0,29.2,73,4.7
2021-08-30 14:00:00,482.0,29.5,73,3.2
2021-08-30 15:00:00,445.0,29.8,72,1.3
2021-08-30 16:00:00,307.0,28.1,78,3.9
2021-08-30 17:00:00,116.0,27.0,84,11.1
2021-08-31 06:00:00,0.0,23.3,98,4.7
2021-08-31 07:00:00,22.0,23.6,99,9.4
2021-08-31 08:00:00,28.0,23.6,98,6.6
2021-08-31 09:00:00,44.0,23.8,97,5.1
2021-08-31 10:00:00,74.0,24.0,95,5.9
2021-08-31 11:00:00,121.0,24.4,93,5.5
2021-08-31 12:00:00,234.0,25.0,91,5.7
2021-08-31 13:00:00,236.0,25.0,89,5.8
2021-08-31 14:00:00,211.0,25.0,89,4.3
2021-08-31 15:00:00,172.0,25.1,88,2.5
2021-08-31 16:00:00,254.0,25.8,85,3.1
2021-08-31 17:00:00,171.0,26.0,84,2.4
2021-09-01 06:00:00,1.0,22.5,100,2.6
2021-09-01 07:00:00,97.0,23.3,98,3.2
2021-09-01 08:00:00,101.0,24.1,95,1.8
2021-09-01 09:00:00,247.0,25.5,88,1.1
2021-09-01 10:00:00,465.0,27.0,79,1.6
2021-09-01 11:00:00,511.0,28.1,75,1.3
2021-09-01 12:00:00,596.0,29.5,69,4.2
2021-09-01 13:00:00,815.0,30.2,71,6.0
2021-09-01 14:00:00,771.0,30.5,66,6.6
2021-09-01 15:00:00,586.0,30.5,65,4.2
2021-09-01 16:00:00,405.0,29.5,70,3.7
2021-09-01 17:00:00,200.0,28.4,78,5.4
2021-09-02 06:00:00,1.0,23.7,88,4.1
2021-09-02 07:00:00,61.0,25.0,83,2.6
2021-09-02 08:00:00,277.0,26.2,78,4.4
2021-09-02 09:00:00,529.0,28.0,78,6.2
2021-09-02 10:00:00,747.0,29.6,71,5.4
2021-09-02 11:00:00,888.0,30.9,66,4.9
2021-09-02 12:00:00,907.0,31.6,63,5.5
2021-09-02 13:00:00,895.0,32.1,63,2.2
2021-09-02 14:00:00,762.0,32.2,63,1.3
2021-09-02 15:00:00,632.0,32.2,64,1.8
2021-09-02 16:00:00,475.0,31.8,65,2.8
2021-09-02 17:00:00,248.0,30.7,67,4.2
2021-09-03 06:00:00,1.0,25.1,88,6.6
2021-09-03 07:00:00,97.0,26.6,81,6.7
2021-09-03 08:00:00,324.0,27.8,76,8.4
2021-09-03 09:00:00,517.0,29.2,70,6.0
2021-09-03 10:00:00,718.0,30.9,64,4.0
2021-09-03 11:00:00,880.0,32.3,59,2.3
2021-09-03 12:00:00,955.0,33.3,57,4.2
2021-09-03 13:00:00,928.0,34.0,56,5.2
2021-09-03 14:00:00,758.0,33.7,55,5.8
2021-09-03 15:00:00,632.0,33.7,55,3.6
2021-09-03 16:00:00,476.0,33.2,56,1.3
2021-09-03 17:00:00,285.0,32.5,61,3.8
2021-09-04 06:00:00,1.0,25.0,87,8.5
2021-09-04 07:00:00,98.0,26.0,84,11.1
2021-09-04 08:00:00,296.0,27.1,78,10.0
2021-09-04 09:00:00,516.0,29.0,71,9.9
2021-09-04 10:00:00,719.0,31.0,63,8.2
2021-09-04 11:00:00,856.0,32.2,59,9.0
2021-09-04 12:00:00,921.0,32.7,57,7.6
2021-09-04 13:00:00,861.0,33.0,57,5.6
2021-09-04 14:00:00,734.0,33.3,55,5.5
2021-09-04 15:00:00,699.0,32.8,59,10.3
2021-09-04 16:00:00,394.0,30.6,73,14.3
2021-09-04 17:00:00,151.0,28.4,82,7.3
2021-09-05 06:00:00,1.0,24.0,97,3.3
2021-09-05 07:00:00,76.0,23.5,92,10.5
2021-09-05 08:00:00,192.0,24.2,90,9.7
2021-09-05 09:00:00,429.0,25.9,83,7.6
2021-09-05 10:00:00,651.0,28.0,76,2.9
2021-09-05 11:00:00,560.0,28.9,72,1.8
2021-09-05 12:00:00,646.0,29.5,72,1.3
2021-09-05 13:00:00,481.0,29.2,73,2.5
2021-09-05 14:00:00,559.0,29.4,74,2.4
2021-09-05 15:00:00,562.0,29.2,76,4.7
2021-09-05 16:00:00,274.0,28.2,79,3.7
2021-09-05 17:00:00,74.0,27.1,84,5.9
2021-09-06 06:00:00,1.0,23.7,99,4.5
2021-09-06 07:00:00,86.0,24.9,95,3.4
2021-09-06 08:00:00,304.0,26.3,85,2.9
2021-09-06 09:00:00,556.0,27.9,79,2.8
2021-09-06 10:00:00,737.0,29.4,73,2.0
2021-09-06 11:00:00,871.0,30.5,67,0.7
2021-09-06 12:00:00,963.0,31.5,66,1.1
2021-09-06 13:00:00,860.0,31.7,67,2.0
2021-09-06 14:00:00,768.0,32.0,63,1.8
2021-09-06 15:00:00,489.0,29.6,74,7.6
2021-09-06 16:00:00,248.0,28.0,81,2.8
2021-09-06 17:00:00,114.0,26.5,90,4.9
2021-09-07 06:00:00,1.0,22.9,99,4.3
2021-09-07 07:00:00,33.0,23.7,96,3.0
2021-09-07 08:00:00,170.0,24.7,90,1.8
2021-09-07 09:00:00,336.0,25.9,84,4.9
2021-09-07 10:00:00,573.0,27.2,82,6.2
2021-09-07 11:00:00,613.0,27.9,82,6.3
2021-09-07 12:00:00,678.0,28.6,77,7.4
2021-09-07 13:00:00,588.0,28.4,79,6.6
2021-09-07 14:00:00,461.0,28.2,78,8.5
2021-09-07 15:00:00,552.0,28.4,77,9.0
2021-09-07 16:00:00,328.0,28.0,78,5.5
2021-09-07 17:00:00,158.0,27.0,82,1.4
2021-09-08 06:00:00,1.0,23.4,100,1.8
2021-09-08 07:00:00,88.0,24.5,96,3.6
2021-09-08 08:00:00,221.0,26.1,87,4.3
2021-09-08 09:00:00,388.0,27.2,83,4.7
2021-09-08 10:00:00,549.0,28.2,79,6.5
2021-09-08 11:00:00,664.0,29.2,74,4.0
2021-09-08 12:00:00,540.0,29.6,72,1.5
2021-09-08 13:00:00,587.0,30.3,68,0.8
2021-09-08 14:00:00,704.0,30.9,67,1.8
2021-09-08 15:00:00,569.0,30.6,68,5.2
2021-09-08 16:00:00,385.0,30.2,70,5.3
2021-09-08 17:00:00,187.0,29.3,77,3.6
2021-09-09 06:00:00,1.0,23.9,98,3.9
2021-09-09 07:00:00,101.0,25.2,92,3.6
2021-09-09 08:00:00,303.0,26.5,86,3.3
2021-09-09 09:00:00,536.0,28.0,77,2.3
2021-09-09 10:00:00,719.0,29.4,72,2.5
2021-09-09 11:00:00,898.0,30.8,67,4.1
2021-09-09 12:00:00,960.0,31.6,63,4.2
2021-09-09 13:00:00,896.0,32.1,62,2.1
2021-09-09 14:00:00,694.0,32.0,63,1.4
2021-09-09 15:00:00,583.0,31.5,66,2.7
2021-09-09 16:00:00,423.0,31.1,68,1.1
2021-09-09 17:00:00,221.0,30.1,73,1.8
2021-09-10 06:00:00,2.0,24.9,92,8.9
2021-09-10 07:00:00,100.0,26.5,79,12.2
2021-09-10 08:00:00,341.0,27.7,74,12.0
2021-09-10 09:00:00,575.0,29.0,70,8.9
2021-09-10 10:00:00,769.0,30.5,64,3.5
2021-09-10 11:00:00,915.0,31.8,59,3.6
2021-09-10 12:00:00,983.0,32.8,58,3.9
2021-09-10 13:00:00,931.0,33.6,56,4.4
2021-09-10 14:00:00,862.0,34.1,54,4.6
2021-09-10 15:00:00,698.0,34.3,52,2.4
2021-09-10 16:00:00,482.0,33.8,54,6.4
2021-09-10 17:00:00,272.0,32.5,65,6.6
2021-09-11 06:00:00,2.0,24.1,99,3.3
2021-09-11 07:00:00,103.0,25.5,92,7.1
2021-09-11 08:00:00,191.0,26.4,87,4.5
2021-09-11 09:00:00,333.0,27.1,82,4.0
2021-09-11 10:00:00,437.0,27.9,78,6.8
2021-09-11 11:00:00,686.0,29.2,73,7.6
2021-09-11 12:00:00,834.0,30.2,69,6.5
2021-09-11 13:00:00,832.0,30.9,66,3.5
2021-09-11 14:00:00,672.0,31.2,65,2.1
2021-09-11 15:00:00,584.0,31.5,65,3.3
2021-09-11 16:00:00,385.0,30.4,69,5.3
2021-09-11 17:00:00,152.0,29.5,76,7.6
2021-09-12 06:00:00,1.0,24.5,99,2.9
2021-09-12 07:00:00,54.0,25.2,96,2.1
2021-09-12 08:00:00,246.0,26.4,88,0.4
2021-09-12 09:00:00,454.0,27.5,81,4.8
2021-09-12 10:00:00,606.0,28.5,76,5.2
2021-09-12 11:00:00,597.0,29.3,71,3.4
2021-09-12 12:00:00,689.0,30.1,68,2.5
2021-09-12 13:00:00,744.0,30.9,64,2.5
2021-09-12 14:00:00,769.0,31.0,65,4.7
2021-09-12 15:00:00,566.0,30.0,72,7.2
2021-09-12 16:00:00,286.0,28.3,78,10.4
2021-09-12 17:00:00,144.0,28.1,79,8.5
2021-09-13 06:00:00,1.0,23.5,98,4.5
2021-09-13 07:00:00,76.0,25.4,93,6.9
2021-09-13 08:00:00,318.0,27.0,83,7.1
2021-09-13 09:00:00,464.0,28.4,77,5.6
2021-09-13 10:00:00,614.0,29.4,76,2.9
2021-09-13 11:00:00,686.0,30.0,74,2.7
2021-09-13 12:00:00,812.0,30.5,75,4.3
2021-09-13 13:00:00,802.0,31.0,75,6.5
2021-09-13 14:00:00,757.0,31.0,73,5.7
2021-09-13 15:00:00,553.0,31.2,71,5.0
2021-09-13 16:00:00,418.0,30.5,73,4.6
2021-09-13 17:00:00,134.0,28.3,82,1.8
2021-09-14 06:00:00,1.0,23.8,94,4.4
2021-09-14 07:00:00,82.0,24.6,89,3.2
2021-09-14 08:00:00,255.0,25.9,83,4.0
2021-09-14 09:00:00,544.0,27.6,76,5.7
2021-09-14 10:00:00,739.0,29.4,69,6.0
2021-09-14 11:00:00,762.0,30.5,65,3.3
2021-09-14 12:00:00,847.0,31.4,65,2.7
2021-09-14 13:00:00,893.0,31.8,67,5.5
2021-09-14 14:00:00,495.0,29.2,75,8.6
2021-09-14 15:00:00,369.0,28.7,76,8.1
2021-09-14 16:00:00,243.0,28.0,80,6.3
2021-09-14 17:00:00,141.0,27.8,82,3.2
2021-09-15 06:00:00,1.0,23.4,94,2.1
2021-09-15 07:00:00,51.0,24.4,96,4.0
2021-09-15 08:00:00,181.0,25.1,92,3.7
2021-09-15 09:00:00,273.0,25.7,87,4.5
2021-09-15 10:00:00,388.0,26.9,81,3.6
2021-09-15 11:00:00,560.0,28.2,74,3.6
2021-09-15 12:00:00,810.0,29.6,69,3.6
2021-09-15 13:00:00,845.0,30.5,65,1.8
2021-09-15 14:00:00,782.0,31.2,63,1.8
2021-09-15 15:00:00,648.0,31.5,63,1.1
2021-09-15 16:00:00,465.0,31.1,65,3.2
2021-09-15 17:00:00,236.0,30.5,70,3.9
2021-09-16 06:00:00,2.0,23.9,100,4.3
2021-09-16 07:00:00,97.0,24.9,96,2.2
2021-09-16 08:00:00,246.0,26.5,87,2.8
2021-09-16 09:00:00,377.0,27.6,81,6.9
2021-09-16 10:00:00,661.0,29.1,73,4.0
2021-09-16 11:00:00,860.0,30.6,67,1.8
2021-09-16 12:00:00,971.0,32.0,63,1.3
2021-09-16 13:00:00,932.0,32.8,61,0.8
2021-09-16 14:00:00,766.0,33.0,61,0.8
2021-09-16 15:00:00,650.0,33.0,61,2.9
2021-09-16 16:00:00,378.0,32.6,62,3.6
2021-09-16 17:00:00,237.0,31.0,67,4.8
2021-09-17 06:00:00,2.0,24.1,99,5.9
2021-09-17 07:00:00,114.0,26.0,88,6.8
2021-09-17 08:00:00,311.0,27.9,74,7.7
2021-09-17 09:00:00,553.0,29.8,64,9.1
2021-09-17 10:00:00,707.0,31.1,60,8.5
2021-09-17 11:00:00,911.0,32.8,56,7.1
2021-09-17 12:00:00,976.0,34.1,51,5.8
2021-09-17 13:00:00,955.0,34.8,48,4.3
2021-09-17 14:00:00,788.0,34.8,47,3.7
2021-09-17 15:00:00,661.0,34.8,47,3.9
2021-09-17 16:00:00,432.0,34.6,48,3.1
2021-09-17 17:00:00,222.0,32.2,64,6.6
2021-09-18 06:00:00,2.0,26.0,76,11.6
2021-09-18 07:00:00,115.0,27.2,74,10.6
2021-09-18 08:00:00,337.0,28.5,68,7.9
2021-09-18 09:00:00,565.0,30.3,62,7.1
2021-09-18 10:00:00,736.0,31.9,56,6.3
2021-09-18 11:00:00,879.0,33.3,51,5.4
2021-09-18 12:00:00,966.0,34.2,48,3.4
2021-09-18 13:00:00,897.0,34.5,48,3.1
2021-09-18 14:00:00,814.0,34.9,47,5.2
2021-09-18 15:00:00,622.0,33.8,47,10.4
2021-09-18 16:00:00,363.0,32.6,57,6.0
2021-09-18 17:00:00,166.0,31.2,70,6.2
2021-09-19 06:00:00,2.0,23.3,97,4.7
2021-09-19 07:00:00,88.0,24.2,96,2.7
2021-09-19 08:00:00,221.0,25.5,87,3.1
2021-09-19 09:00:00,418.0,26.8,81,4.6
2021-09-19 10:00:00,642.0,28.3,76,5.6
2021-09-19 11:00:00,807.0,29.9,70,4.3
2021-09-19 12:00:00,883.0,31.3,64,5.2
2021-09-19 13:00:00,891.0,31.6,64,3.9
2021-09-19 14:00:00,742.0,31.8,65,5.2
2021-09-19 15:00:00,622.0,32.1,62,5.5
2021-09-19 16:00:00,328.0,29.0,73,2.8
2021-09-19 17:00:00,95.0,27.1,86,9.0
2021-09-20 06:00:00,2.0,23.6,99,5.7
2021-09-20 07:00:00,75.0,24.8,94,5.4
2021-09-20 08:00:00,300.0,25.8,86,3.7
2021-09-20 09:00:00,509.0,27.2,81,4.6
2021-09-20 10:00:00,688.0,28.7,76,5.2
2021-09-20 11:00:00,800.0,30.2,68,5.0
2021-09-20 12:00:00,823.0,31.3,63,4.3
2021-09-20 13:00:00,840.0,32.0,60,2.9
2021-09-20 14:00:00,684.0,32.1,59,2.7
2021-09-20 15:00:00,538.0,32.3,57,2.3
2021-09-20 16:00:00,343.0,30.9,67,9.2
2021-09-20 17:00:00,182.0,29.5,75,11.8
2021-09-21 06:00:00,1.0,23.5,96,3.7
2021-09-21 07:00:00,93.0,24.6,94,4.0
2021-09-21 08:00:00,198.0,25.8,90,3.0
2021-09-21 09:00:00,408.0,27.4,82,3.3
2021-09-21 10:00:00,562.0,29.0,74,7.6
2021-09-21 11:00:00,670.0,30.4,68,6.9
2021-09-21 12:00:00,720.0,31.4,63,7.9
2021-09-21 13:00:00,651.0,31.9,61,5.5
2021-09-21 14:00:00,648.0,32.2,59,2.9
2021-09-21 15:00:00,534.0,32.2,60,3.2
2021-09-21 16:00:00,393.0,30.7,68,4.9
2021-09-21 17:00:00,142.0,27.4,87,12.4
2021-09-22 06:00:00,1.0,24.1,99,5.8
2021-09-22 07:00:00,54.0,24.2,96,5.1
2021-09-22 08:00:00,247.0,25.4,89,6.4
2021-09-22 09:00:00,384.0,26.6,82,4.7
2021-09-22 10:00:00,665.0,28.7,73,3.6
2021-09-22 11:00:00,745.0,29.8,71,3.0
2021-09-22 12:00:00,777.0,30.3,71,2.4
2021-09-22 13:00:00,851.0,31.0,71,2.6
2021-09-22 14:00:00,720.0,30.0,74,5.7
2021-09-22 15:00:00,319.0,26.4,89,9.4
2021-09-22 16:00:00,166.0,26.8,87,3.0
2021-09-22 17:00:00,142.0,27.3,87,7.6
2021-09-23 06:00:00,1.0,23.5,98,5.0
2021-09-23 07:00:00,64.0,23.5,96,8.4
2021-09-23 08:00:00,80.0,24.2,92,6.6
2021-09-23 09:00:00,233.0,25.4,87,2.3
2021-09-23 10:00:00,348.0,26.5,82,0.7
2021-09-23 11:00:00,438.0,27.8,78,3.4
2021-09-23 12:00:00,619.0,29.0,76,2.3
2021-09-23 13:00:00,701.0,29.5,76,4.1
2021-09-23 14:00:00,756.0,29.8,76,5.2
2021-09-23 15:00:00,580.0,29.5,77,6.6
2021-09-23 16:00:00,349.0,27.1,84,7.3
2021-09-23 17:00:00,127.0,26.9,85,7.2
2021-09-24 06:00:00,2.0,23.4,99,2.4
2021-09-24 07:00:00,79.0,24.4,95,1.9
2021-09-24 08:00:00,176.0,25.2,90,3.4
2021-09-24 09:00:00,391.0,26.5,85,7.3
2021-09-24 10:00:00,501.0,27.9,77,7.0
2021-09-24 11:00:00,798.0,29.7,69,4.5
2021-09-24 12:00:00,854.0,31.0,64,3.1
2021-09-24 13:00:00,840.0,31.9,62,3.2
2021-09-24 14:00:00,747.0,31.9,63,3.9
2021-09-24 15:00:00,635.0,31.8,64,4.2
2021-09-24 16:00:00,418.0,30.6,69,5.9
2021-09-24 17:00:00,138.0,28.6,82,5.4
2021-09-25 06:00:00,2.0,23.7,97,3.3
2021-09-25 07:00:00,105.0,25.5,88,1.9
2021-09-25 08:00:00,282.0,26.8,82,3.1
2021-09-25 09:00:00,526.0,28.5,77,3.8
2021-09-25 10:00:00,720.0,30.0,73,3.7
2021-09-25 11:00:00,873.0,31.5,66,3.7
2021-09-25 12:00:00,928.0,32.8,61,3.6
2021-09-25 13:00:00,927.0,33.6,59,3.1
2021-09-25 14:00:00,820.0,33.7,59,1.8
2021-09-25 15:00:00,594.0,32.8,64,6.0
2021-09-25 16:00:00,417.0,32.6,67,4.6
2021-09-25 17:00:00,195.0,32.0,70,3.1
2021-09-26 06:00:00,2.0,24.4,99,7.0
2021-09-26 07:00:00,108.0,25.1,93,4.0
2021-09-26 08:00:00,311.0,27.0,85,2.9
2021-09-26 09:00:00,562.0,28.6,78,1.3
2021-09-26 10:00:00,690.0,30.2,72,2.2
2021-09-26 11:00:00,886.0,32.0,66,1.1
2021-09-26 12:00:00,953.0,33.2,60,1.0
2021-09-26 13:00:00,944.0,33.9,57,0.5
2021-09-26 14:00:00,813.0,34.2,55,2.1
2021-09-26 15:00:00,539.0,34.2,53,2.8
2021-09-26 16:00:00,369.0,33.8,52,3.3
2021-09-26 17:00:00,203.0,32.8,61,4.7
2021-09-27 06:00:00,2.0,24.4,94,6.0
2021-09-27 07:00:00,121.0,26.0,90,7.0
2021-09-27 08:00:00,354.0,28.2,83,4.9
2021-09-27 09:00:00,586.0,30.1,73,5.6
2021-09-27 10:00:00,777.0,31.8,63,5.4
2021-09-27 11:00:00,902.0,33.5,53,5.0
2021-09-27 12:00:00,969.0,34.7,49,5.8
2021-09-27 13:00:00,909.0,35.0,48,6.0
2021-09-27 14:00:00,720.0,35.3,46,3.6
2021-09-27 15:00:00,569.0,33.5,56,12.1
2021-09-27 16:00:00,347.0,32.5,64,10.0
2021-09-27 17:00:00,177.0,31.6,70,8.4
2021-09-28 06:00:00,1.0,24.3,97,5.1
2021-09-28 07:00:00,47.0,24.2,92,5.0
2021-09-28 08:00:00,261.0,25.4,88,5.4
2021-09-28 09:00:00,445.0,26.8,83,7.6
2021-09-28 10:00:00,739.0,28.9,76,9.5
2021-09-28 11:00:00,840.0,30.5,69,8.3
2021-09-28 12:00:00,900.0,31.7,63,6.6
2021-09-28 13:00:00,899.0,32.2,63,6.2
2021-09-28 14:00:00,814.0,32.2,63,8.3
2021-09-28 15:00:00,503.0,29.9,72,7.5
2021-09-28 16:00:00,263.0,28.6,77,5.1
2021-09-28 17:00:00,110.0,27.3,83,7.7
2021-09-29 06:00:00,1.0,24.1,99,4.1
2021-09-29 07:00:00,69.0,24.7,95,3.0
2021-09-29 08:00:00,219.0,25.9,88,1.5
2021-09-29 09:00:00,326.0,26.6,89,4.0
2021-09-29 10:00:00,472.0,27.9,85,3.9
2021-09-29 11:00:00,683.0,29.4,80,4.3
2021-09-29 12:00:00,792.0,30.4,78,6.6
2021-09-29 13:00:00,755.0,30.4,71,6.6
2021-09-29 14:00:00,507.0,27.6,82,13.5
2021-09-29 15:00:00,232.0,27.0,83,11.6
2021-09-29 16:00:00,98.0,26.0,89,5.4
2021-09-29 17:00:00,57.0,25.6,92,3.1
2021-09-30 06:00:00,1.0,22.8,97,1.0
2021-09-30 07:00:00,49.0,23.5,96,4.8
2021-09-30 08:00:00,292.0,25.1,86,6.6
2021-09-30 09:00:00,529.0,26.5,81,5.4
2021-09-30 10:00:00,728.0,28.2,74,3.4
2021-09-30 11:00:00,757.0,29.6,69,1.1
2021-09-30 12:00:00,938.0,30.7,69,0.5
2021-09-30 13:00:00,844.0,30.8,70,2.6
2021-09-30 14:00:00,608.0,30.8,68,2.9
2021-09-30 15:00:00,502.0,29.6,71,1.1
2021-09-30 16:00:00,167.0,25.6,87,10.0
2021-09-30 17:00:00,42.0,25.0,88,4.6
2021-10-01 06:00:00,2.0,22.9,99,0.0
2021-10-01 07:00:00,80.0,23.7,92,2.6
2021-10-01 08:00:00,303.0,25.2,86,2.3
2021-10-01 09:00:00,560.0,26.9,79,4.0
2021-10-01 10:00:00,747.0,28.4,73,4.5
2021-10-01 11:00:00,773.0,29.3,70,4.5
2021-10-01 12:00:00,736.0,30.0,67,3.3
2021-10-01 13:00:00,837.0,30.7,65,2.3
2021-10-01 14:00:00,766.0,30.9,65,2.5
2021-10-01 15:00:00,606.0,30.9,65,1.8
2021-10-01 16:00:00,410.0,29.0,75,10.0
2021-10-01 17:00:00,137.0,26.5,88,7.7
2021-10-02 06:00:00,2.0,23.8,91,0.5
2021-10-02 07:00:00,111.0,25.4,84,7.2
2021-10-02 08:00:00,345.0,27.0,79,5.1
2021-10-02 09:00:00,584.0,28.6,73,5.1
2021-10-02 10:00:00,749.0,30.0,68,6.7
2021-10-02 11:00:00,899.0,31.4,62,4.7
2021-10-02 12:00:00,961.0,32.7,57,3.4
2021-10-02 13:00:00,843.0,33.0,55,2.2
2021-10-02 14:00:00,762.0,32.6,56,2.3
2021-10-02 15:00:00,594.0,32.3,58,2.2
2021-10-02 16:00:00,393.0,30.1,71,7.8
2021-10-02 17:00:00,178.0,29.4,79,8.8
2021-10-03 06:00:00,2.0,24.0,92,1.1
2021-10-03 07:00:00,111.0,26.2,81,1.0
2021-10-03 08:00:00,326.0,27.8,74,1.5
2021-10-03 09:00:00,567.0,29.4,71,0.0
2021-10-03 10:00:00,772.0,30.6,68,1.1
2021-10-03 11:00:00,876.0,31.8,62,1.1
2021-10-03 12:00:00,870.0,32.5,59,1.8
2021-10-03 13:00:00,826.0,33.1,56,1.9
2021-10-03 14:00:00,698.0,33.2,55,3.8
2021-10-03 15:00:00,650.0,33.3,55,7.8
2021-10-03 16:00:00,398.0,30.2,68,8.8
2021-10-03 17:00:00,140.0,29.2,77,4.5
2021-10-04 06:00:00,2.0,23.8,99,2.0
2021-10-04 07:00:00,106.0,25.4,93,3.1
2021-10-04 08:00:00,316.0,27.2,85,2.2
2021-10-04 09:00:00,479.0,28.8,78,4.7
2021-10-04 10:00:00,580.0,30.0,73,5.4
2021-10-04 11:00:00,857.0,31.1,70,5.6
2021-10-04 12:00:00,763.0,31.4,66,4.2
2021-10-04 13:00:00,828.0,32.0,63,2.9
2021-10-04 14:00:00,744.0,32.5,62,2.4
2021-10-04 15:00:00,605.0,30.5,72,8.1
2021-10-04 16:00:00,315.0,29.9,73,9.7
2021-10-04 17:00:00,119.0,29.2,78,3.2
2021-10-05 06:00:00,2.0,23.4,99,2.0
2021-10-05 07:00:00,95.0,24.7,96,3.0
2021-10-05 08:00:00,232.0,26.1,90,2.1
2021-10-05 09:00:00,390.0,27.2,84,3.9
2021-10-05 10:00:00,559.0,28.5,78,4.1
2021-10-05 11:00:00,758.0,30.4,70,3.1
2021-10-05 12:00:00,562.0,30.5,69,4.8
2021-10-05 13:00:00,596.0,30.9,68,2.3
2021-10-05 14:00:00,700.0,31.6,65,0.4
2021-10-05 15:00:00,583.0,32.0,65,3.3
2021-10-05 16:00:00,378.0,28.5,80,11.7
2021-10-05 17:00:00,80.0,27.2,86,1.3
2021-10-06 06:00:00,2.0,24.2,99,2.1
2021-10-06 07:00:00,63.0,24.7,95,2.3
2021-10-06 08:00:00,180.0,26.0,90,3.3
2021-10-06 09:00:00,395.0,27.8,82,1.9
2021-10-06 10:00:00,615.0,29.4,76,2.1
2021-10-06 11:00:00,702.0,30.6,70,1.8
2021-10-06 12:00:00,736.0,31.3,67,2.5
2021-10-06 13:00:00,813.0,32.3,64,1.9
2021-10-06 14:00:00,749.0,32.7,63,3.4
2021-10-06 15:00:00,547.0,32.2,66,5.4
2021-10-06 16:00:00,361.0,30.8,71,8.2
2021-10-06 17:00:00,171.0,30.1,72,9.2
2021-10-07 06:00:00,2.0,24.2,97,4.7
2021-10-07 07:00:00,111.0,25.4,88,6.7
2021-10-07 08:00:00,338.0,27.5,79,3.5
2021-10-07 09:00:00,532.0,29.2,74,1.1
2021-10-07 10:00:00,701.0,30.8,67,1.1
2021-10-07 11:00:00,904.0,32.0,62,4.3
2021-10-07 12:00:00,943.0,32.8,60,4.0
2021-10-07 13:00:00,791.0,33.0,59,0.4
2021-10-07 14:00:00,749.0,33.0,60,4.5
2021-10-07 15:00:00,617.0,32.5,63,5.0
2021-10-07 16:00:00,389.0,32.2,64,7.4
2021-10-07 17:00:00,199.0,30.1,75,10.1
2021-10-08 06:00:00,2.0,24.2,100,4.0
2021-10-08 07:00:00,111.0,26.4,77,4.8
2021-10-08 08:00:00,331.0,27.5,74,3.1
2021-10-08 09:00:00,557.0,28.9,72,4.0
2021-10-08 10:00:00,755.0,30.5,68,6.3
2021-10-08 11:00:00,865.0,32.0,62,5.8
2021-10-08 12:00:00,876.0,32.8,58,3.7
2021-10-08 13:00:00,847.0,33.3,57,1.1
2021-10-08 14:00:00,749.0,33.2,58,4.3
2021-10-08 15:00:00,433.0,30.5,69,5.2
2021-10-08 16:00:00,316.0,30.5,70,3.6
2021-10-08 17:00:00,141.0,29.0,80,8.8
2021-10-09 06:00:00,2.0,23.9,99,5.2
2021-10-09 07:00:00,105.0,25.5,91,4.8
2021-10-09 08:00:00,341.0,27.0,82,2.9
2021-10-09 09:00:00,516.0,28.5,74,5.4
2021-10-09 10:00:00,700.0,30.0,68,5.9
2021-10-09 11:00:00,871.0,31.4,64,3.3
2021-10-09 12:00:00,863.0,32.0,62,3.1
2021-10-09 13:00:00,789.0,32.7,60,2.7
2021-10-09 14:00:00,577.0,30.2,71,13.2
2021-10-09 15:00:00,274.0,27.0,84,10.2
2021-10-09 16:00:00,100.0,26.3,87,3.3
2021-10-09 17:00:00,64.0,25.8,91,2.6
2021-10-10 06:00:00,2.0,23.8,98,5.4
2021-10-10 07:00:00,58.0,24.5,95,3.3
2021-10-10 08:00:00,157.0,25.4,88,0.8
2021-10-10 09:00:00,272.0,26.5,82,2.5
2021-10-10 10:00:00,238.0,27.0,79,0.4
2021-10-10 11:00:00,256.0,27.5,76,1.3
2021-10-10 12:00:00,409.0,28.5,72,1.9
2021-10-10 13:00:00,413.0,28.9,71,4.0
2021-10-10 14:00:00,264.0,28.5,74,3.1
2021-10-10 15:00:00,537.0,29.5,70,1.8
2021-10-10 16:00:00,392.0,29.5,71,3.1
2021-10-10 17:00:00,161.0,28.1,77,3.3
2021-10-11 06:00:00,1.0,23.5,99,5.4
2021-10-11 07:00:00,63.0,24.5,95,3.4
2021-10-11 08:00:00,171.0,25.4,90,4.2
2021-10-11 09:00:00,394.0,26.8,83,5.4
2021-10-11 10:00:00,590.0,28.4,76,5.9
2021-10-11 11:00:00,789.0,29.9,71,5.0
2021-10-11 12:00:00,798.0,30.5,69,4.9
2021-10-11 13:00:00,783.0,31.0,68,4.7
2021-10-11 14:00:00,584.0,30.9,68,6.4
2021-10-11 15:00:00,437.0,27.7,82,10.6
2021-10-11 16:00:00,143.0,27.5,83,3.4
2021-10-11 17:00:00,121.0,27.4,84,2.2
2021-10-12 06:00:00,2.0,24.5,92,2.5
2021-10-12 07:00:00,87.0,25.1,94,2.0
2021-10-12 08:00:00,211.0,26.4,88,2.6
2021-10-12 09:00:00,471.0,27.8,83,5.0
2021-10-12 10:00:00,728.0,29.5,75,4.8
2021-10-12 11:00:00,837.0,30.7,69,3.4
2021-10-12 12:00:00,827.0,31.2,68,1.8
2021-10-12 13:00:00,845.0,31.4,69,3.8
2021-10-12 14:00:00,727.0,31.1,72,3.9
2021-10-12 15:00:00,520.0,30.0,77,2.4
2021-10-12 16:00:00,258.0,27.7,82,1.6
2021-10-12 17:00:00,72.0,27.4,85,3.8
2021-10-13 06:00:00,2.0,23.3,98,2.8
2021-10-13 07:00:00,97.0,23.8,97,7.6
2021-10-13 08:00:00,24.0,24.0,96,6.1
2021-10-13 09:00:00,218.0,24.5,93,6.6
2021-10-13 10:00:00,353.0,25.9,85,5.3
2021-10-13 11:00:00,546.0,27.5,80,6.4
2021-10-13 12:00:00,589.0,27.9,79,3.6
2021-10-13 13:00:00,656.0,29.0,75,2.5
2021-10-13 14:00:00,591.0,29.5,72,2.1
2021-10-13 15:00:00,477.0,29.8,71,3.0
2021-10-13 16:00:00,364.0,29.6,71,4.0
2021-10-13 17:00:00,135.0,28.4,79,5.8
2021-10-14 06:00:00,2.0,23.5,99,3.3
2021-10-14 07:00:00,106.0,25.5,96,1.5
2021-10-14 08:00:00,321.0,27.3,87,0.4
2021-10-14 09:00:00,505.0,28.5,80,4.9
2021-10-14 10:00:00,557.0,29.2,76,4.8
2021-10-14 11:00:00,786.0,30.6,70,2.2
2021-10-14 12:00:00,752.0,31.3,66,2.9
2021-10-14 13:00:00,705.0,31.6,66,3.3
2021-10-14 14:00:00,598.0,31.6,66,3.6
2021-10-14 15:00:00,546.0,31.6,65,5.1
2021-10-14 16:00:00,366.0,31.2,65,5.7
2021-10-14 17:00:00,156.0,28.6,79,18.8
2021-10-15 06:00:00,1.0,23.1,96,6.7
2021-10-15 07:00:00,53.0,23.5,97,6.0
2021-10-15 08:00:00,222.0,24.9,89,4.8
2021-10-15 09:00:00,354.0,26.0,85,1.6
2021-10-15 10:00:00,523.0,28.0,79,1.4
2021-10-15 11:00:00,692.0,29.7,72,4.4
2021-10-15 12:00:00,605.0,30.2,71,7.1
2021-10-15 13:00:00,692.0,30.5,70,10.4
2021-10-15 14:00:00,799.0,31.1,69,8.3
2021-10-15 15:00:00,575.0,31.1,68,6.2
2021-10-15 16:00:00,286.0,26.5,85,8.4
2021-10-15 17:00:00,53.0,26.1,88,2.1
2021-10-16 06:00:00,2.0,22.6,98,3.8
2021-10-16 07:00:00,90.0,23.5,95,2.5
2021-10-16 08:00:00,144.0,24.6,92,2.2
2021-10-16 09:00:00,301.0,26.0,86,2.9
2021-10-16 10:00:00,482.0,27.5,80,4.0
2021-10-16 11:00:00,531.0,28.5,75,6.2
2021-10-16 12:00:00,784.0,29.4,73,6.9
2021-10-16 13:00:00,798.0,29.9,73,6.5
2021-10-16 14:00:00,765.0,29.9,75,8.7
2021-10-16 15:00:00,448.0,27.0,85,7.1
2021-10-16 16:00:00,243.0,27.0,85,6.6
2021-10-16 17:00:00,99.0,25.1,88,13.0
2021-10-17 06:00:00,2.0,23.0,98,1.1
2021-10-17 07:00:00,63.0,24.1,96,0.0
2021-10-17 08:00:00,218.0,25.2,93,6.1
2021-10-17 09:00:00,224.0,25.1,96,6.5
2021-10-17 10:00:00,431.0,26.5,89,6.1
2021-10-17 11:00:00,565.0,27.5,84,5.4
2021-10-17 12:00:00,675.0,28.3,81,5.6
2021-10-17 13:00:00,559.0,28.4,81,6.5
2021-10-17 14:00:00,571.0,28.6,79,5.9
2021-10-17 15:00:00,467.0,28.9,78,6.1
2021-10-17 16:00:00,345.0,28.6,79,3.6
2021-10-17 17:00:00,139.0,26.4,86,3.9
2021-10-18 06:00:00,2.0,22.4,98,2.9
2021-10-18 07:00:00,113.0,23.9,95,2.7
2021-10-18 08:00:00,339.0,25.5,90,1.9
2021-10-18 09:00:00,566.0,27.0,83,2.4
2021-10-18 10:00:00,713.0,28.3,78,5.7
2021-10-18 11:00:00,845.0,29.5,73,5.6
2021-10-18 12:00:00,914.0,30.6,69,5.3
2021-10-18 13:00:00,862.0,31.6,65,4.1
2021-10-18 14:00:00,705.0,31.5,65,3.2
2021-10-18 15:00:00,597.0,30.6,70,0.5
2021-10-18 16:00:00,366.0,29.8,73,2.5
2021-10-18 17:00:00,140.0,27.3,83,4.0
2021-10-19 06:00:00,2.0,22.9,100,4.8
2021-10-19 07:00:00,101.0,24.1,95,3.6
2021-10-19 08:00:00,333.0,25.5,89,3.4
2021-10-19 09:00:00,561.0,27.4,82,3.2
2021-10-19 10:00:00,731.0,29.1,76,4.3
2021-10-19 11:00:00,846.0,30.5,72,3.6
2021-10-19 12:00:00,860.0,31.3,68,3.3
2021-10-19 13:00:00,867.0,32.0,66,1.9
2021-10-19 14:00:00,662.0,31.0,71,4.3
2021-10-19 15:00:00,447.0,30.9,72,5.6
2021-10-19 16:00:00,270.0,30.0,71,8.7
2021-10-19 17:00:00,105.0,28.9,80,9.3
2021-10-20 06:00:00,2.0,22.5,98,9.0
2021-10-20 07:00:00,45.0,24.4,95,4.7
2021-10-20 08:00:00,334.0,26.0,87,4.3
2021-10-20 09:00:00,487.0,27.5,80,5.8
2021-10-20 10:00:00,633.0,29.0,73,6.2
2021-10-20 11:00:00,755.0,30.2,69,4.0
2021-10-20 12:00:00,811.0,30.8,70,2.2
2021-10-20 13:00:00,771.0,30.9,72,3.2
2021-10-20 14:00:00,708.0,31.1,71,5.9
2021-10-20 15:00:00,557.0,30.4,73,4.5
2021-10-20 16:00:00,309.0,29.4,77,2.3
2021-10-20 17:00:00,173.0,28.6,81,5.8
2021-10-21 06:00:00,1.0,23.3,97,5.4
2021-10-21 07:00:00,51.0,23.7,94,5.2
2021-10-21 08:00:00,324.0,25.4,88,4.0
2021-10-21 09:00:00,484.0,26.8,84,2.2
2021-10-21 10:00:00,509.0,27.7,80,3.7
2021-10-21 11:00:00,654.0,29.0,74,4.3
2021-10-21 12:00:00,848.0,30.0,70,3.2
2021-10-21 13:00:00,809.0,30.1,68,2.3
2021-10-21 14:00:00,738.0,30.6,68,0.0
2021-10-21 15:00:00,586.0,30.3,70,1.1
2021-10-21 16:00:00,364.0,28.7,76,5.9
2021-10-21 17:00:00,99.0,26.8,86,7.3
2021-10-22 06:00:00,1.0,22.7,98,1.1
2021-10-22 07:00:00,104.0,24.0,95,4.0
2021-10-22 08:00:00,263.0,25.4,88,4.8
2021-10-22 09:00:00,432.0,27.0,80,2.5
2021-10-22 10:00:00,553.0,28.1,75,3.4
2021-10-22 11:00:00,749.0,29.2,74,2.8
2021-10-22 12:00:00,863.0,30.0,73,3.6
2021-10-22 13:00:00,832.0,30.3,72,3.8
2021-10-22 14:00:00,755.0,30.5,71,4.1
2021-10-22 15:00:00,534.0,30.1,71,4.9
2021-10-22 16:00:00,297.0,29.6,72,2.6
2021-10-22 17:00:00,126.0,29.0,75,1.9
2021-10-23 06:00:00,2.0,22.8,99,2.4
2021-10-23 07:00:00,101.0,24.1,96,4.0
2021-10-23 08:00:00,256.0,25.6,87,4.6
2021-10-23 09:00:00,348.0,26.6,84,4.6
2021-10-23 10:00:00,700.0,28.5,75,4.8
2021-10-23 11:00:00,655.0,29.6,71,5.5
2021-10-23 12:00:00,621.0,30.4,66,3.3
2021-10-23 13:00:00,645.0,31.0,64,2.6
2021-10-23 14:00:00,701.0,31.5,63,2.3
2021-10-23 15:00:00,530.0,30.9,63,2.5
2021-10-23 16:00:00,271.0,30.5,66,2.5
2021-10-23 17:00:00,147.0,28.8,76,7.1
2021-10-24 06:00:00,2.0,22.7,99,3.1
2021-10-24 07:00:00,90.0,23.6,94,5.8
2021-10-24 08:00:00,321.0,25.2,87,5.8
2021-10-24 09:00:00,487.0,26.6,85,1.9
2021-10-24 10:00:00,577.0,28.1,79,4.7
2021-10-24 11:00:00,709.0,29.4,71,5.4
2021-10-24 12:00:00,727.0,29.9,70,5.6
2021-10-24 13:00:00,793.0,30.4,71,3.3
2021-10-24 14:00:00,727.0,30.5,70,2.7
2021-10-24 15:00:00,555.0,29.8,74,6.3
2021-10-24 16:00:00,254.0,27.5,82,9.5
2021-10-24 17:00:00,98.0,26.2,84,5.9
2021-10-25 06:00:00,2.0,23.2,100,3.4
2021-10-25 07:00:00,97.0,25.4,90,2.3
2021-10-25 08:00:00,317.0,27.0,82,3.1
2021-10-25 09:00:00,535.0,28.4,78,6.8
2021-10-25 10:00:00,699.0,29.5,73,7.0
2021-10-25 11:00:00,825.0,30.8,67,6.9
2021-10-25 12:00:00,900.0,31.7,62,6.9
2021-10-25 13:00:00,874.0,32.3,58,4.5
2021-10-25 14:00:00,769.0,32.5,57,4.7
2021-10-25 15:00:00,615.0,32.4,56,6.4
2021-10-25 16:00:00,383.0,31.5,61,9.2
2021-10-25 17:00:00,167.0,29.1,76,11.8
2021-10-26 06:00:00,2.0,22.7,100,2.7
2021-10-26 07:00:00,103.0,24.8,92,5.9
2021-10-26 08:00:00,322.0,26.4,88,6.3
2021-10-26 09:00:00,518.0,28.0,81,6.6
2021-10-26 10:00:00,726.0,29.6,75,4.7
2021-10-26 11:00:00,802.0,30.8,68,3.1
2021-10-26 12:00:00,898.0,31.6,65,3.4
2021-10-26 13:00:00,871.0,32.0,65,2.2
2021-10-26 14:00:00,735.0,32.0,64,1.3
2021-10-26 15:00:00,539.0,31.5,67,3.3
2021-10-26 16:00:00,240.0,30.0,71,1.3
2021-10-26 17:00:00,107.0,29.4,76,1.1
2021-10-27 06:00:00,2.0,22.6,98,3.3
2021-10-27 07:00:00,61.0,24.4,94,2.9
2021-10-27 08:00:00,258.0,25.8,87,4.7
2021-10-27 09:00:00,276.0,26.5,84,5.8
2021-10-27 10:00:00,457.0,27.2,82,5.9
2021-10-27 11:00:00,597.0,28.3,77,7.6
2021-10-27 12:00:00,775.0,29.1,77,6.1
2021-10-27 13:00:00,752.0,29.8,72,5.8
2021-10-27 14:00:00,677.0,30.2,69,4.7
2021-10-27 15:00:00,556.0,30.4,69,3.2
2021-10-27 16:00:00,339.0,30.0,70,4.1
2021-10-27 17:00:00,142.0,28.9,79,5.1
2021-10-28 06:00:00,1.0,24.2,99,0.7
2021-10-28 07:00:00,86.0,25.5,94,3.1
2021-10-28 08:00:00,314.0,26.8,89,6.3
2021-10-28 09:00:00,479.0,27.6,86,6.7
2021-10-28 10:00:00,481.0,28.2,82,6.4
2021-10-28 11:00:00,739.0,29.7,74,6.6
2021-10-28 12:00:00,785.0,30.4,72,5.4
2021-10-28 13:00:00,777.0,30.2,74,6.8
2021-10-28 14:00:00,594.0,27.7,80,7.7
2021-10-28 15:00:00,184.0,27.3,82,4.6
2021-10-28 16:00:00,120.0,27.2,83,2.3
2021-10-28 17:00:00,101.0,27.0,85,2.5
2021-10-29 06:00:00,1.0,23.1,98,5.1
2021-10-29 07:00:00,47.0,24.1,96,4.4
2021-10-29 08:00:00,100.0,24.7,92,8.0
2021-10-29 09:00:00,153.0,25.0,91,5.8
2021-10-29 10:00:00,257.0,25.9,87,5.1
2021-10-29 11:00:00,352.0,26.0,88,5.0
2021-10-29 12:00:00,382.0,26.7,85,6.4
2021-10-29 13:00:00,396.0,27.1,83,5.3
2021-10-29 14:00:00,544.0,28.2,77,2.9
2021-10-29 15:00:00,364.0,28.2,77,5.0
2021-10-29 16:00:00,256.0,27.8,78,6.4
2021-10-29 17:00:00,122.0,27.2,82,5.6
2021-10-30 06:00:00,1.0,23.2,98,4.4
2021-10-30 07:00:00,77.0,24.1,97,3.1
2021-10-30 08:00:00,292.0,26.2,85,1.3
2021-10-30 09:00:00,294.0,26.9,82,2.3
2021-10-30 10:00:00,598.0,28.2,79,4.9
2021-10-30 11:00:00,662.0,28.8,78,6.5
2021-10-30 12:00:00,855.0,29.5,75,6.0
2021-10-30 13:00:00,784.0,29.5,75,3.1
2021-10-30 14:00:00,588.0,29.5,72,4.5
2021-10-30 15:00:00,324.0,28.5,74,4.7
2021-10-30 16:00:00,212.0,27.6,79,3.2
2021-10-30 17:00:00,116.0,25.8,84,6.3
2021-10-31 06:00:00,1.0,23.0,96,5.4
2021-10-31 07:00:00,31.0,24.0,94,0.4
2021-10-31 08:00:00,256.0,25.4,89,2.2
2021-10-31 09:00:00,554.0,27.1,81,0.0
2021-10-31 10:00:00,666.0,28.2,78,1.5
2021-10-31 11:00:00,733.0,29.0,76,0.8
2021-10-31 12:00:00,818.0,29.5,77,1.8
2021-10-31 13:00:00,637.0,27.9,83,2.7
2021-10-31 14:00:00,174.0,26.1,87,4.0
2021-10-31 15:00:00,59.0,25.5,91,2.8
2021-10-31 16:00:00,132.0,25.7,92,4.5
2021-10-31 17:00:00,84.0,25.5,91,5.8
2021-11-01 06:00:00,1.0,23.0,99,1.8
2021-11-01 07:00:00,73.0,23.6,95,1.8
2021-11-01 08:00:00,268.0,25.1,87,1.6
2021-11-01 09:00:00,390.0,26.2,85,1.8
2021-11-01 10:00:00,405.0,27.0,82,4.4
2021-11-01 11:00:00,397.0,27.6,78,3.6
2021-11-01 12:00:00,728.0,29.0,72,3.0
2021-11-01 13:00:00,840.0,29.9,68,2.0
2021-11-01 14:00:00,738.0,29.9,69,1.1
2021-11-01 15:00:00,567.0,30.0,67,0.4
2021-11-01 16:00:00,328.0,28.1,74,11.4
2021-11-01 17:00:00,69.0,26.6,83,10.0
2021-11-02 06:00:00,1.0,22.3,98,1.8
2021-11-02 07:00:00,58.0,23.4,89,3.3
2021-11-02 08:00:00,196.0,24.0,88,6.4
2021-11-02 09:00:00,290.0,25.2,87,4.1
2021-11-02 10:00:00,364.0,26.5,81,2.0
2021-11-02 11:00:00,523.0,28.0,76,4.0
2021-11-02 12:00:00,650.0,29.1,69,4.8
2021-11-02 13:00:00,746.0,29.8,64,3.1
2021-11-02 14:00:00,717.0,30.1,63,2.3
2021-11-02 15:00:00,619.0,30.1,62,3.4
2021-11-02 16:00:00,391.0,29.8,64,5.4
2021-11-02 17:00:00,158.0,28.2,73,8.4
2021-11-03 06:00:00,1.0,22.3,97,4.7
2021-11-03 07:00:00,97.0,22.6,97,6.9
2021-11-03 08:00:00,125.0,23.5,92,6.2
2021-11-03 09:00:00,310.0,24.8,86,3.1
2021-11-03 10:00:00,539.0,26.5,80,5.8
2021-11-03 11:00:00,746.0,27.9,74,9.0
2021-11-03 12:00:00,778.0,28.4,72,9.4
2021-11-03 13:00:00,755.0,28.7,71,9.1
2021-11-03 14:00:00,672.0,29.0,69,6.0
2021-11-03 15:00:00,602.0,29.3,66,5.3
2021-11-03 16:00:00,382.0,29.2,66,4.4
2021-11-03 17:00:00,150.0,27.7,78,6.8
2021-11-04 06:00:00,1.0,22.4,99,3.3
2021-11-04 07:00:00,100.0,23.8,97,4.1
2021-11-04 08:00:00,307.0,25.5,88,3.1
2021-11-04 09:00:00,540.0,27.1,81,2.6
2021-11-04 10:00:00,715.0,28.8,73,3.2
2021-11-04 11:00:00,797.0,29.9,66,3.2
2021-11-04 12:00:00,836.0,30.7,62,3.4
2021-11-04 13:00:00,835.0,31.1,60,2.9
2021-11-04 14:00:00,688.0,31.0,60,4.7
2021-11-04 15:00:00,569.0,30.9,62,4.0
2021-11-04 16:00:00,381.0,30.0,65,6.1
2021-11-04 17:00:00,137.0,26.9,83,11.8
2021-11-05 06:00:00,1.0,22.9,100,2.6
2021-11-05 07:00:00,92.0,25.0,91,3.7
2021-11-05 08:00:00,312.0,26.4,83,4.0
2021-11-05 09:00:00,539.0,27.8,78,3.9
2021-11-05 10:00:00,703.0,29.1,73,5.4
2021-11-05 11:00:00,818.0,30.0,69,5.6
2021-11-05 12:00:00,875.0,31.0,65,5.4
2021-11-05 13:00:00,836.0,31.5,62,5.2
2021-11-05 14:00:00,768.0,31.6,62,3.8
2021-11-05 15:00:00,610.0,31.3,64,1.4
2021-11-05 16:00:00,355.0,30.1,71,5.8
2021-11-05 17:00:00,133.0,28.8,79,6.4
2021-11-06 06:00:00,1.0,23.9,99,3.9
2021-11-06 07:00:00,93.0,24.7,95,4.0
2021-11-06 08:00:00,299.0,26.4,87,4.7
2021-11-06 09:00:00,543.0,27.8,79,5.0
2021-11-06 10:00:00,741.0,29.3,73,5.1
2021-11-06 11:00:00,863.0,30.8,67,4.7
2021-11-06 12:00:00,875.0,31.8,61,3.4
2021-11-06 13:00:00,828.0,32.7,57,2.3
2021-11-06 14:00:00,722.0,33.2,53,2.1
2021-11-06 15:00:00,565.0,33.0,53,1.1
2021-11-06 16:00:00,368.0,32.5,56,3.3
2021-11-06 17:00:00,160.0,30.1,74,5.2
2021-11-07 06:00:00,1.0,23.5,99,5.8
2021-11-07 07:00:00,88.0,25.0,94,3.9
2021-11-07 08:00:00,326.0,26.6,88,4.1
2021-11-07 09:00:00,540.0,28.2,82,2.6
2021-11-07 10:00:00,721.0,29.7,76,2.3
2021-11-07 11:00:00,841.0,31.1,68,2.5
2021-11-07 12:00:00,854.0,32.3,59,2.6
2021-11-07 13:00:00,843.0,33.1,55,2.2
2021-11-07 14:00:00,760.0,33.5,53,1.6
2021-11-07 15:00:00,507.0,33.0,55,5.4
2021-11-07 16:00:00,342.0,31.9,63,8.4
2021-11-07 17:00:00,143.0,30.1,75,7.1
2021-11-08 06:00:00,1.0,22.4,98,5.9
2021-11-08 07:00:00,48.0,23.4,96,3.4
2021-11-08 08:00:00,223.0,24.9,90,2.5
2021-11-08 09:00:00,367.0,26.0,86,3.6
2021-11-08 10:00:00,479.0,27.5,80,4.7
2021-11-08 11:00:00,616.0,28.8,74,2.7
2021-11-08 12:00:00,550.0,29.8,69,3.8
2021-11-08 13:00:00,667.0,30.4,70,6.5
2021-11-08 14:00:00,689.0,29.0,75,6.4
2021-11-08 15:00:00,496.0,28.8,77,3.3
2021-11-08 16:00:00,221.0,27.2,81,7.9
2021-11-08 17:00:00,84.0,26.0,87,3.8
2021-11-09 06:00:00,1.0,21.9,98,1.4
2021-11-09 07:00:00,85.0,23.4,96,3.0
2021-11-09 08:00:00,289.0,25.0,92,5.1
2021-11-09 09:00:00,479.0,27.2,86,9.7
2021-11-09 10:00:00,625.0,29.0,77,10.5
2021-11-09 11:00:00,783.0,30.1,71,10.2
2021-11-09 12:00:00,792.0,30.8,67,7.7
2021-11-09 13:00:00,740.0,31.2,65,4.7
2021-11-09 14:00:00,627.0,31.3,63,2.5
2021-11-09 15:00:00,537.0,31.1,63,2.5
2021-11-09 16:00:00,348.0,30.7,65,5.4
2021-11-09 17:00:00,137.0,28.5,77,14.0
2021-11-10 06:00:00,1.0,22.5,99,3.3
2021-11-10 07:00:00,60.0,23.4,98,6.0
2021-11-10 08:00:00,221.0,25.0,90,6.5
2021-11-10 09:00:00,499.0,27.2,83,6.1
2021-11-10 10:00:00,699.0,28.9,73,6.1
2021-11-10 11:00:00,842.0,30.2,68,6.4
2021-11-10 12:00:00,900.0,31.0,65,9.7
2021-11-10 13:00:00,844.0,31.4,62,9.1
2021-11-10 14:00:00,764.0,31.6,59,7.6
2021-11-10 15:00:00,595.0,31.5,58,6.6
2021-11-10 16:00:00,379.0,31.1,59,5.2
2021-11-10 17:00:00,161.0,29.4,72,5.2
2021-11-11 06:00:00,1.0,22.5,82,2.5
2021-11-11 07:00:00,101.0,23.6,81,3.3
2021-11-11 08:00:00,329.0,25.0,83,5.4
2021-11-11 09:00:00,554.0,26.8,79,4.7
2021-11-11 10:00:00,738.0,28.5,71,4.6
2021-11-11 11:00:00,863.0,30.0,63,3.6
2021-11-11 12:00:00,912.0,31.4,57,4.6
2021-11-11 13:00:00,893.0,32.5,47,5.4
2021-11-11 14:00:00,781.0,32.7,44,5.0
2021-11-11 15:00:00,617.0,32.6,46,5.0
2021-11-11 16:00:00,397.0,31.6,57,6.5
2021-11-11 17:00:00,166.0,29.0,70,12.0
2021-11-12 06:00:00,1.0,22.5,78,12.1
2021-11-12 07:00:00,106.0,23.5,79,11.4
2021-11-12 08:00:00,328.0,25.9,74,9.2
2021-11-12 09:00:00,518.0,28.4,66,7.8
2021-11-12 10:00:00,728.0,30.4,58,7.5
2021-11-12 11:00:00,855.0,31.7,53,7.7
2021-11-12 12:00:00,908.0,32.5,51,8.3
2021-11-12 13:00:00,821.0,32.7,52,6.9
2021-11-12 14:00:00,692.0,32.5,52,6.2
2021-11-12 15:00:00,530.0,32.0,54,5.2
2021-11-12 16:00:00,358.0,31.4,58,6.3
2021-11-12 17:00:00,156.0,29.4,72,4.8
2021-11-13 06:00:00,1.0,23.1,75,9.1
2021-11-13 07:00:00,103.0,24.5,74,9.9
2021-11-13 08:00:00,324.0,26.4,72,9.3
2021-11-13 09:00:00,536.0,28.9,65,12.6
2021-11-13 10:00:00,730.0,30.5,59,11.4
2021-11-13 11:00:00,850.0,31.6,53,6.8
2021-11-13 12:00:00,889.0,32.3,50,5.9
2021-11-13 13:00:00,873.0,32.8,49,4.6
2021-11-13 14:00:00,753.0,33.0,48,1.8
2021-11-13 15:00:00,601.0,33.0,48,3.7
2021-11-13 16:00:00,373.0,32.2,54,5.0
2021-11-13 17:00:00,146.0,31.2,59,3.6
2021-11-14 06:00:00,1.0,22.5,96,4.7
2021-11-14 07:00:00,97.0,24.1,91,0.7
2021-11-14 08:00:00,316.0,25.8,85,2.6
2021-11-14 09:00:00,507.0,27.2,80,2.6
2021-11-14 10:00:00,700.0,28.9,74,3.6
2021-11-14 11:00:00,809.0,30.2,69,2.7
2021-11-14 12:00:00,863.0,31.4,64,2.4
2021-11-14 13:00:00,851.0,32.0,61,3.8
2021-11-14 14:00:00,735.0,32.2,59,5.8
2021-11-14 15:00:00,578.0,32.0,60,6.9
2021-11-14 16:00:00,273.0,30.0,70,10.1
2021-11-14 17:00:00,128.0,28.7,78,9.6
2021-11-15 06:00:00,1.0,23.1,100,6.8
2021-11-15 07:00:00,77.0,24.6,94,4.0
2021-11-15 08:00:00,292.0,26.3,87,3.2
2021-11-15 09:00:00,524.0,28.2,80,4.0
2021-11-15 10:00:00,713.0,30.0,70,5.7
2021-11-15 11:00:00,840.0,31.3,60,4.6
2021-11-15 12:00:00,856.0,32.0,56,4.4
2021-11-15 13:00:00,832.0,32.5,53,5.0
2021-11-15 14:00:00,719.0,32.8,51,4.5
2021-11-15 15:00:00,571.0,33.0,48,2.3
2021-11-15 16:00:00,354.0,32.5,52,3.7
2021-11-15 17:00:00,136.0,30.1,67,5.9
2021-11-16 06:00:00,1.0,22.2,92,5.7
2021-11-16 07:00:00,85.0,24.0,86,6.4
2021-11-16 08:00:00,323.0,25.5,86,4.1
2021-11-16 09:00:00,545.0,28.0,77,4.8
2021-11-16 10:00:00,725.0,29.8,69,5.2
2021-11-16 11:00:00,847.0,31.4,60,5.8
2021-11-16 12:00:00,888.0,32.5,53,5.6
2021-11-16 13:00:00,851.0,33.3,49,4.8
2021-11-16 14:00:00,758.0,33.7,45,3.7
2021-11-16 15:00:00,591.0,33.8,44,2.3
2021-11-16 16:00:00,372.0,33.0,50,4.8
2021-11-16 17:00:00,159.0,30.5,66,5.4
2021-11-17 06:00:00,1.0,24.1,74,12.0
2021-11-17 07:00:00,98.0,25.3,70,13.8
2021-11-17 08:00:00,322.0,26.8,68,9.4
2021-11-17 09:00:00,547.0,29.4,56,12.1
2021-11-17 10:00:00,732.0,30.9,48,13.5
2021-11-17 11:00:00,858.0,32.3,42,11.0
2021-11-17 12:00:00,911.0,33.3,38,8.7
2021-11-17 13:00:00,883.0,34.0,35,5.7
2021-11-17 14:00:00,784.0,34.2,33,1.8
2021-11-17 15:00:00,610.0,34.0,34,2.6
2021-11-17 16:00:00,390.0,32.4,47,6.6
2021-11-17 17:00:00,170.0,29.5,57,9.4
2021-11-18 06:00:00,0.0,23.1,82,6.1
2021-11-18 07:00:00,92.0,25.0,75,7.4
2021-11-18 08:00:00,315.0,27.0,70,3.5
2021-11-18 09:00:00,537.0,28.8,63,4.3
2021-11-18 10:00:00,718.0,30.1,62,7.1
2021-11-18 11:00:00,839.0,31.4,58,5.4
2021-11-18 12:00:00,892.0,32.1,55,2.3
2021-11-18 13:00:00,852.0,32.5,53,4.1
2021-11-18 14:00:00,729.0,32.7,51,5.5
2021-11-18 15:00:00,574.0,32.2,53,8.9
2021-11-18 16:00:00,358.0,31.1,58,8.7
2021-11-18 17:00:00,148.0,29.6,68,7.1
2021-11-19 06:00:00,0.0,22.9,95,4.8
2021-11-19 07:00:00,80.0,24.4,86,5.4
2021-11-19 08:00:00,298.0,26.2,84,4.2
2021-11-19 09:00:00,517.0,28.9,69,7.6
2021-11-19 10:00:00,707.0,30.7,59,10.0
2021-11-19 11:00:00,831.0,31.9,53,10.5
2021-11-19 12:00:00,828.0,32.5,49,7.4
2021-11-19 13:00:00,807.0,33.1,47,3.5
2021-11-19 14:00:00,676.0,33.2,45,1.5
2021-11-19 15:00:00,536.0,33.2,46,5.4
2021-11-19 16:00:00,295.0,31.8,54,5.4
2021-11-19 17:00:00,134.0,30.0,70,3.6
2021-11-20 06:00:00,0.0,22.5,99,3.9
2021-11-20 07:00:00,86.0,23.9,97,0.8
2021-11-20 08:00:00,283.0,25.5,89,1.6
2021-11-20 09:00:00,507.0,27.2,80,1.8
2021-11-20 10:00:00,704.0,28.9,73,2.9
2021-11-20 11:00:00,826.0,30.2,65,3.9
2021-11-20 12:00:00,882.0,30.9,63,2.3
2021-11-20 13:00:00,863.0,31.6,60,1.6
2021-11-20 14:00:00,735.0,32.0,56,1.8
2021-11-20 15:00:00,513.0,32.0,53,1.3
2021-11-20 16:00:00,369.0,31.5,58,5.4
2021-11-20 17:00:00,159.0,29.9,71,6.1
2021-11-21 06:00:00,0.0,22.5,100,2.9
2021-11-21 07:00:00,74.0,24.0,97,6.1
2021-11-21 08:00:00,282.0,25.2,91,6.8
2021-11-21 09:00:00,488.0,26.7,85,6.2
2021-11-21 10:00:00,672.0,28.4,77,4.8
2021-11-21 11:00:00,810.0,30.0,70,1.5
2021-11-21 12:00:00,862.0,30.9,66,1.5
2021-11-21 13:00:00,836.0,31.5,61,2.9
2021-11-21 14:00:00,742.0,31.6,60,3.8
2021-11-21 15:00:00,515.0,30.5,63,1.1
2021-11-21 16:00:00,192.0,27.0,82,12.6
2021-11-21 17:00:00,110.0,26.2,86,8.7
2021-11-22 06:00:00,0.0,22.9,100,2.6
2021-11-22 07:00:00,56.0,24.2,95,3.8
2021-11-22 08:00:00,252.0,25.6,92,4.1
2021-11-22 09:00:00,476.0,27.3,84,2.9
2021-11-22 10:00:00,579.0,28.5,76,5.2
2021-11-22 11:00:00,526.0,28.9,74,4.5
2021-11-22 12:00:00,503.0,29.2,70,4.8
2021-11-22 13:00:00,481.0,29.4,71,4.3
2021-11-22 14:00:00,391.0,29.4,72,3.9
2021-11-22 15:00:00,250.0,28.2,72,5.8
2021-11-22 16:00:00,140.0,26.9,82,5.4
2021-11-22 17:00:00,57.0,26.4,87,3.1
2021-11-23 06:00:00,0.0,22.5,98,2.9
2021-11-23 07:00:00,58.0,23.6,96,2.5
2021-11-23 08:00:00,207.0,24.6,91,3.3
2021-11-23 09:00:00,293.0,25.4,88,2.6
2021-11-23 10:00:00,568.0,27.1,80,4.0
2021-11-23 11:00:00,693.0,28.5,75,2.7
2021-11-23 12:00:00,792.0,29.5,70,2.7
2021-11-23 13:00:00,821.0,30.0,68,1.6
2021-11-23 14:00:00,565.0,29.8,69,1.9
2021-11-23 15:00:00,465.0,27.4,82,9.4
2021-11-23 16:00:00,175.0,25.9,88,5.0
2021-11-23 17:00:00,53.0,25.6,89,6.1
2021-11-24 06:00:00,0.0,22.6,98,2.5
2021-11-24 07:00:00,47.0,23.5,98,3.6
2021-11-24 08:00:00,188.0,24.9,91,3.3
2021-11-24 09:00:00,322.0,25.9,86,10.0
2021-11-24 10:00:00,498.0,27.3,78,7.6
2021-11-24 11:00:00,615.0,28.8,72,10.2
2021-11-24 12:00:00,772.0,29.9,67,7.9
2021-11-24 13:00:00,774.0,30.2,66,7.4
2021-11-24 14:00:00,541.0,30.0,67,4.0
2021-11-24 15:00:00,383.0,26.4,82,6.5
2021-11-24 16:00:00,96.0,25.7,85,5.9
2021-11-24 17:00:00,31.0,25.4,89,4.7
2021-11-25 06:00:00,0.0,22.5,100,2.3
2021-11-25 07:00:00,60.0,24.2,92,3.2
2021-11-25 08:00:00,287.0,25.8,87,3.9
2021-11-25 09:00:00,500.0,27.5,79,6.4
2021-11-25 10:00:00,655.0,28.9,73,9.8
2021-11-25 11:00:00,752.0,29.8,69,10.3
2021-11-25 12:00:00,778.0,30.2,67,10.6
2021-11-25 13:00:00,804.0,30.5,67,9.9
2021-11-25 14:00:00,689.0,30.8,66,11.0
2021-11-25 15:00:00,443.0,28.1,77,11.8
2021-11-25 16:00:00,219.0,27.0,85,10.2
2021-11-25 17:00:00,117.0,26.9,86,9.1
2021-11-26 06:00:00,0.0,22.9,96,1.1
2021-11-26 07:00:00,44.0,23.8,96,1.0
2021-11-26 08:00:00,207.0,25.0,88,2.9
2021-11-26 09:00:00,343.0,26.3,83,3.6
2021-11-26 10:00:00,489.0,27.5,76,4.2
2021-11-26 11:00:00,559.0,28.4,71,2.6
2021-11-26 12:00:00,661.0,29.0,71,4.9
2021-11-26 13:00:00,562.0,28.9,74,4.1
2021-11-26 14:00:00,586.0,28.9,73,3.8
2021-11-26 15:00:00,318.0,26.0,85,6.2
2021-11-26 16:00:00,110.0,24.9,89,11.1
2021-11-26 17:00:00,35.0,23.6,94,10.1
2021-11-27 06:00:00,0.0,23.1,100,3.9
2021-11-27 07:00:00,70.0,23.8,99,6.2
2021-11-27 08:00:00,255.0,25.5,89,5.4
2021-11-27 09:00:00,470.0,27.0,84,3.6
2021-11-27 10:00:00,643.0,28.4,76,7.3
2021-11-27 11:00:00,746.0,29.5,70,6.4
2021-11-27 12:00:00,782.0,30.5,66,4.6
2021-11-27 13:00:00,752.0,30.8,64,4.1
2021-11-27 14:00:00,668.0,31.0,63,3.9
2021-11-27 15:00:00,497.0,30.8,64,5.5
2021-11-27 16:00:00,332.0,25.6,86,15.8
2021-11-27 17:00:00,28.0,25.2,89,4.1
2021-11-28 06:00:00,0.0,22.6,93,6.4
2021-11-28 07:00:00,67.0,24.0,90,7.8
2021-11-28 08:00:00,276.0,26.2,83,4.4
2021-11-28 09:00:00,492.0,28.0,78,4.7
2021-11-28 10:00:00,678.0,29.5,72,5.2
2021-11-28 11:00:00,785.0,30.8,65,5.4
2021-11-28 12:00:00,837.0,31.5,61,9.7
2021-11-28 13:00:00,802.0,32.0,60,10.2
2021-11-28 14:00:00,709.0,31.8,62,10.0
2021-11-28 15:00:00,497.0,31.0,66,10.5
2021-11-28 16:00:00,310.0,29.5,74,10.1
2021-11-28 17:00:00,151.0,28.1,81,7.8
2021-11-29 06:00:00,0.0,23.8,82,9.4
2021-11-29 07:00:00,74.0,24.8,82,9.9
2021-11-29 08:00:00,280.0,26.6,78,8.0
2021-11-29 09:00:00,473.0,28.7,70,8.7
2021-11-29 10:00:00,604.0,29.9,66,7.3
2021-11-29 11:00:00,723.0,30.9,63,5.9
2021-11-29 12:00:00,814.0,31.7,61,4.6
2021-11-29 13:00:00,829.0,32.3,59,2.3
2021-11-29 14:00:00,692.0,31.0,65,6.1
2021-11-29 15:00:00,441.0,30.8,67,7.2
2021-11-29 16:00:00,347.0,30.3,69,9.7
2021-11-29 17:00:00,130.0,28.8,76,9.1
2021-11-30 06:00:00,0.0,23.8,99,3.1
2021-11-30 07:00:00,63.0,25.4,90,5.9
2021-11-30 08:00:00,183.0,26.2,86,5.0
2021-11-30 09:00:00,337.0,27.1,83,3.1
2021-11-30 10:00:00,481.0,28.4,78,3.8
2021-11-30 11:00:00,694.0,29.8,71,4.7
2021-11-30 12:00:00,671.0,30.4,70,4.2
2021-11-30 13:00:00,789.0,31.1,66,4.6
2021-11-30 14:00:00,613.0,31.4,64,3.6
2021-11-30 15:00:00,441.0,31.0,66,4.2
2021-11-30 16:00:00,295.0,30.2,70,10.3
2021-11-30 17:00:00,107.0,28.4,76,16.5
2021-12-01 06:00:00,0.0,23.0,98,3.9
2021-12-01 07:00:00,49.0,23.6,95,5.7
2021-12-01 08:00:00,242.0,25.0,89,4.7
2021-12-01 09:00:00,391.0,26.3,84,7.1
2021-12-01 10:00:00,515.0,27.4,78,6.6
2021-12-01 11:00:00,656.0,28.5,74,6.3
2021-12-01 12:00:00,722.0,29.5,70,5.8
2021-12-01 13:00:00,660.0,30.0,67,3.1
2021-12-01 14:00:00,657.0,30.6,65,5.5
2021-12-01 15:00:00,528.0,30.6,64,6.0
2021-12-01 16:00:00,358.0,30.5,65,6.6
2021-12-01 17:00:00,140.0,28.8,76,7.1
2021-12-02 06:00:00,0.0,22.1,81,7.1
2021-12-02 07:00:00,73.0,22.9,80,7.8
2021-12-02 08:00:00,277.0,24.5,78,3.1
2021-12-02 09:00:00,495.0,26.9,75,1.8
2021-12-02 10:00:00,680.0,29.0,67,0.8
2021-12-02 11:00:00,797.0,30.6,60,1.4
2021-12-02 12:00:00,855.0,31.6,58,0.8
2021-12-02 13:00:00,824.0,32.2,55,4.3
2021-12-02 14:00:00,692.0,32.4,53,5.1
2021-12-02 15:00:00,574.0,32.3,54,6.3
2021-12-02 16:00:00,370.0,31.5,59,6.1
2021-12-02 17:00:00,160.0,29.7,72,5.7
2021-12-03 06:00:00,0.0,24.9,79,17.7
2021-12-03 07:00:00,72.0,25.6,76,15.8
2021-12-03 08:00:00,274.0,27.5,74,14.9
2021-12-03 09:00:00,486.0,29.2,64,14.6
2021-12-03 10:00:00,686.0,30.2,58,14.8
2021-12-03 11:00:00,813.0,31.3,55,12.6
2021-12-03 12:00:00,871.0,32.3,50,9.9
2021-12-03 13:00:00,851.0,33.0,47,6.2
2021-12-03 14:00:00,755.0,33.2,49,4.7
2021-12-03 15:00:00,599.0,33.0,50,4.3
2021-12-03 16:00:00,394.0,32.8,49,0.5
2021-12-03 17:00:00,172.0,30.5,68,4.0
2021-12-04 06:00:00,0.0,24.6,77,12.2
2021-12-04 07:00:00,65.0,25.2,77,11.0
2021-12-04 08:00:00,260.0,26.7,74,9.1
2021-12-04 09:00:00,423.0,28.8,65,7.3
2021-12-04 10:00:00,565.0,30.1,60,5.4
2021-12-04 11:00:00,719.0,31.5,54,2.9
2021-12-04 12:00:00,829.0,32.3,52,2.9
2021-12-04 13:00:00,818.0,32.8,50,2.0
2021-12-04 14:00:00,662.0,32.8,48,1.1
2021-12-04 15:00:00,544.0,32.6,47,1.9
2021-12-04 16:00:00,320.0,31.5,53,4.7
2021-12-04 17:00:00,131.0,29.1,67,8.7
2021-12-05 06:00:00,0.0,24.7,79,13.2
2021-12-05 07:00:00,54.0,25.6,79,13.1
2021-12-05 08:00:00,238.0,27.2,76,11.2
2021-12-05 09:00:00,475.0,29.8,66,10.2
2021-12-05 10:00:00,671.0,31.6,54,8.7
2021-12-05 11:00:00,792.0,32.6,51,7.9
2021-12-05 12:00:00,860.0,33.2,50,7.4
2021-12-05 13:00:00,843.0,33.5,49,4.7
2021-12-05 14:00:00,740.0,33.7,47,5.2
2021-12-05 15:00:00,469.0,33.2,48,6.1
2021-12-05 16:00:00,249.0,31.9,57,6.2
2021-12-05 17:00:00,139.0,31.1,56,2.0
2021-12-06 06:00:00,0.0,25.0,74,15.9
2021-12-06 07:00:00,67.0,25.2,76,14.0
2021-12-06 08:00:00,281.0,27.1,73,10.5
2021-12-06 09:00:00,498.0,29.3,62,10.6
2021-12-06 10:00:00,685.0,30.8,55,12.4
2021-12-06 11:00:00,813.0,32.2,51,10.6
2021-12-06 12:00:00,865.0,33.3,47,8.0
2021-12-06 13:00:00,837.0,34.0,43,6.1
2021-12-06 14:00:00,757.0,34.0,43,7.7
2021-12-06 15:00:00,600.0,33.6,44,7.0
2021-12-06 16:00:00,391.0,33.0,47,4.6
2021-12-06 17:00:00,174.0,31.8,54,3.2
2021-12-07 06:00:00,0.0,24.4,77,10.7
2021-12-07 07:00:00,61.0,25.1,77,11.9
2021-12-07 08:00:00,272.0,27.4,71,10.2
2021-12-07 09:00:00,493.0,29.8,59,10.7
2021-12-07 10:00:00,677.0,31.4,52,10.1
2021-12-07 11:00:00,803.0,32.3,51,9.2
2021-12-07 12:00:00,854.0,33.0,50,9.3
2021-12-07 13:00:00,827.0,33.3,48,9.4
2021-12-07 14:00:00,718.0,33.7,45,6.2
2021-12-07 15:00:00,590.0,33.8,44,3.5
2021-12-07 16:00:00,393.0,33.5,45,2.9
2021-12-07 17:00:00,171.0,31.2,61,5.5
2021-12-08 06:00:00,0.0,25.3,71,17.9
2021-12-08 07:00:00,67.0,25.9,70,20.0
2021-12-08 08:00:00,275.0,27.5,66,19.8
2021-12-08 09:00:00,490.0,29.2,59,20.8
2021-12-08 10:00:00,672.0,30.8,52,22.6
2021-12-08 11:00:00,799.0,32.0,46,18.8
2021-12-08 12:00:00,853.0,33.2,45,12.4
2021-12-08 13:00:00,830.0,33.7,45,9.3
2021-12-08 14:00:00,749.0,33.9,44,9.3
2021-12-08 15:00:00,602.0,33.8,45,9.1
2021-12-08 16:00:00,396.0,33.2,51,5.9
2021-12-08 17:00:00,177.0,32.0,62,5.5
2021-12-09 06:00:00,0.0,25.1,72,18.3
2021-12-09 07:00:00,62.0,25.9,73,19.9
2021-12-09 08:00:00,268.0,27.4,70,17.7
2021-12-09 09:00:00,493.0,29.2,63,18.3
2021-12-09 10:00:00,678.0,30.9,56,19.1
2021-12-09 11:00:00,805.0,32.2,50,17.3
2021-12-09 12:00:00,867.0,33.1,46,13.4
2021-12-09 13:00:00,851.0,33.6,44,9.7
2021-12-09 14:00:00,763.0,34.0,42,6.5
2021-12-09 15:00:00,607.0,34.1,41,4.3
2021-12-09 16:00:00,401.0,33.8,43,3.7
2021-12-09 17:00:00,177.0,30.7,64,5.6
2021-12-10 06:00:00,0.0,25.6,69,18.7
2021-12-10 07:00:00,64.0,26.0,70,18.5
2021-12-10 08:00:00,271.0,27.3,69,16.4
2021-12-10 09:00:00,494.0,29.2,61,17.1
2021-12-10 10:00:00,672.0,31.0,53,15.6
2021-12-10 11:00:00,807.0,32.5,47,14.3
2021-12-10 12:00:00,869.0,32.8,46,13.7
2021-12-10 13:00:00,854.0,33.2,43,9.3
2021-12-10 14:00:00,768.0,33.8,39,4.9
2021-12-10 15:00:00,604.0,34.0,39,3.0
2021-12-10 16:00:00,401.0,34.0,39,1.1
2021-12-10 17:00:00,182.0,32.2,52,1.8
2021-12-11 06:00:00,0.0,25.5,63,18.1
2021-12-11 07:00:00,58.0,25.7,65,17.4
2021-12-11 08:00:00,249.0,27.1,64,15.1
2021-12-11 09:00:00,454.0,28.9,56,17.3
2021-12-11 10:00:00,641.0,30.6,46,19.3
2021-12-11 11:00:00,767.0,32.0,42,15.8
2021-12-11 12:00:00,845.0,32.9,39,11.2
2021-12-11 13:00:00,804.0,33.2,38,8.5
2021-12-11 14:00:00,692.0,33.3,38,6.6
2021-12-11 15:00:00,578.0,33.4,39,5.6
2021-12-11 16:00:00,355.0,33.0,43,3.8
2021-12-11 17:00:00,168.0,31.4,53,2.3
2021-12-12 06:00:00,0.0,24.2,68,16.7
2021-12-12 07:00:00,58.0,25.0,64,16.5
2021-12-12 08:00:00,175.0,26.0,63,14.6
2021-12-12 09:00:00,379.0,27.9,59,13.6
2021-12-12 10:00:00,487.0,29.7,52,14.6
2021-12-12 11:00:00,748.0,31.4,45,10.6
2021-12-12 12:00:00,858.0,32.5,42,6.8
2021-12-12 13:00:00,853.0,33.3,36,4.3
2021-12-12 14:00:00,723.0,33.6,34,2.5
2021-12-12 15:00:00,500.0,33.4,34,1.1
2021-12-12 16:00:00,276.0,33.2,35,3.1
2021-12-12 17:00:00,120.0,29.5,64,4.0
2021-12-13 06:00:00,0.0,21.8,82,6.2
2021-12-13 07:00:00,57.0,24.1,73,6.1
2021-12-13 08:00:00,253.0,25.5,73,3.1
2021-12-13 09:00:00,483.0,27.8,68,4.0
2021-12-13 10:00:00,668.0,29.7,60,6.7
2021-12-13 11:00:00,791.0,31.2,52,6.5
2021-12-13 12:00:00,863.0,32.3,46,8.2
2021-12-13 13:00:00,827.0,33.0,41,5.1
2021-12-13 14:00:00,753.0,33.6,38,2.1
2021-12-13 15:00:00,604.0,33.8,37,4.0
2021-12-13 16:00:00,400.0,33.0,43,5.1
2021-12-13 17:00:00,180.0,30.6,59,5.2
2021-12-14 06:00:00,0.0,24.4,70,10.3
2021-12-14 07:00:00,57.0,25.3,69,10.0
2021-12-14 08:00:00,261.0,27.5,63,9.3
2021-12-14 09:00:00,479.0,29.8,53,8.3
2021-12-14 10:00:00,663.0,31.2,48,4.9
2021-12-14 11:00:00,791.0,32.6,45,3.4
2021-12-14 12:00:00,852.0,33.5,44,2.8
2021-12-14 13:00:00,815.0,33.8,43,1.0
2021-12-14 14:00:00,736.0,34.0,42,1.5
2021-12-14 15:00:00,541.0,34.0,43,1.6
2021-12-14 16:00:00,294.0,33.5,48,3.6
2021-12-14 17:00:00,109.0,30.9,55,14.0
2021-12-15 06:00:00,0.0,25.0,73,8.4
2021-12-15 07:00:00,54.0,26.3,69,9.3
2021-12-15 08:00:00,240.0,28.4,62,6.8
2021-12-15 09:00:00,448.0,29.8,58,4.6
2021-12-15 10:00:00,639.0,31.0,56,6.6
2021-12-15 11:00:00,763.0,32.2,52,5.5
2021-12-15 12:00:00,834.0,33.0,49,3.3
2021-12-15 13:00:00,806.0,33.4,47,0.8
2021-12-15 14:00:00,706.0,33.7,45,0.5
2021-12-15 15:00:00,533.0,34.0,44,3.5
2021-12-15 16:00:00,305.0,33.0,48,5.9
2021-12-15 17:00:00,67.0,29.4,64,5.2
2021-12-16 06:00:00,0.0,25.2,75,9.4
2021-12-16 07:00:00,49.0,26.6,70,11.7
2021-12-16 08:00:00,235.0,28.2,64,13.0
2021-12-16 09:00:00,463.0,30.1,60,12.7
2021-12-16 10:00:00,651.0,31.7,54,10.2
2021-12-16 11:00:00,783.0,33.3,48,11.2
2021-12-16 12:00:00,847.0,34.2,45,10.4
2021-12-16 13:00:00,788.0,34.7,44,9.8
2021-12-16 14:00:00,717.0,34.7,43,5.8
2021-12-16 15:00:00,508.0,34.3,44,4.6
2021-12-16 16:00:00,325.0,33.4,48,12.0
2021-12-16 17:00:00,101.0,29.2,69,15.1
2021-12-17 06:00:00,0.0,25.8,71,17.0
2021-12-17 07:00:00,48.0,26.7,66,21.1
2021-12-17 08:00:00,223.0,28.2,62,17.9
2021-12-17 09:00:00,437.0,30.0,51,21.7
2021-12-17 10:00:00,646.0,31.6,46,20.3
2021-12-17 11:00:00,784.0,32.9,44,14.7
2021-12-17 12:00:00,842.0,33.7,43,10.4
2021-12-17 13:00:00,792.0,34.1,42,9.4
2021-12-17 14:00:00,726.0,34.7,40,9.4
2021-12-17 15:00:00,508.0,34.2,40,5.5
2021-12-17 16:00:00,331.0,34.2,43,4.0
2021-12-17 17:00:00,111.0,32.2,47,8.9
2021-12-18 06:00:00,0.0,25.5,64,14.7
2021-12-18 07:00:00,48.0,26.5,61,18.8
2021-12-18 08:00:00,243.0,28.1,57,19.5
2021-12-18 09:00:00,441.0,29.8,50,20.5
2021-12-18 10:00:00,591.0,31.3,46,18.8
2021-12-18 11:00:00,754.0,32.8,41,17.7
2021-12-18 12:00:00,823.0,33.7,38,14.8
2021-12-18 13:00:00,830.0,34.2,37,10.7
2021-12-18 14:00:00,707.0,34.5,35,4.5
2021-12-18 15:00:00,544.0,34.5,34,2.3
2021-12-18 16:00:00,320.0,33.8,41,3.9
2021-12-18 17:00:00,98.0,31.9,53,5.1
2021-12-19 06:00:00,0.0,25.9,72,15.0
2021-12-19 07:00:00,48.0,26.4,70,15.0
2021-12-19 08:00:00,248.0,28.1,64,18.9
2021-12-19 09:00:00,466.0,30.1,56,20.6
2021-12-19 10:00:00,646.0,31.7,50,16.1
2021-12-19 11:00:00,778.0,32.8,47,12.1
2021-12-19 12:00:00,849.0,33.7,44,9.2
2021-12-19 13:00:00,841.0,34.3,42,6.8
2021-12-19 14:00:00,752.0,34.8,40,5.3
2021-12-19 15:00:00,575.0,34.8,40,6.6
2021-12-19 16:00:00,385.0,34.0,43,8.2
2021-12-19 17:00:00,166.0,31.9,66,4.6
2021-12-20 06:00:00,0.0,25.6,68,14.0
2021-12-20 07:00:00,36.0,26.2,68,15.0
2021-12-20 08:00:00,179.0,27.4,65,16.8
2021-12-20 09:00:00,367.0,29.0,59,15.7
2021-12-20 10:00:00,558.0,30.6,53,9.1
2021-12-20 11:00:00,731.0,32.0,49,5.2
2021-12-20 12:00:00,812.0,32.9,47,5.2
2021-12-20 13:00:00,808.0,33.5,45,6.2
2021-12-20 14:00:00,702.0,33.7,45,4.9
2021-12-20 15:00:00,599.0,34.0,44,4.5
2021-12-20 16:00:00,384.0,33.8,44,5.2
2021-12-20 17:00:00,163.0,31.9,53,6.4
2021-12-21 06:00:00,0.0,23.8,94,6.1
2021-12-21 07:00:00,25.0,24.5,90,3.6
2021-12-21 08:00:00,229.0,26.3,81,5.4
2021-12-21 09:00:00,442.0,28.2,70,5.9
2021-12-21 10:00:00,563.0,29.8,63,5.1
2021-12-21 11:00:00,744.0,31.4,58,4.4
2021-12-21 12:00:00,753.0,32.3,55,5.2
2021-12-21 13:00:00,798.0,33.2,52,7.1
2021-12-21 14:00:00,678.0,32.5,55,10.0
2021-12-21 15:00:00,440.0,30.7,64,10.5
2021-12-21 16:00:00,239.0,28.8,72,13.5
2021-12-21 17:00:00,95.0,28.2,75,1.8
2021-12-22 06:00:00,0.0,22.8,98,5.6
2021-12-22 07:00:00,44.0,23.0,97,1.5
2021-12-22 08:00:00,227.0,24.7,88,4.1
2021-12-22 09:00:00,432.0,26.5,79,2.9
2021-12-22 10:00:00,510.0,27.9,75,3.8
2021-12-22 11:00:00,601.0,29.0,73,5.1
2021-12-22 12:00:00,570.0,29.5,71,5.9
2021-12-22 13:00:00,654.0,30.6,65,5.8
2021-12-22 14:00:00,398.0,30.1,63,6.0
2021-12-22 15:00:00,339.0,28.7,71,8.5
2021-12-22 16:00:00,314.0,28.1,74,9.6
2021-12-22 17:00:00,109.0,26.6,80,9.2
2021-12-23 06:00:00,0.0,23.1,97,4.8
2021-12-23 07:00:00,41.0,24.4,89,5.1
2021-12-23 08:00:00,216.0,26.0,81,3.0
2021-12-23 09:00:00,421.0,27.6,73,3.4
2021-12-23 10:00:00,599.0,29.1,68,2.1
2021-12-23 11:00:00,696.0,30.4,65,3.0
2021-12-23 12:00:00,771.0,31.5,61,4.7
2021-12-23 13:00:00,798.0,32.3,59,5.6
2021-12-23 14:00:00,667.0,32.3,59,5.5
2021-12-23 15:00:00,450.0,31.1,60,12.3
2021-12-23 16:00:00,303.0,29.1,68,13.5
2021-12-23 17:00:00,140.0,29.0,68,6.5
2021-12-24 06:00:00,0.0,23.0,100,3.3
2021-12-24 07:00:00,43.0,25.0,89,5.9
2021-12-24 08:00:00,233.0,26.7,79,7.1
2021-12-24 09:00:00,446.0,28.5,69,7.6
2021-12-24 10:00:00,629.0,30.3,62,8.3
2021-12-24 11:00:00,769.0,31.9,56,8.8
2021-12-24 12:00:00,760.0,32.8,52,8.2
2021-12-24 13:00:00,749.0,33.5,50,6.6
2021-12-24 14:00:00,660.0,34.1,47,7.2
2021-12-24 15:00:00,498.0,32.2,53,9.7
2021-12-24 16:00:00,251.0,31.1,61,7.5
2021-12-24 17:00:00,155.0,30.7,65,2.7
2021-12-25 06:00:00,0.0,24.0,82,5.4
2021-12-25 07:00:00,43.0,24.8,82,3.4
2021-12-25 08:00:00,220.0,27.0,71,3.8
2021-12-25 09:00:00,448.0,29.2,63,6.1
2021-12-25 10:00:00,605.0,30.8,59,6.3
2021-12-25 11:00:00,773.0,32.3,52,6.1
2021-12-25 12:00:00,841.0,33.3,47,8.4
2021-12-25 13:00:00,841.0,34.2,43,6.9
2021-12-25 14:00:00,751.0,35.0,40,5.9
2021-12-25 15:00:00,585.0,35.5,37,4.5
2021-12-25 16:00:00,390.0,34.0,42,9.9
2021-12-25 17:00:00,170.0,30.8,60,16.0
2021-12-26 06:00:00,0.0,24.1,76,6.0
2021-12-26 07:00:00,43.0,25.8,70,7.9
2021-12-26 08:00:00,236.0,27.5,65,3.2
2021-12-26 09:00:00,454.0,29.6,62,4.3
2021-12-26 10:00:00,641.0,31.4,56,4.3
2021-12-26 11:00:00,759.0,32.8,51,2.6
2021-12-26 12:00:00,846.0,34.0,45,8.0
2021-12-26 13:00:00,832.0,35.0,42,10.1
2021-12-26 14:00:00,753.0,35.6,40,9.7
2021-12-26 15:00:00,508.0,34.0,42,13.9
2021-12-26 16:00:00,330.0,33.0,48,7.6
2021-12-26 17:00:00,122.0,32.0,55,1.1
2021-12-27 06:00:00,0.0,25.1,74,10.0
2021-12-27 07:00:00,39.0,25.8,72,8.9
2021-12-27 08:00:00,212.0,27.5,67,6.1
2021-12-27 09:00:00,434.0,29.5,62,5.2
2021-12-27 10:00:00,625.0,31.4,55,7.6
2021-12-27 11:00:00,751.0,32.8,48,7.8
2021-12-27 12:00:00,846.0,33.8,44,8.9
2021-12-27 13:00:00,836.0,34.8,41,10.1
2021-12-27 14:00:00,748.0,35.0,40,11.0
2021-12-27 15:00:00,538.0,34.5,42,11.2
2021-12-27 16:00:00,366.0,33.5,45,11.1
2021-12-27 17:00:00,182.0,32.0,52,3.3
2021-12-28 06:00:00,0.0,24.5,70,13.4
2021-12-28 07:00:00,42.0,25.9,65,16.1
2021-12-28 08:00:00,234.0,27.6,61,17.1
2021-12-28 09:00:00,453.0,29.8,53,19.1
2021-12-28 10:00:00,638.0,31.5,47,16.6
2021-12-28 11:00:00,781.0,32.9,43,14.0
2021-12-28 12:00:00,851.0,34.0,40,11.5
2021-12-28 13:00:00,848.0,34.8,38,8.9
2021-12-28 14:00:00,761.0,35.3,37,8.2
2021-12-28 15:00:00,623.0,35.4,37,8.6
2021-12-28 16:00:00,418.0,34.9,38,9.3
2021-12-28 17:00:00,205.0,33.7,41,7.4
2021-12-29 06:00:00,0.0,25.4,66,18.6
2021-12-29 07:00:00,41.0,25.9,63,16.8
2021-12-29 08:00:00,234.0,27.9,57,15.6
2021-12-29 09:00:00,453.0,30.0,50,15.3
2021-12-29 10:00:00,638.0,31.9,43,13.7
2021-12-29 11:00:00,776.0,33.4,39,11.6
2021-12-29 12:00:00,849.0,34.5,36,10.8
2021-12-29 13:00:00,847.0,35.3,33,10.8
2021-12-29 14:00:00,771.0,35.7,32,11.2
2021-12-29 15:00:00,629.0,35.8,31,11.0
2021-12-29 16:00:00,413.0,35.3,32,9.5
2021-12-29 17:00:00,206.0,33.5,44,4.2
2021-12-30 06:00:00,0.0,24.4,68,5.4
2021-12-30 07:00:00,38.0,25.3,66,6.6
2021-12-30 08:00:00,217.0,26.9,68,5.0
2021-12-30 09:00:00,402.0,28.5,68,3.3
2021-12-30 10:00:00,617.0,30.8,55,4.9
2021-12-30 11:00:00,758.0,32.7,44,7.5
2021-12-30 12:00:00,862.0,34.0,38,10.3
2021-12-30 13:00:00,855.0,34.8,35,10.0
2021-12-30 14:00:00,750.0,35.2,33,8.9
2021-12-30 15:00:00,568.0,35.2,33,8.3
2021-12-30 16:00:00,378.0,34.8,34,9.4
2021-12-30 17:00:00,175.0,33.2,38,9.7
2021-12-31 06:00:00,0.0,24.5,69,18.4
2021-12-31 07:00:00,41.0,25.5,65,21.2
2021-12-31 08:00:00,238.0,27.1,61,22.1
2021-12-31 09:00:00,464.0,29.4,52,19.5
2021-12-31 10:00:00,658.0,31.6,43,17.4
2021-12-31 11:00:00,797.0,33.5,36,15.0
2021-12-31 12:00:00,867.0,34.6,33,12.7
2021-12-31 13:00:00,864.0,35.0,32,10.1
2021-12-31 14:00:00,772.0,35.2,32,7.0
2021-12-31 15:00:00,622.0,35.2,32,5.2
2021-12-31 16:00:00,410.0,34.9,33,4.0
2021-12-31 17:00:00,209.0,34.7,31,1.4
2022-01-01 06:00:00,0.0,24.6,70,11.5
2022-01-01 07:00:00,39.0,25.5,69,13.3
2022-01-01 08:00:00,231.0,28.0,59,11.5
2022-01-01 09:00:00,452.0,30.3,50,10.8
2022-01-01 10:00:00,645.0,32.2,43,10.8
2022-01-01 11:00:00,785.0,33.9,38,11.8
2022-01-01 12:00:00,857.0,35.0,34,12.3
2022-01-01 13:00:00,855.0,35.8,33,10.5
2022-01-01 14:00:00,778.0,36.0,33,9.1
2022-01-01 15:00:00,633.0,36.1,33,9.0
2022-01-01 16:00:00,437.0,35.7,34,9.7
2022-01-01 17:00:00,209.0,34.2,38,7.8
2022-01-02 06:00:00,0.0,25.1,71,14.7
2022-01-02 07:00:00,38.0,25.6,67,11.2
2022-01-02 08:00:00,229.0,27.5,61,10.0
2022-01-02 09:00:00,451.0,30.2,49,10.1
2022-01-02 10:00:00,644.0,32.2,43,8.4
2022-01-02 11:00:00,784.0,33.7,38,7.6
2022-01-02 12:00:00,858.0,34.7,36,6.3
2022-01-02 13:00:00,858.0,35.6,34,6.3
2022-01-02 14:00:00,783.0,36.3,31,7.4
2022-01-02 15:00:00,642.0,36.2,30,9.2
2022-01-02 16:00:00,444.0,35.8,30,9.0
2022-01-02 17:00:00,220.0,34.4,36,6.0
2022-01-03 06:00:00,0.0,23.9,75,16.9
2022-01-03 07:00:00,38.0,25.0,70,16.1
2022-01-03 08:00:00,230.0,27.4,62,17.6
2022-01-03 09:00:00,454.0,29.9,50,20.1
2022-01-03 10:00:00,649.0,31.6,44,16.0
2022-01-03 11:00:00,792.0,33.2,38,13.8
2022-01-03 12:00:00,867.0,34.5,34,13.0
2022-01-03 13:00:00,869.0,35.3,31,13.4
2022-01-03 14:00:00,796.0,35.7,29,12.6
2022-01-03 15:00:00,657.0,35.8,28,9.7
2022-01-03 16:00:00,452.0,35.5,29,6.5
2022-01-03 17:00:00,219.0,34.2,35,5.8
2022-01-04 06:00:00,0.0,24.5,70,19.2
2022-01-04 07:00:00,38.0,25.2,67,17.0
2022-01-04 08:00:00,234.0,27.0,61,17.8
2022-01-04 09:00:00,462.0,29.5,52,20.4
2022-01-04 10:00:00,660.0,31.5,41,20.9
2022-01-04 11:00:00,802.0,33.2,33,18.9
2022-01-04 12:00:00,879.0,34.4,29,13.9
2022-01-04 13:00:00,880.0,35.2,27,8.7
2022-01-04 14:00:00,807.0,35.5,29,6.1
2022-01-04 15:00:00,662.0,35.8,30,7.8
2022-01-04 16:00:00,461.0,35.2,29,11.5
2022-01-04 17:00:00,230.0,33.7,33,12.1
2022-01-05 06:00:00,0.0,24.1,70,20.9
2022-01-05 07:00:00,38.0,24.7,68,19.7
2022-01-05 08:00:00,233.0,26.9,61,19.9
2022-01-05 09:00:00,461.0,29.1,48,19.9
2022-01-05 10:00:00,659.0,31.1,40,17.1
2022-01-05 11:00:00,803.0,32.8,33,15.7
2022-01-05 12:00:00,881.0,34.2,29,13.0
2022-01-05 13:00:00,886.0,35.0,26,11.2
2022-01-05 14:00:00,809.0,35.3,25,9.2
2022-01-05 15:00:00,662.0,35.5,25,7.9
2022-01-05 16:00:00,465.0,35.2,27,8.2
2022-01-05 17:00:00,231.0,33.9,31,7.9
2022-01-06 06:00:00,0.0,23.9,71,17.3
2022-01-06 07:00:00,37.0,24.9,67,17.1
2022-01-06 08:00:00,231.0,27.5,56,15.0
2022-01-06 09:00:00,461.0,30.3,42,14.2
2022-01-06 10:00:00,660.0,32.2,35,13.4
2022-01-06 11:00:00,806.0,33.8,29,13.1
2022-01-06 12:00:00,883.0,34.7,27,10.9
2022-01-06 13:00:00,883.0,35.4,26,9.5
2022-01-06 14:00:00,809.0,35.8,25,7.1
2022-01-06 15:00:00,667.0,35.8,24,5.7
2022-01-06 16:00:00,470.0,35.7,23,7.0
2022-01-06 17:00:00,240.0,34.2,28,5.5
2022-01-07 06:00:00,0.0,24.5,58,15.0
2022-01-07 07:00:00,36.0,25.4,58,12.7
2022-01-07 08:00:00,227.0,27.1,54,9.6
2022-01-07 09:00:00,454.0,29.6,46,8.4
2022-01-07 10:00:00,652.0,31.3,42,5.0
2022-01-07 11:00:00,795.0,33.1,35,4.5
2022-01-07 12:00:00,847.0,34.5,30,5.8
2022-01-07 13:00:00,861.0,35.3,29,4.4
2022-01-07 14:00:00,801.0,35.8,28,4.4
2022-01-07 15:00:00,655.0,35.9,28,6.8
2022-01-07 16:00:00,453.0,35.6,29,8.9
2022-01-07 17:00:00,229.0,34.2,32,11.7
2022-01-08 06:00:00,0.0,25.5,61,18.6
2022-01-08 07:00:00,29.0,26.2,60,17.3
2022-01-08 08:00:00,208.0,27.8,56,21.0
2022-01-08 09:00:00,386.0,29.4,50,24.0
2022-01-08 10:00:00,593.0,31.2,45,20.5
2022-01-08 11:00:00,660.0,32.6,41,16.8
2022-01-08 12:00:00,857.0,34.0,37,13.7
2022-01-08 13:00:00,851.0,34.8,34,10.5
2022-01-08 14:00:00,753.0,35.0,32,8.7
2022-01-08 15:00:00,603.0,35.5,30,7.9
2022-01-08 16:00:00,411.0,35.3,30,7.9
2022-01-08 17:00:00,197.0,34.2,32,8.0
2022-01-09 06:00:00,0.0,25.8,56,21.3
2022-01-09 07:00:00,33.0,26.5,54,21.3
2022-01-09 08:00:00,223.0,28.1,51,20.5
2022-01-09 09:00:00,451.0,30.7,40,23.3
2022-01-09 10:00:00,651.0,32.5,34,23.4
2022-01-09 11:00:00,795.0,33.6,32,19.9
2022-01-09 12:00:00,873.0,34.6,31,15.4
2022-01-09 13:00:00,877.0,35.5,30,14.2
2022-01-09 14:00:00,789.0,35.8,29,15.5
2022-01-09 15:00:00,653.0,35.8,27,16.2
2022-01-09 16:00:00,463.0,35.3,27,16.2
2022-01-09 17:00:00,240.0,34.5,28,12.4
2022-01-10 06:00:00,0.0,24.3,66,16.8
2022-01-10 07:00:00,34.0,25.2,62,16.1
2022-01-10 08:00:00,224.0,27.1,55,15.9
2022-01-10 09:00:00,452.0,29.6,46,18.1
2022-01-10 10:00:00,650.0,31.9,36,19.1
2022-01-10 11:00:00,797.0,33.3,32,17.3
2022-01-10 12:00:00,836.0,34.4,29,13.5
2022-01-10 13:00:00,814.0,35.2,26,9.7
2022-01-10 14:00:00,756.0,35.5,25,7.3
2022-01-10 15:00:00,582.0,35.4,25,7.2
2022-01-10 16:00:00,366.0,34.8,26,6.8
2022-01-10 17:00:00,187.0,33.9,29,5.5
2022-01-11 06:00:00,0.0,24.7,70,17.3
2022-01-11 07:00:00,28.0,25.5,67,16.3
2022-01-11 08:00:00,189.0,27.0,63,19.0
2022-01-11 09:00:00,433.0,29.6,52,20.9
2022-01-11 10:00:00,523.0,31.0,46,15.1
2022-01-11 11:00:00,578.0,32.0,41,11.2
2022-01-11 12:00:00,663.0,33.0,38,10.3
2022-01-11 13:00:00,659.0,33.5,37,10.1
2022-01-11 14:00:00,531.0,33.6,35,9.7
2022-01-11 15:00:00,399.0,33.8,33,8.6
2022-01-11 16:00:00,239.0,33.6,33,5.4
2022-01-11 17:00:00,125.0,33.2,34,1.1
2022-01-12 06:00:00,0.0,24.2,66,15.4
2022-01-12 07:00:00,32.0,25.2,64,12.7
2022-01-12 08:00:00,213.0,26.9,59,10.6
2022-01-12 09:00:00,446.0,29.0,50,13.4
2022-01-12 10:00:00,646.0,31.0,43,12.3
2022-01-12 11:00:00,793.0,32.6,38,9.2
2022-01-12 12:00:00,860.0,33.7,35,6.4
2022-01-12 13:00:00,866.0,34.4,32,3.8
2022-01-12 14:00:00,783.0,34.8,30,3.0
2022-01-12 15:00:00,645.0,35.2,27,2.8
2022-01-12 16:00:00,444.0,35.2,26,4.0
2022-01-12 17:00:00,222.0,34.8,44,1.0
2022-01-13 06:00:00,0.0,24.5,67,10.2
2022-01-13 07:00:00,31.0,25.4,63,10.9
2022-01-13 08:00:00,203.0,27.1,58,12.3
2022-01-13 09:00:00,424.0,29.0,53,9.0
2022-01-13 10:00:00,638.0,30.4,49,6.5
2022-01-13 11:00:00,771.0,31.8,44,5.2
2022-01-13 12:00:00,824.0,32.8,40,4.7
2022-01-13 13:00:00,837.0,33.9,37,4.8
2022-01-13 14:00:00,770.0,34.5,36,7.2
2022-01-13 15:00:00,583.0,34.0,37,7.0
2022-01-13 16:00:00,407.0,33.5,39,6.2
2022-01-13 17:00:00,213.0,30.3,53,18.9
2022-01-14 06:00:00,0.0,21.5,99,1.8
2022-01-14 07:00:00,25.0,22.7,97,3.8
2022-01-14 08:00:00,207.0,24.2,85,5.7
2022-01-14 09:00:00,422.0,26.4,74,5.9
2022-01-14 10:00:00,603.0,28.2,64,6.4
2022-01-14 11:00:00,738.0,29.8,57,5.5
2022-01-14 12:00:00,795.0,31.2,50,4.7
2022-01-14 13:00:00,835.0,32.5,45,3.5
2022-01-14 14:00:00,750.0,33.1,42,3.5
2022-01-14 15:00:00,623.0,33.2,42,2.5
2022-01-14 16:00:00,428.0,32.9,43,1.1
2022-01-14 17:00:00,214.0,32.0,45,1.8
2022-01-15 06:00:00,0.0,23.9,74,14.9
2022-01-15 07:00:00,30.0,24.8,71,13.3
2022-01-15 08:00:00,216.0,27.0,62,12.3
2022-01-15 09:00:00,442.0,29.5,50,13.7
2022-01-15 10:00:00,644.0,31.4,44,12.3
2022-01-15 11:00:00,793.0,32.8,39,10.5
2022-01-15 12:00:00,872.0,34.0,36,8.8
2022-01-15 13:00:00,879.0,34.7,35,7.2
2022-01-15 14:00:00,807.0,35.2,34,5.8
2022-01-15 15:00:00,668.0,35.2,33,5.8
2022-01-15 16:00:00,464.0,35.2,33,5.4
2022-01-15 17:00:00,216.0,34.5,34,5.1
2022-01-16 06:00:00,0.0,24.8,61,12.0
2022-01-16 07:00:00,29.0,25.5,61,12.0
2022-01-16 08:00:00,213.0,27.4,57,12.9
2022-01-16 09:00:00,442.0,30.0,48,14.1
2022-01-16 10:00:00,638.0,31.6,42,10.5
2022-01-16 11:00:00,782.0,33.1,38,8.6
2022-01-16 12:00:00,836.0,34.1,36,7.2
2022-01-16 13:00:00,847.0,34.9,34,5.5
2022-01-16 14:00:00,760.0,35.2,33,4.1
2022-01-16 15:00:00,626.0,35.3,32,1.6
2022-01-16 16:00:00,457.0,35.2,32,1.8
2022-01-16 17:00:00,231.0,34.8,33,2.6
2022-01-17 06:00:00,0.0,25.0,76,10.9
2022-01-17 07:00:00,30.0,26.0,72,11.3
2022-01-17 08:00:00,210.0,27.7,62,10.0
2022-01-17 09:00:00,437.0,29.8,54,9.1
2022-01-17 10:00:00,640.0,31.5,51,6.9
2022-01-17 11:00:00,790.0,33.1,44,5.9
2022-01-17 12:00:00,855.0,34.3,39,5.5
2022-01-17 13:00:00,843.0,35.0,37,4.4
2022-01-17 14:00:00,785.0,35.5,35,3.1
2022-01-17 15:00:00,609.0,35.3,35,1.1
2022-01-17 16:00:00,440.0,35.3,34,2.9
2022-01-17 17:00:00,230.0,34.8,34,4.0
2022-01-18 06:00:00,0.0,25.0,73,6.9
2022-01-18 07:00:00,28.0,26.0,71,6.1
2022-01-18 08:00:00,191.0,27.8,64,5.8
2022-01-18 09:00:00,405.0,30.0,55,11.6
2022-01-18 10:00:00,573.0,31.9,47,15.1
2022-01-18 11:00:00,736.0,33.4,42,16.1
2022-01-18 12:00:00,789.0,34.2,39,15.4
2022-01-18 13:00:00,828.0,35.0,36,11.9
2022-01-18 14:00:00,776.0,35.8,36,10.5
2022-01-18 15:00:00,613.0,35.1,38,11.5
2022-01-18 16:00:00,383.0,34.1,38,7.9
2022-01-18 17:00:00,178.0,34.0,38,6.2
2022-01-19 06:00:00,0.0,24.7,70,17.9
2022-01-19 07:00:00,30.0,25.2,68,16.8
2022-01-19 08:00:00,215.0,27.5,60,18.3
2022-01-19 09:00:00,444.0,29.9,51,19.3
2022-01-19 10:00:00,646.0,32.0,43,16.6
2022-01-19 11:00:00,797.0,33.9,37,14.8
2022-01-19 12:00:00,880.0,35.4,31,13.2
2022-01-19 13:00:00,888.0,36.2,29,10.8
2022-01-19 14:00:00,819.0,36.5,28,9.0
2022-01-19 15:00:00,673.0,36.7,28,9.6
2022-01-19 16:00:00,481.0,36.3,28,11.0
2022-01-19 17:00:00,259.0,35.4,29,10.5
2022-01-20 06:00:00,0.0,25.6,66,13.5
2022-01-20 07:00:00,29.0,26.0,65,14.7
2022-01-20 08:00:00,215.0,28.4,58,16.3
2022-01-20 09:00:00,444.0,31.0,50,17.4
2022-01-20 10:00:00,647.0,33.4,41,15.7
2022-01-20 11:00:00,797.0,35.2,35,13.7
2022-01-20 12:00:00,879.0,36.6,32,12.0
2022-01-20 13:00:00,885.0,37.5,30,10.6
2022-01-20 14:00:00,697.0,37.8,28,11.2
2022-01-20 15:00:00,572.0,37.8,28,13.0
2022-01-20 16:00:00,453.0,37.2,28,16.2
2022-01-20 17:00:00,232.0,35.8,31,16.9
2022-01-21 06:00:00,0.0,25.8,64,20.1
2022-01-21 07:00:00,29.0,26.7,59,19.1
2022-01-21 08:00:00,213.0,28.9,52,19.6
2022-01-21 09:00:00,440.0,31.5,43,19.6
2022-01-21 10:00:00,636.0,33.4,38,14.6
2022-01-21 11:00:00,793.0,34.8,34,13.7
2022-01-21 12:00:00,877.0,36.0,32,13.3
2022-01-21 13:00:00,886.0,36.8,29,10.3
2022-01-21 14:00:00,819.0,37.2,28,6.0
2022-01-21 15:00:00,668.0,37.4,28,4.5
2022-01-21 16:00:00,470.0,37.2,28,5.8
2022-01-21 17:00:00,224.0,36.4,28,8.5
2022-01-22 06:00:00,0.0,25.6,69,16.7
2022-01-22 07:00:00,28.0,26.5,66,15.8
2022-01-22 08:00:00,208.0,28.4,60,19.6
2022-01-22 09:00:00,439.0,30.5,50,19.7
2022-01-22 10:00:00,639.0,32.3,43,13.5
2022-01-22 11:00:00,793.0,34.2,38,12.2
2022-01-22 12:00:00,880.0,35.7,34,10.7
2022-01-22 13:00:00,865.0,36.6,31,8.3
2022-01-22 14:00:00,758.0,36.8,29,7.3
2022-01-22 15:00:00,674.0,37.0,29,5.6
2022-01-22 16:00:00,486.0,36.7,29,4.8
2022-01-22 17:00:00,258.0,35.7,31,8.3
2022-01-23 06:00:00,0.0,25.1,70,17.4
2022-01-23 07:00:00,28.0,25.7,67,16.5
2022-01-23 08:00:00,212.0,27.8,61,16.6
2022-01-23 09:00:00,442.0,30.4,50,16.6
2022-01-23 10:00:00,646.0,32.1,44,10.5
2022-01-23 11:00:00,799.0,33.5,39,7.8
2022-01-23 12:00:00,886.0,34.5,36,7.8
2022-01-23 13:00:00,868.0,35.2,33,6.4
2022-01-23 14:00:00,814.0,36.0,31,4.3
2022-01-23 15:00:00,649.0,36.2,29,3.2
2022-01-23 16:00:00,486.0,36.2,28,8.0
2022-01-23 17:00:00,261.0,35.2,29,13.0
2022-01-24 06:00:00,0.0,25.3,64,19.2
2022-01-24 07:00:00,29.0,26.1,62,16.9
2022-01-24 08:00:00,214.0,28.1,55,18.3
2022-01-24 09:00:00,443.0,30.6,46,19.4
2022-01-24 10:00:00,649.0,32.3,40,13.4
2022-01-24 11:00:00,802.0,33.9,36,9.2
2022-01-24 12:00:00,890.0,35.2,33,8.0
2022-01-24 13:00:00,894.0,36.0,31,9.5
2022-01-24 14:00:00,733.0,36.2,30,8.9
2022-01-24 15:00:00,642.0,36.4,29,6.0
2022-01-24 16:00:00,463.0,35.9,29,6.1
2022-01-24 17:00:00,260.0,35.3,29,8.9
2022-01-25 06:00:00,0.0,26.1,59,11.0
2022-01-25 07:00:00,28.0,27.0,57,10.5
2022-01-25 08:00:00,212.0,28.9,52,11.2
2022-01-25 09:00:00,443.0,31.0,45,14.4
2022-01-25 10:00:00,649.0,32.7,40,14.1
2022-01-25 11:00:00,804.0,34.3,36,12.5
2022-01-25 12:00:00,891.0,35.8,33,9.1
2022-01-25 13:00:00,891.0,36.8,29,7.1
2022-01-25 14:00:00,686.0,36.8,29,6.0
2022-01-25 15:00:00,649.0,37.2,28,4.8
2022-01-25 16:00:00,485.0,37.0,27,7.4
2022-01-25 17:00:00,237.0,36.1,28,8.4
2022-01-26 06:00:00,0.0,24.6,70,3.9
2022-01-26 07:00:00,28.0,25.8,70,5.4
2022-01-26 08:00:00,204.0,27.9,62,5.8
2022-01-26 09:00:00,432.0,29.7,58,5.8
2022-01-26 10:00:00,641.0,31.5,49,6.8
2022-01-26 11:00:00,761.0,33.2,42,7.3
2022-01-26 12:00:00,867.0,34.8,36,8.6
2022-01-26 13:00:00,883.0,36.0,32,8.0
2022-01-26 14:00:00,729.0,36.6,30,6.3
2022-01-26 15:00:00,628.0,36.8,29,6.5
2022-01-26 16:00:00,471.0,36.5,28,4.0
2022-01-26 17:00:00,242.0,36.0,28,5.4
2022-01-27 06:00:00,0.0,25.4,58,20.1
2022-01-27 07:00:00,28.0,26.0,58,17.1
2022-01-27 08:00:00,213.0,28.0,54,17.1
2022-01-27 09:00:00,444.0,30.6,45,18.6
2022-01-27 10:00:00,651.0,32.5,39,15.3
2022-01-27 11:00:00,808.0,34.3,34,16.1
2022-01-27 12:00:00,896.0,35.7,30,15.0
2022-01-27 13:00:00,910.0,36.5,27,10.4
2022-01-27 14:00:00,844.0,36.9,25,4.7
2022-01-27 15:00:00,701.0,37.0,24,1.1
2022-01-27 16:00:00,507.0,36.9,24,4.6
2022-01-27 17:00:00,248.0,36.4,24,9.8
2022-01-28 06:00:00,0.0,24.2,70,15.0
2022-01-28 07:00:00,29.0,24.7,68,13.6
2022-01-28 08:00:00,219.0,26.8,60,12.4
2022-01-28 09:00:00,456.0,29.5,46,11.3
2022-01-28 10:00:00,665.0,31.5,40,5.9
2022-01-28 11:00:00,820.0,33.1,34,4.1
2022-01-28 12:00:00,909.0,34.6,29,3.2
2022-01-28 13:00:00,923.0,35.8,25,2.2
2022-01-28 14:00:00,861.0,36.4,23,1.1
2022-01-28 15:00:00,721.0,36.6,22,2.0
2022-01-28 16:00:00,516.0,36.3,21,4.1
2022-01-28 17:00:00,274.0,35.5,22,2.5
2022-01-29 06:00:00,0.0,24.6,69,10.2
2022-01-29 07:00:00,28.0,25.1,67,11.3
2022-01-29 08:00:00,215.0,27.5,58,12.9
2022-01-29 09:00:00,448.0,29.6,50,11.2
2022-01-29 10:00:00,652.0,31.4,46,8.2
2022-01-29 11:00:00,782.0,32.9,41,6.1
2022-01-29 12:00:00,846.0,33.9,37,4.7
2022-01-29 13:00:00,816.0,34.5,33,3.4
2022-01-29 14:00:00,813.0,35.2,31,4.0
2022-01-29 15:00:00,685.0,35.3,31,5.1
2022-01-29 16:00:00,495.0,35.0,31,5.5
2022-01-29 17:00:00,270.0,34.3,31,6.5
2022-01-30 06:00:00,0.0,24.8,64,14.5
2022-01-30 07:00:00,28.0,25.6,64,16.3
2022-01-30 08:00:00,210.0,27.6,56,17.7
2022-01-30 09:00:00,444.0,29.8,46,19.0
2022-01-30 10:00:00,647.0,31.4,41,13.9
2022-01-30 11:00:00,800.0,32.7,38,9.7
2022-01-30 12:00:00,895.0,34.0,34,8.0
2022-01-30 13:00:00,795.0,34.5,32,6.5
2022-01-30 14:00:00,795.0,35.2,29,5.8
2022-01-30 15:00:00,673.0,35.9,27,6.1
2022-01-30 16:00:00,447.0,36.0,25,3.3
2022-01-30 17:00:00,213.0,34.7,27,8.5
2022-01-31 06:00:00,0.0,24.7,61,9.7
2022-01-31 07:00:00,29.0,25.3,61,9.0
2022-01-31 08:00:00,213.0,26.9,57,7.6
2022-01-31 09:00:00,447.0,29.1,51,5.5
2022-01-31 10:00:00,656.0,31.0,44,5.1
2022-01-31 11:00:00,815.0,32.7,37,4.6
2022-01-31 12:00:00,906.0,34.0,30,3.9
2022-01-31 13:00:00,919.0,35.2,26,3.3
2022-01-31 14:00:00,846.0,36.0,23,3.7
2022-01-31 15:00:00,713.0,36.2,22,4.8
2022-01-31 16:00:00,509.0,36.0,23,6.2
2022-01-31 17:00:00,249.0,35.2,25,11.4
2022-02-01 06:00:00,0.0,25.0,63,12.9
2022-02-01 07:00:00,29.0,25.8,61,10.7
2022-02-01 08:00:00,218.0,27.9,53,11.5
2022-02-01 09:00:00,454.0,30.5,43,13.4
2022-02-01 10:00:00,664.0,32.5,36,10.1
2022-02-01 11:00:00,821.0,33.9,32,8.0
2022-02-01 12:00:00,910.0,35.2,29,7.0
2022-02-01 13:00:00,923.0,36.1,26,7.3
2022-02-01 14:00:00,827.0,36.3,26,8.2
2022-02-01 15:00:00,668.0,36.4,26,6.8
2022-02-01 16:00:00,467.0,36.1,26,3.6
2022-02-01 17:00:00,241.0,35.5,26,3.6
2022-02-02 06:00:00,0.0,25.8,65,15.5
2022-02-02 07:00:00,29.0,26.8,61,13.4
2022-02-02 08:00:00,215.0,28.6,53,12.0
2022-02-02 09:00:00,450.0,31.0,44,13.2
2022-02-02 10:00:00,661.0,33.2,37,11.4
2022-02-02 11:00:00,819.0,34.8,32,10.5
2022-02-02 12:00:00,887.0,35.9,28,9.4
2022-02-02 13:00:00,895.0,36.6,26,7.8
2022-02-02 14:00:00,831.0,37.0,25,6.3
2022-02-02 15:00:00,693.0,37.0,25,4.4
2022-02-02 16:00:00,499.0,37.0,24,1.8
2022-02-02 17:00:00,270.0,36.6,24,6.3
2022-02-03 06:00:00,0.0,25.8,66,17.3
2022-02-03 07:00:00,29.0,26.6,61,16.1
2022-02-03 08:00:00,217.0,29.2,50,14.8
2022-02-03 09:00:00,453.0,31.8,41,15.3
2022-02-03 10:00:00,662.0,33.8,35,14.4
2022-02-03 11:00:00,821.0,35.5,30,12.4
2022-02-03 12:00:00,914.0,36.8,26,10.3
2022-02-03 13:00:00,922.0,37.7,24,8.3
2022-02-03 14:00:00,858.0,38.2,23,5.6
2022-02-03 15:00:00,721.0,38.5,22,5.2
2022-02-03 16:00:00,525.0,38.3,21,6.8
2022-02-03 17:00:00,290.0,37.5,22,7.4
2022-02-04 06:00:00,0.0,26.4,64,17.5
2022-02-04 07:00:00,29.0,27.2,61,18.2
2022-02-04 08:00:00,213.0,28.9,55,22.9
2022-02-04 09:00:00,436.0,31.1,47,22.6
2022-02-04 10:00:00,651.0,33.0,40,18.7
2022-02-04 11:00:00,816.0,34.8,34,13.8
2022-02-04 12:00:00,869.0,36.0,30,10.7
2022-02-04 13:00:00,837.0,36.5,28,9.7
2022-02-04 14:00:00,807.0,37.1,27,9.1
2022-02-04 15:00:00,674.0,37.3,27,9.1
2022-02-04 16:00:00,498.0,36.8,27,9.8
2022-02-04 17:00:00,269.0,36.5,25,10.8
2022-02-05 06:00:00,0.0,25.6,60,17.9
2022-02-05 07:00:00,28.0,26.6,57,20.1
2022-02-05 08:00:00,214.0,28.2,53,23.0
2022-02-05 09:00:00,449.0,30.4,44,22.5
2022-02-05 10:00:00,664.0,32.2,37,17.0
2022-02-05 11:00:00,824.0,34.0,31,14.3
2022-02-05 12:00:00,911.0,35.4,26,12.1
2022-02-05 13:00:00,922.0,36.3,24,10.5
2022-02-05 14:00:00,853.0,36.8,22,9.4
2022-02-05 15:00:00,706.0,37.0,21,9.5
2022-02-05 16:00:00,484.0,37.0,20,8.5
2022-02-05 17:00:00,249.0,34.2,33,16.6
2022-02-06 06:00:00,0.0,25.8,62,15.0
2022-02-06 07:00:00,29.0,26.4,59,15.4
2022-02-06 08:00:00,218.0,28.2,52,17.4
2022-02-06 09:00:00,454.0,30.2,45,16.3
2022-02-06 10:00:00,664.0,32.2,38,13.5
2022-02-06 11:00:00,823.0,34.0,32,10.5
2022-02-06 12:00:00,913.0,35.3,28,7.2
2022-02-06 13:00:00,921.0,36.2,26,4.9
2022-02-06 14:00:00,847.0,36.7,24,3.1
2022-02-06 15:00:00,704.0,36.8,22,3.3
2022-02-06 16:00:00,518.0,36.7,21,2.9
2022-02-06 17:00:00,288.0,36.8,20,3.5
2022-02-07 06:00:00,0.0,26.2,63,12.0
2022-02-07 07:00:00,14.0,27.1,61,11.8
2022-02-07 08:00:00,184.0,28.8,56,12.6
2022-02-07 09:00:00,375.0,30.5,49,11.7
2022-02-07 10:00:00,591.0,32.2,43,8.6
2022-02-07 11:00:00,741.0,33.7,38,5.5
2022-02-07 12:00:00,875.0,35.0,35,3.6
2022-02-07 13:00:00,885.0,36.0,32,2.9
2022-02-07 14:00:00,844.0,37.2,30,3.4
2022-02-07 15:00:00,675.0,36.1,32,13.6
2022-02-07 16:00:00,328.0,33.3,41,13.3
2022-02-07 17:00:00,191.0,33.0,39,5.2
2022-02-08 06:00:00,0.0,24.2,86,6.4
2022-02-08 07:00:00,29.0,25.0,79,3.2
2022-02-08 08:00:00,207.0,27.5,66,4.1
2022-02-08 09:00:00,437.0,29.8,57,5.9
2022-02-08 10:00:00,649.0,31.8,50,6.2
2022-02-08 11:00:00,782.0,33.3,46,6.0
2022-02-08 12:00:00,778.0,34.5,43,6.4
2022-02-08 13:00:00,851.0,35.7,40,6.7
2022-02-08 14:00:00,826.0,36.4,37,5.8
2022-02-08 15:00:00,436.0,34.8,40,9.5
2022-02-08 16:00:00,266.0,30.0,60,10.5
2022-02-08 17:00:00,152.0,25.2,84,11.5
2022-02-09 06:00:00,0.0,22.5,96,1.4
2022-02-09 07:00:00,18.0,23.5,95,1.1
2022-02-09 08:00:00,161.0,25.2,84,3.2
2022-02-09 09:00:00,401.0,27.2,73,4.0
2022-02-09 10:00:00,571.0,29.0,65,5.4
2022-02-09 11:00:00,705.0,30.6,58,2.9
2022-02-09 12:00:00,896.0,32.3,52,3.3
2022-02-09 13:00:00,897.0,33.5,48,3.0
2022-02-09 14:00:00,834.0,34.2,45,2.6
2022-02-09 15:00:00,693.0,34.5,45,1.1
2022-02-09 16:00:00,491.0,33.4,46,3.8
2022-02-09 17:00:00,195.0,29.4,64,13.3
2022-02-10 06:00:00,0.0,22.9,96,4.3
2022-02-10 07:00:00,28.0,23.9,97,5.0
2022-02-10 08:00:00,172.0,25.5,90,6.4
2022-02-10 09:00:00,443.0,28.0,67,14.2
2022-02-10 10:00:00,657.0,30.8,54,14.5
2022-02-10 11:00:00,824.0,32.6,46,14.9
2022-02-10 12:00:00,917.0,34.0,40,13.6
2022-02-10 13:00:00,915.0,34.8,37,13.6
2022-02-10 14:00:00,782.0,35.1,34,12.9
2022-02-10 15:00:00,705.0,35.0,34,14.1
2022-02-10 16:00:00,488.0,34.2,36,16.7
2022-02-10 17:00:00,288.0,32.6,42,12.7
2022-02-11 06:00:00,0.0,24.5,67,20.9
2022-02-11 07:00:00,32.0,24.9,65,21.9
2022-02-11 08:00:00,224.0,26.6,62,19.6
2022-02-11 09:00:00,462.0,29.0,54,19.2
2022-02-11 10:00:00,674.0,31.1,45,20.1
2022-02-11 11:00:00,834.0,32.6,40,17.6
2022-02-11 12:00:00,925.0,33.8,37,14.0
2022-02-11 13:00:00,940.0,34.5,35,10.2
2022-02-11 14:00:00,871.0,35.0,34,8.4
2022-02-11 15:00:00,728.0,35.3,31,8.2
2022-02-11 16:00:00,533.0,34.8,32,9.1
2022-02-11 17:00:00,297.0,33.5,36,8.8
2022-02-12 06:00:00,0.0,24.5,68,18.4
2022-02-12 07:00:00,32.0,25.2,63,16.0
2022-02-12 08:00:00,223.0,27.5,56,16.2
2022-02-12 09:00:00,461.0,30.0,43,20.2
2022-02-12 10:00:00,676.0,32.2,35,19.0
2022-02-12 11:00:00,836.0,34.0,31,17.4
2022-02-12 12:00:00,926.0,35.0,29,12.8
2022-02-12 13:00:00,936.0,35.7,30,7.9
2022-02-12 14:00:00,854.0,36.2,30,6.2
2022-02-12 15:00:00,705.0,36.5,29,8.8
2022-02-12 16:00:00,482.0,36.1,29,9.4
2022-02-12 17:00:00,288.0,35.6,30,10.5
2022-02-13 06:00:00,0.0,25.3,69,16.8
2022-02-13 07:00:00,31.0,26.1,66,18.7
2022-02-13 08:00:00,221.0,28.2,59,20.5
2022-02-13 09:00:00,456.0,30.6,50,19.9
2022-02-13 10:00:00,667.0,32.7,42,15.0
2022-02-13 11:00:00,827.0,34.3,38,11.3
2022-02-13 12:00:00,922.0,35.6,33,10.0
2022-02-13 13:00:00,943.0,36.5,30,10.4
2022-02-13 14:00:00,878.0,37.2,27,10.2
2022-02-13 15:00:00,580.0,36.9,27,8.5
2022-02-13 16:00:00,390.0,36.6,27,5.4
2022-02-13 17:00:00,233.0,36.0,28,7.6
2022-02-14 06:00:00,0.0,25.8,66,18.1
2022-02-14 07:00:00,31.0,26.6,62,18.6
2022-02-14 08:00:00,218.0,28.4,54,21.5
2022-02-14 09:00:00,444.0,30.2,48,19.3
2022-02-14 10:00:00,660.0,32.0,43,16.1
2022-02-14 11:00:00,824.0,33.7,38,14.1
2022-02-14 12:00:00,920.0,35.2,34,12.1
2022-02-14 13:00:00,937.0,36.3,31,11.9
2022-02-14 14:00:00,791.0,36.8,29,12.8
2022-02-14 15:00:00,669.0,36.5,29,15.7
2022-02-14 16:00:00,483.0,35.8,30,18.4
2022-02-14 17:00:00,289.0,35.1,31,15.5
2022-02-15 06:00:00,0.0,25.0,62,21.1
2022-02-15 07:00:00,33.0,26.1,58,20.8
2022-02-15 08:00:00,225.0,28.2,51,23.0
2022-02-15 09:00:00,465.0,30.6,41,26.6
2022-02-15 10:00:00,679.0,32.7,33,25.6
2022-02-15 11:00:00,841.0,34.2,30,22.2
2022-02-15 12:00:00,935.0,35.4,29,18.0
2022-02-15 13:00:00,942.0,36.3,28,15.7
2022-02-15 14:00:00,870.0,36.8,26,15.9
2022-02-15 15:00:00,706.0,36.8,26,16.6
2022-02-15 16:00:00,467.0,36.2,26,18.5
2022-02-15 17:00:00,286.0,34.7,28,22.4
2022-02-16 06:00:00,0.0,25.7,58,23.4
2022-02-16 07:00:00,34.0,26.0,57,20.8
2022-02-16 08:00:00,233.0,28.1,50,19.8
2022-02-16 09:00:00,477.0,31.0,39,21.7
2022-02-16 10:00:00,695.0,33.3,29,20.9
2022-02-16 11:00:00,858.0,34.8,27,15.5
2022-02-16 12:00:00,946.0,35.8,25,10.2
2022-02-16 13:00:00,954.0,36.5,24,8.7
2022-02-16 14:00:00,885.0,37.0,24,11.4
2022-02-16 15:00:00,743.0,37.2,23,14.1
2022-02-16 16:00:00,537.0,37.0,24,13.4
2022-02-16 17:00:00,291.0,36.0,26,15.4
2022-02-17 06:00:00,0.0,25.8,61,18.7
2022-02-17 07:00:00,34.0,26.4,59,17.8
2022-02-17 08:00:00,227.0,28.5,51,20.3
2022-02-17 09:00:00,466.0,31.0,42,19.5
2022-02-17 10:00:00,679.0,33.5,34,18.5
2022-02-17 11:00:00,838.0,35.3,29,15.2
2022-02-17 12:00:00,928.0,36.5,27,11.5
2022-02-17 13:00:00,940.0,37.2,25,11.7
2022-02-17 14:00:00,876.0,37.8,24,12.6
2022-02-17 15:00:00,702.0,37.8,23,13.1
2022-02-17 16:00:00,492.0,37.2,24,13.7
2022-02-17 17:00:00,254.0,37.0,24,8.8
2022-02-18 06:00:00,0.0,25.8,57,20.5
2022-02-18 07:00:00,34.0,26.2,54,19.5
2022-02-18 08:00:00,228.0,28.0,48,21.7
2022-02-18 09:00:00,467.0,30.8,40,24.7
2022-02-18 10:00:00,681.0,33.0,33,24.4
2022-02-18 11:00:00,844.0,34.7,30,20.6
2022-02-18 12:00:00,934.0,36.1,27,18.1
2022-02-18 13:00:00,942.0,37.0,26,14.9
2022-02-18 14:00:00,856.0,37.3,25,11.7
2022-02-18 15:00:00,708.0,37.2,24,10.5
2022-02-18 16:00:00,505.0,37.2,24,10.2
2022-02-18 17:00:00,240.0,36.8,23,12.7
2022-02-19 06:00:00,0.0,25.8,56,17.7
2022-02-19 07:00:00,34.0,26.7,55,18.8
2022-02-19 08:00:00,222.0,28.4,50,21.7
2022-02-19 09:00:00,455.0,30.5,44,21.7
2022-02-19 10:00:00,645.0,32.5,38,18.7
2022-02-19 11:00:00,749.0,34.1,34,13.6
2022-02-19 12:00:00,812.0,35.3,30,10.2
2022-02-19 13:00:00,786.0,36.1,28,8.9
2022-02-19 14:00:00,814.0,37.0,26,8.3
2022-02-19 15:00:00,712.0,37.4,26,8.6
2022-02-19 16:00:00,482.0,37.0,26,10.3
2022-02-19 17:00:00,256.0,36.0,26,10.1
2022-02-20 06:00:00,0.0,25.6,57,22.4
2022-02-20 07:00:00,35.0,26.5,55,23.2
2022-02-20 08:00:00,233.0,28.4,49,26.3
2022-02-20 09:00:00,475.0,30.4,42,26.4
2022-02-20 10:00:00,691.0,32.7,34,23.8
2022-02-20 11:00:00,854.0,34.5,29,21.9
2022-02-20 12:00:00,950.0,36.0,26,19.5
2022-02-20 13:00:00,960.0,36.9,23,18.3
2022-02-20 14:00:00,888.0,37.4,21,17.3
2022-02-20 15:00:00,748.0,37.5,20,16.2
2022-02-20 16:00:00,512.0,37.0,21,15.8
2022-02-20 17:00:00,279.0,36.2,21,19.6
2022-02-21 06:00:00,0.0,25.1,57,20.8
2022-02-21 07:00:00,38.0,25.7,58,20.0
2022-02-21 08:00:00,239.0,27.8,53,19.4
2022-02-21 09:00:00,484.0,30.6,41,23.4
2022-02-21 10:00:00,701.0,33.0,30,23.3
2022-02-21 11:00:00,865.0,34.7,25,20.0
2022-02-21 12:00:00,956.0,36.0,21,16.2
2022-02-21 13:00:00,970.0,37.0,20,15.2
2022-02-21 14:00:00,904.0,37.3,19,16.3
2022-02-21 15:00:00,760.0,37.3,19,14.8
2022-02-21 16:00:00,540.0,37.1,19,13.1
2022-02-21 17:00:00,295.0,36.5,20,14.9
2022-02-22 06:00:00,0.0,25.2,63,21.0
2022-02-22 07:00:00,37.0,26.2,60,20.8
2022-02-22 08:00:00,233.0,28.4,53,23.5
2022-02-22 09:00:00,472.0,30.9,43,24.5
2022-02-22 10:00:00,685.0,33.2,34,23.9
2022-02-22 11:00:00,846.0,34.9,29,19.2
2022-02-22 12:00:00,936.0,36.2,26,14.8
2022-02-22 13:00:00,948.0,37.2,24,14.4
2022-02-22 14:00:00,879.0,37.7,23,16.2
2022-02-22 15:00:00,731.0,37.5,24,16.9
2022-02-22 16:00:00,443.0,37.0,24,13.4
2022-02-22 17:00:00,204.0,36.5,23,16.7
2022-02-23 06:00:00,0.0,25.6,55,21.1
2022-02-23 07:00:00,37.0,26.2,55,20.8
2022-02-23 08:00:00,232.0,28.2,48,22.2
2022-02-23 09:00:00,471.0,30.6,40,25.1
2022-02-23 10:00:00,685.0,32.8,33,24.8
2022-02-23 11:00:00,846.0,34.7,29,20.6
2022-02-23 12:00:00,938.0,36.0,26,15.1
2022-02-23 13:00:00,952.0,36.9,24,12.0
2022-02-23 14:00:00,885.0,37.7,23,10.2
2022-02-23 15:00:00,755.0,38.3,21,9.5
2022-02-23 16:00:00,552.0,38.3,19,9.7
2022-02-23 17:00:00,303.0,37.0,21,15.9
2022-02-24 06:00:00,0.0,25.5,58,21.3
2022-02-24 07:00:00,38.0,26.4,58,19.7
2022-02-24 08:00:00,235.0,28.6,50,24.1
2022-02-24 09:00:00,475.0,30.8,44,25.9
2022-02-24 10:00:00,689.0,32.7,37,23.4
2022-02-24 11:00:00,852.0,34.6,32,18.7
2022-02-24 12:00:00,941.0,36.0,29,15.8
2022-02-24 13:00:00,956.0,36.8,27,15.6
2022-02-24 14:00:00,880.0,37.3,26,14.5
2022-02-24 15:00:00,739.0,37.5,25,13.3
2022-02-24 16:00:00,537.0,37.0,26,15.3
2022-02-24 17:00:00,291.0,36.0,26,18.1
2022-02-25 06:00:00,0.0,25.4,61,22.4
2022-02-25 07:00:00,39.0,26.2,59,23.5
2022-02-25 08:00:00,239.0,28.4,52,23.3
2022-02-25 09:00:00,481.0,30.9,43,24.8
2022-02-25 10:00:00,696.0,33.1,34,22.7
2022-02-25 11:00:00,856.0,35.0,28,18.4
2022-02-25 12:00:00,942.0,36.5,24,13.8
2022-02-25 13:00:00,957.0,37.2,22,12.1
2022-02-25 14:00:00,879.0,38.3,21,10.6
2022-02-25 15:00:00,691.0,39.5,18,13.2
2022-02-25 16:00:00,467.0,37.9,21,19.4
2022-02-25 17:00:00,229.0,36.3,23,19.1
2022-02-26 06:00:00,0.0,25.3,63,21.3
2022-02-26 07:00:00,39.0,26.2,61,19.7
2022-02-26 08:00:00,235.0,28.0,56,21.1
2022-02-26 09:00:00,472.0,30.5,48,21.7
2022-02-26 10:00:00,687.0,33.0,38,20.0
2022-02-26 11:00:00,847.0,35.0,32,16.8
2022-02-26 12:00:00,940.0,36.2,28,13.9
2022-02-26 13:00:00,883.0,36.9,27,11.7
2022-02-26 14:00:00,744.0,37.4,26,10.3
2022-02-26 15:00:00,599.0,37.3,26,9.5
2022-02-26 16:00:00,455.0,37.0,26,9.5
2022-02-26 17:00:00,247.0,36.4,27,10.3
2022-02-27 06:00:00,0.0,26.0,66,21.9
2022-02-27 07:00:00,38.0,27.4,61,21.3
2022-02-27 08:00:00,221.0,29.2,54,23.3
2022-02-27 09:00:00,466.0,31.3,45,23.2
2022-02-27 10:00:00,610.0,32.9,40,16.7
2022-02-27 11:00:00,700.0,34.5,36,13.1
2022-02-27 12:00:00,876.0,36.0,32,10.5
2022-02-27 13:00:00,870.0,37.0,29,7.9
2022-02-27 14:00:00,769.0,37.8,28,7.3
2022-02-27 15:00:00,391.0,37.0,28,7.6
2022-02-27 16:00:00,306.0,36.8,29,5.8
2022-02-27 17:00:00,221.0,35.2,33,15.7
2022-02-28 06:00:00,0.0,24.4,93,4.6
2022-02-28 07:00:00,23.0,24.6,94,4.7
2022-02-28 08:00:00,88.0,25.6,87,6.8
2022-02-28 09:00:00,166.0,26.5,82,5.5
2022-02-28 10:00:00,413.0,28.9,67,5.4
2022-02-28 11:00:00,703.0,31.4,56,4.7
2022-02-28 12:00:00,790.0,33.2,47,6.2
2022-02-28 13:00:00,801.0,34.4,43,8.0
2022-02-28 14:00:00,755.0,32.7,52,11.2
2022-02-28 15:00:00,480.0,30.0,65,8.7
2022-02-28 16:00:00,264.0,28.4,76,0.4
2022-02-28 17:00:00,104.0,26.2,81,4.8
2022-03-01 06:00:00,0.0,23.1,99,4.0
2022-03-01 07:00:00,33.0,24.0,95,4.9
2022-03-01 08:00:00,173.0,25.5,88,3.9
2022-03-01 09:00:00,407.0,27.2,79,3.9
2022-03-01 10:00:00,633.0,29.2,69,6.3
2022-03-01 11:00:00,735.0,30.5,63,4.9
2022-03-01 12:00:00,867.0,31.5,59,3.1
2022-03-01 13:00:00,852.0,32.2,56,2.9
2022-03-01 14:00:00,796.0,32.3,55,3.6
2022-03-01 15:00:00,579.0,32.5,54,3.3
2022-03-01 16:00:00,410.0,31.2,59,3.6
2022-03-01 17:00:00,211.0,31.1,60,5.4
2022-03-02 06:00:00,0.0,23.6,97,4.7
2022-03-02 07:00:00,31.0,25.9,81,8.6
2022-03-02 08:00:00,204.0,26.9,82,6.1
2022-03-02 09:00:00,390.0,28.6,74,8.1
2022-03-02 10:00:00,631.0,30.8,62,11.4
2022-03-02 11:00:00,785.0,32.5,54,11.8
2022-03-02 12:00:00,749.0,33.3,49,9.9
2022-03-02 13:00:00,723.0,33.8,46,11.5
2022-03-02 14:00:00,631.0,32.1,53,13.8
2022-03-02 15:00:00,633.0,32.0,53,14.5
2022-03-02 16:00:00,354.0,32.0,51,13.4
2022-03-02 17:00:00,209.0,31.5,53,9.1
2022-03-03 06:00:00,0.0,24.9,76,10.6
2022-03-03 07:00:00,40.0,25.6,76,7.6
2022-03-03 08:00:00,197.0,27.2,71,8.8
2022-03-03 09:00:00,406.0,29.1,64,10.1
2022-03-03 10:00:00,654.0,30.8,57,12.0
2022-03-03 11:00:00,822.0,32.0,53,14.3
2022-03-03 12:00:00,918.0,32.9,51,11.6
2022-03-03 13:00:00,919.0,34.2,47,6.9
2022-03-03 14:00:00,846.0,34.7,43,7.0
2022-03-03 15:00:00,696.0,34.7,40,10.1
2022-03-03 16:00:00,440.0,33.5,43,6.3
2022-03-03 17:00:00,245.0,31.1,59,12.0
2022-03-04 06:00:00,0.0,25.1,68,15.1
2022-03-04 07:00:00,33.0,25.9,66,14.8
2022-03-04 08:00:00,197.0,27.5,64,16.1
2022-03-04 09:00:00,447.0,29.7,57,19.7
2022-03-04 10:00:00,612.0,31.4,50,16.4
2022-03-04 11:00:00,756.0,32.7,45,12.3
2022-03-04 12:00:00,788.0,33.5,42,8.0
2022-03-04 13:00:00,890.0,34.0,41,7.3
2022-03-04 14:00:00,867.0,34.2,40,7.1
2022-03-04 15:00:00,718.0,34.3,39,8.2
2022-03-04 16:00:00,508.0,34.2,39,8.9
2022-03-04 17:00:00,275.0,33.2,41,3.5
2022-03-05 06:00:00,0.0,23.1,99,3.1
2022-03-05 07:00:00,38.0,24.5,91,2.4
2022-03-05 08:00:00,202.0,26.4,78,4.8
2022-03-05 09:00:00,395.0,28.4,68,6.5
2022-03-05 10:00:00,635.0,30.5,58,9.7
2022-03-05 11:00:00,803.0,32.3,51,9.8
2022-03-05 12:00:00,894.0,33.8,45,8.0
2022-03-05 13:00:00,898.0,34.5,43,6.1
2022-03-05 14:00:00,831.0,35.5,40,8.9
2022-03-05 15:00:00,631.0,33.0,50,10.7
2022-03-05 16:00:00,376.0,31.1,56,11.5
2022-03-05 17:00:00,188.0,31.7,51,10.3
2022-03-06 06:00:00,0.0,23.0,89,4.0
2022-03-06 07:00:00,20.0,25.4,75,10.8
2022-03-06 08:00:00,117.0,26.3,73,8.2
2022-03-06 09:00:00,190.0,27.0,72,7.6
2022-03-06 10:00:00,414.0,29.0,61,12.3
2022-03-06 11:00:00,621.0,30.5,54,11.0
2022-03-06 12:00:00,783.0,31.8,50,8.8
2022-03-06 13:00:00,854.0,32.8,46,6.4
2022-03-06 14:00:00,819.0,33.2,43,5.6
2022-03-06 15:00:00,716.0,33.3,43,6.9
2022-03-06 16:00:00,368.0,33.2,42,5.7
2022-03-06 17:00:00,226.0,30.4,57,13.7
2022-03-07 06:00:00,0.0,22.1,100,3.8
2022-03-07 07:00:00,41.0,23.0,94,4.2
2022-03-07 08:00:00,233.0,24.7,86,3.2
2022-03-07 09:00:00,441.0,26.8,75,5.4
2022-03-07 10:00:00,645.0,29.0,63,9.5
2022-03-07 11:00:00,773.0,30.4,56,8.0
2022-03-07 12:00:00,863.0,31.5,51,5.4
2022-03-07 13:00:00,875.0,32.2,46,5.2
2022-03-07 14:00:00,786.0,32.9,42,8.1
2022-03-07 15:00:00,674.0,33.0,41,6.9
2022-03-07 16:00:00,478.0,32.7,41,3.8
2022-03-07 17:00:00,238.0,31.0,49,9.7
2022-03-08 06:00:00,0.0,24.5,67,18.0
2022-03-08 07:00:00,47.0,25.5,65,19.5
2022-03-08 08:00:00,245.0,27.4,60,20.2
2022-03-08 09:00:00,478.0,29.5,51,18.9
2022-03-08 10:00:00,688.0,31.4,45,14.8
2022-03-08 11:00:00,849.0,32.8,41,10.4
2022-03-08 12:00:00,939.0,34.0,38,8.3
2022-03-08 13:00:00,944.0,34.5,35,5.2
2022-03-08 14:00:00,870.0,35.0,32,5.2
2022-03-08 15:00:00,711.0,35.8,29,8.2
2022-03-08 16:00:00,438.0,35.3,29,4.6
2022-03-08 17:00:00,229.0,33.9,33,10.0
2022-03-09 06:00:00,0.0,24.8,69,16.9
2022-03-09 07:00:00,47.0,26.0,64,21.1
2022-03-09 08:00:00,242.0,28.0,58,20.1
2022-03-09 09:00:00,461.0,30.2,49,18.4
2022-03-09 10:00:00,687.0,32.1,42,14.5
2022-03-09 11:00:00,847.0,33.7,37,9.8
2022-03-09 12:00:00,939.0,34.8,34,6.7
2022-03-09 13:00:00,945.0,35.5,32,5.4
2022-03-09 14:00:00,876.0,36.1,30,6.6
2022-03-09 15:00:00,723.0,36.3,29,9.5
2022-03-09 16:00:00,503.0,35.5,30,12.7
2022-03-09 17:00:00,268.0,34.8,31,6.1
2022-03-10 06:00:00,0.0,26.0,68,18.4
2022-03-10 07:00:00,44.0,26.8,65,16.3
2022-03-10 08:00:00,237.0,28.6,59,17.8
2022-03-10 09:00:00,466.0,30.7,50,16.5
2022-03-10 10:00:00,684.0,32.5,43,8.7
2022-03-10 11:00:00,835.0,33.9,39,6.9
2022-03-10 12:00:00,739.0,34.2,39,7.4
2022-03-10 13:00:00,856.0,35.2,38,7.0
2022-03-10 14:00:00,838.0,36.0,36,8.7
2022-03-10 15:00:00,706.0,35.7,36,7.9
2022-03-10 16:00:00,464.0,28.9,67,16.1
2022-03-10 17:00:00,132.0,27.0,77,7.9
2022-03-11 06:00:00,0.0,24.4,84,8.4
2022-03-11 07:00:00,26.0,25.0,81,8.0
2022-03-11 08:00:00,195.0,26.5,75,5.7
2022-03-11 09:00:00,428.0,28.6,66,5.5
2022-03-11 10:00:00,617.0,30.6,57,4.0
2022-03-11 11:00:00,819.0,32.3,50,3.9
2022-03-11 12:00:00,903.0,33.7,45,6.2
2022-03-11 13:00:00,891.0,34.0,44,7.0
2022-03-11 14:00:00,833.0,35.0,41,8.2
2022-03-11 15:00:00,697.0,33.5,43,6.1
2022-03-11 16:00:00,375.0,29.8,61,11.9
2022-03-11 17:00:00,239.0,31.2,56,5.5
2022-03-12 06:00:00,0.0,24.8,76,7.4
2022-03-12 07:00:00,49.0,25.8,73,8.4
2022-03-12 08:00:00,185.0,27.5,66,5.4
2022-03-12 09:00:00,369.0,29.1,60,5.9
2022-03-12 10:00:00,579.0,30.7,55,5.2
2022-03-12 11:00:00,668.0,32.0,51,5.2
2022-03-12 12:00:00,871.0,33.7,45,3.6
2022-03-12 13:00:00,891.0,35.0,40,3.7
2022-03-12 14:00:00,815.0,35.5,39,5.4
2022-03-12 15:00:00,685.0,36.1,37,6.5
2022-03-12 16:00:00,446.0,32.6,50,9.7
2022-03-12 17:00:00,198.0,28.0,74,14.5
2022-03-13 06:00:00,0.0,23.5,94,9.7
2022-03-13 07:00:00,36.0,24.7,83,10.6
2022-03-13 08:00:00,206.0,26.3,75,9.4
2022-03-13 09:00:00,248.0,25.2,86,8.5
2022-03-13 10:00:00,103.0,25.1,86,8.9
2022-03-13 11:00:00,684.0,28.3,71,12.7
2022-03-13 12:00:00,877.0,30.5,61,13.7
2022-03-13 13:00:00,856.0,31.6,57,13.9
2022-03-13 14:00:00,698.0,32.0,52,15.5
2022-03-13 15:00:00,586.0,32.4,50,16.1
2022-03-13 16:00:00,453.0,32.8,46,17.6
2022-03-13 17:00:00,180.0,29.9,63,5.1
2022-03-14 06:00:00,0.0,24.6,70,17.4
2022-03-14 07:00:00,52.0,25.0,69,19.5
2022-03-14 08:00:00,254.0,26.6,65,19.7
2022-03-14 09:00:00,479.0,28.7,55,21.0
2022-03-14 10:00:00,695.0,30.9,43,19.0
2022-03-14 11:00:00,853.0,32.8,36,17.6
2022-03-14 12:00:00,943.0,34.0,32,16.5
2022-03-14 13:00:00,950.0,34.8,30,15.7
2022-03-14 14:00:00,872.0,35.2,29,16.1
2022-03-14 15:00:00,737.0,35.2,29,15.8
2022-03-14 16:00:00,517.0,34.7,30,14.5
2022-03-14 17:00:00,296.0,33.3,32,14.3
2022-03-15 06:00:00,0.0,25.2,66,19.8
2022-03-15 07:00:00,54.0,25.9,66,18.5
2022-03-15 08:00:00,257.0,27.8,60,19.9
2022-03-15 09:00:00,494.0,30.0,51,21.3
2022-03-15 10:00:00,702.0,31.7,44,18.2
2022-03-15 11:00:00,859.0,33.0,40,13.1
2022-03-15 12:00:00,955.0,34.0,37,8.6
2022-03-15 13:00:00,931.0,34.8,34,8.7
2022-03-15 14:00:00,870.0,35.5,32,11.0
2022-03-15 15:00:00,725.0,35.8,31,14.6
2022-03-15 16:00:00,356.0,34.3,33,5.1
2022-03-15 17:00:00,297.0,32.2,46,15.9
2022-03-16 06:00:00,0.0,24.9,72,15.0
2022-03-16 07:00:00,55.0,25.8,70,12.0
2022-03-16 08:00:00,256.0,27.7,64,14.7
2022-03-16 09:00:00,489.0,29.8,54,12.9
2022-03-16 10:00:00,698.0,31.4,48,7.3
2022-03-16 11:00:00,849.0,32.8,44,6.6
2022-03-16 12:00:00,931.0,33.8,41,5.9
2022-03-16 13:00:00,934.0,34.7,39,5.1
2022-03-16 14:00:00,856.0,35.1,38,6.8
2022-03-16 15:00:00,662.0,35.0,37,7.9
2022-03-16 16:00:00,496.0,35.0,37,7.4
2022-03-16 17:00:00,262.0,34.5,38,5.1
2022-03-17 06:00:00,0.0,25.0,74,5.5
2022-03-17 07:00:00,52.0,26.2,70,7.4
2022-03-17 08:00:00,238.0,27.6,67,9.3
2022-03-17 09:00:00,474.0,29.5,60,9.4
2022-03-17 10:00:00,679.0,31.5,52,6.4
2022-03-17 11:00:00,810.0,33.3,45,4.4
2022-03-17 12:00:00,901.0,34.8,40,4.8
2022-03-17 13:00:00,919.0,35.7,38,3.8
2022-03-17 14:00:00,854.0,36.3,36,4.0
2022-03-17 15:00:00,695.0,36.8,35,4.0
2022-03-17 16:00:00,477.0,36.8,34,3.8
2022-03-17 17:00:00,245.0,35.5,36,1.8
2022-03-18 06:00:00,0.0,25.2,70,11.0
2022-03-18 07:00:00,54.0,26.6,65,14.3
2022-03-18 08:00:00,243.0,28.7,57,17.9
2022-03-18 09:00:00,465.0,30.6,51,18.7
2022-03-18 10:00:00,671.0,32.4,47,13.8
2022-03-18 11:00:00,826.0,33.9,41,11.6
2022-03-18 12:00:00,920.0,35.5,35,10.5
2022-03-18 13:00:00,924.0,36.5,32,9.2
2022-03-18 14:00:00,853.0,37.0,30,8.2
2022-03-18 15:00:00,717.0,37.2,29,7.9
2022-03-18 16:00:00,493.0,37.2,28,9.3
2022-03-18 17:00:00,275.0,36.5,29,12.6
2022-03-19 06:00:00,0.0,25.7,67,17.9
2022-03-19 07:00:00,58.0,27.1,61,18.1
2022-03-19 08:00:00,257.0,29.0,55,21.0
2022-03-19 09:00:00,492.0,31.4,46,20.3
2022-03-19 10:00:00,706.0,33.3,40,16.3
2022-03-19 11:00:00,856.0,34.9,35,14.7
2022-03-19 12:00:00,949.0,36.2,31,12.2
2022-03-19 13:00:00,945.0,37.1,29,10.6
2022-03-19 14:00:00,864.0,37.6,28,9.8
2022-03-19 15:00:00,711.0,37.6,28,10.8
2022-03-19 16:00:00,512.0,37.3,28,11.1
2022-03-19 17:00:00,253.0,36.5,30,12.6
2022-03-20 06:00:00,0.0,25.8,65,16.8
2022-03-20 07:00:00,60.0,27.0,60,14.0
2022-03-20 08:00:00,246.0,29.1,51,17.7
2022-03-20 09:00:00,451.0,31.1,45,16.9
2022-03-20 10:00:00,652.0,32.8,40,12.0
2022-03-20 11:00:00,812.0,34.5,34,9.1
2022-03-20 12:00:00,869.0,35.8,31,6.8
2022-03-20 13:00:00,849.0,36.7,28,6.5
2022-03-20 14:00:00,743.0,37.0,27,7.1
2022-03-20 15:00:00,543.0,37.0,27,9.8
2022-03-20 16:00:00,366.0,37.0,26,11.7
2022-03-20 17:00:00,188.0,36.8,26,15.4
2022-03-21 06:00:00,0.0,26.0,67,14.2
2022-03-21 07:00:00,60.0,27.2,62,12.7
2022-03-21 08:00:00,274.0,29.7,51,16.5
2022-03-21 09:00:00,509.0,31.8,45,19.0
2022-03-21 10:00:00,712.0,33.7,39,16.9
2022-03-21 11:00:00,862.0,35.3,34,12.4
2022-03-21 12:00:00,946.0,36.5,30,9.0
2022-03-21 13:00:00,956.0,37.7,28,7.5
2022-03-21 14:00:00,868.0,38.3,26,7.8
2022-03-21 15:00:00,711.0,38.7,25,9.3
2022-03-21 16:00:00,456.0,38.6,24,12.3
2022-03-21 17:00:00,163.0,37.2,25,14.5
2022-03-22 06:00:00,0.0,26.1,62,19.2
2022-03-22 07:00:00,65.0,27.5,56,18.8
2022-03-22 08:00:00,276.0,29.6,49,22.7
2022-03-22 09:00:00,514.0,32.0,39,22.7
2022-03-22 10:00:00,722.0,33.9,35,17.8
2022-03-22 11:00:00,875.0,35.6,31,13.6
2022-03-22 12:00:00,956.0,36.8,28,11.5
2022-03-22 13:00:00,958.0,37.6,27,12.2
2022-03-22 14:00:00,865.0,37.9,27,11.9
2022-03-22 15:00:00,710.0,38.1,27,10.7
2022-03-22 16:00:00,509.0,38.1,27,11.1
2022-03-22 17:00:00,279.0,36.9,28,11.8
2022-03-23 06:00:00,0.0,25.5,63,21.8
2022-03-23 07:00:00,67.0,27.0,57,18.9
2022-03-23 08:00:00,279.0,29.1,50,21.3
2022-03-23 09:00:00,520.0,32.0,41,19.5
2022-03-23 10:00:00,728.0,34.3,35,16.8
2022-03-23 11:00:00,880.0,36.3,30,14.4
2022-03-23 12:00:00,966.0,37.7,27,13.0
2022-03-23 13:00:00,968.0,38.3,25,11.3
2022-03-23 14:00:00,848.0,38.7,25,9.5
2022-03-23 15:00:00,628.0,38.6,25,8.7
2022-03-23 16:00:00,428.0,38.2,26,11.9
2022-03-23 17:00:00,196.0,36.2,30,15.0
2022-03-24 06:00:00,0.0,26.5,57,20.2
2022-03-24 07:00:00,70.0,27.6,54,17.6
2022-03-24 08:00:00,285.0,29.4,48,21.4
2022-03-24 09:00:00,525.0,31.8,39,19.7
2022-03-24 10:00:00,734.0,34.1,32,18.0
2022-03-24 11:00:00,886.0,36.0,28,16.1
2022-03-24 12:00:00,966.0,37.2,26,11.8
2022-03-24 13:00:00,967.0,38.2,25,9.8
2022-03-24 14:00:00,873.0,38.8,24,10.1
2022-03-24 15:00:00,741.0,38.9,23,11.4
2022-03-24 16:00:00,461.0,38.4,24,12.4
2022-03-24 17:00:00,196.0,37.5,25,9.7
2022-03-25 06:00:00,0.0,25.9,63,18.9
2022-03-25 07:00:00,69.0,27.2,59,19.2
2022-03-25 08:00:00,282.0,29.4,52,21.3
2022-03-25 09:00:00,515.0,32.0,42,18.2
2022-03-25 10:00:00,722.0,34.4,34,11.2
2022-03-25 11:00:00,877.0,35.9,31,7.3
2022-03-25 12:00:00,953.0,36.8,30,6.6
2022-03-25 13:00:00,935.0,37.4,29,6.7
2022-03-25 14:00:00,872.0,38.2,27,6.7
2022-03-25 15:00:00,723.0,38.4,27,6.2
2022-03-25 16:00:00,501.0,38.1,27,6.6
2022-03-25 17:00:00,280.0,37.4,28,6.2
2022-03-26 06:00:00,0.0,25.3,86,6.5
2022-03-26 07:00:00,58.0,26.9,76,5.8
2022-03-26 08:00:00,257.0,28.8,66,6.9
2022-03-26 09:00:00,501.0,30.8,58,5.4
2022-03-26 10:00:00,666.0,32.5,52,5.8
2022-03-26 11:00:00,694.0,33.7,48,5.9
2022-03-26 12:00:00,878.0,35.3,43,5.9
2022-03-26 13:00:00,894.0,36.5,38,8.2
2022-03-26 14:00:00,638.0,37.0,35,8.5
2022-03-26 15:00:00,417.0,33.5,50,16.1
2022-03-26 16:00:00,325.0,33.7,46,4.4
2022-03-26 17:00:00,151.0,31.6,55,12.9
2022-03-27 06:00:00,0.0,23.2,97,4.1
2022-03-27 07:00:00,65.0,25.7,86,7.8
2022-03-27 08:00:00,144.0,26.6,81,8.1
2022-03-27 09:00:00,371.0,28.9,68,6.7
2022-03-27 10:00:00,702.0,31.8,55,9.0
2022-03-27 11:00:00,844.0,33.7,48,6.4
2022-03-27 12:00:00,921.0,35.0,44,4.5
2022-03-27 13:00:00,902.0,36.0,42,5.2
2022-03-27 14:00:00,744.0,33.3,50,9.4
2022-03-27 15:00:00,226.0,27.6,80,6.8
2022-03-27 16:00:00,130.0,27.1,85,5.9
2022-03-27 17:00:00,130.0,27.5,82,2.3
2022-03-28 06:00:00,0.0,24.8,83,12.9
2022-03-28 07:00:00,63.0,25.4,84,9.2
2022-03-28 08:00:00,248.0,27.2,75,10.0
2022-03-28 09:00:00,466.0,29.3,65,18.7
2022-03-28 10:00:00,624.0,30.9,58,21.8
2022-03-28 11:00:00,800.0,31.8,56,21.8
2022-03-28 12:00:00,757.0,31.7,55,19.8
2022-03-28 13:00:00,559.0,31.7,54,15.8
2022-03-28 14:00:00,573.0,32.2,53,14.1
2022-03-28 15:00:00,487.0,32.0,53,14.3
2022-03-28 16:00:00,410.0,32.0,51,17.3
2022-03-28 17:00:00,247.0,31.0,54,18.2
2022-03-29 06:00:00,0.0,25.6,73,20.9
2022-03-29 07:00:00,61.0,26.5,70,18.1
2022-03-29 08:00:00,191.0,28.2,65,17.1
2022-03-29 09:00:00,463.0,30.5,56,20.8
2022-03-29 10:00:00,645.0,32.0,52,18.7
2022-03-29 11:00:00,804.0,33.3,47,17.7
2022-03-29 12:00:00,876.0,34.2,44,16.3
2022-03-29 13:00:00,904.0,35.0,42,13.8
2022-03-29 14:00:00,844.0,35.3,41,13.2
2022-03-29 15:00:00,665.0,35.2,40,14.0
2022-03-29 16:00:00,491.0,34.7,40,14.7
2022-03-29 17:00:00,259.0,33.5,43,11.6
2022-03-30 06:00:00,0.0,25.7,73,12.0
2022-03-30 07:00:00,64.0,26.0,78,4.1
2022-03-30 08:00:00,215.0,27.4,75,5.2
2022-03-30 09:00:00,407.0,29.2,66,5.4
2022-03-30 10:00:00,522.0,30.6,61,9.1
2022-03-30 11:00:00,615.0,32.3,50,10.2
2022-03-30 12:00:00,565.0,33.1,47,9.3
2022-03-30 13:00:00,568.0,34.2,44,8.9
2022-03-30 14:00:00,529.0,34.4,42,11.6
2022-03-30 15:00:00,445.0,34.4,42,10.8
2022-03-30 16:00:00,271.0,31.4,52,14.1
2022-03-30 17:00:00,199.0,31.4,53,4.6
2022-03-31 06:00:00,0.0,25.5,69,17.6
2022-03-31 07:00:00,71.0,26.1,66,18.7
2022-03-31 08:00:00,83.0,26.8,66,18.2
2022-03-31 09:00:00,213.0,28.4,60,18.4
2022-03-31 10:00:00,591.0,31.0,51,18.7
2022-03-31 11:00:00,778.0,33.0,45,17.8
2022-03-31 12:00:00,872.0,34.3,41,16.6
2022-03-31 13:00:00,935.0,35.7,38,13.5
2022-03-31 14:00:00,785.0,36.0,36,12.4
2022-03-31 15:00:00,635.0,36.2,35,9.2
2022-03-31 16:00:00,428.0,34.9,37,7.0
2022-03-31 17:00:00,184.0,33.0,43,3.8
2022-04-01 06:00:00,0.0,25.9,68,16.8
2022-04-01 07:00:00,44.0,27.1,64,15.3
2022-04-01 08:00:00,168.0,28.4,60,15.3
2022-04-01 09:00:00,192.0,29.1,57,13.2
2022-04-01 10:00:00,434.0,31.0,52,7.6
2022-04-01 11:00:00,662.0,32.6,47,6.9
2022-04-01 12:00:00,860.0,34.0,44,9.5
2022-04-01 13:00:00,849.0,34.5,44,6.9
2022-04-01 14:00:00,785.0,34.5,44,7.1
2022-04-01 15:00:00,597.0,32.7,53,6.4
2022-04-01 16:00:00,388.0,32.0,55,7.1
2022-04-01 17:00:00,194.0,29.0,69,11.0
2022-04-02 06:00:00,0.0,24.5,92,4.0
2022-04-02 07:00:00,52.0,26.4,77,10.3
2022-04-02 08:00:00,174.0,28.0,68,14.5
2022-04-02 09:00:00,474.0,30.6,56,16.3
2022-04-02 10:00:00,667.0,32.5,49,15.6
2022-04-02 11:00:00,860.0,34.0,45,14.2
2022-04-02 12:00:00,925.0,35.2,42,11.8
2022-04-02 13:00:00,887.0,36.2,40,11.5
2022-04-02 14:00:00,658.0,34.9,42,9.7
2022-04-02 15:00:00,503.0,34.2,43,9.4
2022-04-02 16:00:00,407.0,32.9,50,6.3
2022-04-02 17:00:00,172.0,30.6,61,11.3
2022-04-03 06:00:00,0.0,25.4,78,4.7
2022-04-03 07:00:00,65.0,27.5,66,6.8
2022-04-03 08:00:00,284.0,29.5,60,9.2
2022-04-03 09:00:00,508.0,31.4,55,7.6
2022-04-03 10:00:00,707.0,32.8,51,6.7
2022-04-03 11:00:00,829.0,34.2,47,5.1
2022-04-03 12:00:00,755.0,34.3,46,5.1
2022-04-03 13:00:00,930.0,34.5,45,11.2
2022-04-03 14:00:00,534.0,30.4,67,4.8
2022-04-03 15:00:00,332.0,30.2,64,6.9
2022-04-03 16:00:00,331.0,31.0,60,4.7
2022-04-03 17:00:00,199.0,30.0,64,3.9
2022-04-04 06:00:00,0.0,24.5,98,1.4
2022-04-04 07:00:00,50.0,24.8,96,1.3
2022-04-04 08:00:00,183.0,26.0,90,2.2
2022-04-04 09:00:00,240.0,26.8,85,1.1
2022-04-04 10:00:00,393.0,28.3,78,1.0
2022-04-04 11:00:00,630.0,30.1,70,1.6
2022-04-04 12:00:00,823.0,31.9,63,2.0
2022-04-04 13:00:00,842.0,32.4,61,5.9
2022-04-04 14:00:00,794.0,32.8,58,11.9
2022-04-04 15:00:00,294.0,26.0,87,14.7
2022-04-04 16:00:00,36.0,25.8,88,10.1
2022-04-04 17:00:00,105.0,26.0,90,4.9
2022-04-05 06:00:00,0.0,24.2,99,4.9
2022-04-05 07:00:00,52.0,24.8,94,3.3
2022-04-05 08:00:00,160.0,25.5,90,4.0
2022-04-05 09:00:00,313.0,26.6,86,5.2
2022-04-05 10:00:00,519.0,28.4,79,6.0
2022-04-05 11:00:00,761.0,30.5,68,5.5
2022-04-05 12:00:00,882.0,32.0,61,3.3
2022-04-05 13:00:00,903.0,32.8,56,2.9
2022-04-05 14:00:00,755.0,33.2,56,3.7
2022-04-05 15:00:00,497.0,32.0,59,3.6
2022-04-05 16:00:00,312.0,29.7,72,3.4
2022-04-05 17:00:00,145.0,29.0,73,3.8
2022-04-06 06:00:00,1.0,24.6,80,9.2
2022-04-06 07:00:00,87.0,25.6,79,5.8
2022-04-06 08:00:00,286.0,27.4,74,6.6
2022-04-06 09:00:00,525.0,29.0,68,6.1
2022-04-06 10:00:00,708.0,30.4,65,4.6
2022-04-06 11:00:00,856.0,31.8,62,5.2
2022-04-06 12:00:00,903.0,32.8,57,4.5
2022-04-06 13:00:00,819.0,33.5,53,1.5
2022-04-06 14:00:00,831.0,33.8,53,1.8
2022-04-06 15:00:00,693.0,34.2,50,4.2
2022-04-06 16:00:00,473.0,30.9,67,13.8
2022-04-06 17:00:00,180.0,29.0,74,9.1
2022-04-07 06:00:00,1.0,23.9,100,4.7
2022-04-07 07:00:00,73.0,25.2,94,7.3
2022-04-07 08:00:00,232.0,26.9,84,6.5
2022-04-07 09:00:00,432.0,28.8,75,5.2
2022-04-07 10:00:00,614.0,30.1,69,4.7
2022-04-07 11:00:00,732.0,31.2,63,5.4
2022-04-07 12:00:00,881.0,32.0,61,4.5
2022-04-07 13:00:00,796.0,32.2,59,3.7
2022-04-07 14:00:00,721.0,32.3,59,2.7
2022-04-07 15:00:00,616.0,32.0,61,4.2
2022-04-07 16:00:00,404.0,30.6,66,5.4
2022-04-07 17:00:00,195.0,28.4,76,12.6
2022-04-08 06:00:00,1.0,24.2,89,13.4
2022-04-08 07:00:00,85.0,25.2,88,13.7
2022-04-08 08:00:00,279.0,27.2,80,12.2
2022-04-08 09:00:00,507.0,29.1,70,12.8
2022-04-08 10:00:00,705.0,30.4,66,11.8
2022-04-08 11:00:00,788.0,31.3,62,10.1
2022-04-08 12:00:00,914.0,32.2,59,6.5
2022-04-08 13:00:00,903.0,32.8,56,5.6
2022-04-08 14:00:00,792.0,32.8,57,4.6
2022-04-08 15:00:00,601.0,32.5,59,1.5
2022-04-08 16:00:00,279.0,29.9,72,6.9
2022-04-08 17:00:00,164.0,28.5,79,7.6
2022-04-09 06:00:00,1.0,23.8,100,3.3
2022-04-09 07:00:00,86.0,25.2,93,2.2
2022-04-09 08:00:00,311.0,27.2,83,0.5
2022-04-09 09:00:00,530.0,28.9,73,5.8
2022-04-09 10:00:00,741.0,30.8,64,8.4
2022-04-09 11:00:00,877.0,32.2,57,9.8
2022-04-09 12:00:00,950.0,33.0,55,9.5
2022-04-09 13:00:00,886.0,33.5,54,7.9
2022-04-09 14:00:00,819.0,33.8,53,6.1
2022-04-09 15:00:00,678.0,33.9,53,6.4
2022-04-09 16:00:00,460.0,33.3,53,7.5
2022-04-09 17:00:00,223.0,31.8,60,6.6
2022-04-10 06:00:00,1.0,24.9,71,17.4
2022-04-10 07:00:00,98.0,26.0,69,15.3
2022-04-10 08:00:00,318.0,28.1,64,15.0
2022-04-10 09:00:00,551.0,30.1,56,15.2
2022-04-10 10:00:00,751.0,31.8,50,13.7
2022-04-10 11:00:00,897.0,33.0,47,10.5
2022-04-10 12:00:00,971.0,33.8,45,6.5
2022-04-10 13:00:00,924.0,34.4,43,3.3
2022-04-10 14:00:00,783.0,34.7,42,2.9
2022-04-10 15:00:00,671.0,34.8,41,2.9
2022-04-10 16:00:00,456.0,34.6,41,4.4
2022-04-10 17:00:00,246.0,32.2,55,9.7
2022-04-11 06:00:00,1.0,25.4,73,12.6
2022-04-11 07:00:00,93.0,26.6,70,14.0
2022-04-11 08:00:00,301.0,28.5,64,12.8
2022-04-11 09:00:00,539.0,30.6,57,15.4
2022-04-11 10:00:00,708.0,32.0,54,14.7
2022-04-11 11:00:00,887.0,33.5,50,14.0
2022-04-11 12:00:00,933.0,34.5,45,12.1
2022-04-11 13:00:00,937.0,35.2,43,9.2
2022-04-11 14:00:00,859.0,35.5,42,7.3
2022-04-11 15:00:00,679.0,35.2,42,7.2
2022-04-11 16:00:00,443.0,35.0,42,7.2
2022-04-11 17:00:00,269.0,34.9,42,4.8
2022-04-12 06:00:00,1.0,25.6,73,20.4
2022-04-12 07:00:00,96.0,27.4,68,21.1
2022-04-12 08:00:00,316.0,29.6,61,21.8
2022-04-12 09:00:00,548.0,31.4,54,22.1
2022-04-12 10:00:00,748.0,32.9,50,20.0
2022-04-12 11:00:00,895.0,34.5,45,15.6
2022-04-12 12:00:00,941.0,35.5,41,10.3
2022-04-12 13:00:00,952.0,36.2,39,7.2
2022-04-12 14:00:00,863.0,36.7,38,8.3
2022-04-12 15:00:00,686.0,36.6,38,11.9
2022-04-12 16:00:00,479.0,35.9,39,13.1
2022-04-12 17:00:00,252.0,34.4,43,11.4
2022-04-13 06:00:00,1.0,26.0,70,12.3
2022-04-13 07:00:00,102.0,27.0,67,12.0
2022-04-13 08:00:00,325.0,29.0,60,10.0
2022-04-13 09:00:00,558.0,31.0,55,7.2
2022-04-13 10:00:00,757.0,32.9,49,5.2
2022-04-13 11:00:00,896.0,34.6,43,6.5
2022-04-13 12:00:00,973.0,35.8,40,7.9
2022-04-13 13:00:00,924.0,36.5,38,8.4
2022-04-13 14:00:00,816.0,36.9,37,8.2
2022-04-13 15:00:00,682.0,36.7,37,8.2
2022-04-13 16:00:00,450.0,36.0,37,7.6
2022-04-13 17:00:00,270.0,35.7,37,8.0
2022-04-14 06:00:00,2.0,25.5,71,12.7
2022-04-14 07:00:00,100.0,27.1,66,14.0
2022-04-14 08:00:00,322.0,29.3,59,13.2
2022-04-14 09:00:00,547.0,31.2,55,9.1
2022-04-14 10:00:00,752.0,33.2,47,6.9
2022-04-14 11:00:00,896.0,34.8,42,5.7
2022-04-14 12:00:00,950.0,35.8,40,4.4
2022-04-14 13:00:00,890.0,36.3,38,2.8
2022-04-14 14:00:00,819.0,36.8,38,3.2
2022-04-14 15:00:00,640.0,36.5,39,6.2
2022-04-14 16:00:00,371.0,32.0,57,9.7
2022-04-14 17:00:00,193.0,32.2,55,10.5
2022-04-15 06:00:00,2.0,25.8,73,6.9
2022-04-15 07:00:00,92.0,27.6,66,12.0
2022-04-15 08:00:00,302.0,29.7,58,14.0
2022-04-15 09:00:00,489.0,31.5,53,15.3
2022-04-15 10:00:00,711.0,33.0,48,11.9
2022-04-15 11:00:00,863.0,34.3,44,8.4
2022-04-15 12:00:00,943.0,35.6,42,6.2
2022-04-15 13:00:00,879.0,36.2,40,5.0
2022-04-15 14:00:00,838.0,36.5,40,7.1
2022-04-15 15:00:00,657.0,33.2,54,9.3
2022-04-15 16:00:00,396.0,33.8,49,5.3
2022-04-15 17:00:00,183.0,32.5,51,2.8
2022-04-16 06:00:00,2.0,25.7,77,10.2
2022-04-16 07:00:00,98.0,27.8,71,14.4
2022-04-16 08:00:00,313.0,29.6,64,16.1
2022-04-16 09:00:00,548.0,31.3,58,13.8
2022-04-16 10:00:00,728.0,32.4,55,7.3
2022-04-16 11:00:00,897.0,33.5,52,7.4
2022-04-16 12:00:00,928.0,34.2,50,5.0
2022-04-16 13:00:00,854.0,34.9,48,3.6
2022-04-16 14:00:00,693.0,34.0,51,4.8
2022-04-16 15:00:00,422.0,31.5,63,9.8
2022-04-16 16:00:00,289.0,30.1,68,7.8
2022-04-16 17:00:00,126.0,28.5,75,9.7
2022-04-17 06:00:00,2.0,23.4,96,1.6
2022-04-17 07:00:00,86.0,23.9,94,3.2
2022-04-17 08:00:00,222.0,25.3,89,2.5
2022-04-17 09:00:00,432.0,27.1,79,7.8
2022-04-17 10:00:00,473.0,28.2,74,8.7
2022-04-17 11:00:00,738.0,29.5,70,9.0
2022-04-17 12:00:00,842.0,30.4,69,7.8
2022-04-17 13:00:00,904.0,31.3,66,7.4
2022-04-17 14:00:00,753.0,32.2,60,7.1
2022-04-17 15:00:00,257.0,27.8,78,9.0
2022-04-17 16:00:00,344.0,27.1,79,2.5
2022-04-17 17:00:00,193.0,27.0,80,6.2
2022-04-18 06:00:00,2.0,23.2,96,1.6
2022-04-18 07:00:00,78.0,24.0,94,3.7
2022-04-18 08:00:00,314.0,25.5,86,4.1
2022-04-18 09:00:00,522.0,27.2,80,5.2
2022-04-18 10:00:00,660.0,29.2,70,6.5
2022-04-18 11:00:00,744.0,30.6,65,7.4
2022-04-18 12:00:00,842.0,31.1,65,9.2
2022-04-18 13:00:00,813.0,31.1,65,9.8
2022-04-18 14:00:00,660.0,30.1,69,8.0
2022-04-18 15:00:00,553.0,30.9,65,4.0
2022-04-18 16:00:00,388.0,27.9,76,11.3
2022-04-18 17:00:00,153.0,26.4,84,5.7
2022-04-19 06:00:00,2.0,22.4,96,3.7
2022-04-19 07:00:00,79.0,23.0,95,0.5
2022-04-19 08:00:00,153.0,24.4,88,8.0
2022-04-19 09:00:00,170.0,24.8,86,3.8
2022-04-19 10:00:00,465.0,26.7,79,3.4
2022-04-19 11:00:00,563.0,28.0,71,2.1
2022-04-19 12:00:00,457.0,28.8,67,2.3
2022-04-19 13:00:00,405.0,28.8,69,5.2
2022-04-19 14:00:00,265.0,27.8,75,9.5
2022-04-19 15:00:00,208.0,27.1,79,9.5
2022-04-19 16:00:00,199.0,27.0,80,7.1
2022-04-19 17:00:00,152.0,27.0,81,6.2
2022-04-20 06:00:00,2.0,22.5,97,3.7
2022-04-20 07:00:00,83.0,23.2,96,2.9
2022-04-20 08:00:00,324.0,24.9,88,3.2
2022-04-20 09:00:00,493.0,26.4,80,3.3
2022-04-20 10:00:00,628.0,27.6,77,5.0
2022-04-20 11:00:00,761.0,28.8,72,5.8
2022-04-20 12:00:00,832.0,29.6,67,5.2
2022-04-20 13:00:00,685.0,29.9,65,5.6
2022-04-20 14:00:00,467.0,27.8,73,9.6
2022-04-20 15:00:00,232.0,25.4,85,9.4
2022-04-20 16:00:00,241.0,25.9,85,4.0
2022-04-20 17:00:00,267.0,26.5,83,2.6
2022-04-21 06:00:00,2.0,22.4,98,1.9
2022-04-21 07:00:00,60.0,22.8,96,1.0
2022-04-21 08:00:00,81.0,23.6,94,1.3
2022-04-21 09:00:00,159.0,24.3,91,2.3
2022-04-21 10:00:00,398.0,25.6,85,3.6
2022-04-21 11:00:00,577.0,27.1,76,3.7
2022-04-21 12:00:00,688.0,28.3,71,6.2
2022-04-21 13:00:00,708.0,29.0,68,6.6
2022-04-21 14:00:00,701.0,29.5,66,6.4
2022-04-21 15:00:00,562.0,29.5,67,6.0
2022-04-21 16:00:00,350.0,26.3,81,9.0
2022-04-21 17:00:00,168.0,26.0,82,7.4
2022-04-22 06:00:00,2.0,22.2,98,6.2
2022-04-22 07:00:00,80.0,23.4,94,7.2
2022-04-22 08:00:00,186.0,24.0,90,8.1
2022-04-22 09:00:00,329.0,25.1,86,7.3
2022-04-22 10:00:00,551.0,26.5,81,7.5
2022-04-22 11:00:00,658.0,27.9,75,9.4
2022-04-22 12:00:00,520.0,27.7,73,6.9
2022-04-22 13:00:00,561.0,26.7,77,11.0
2022-04-22 14:00:00,493.0,26.1,83,2.3
2022-04-22 15:00:00,560.0,27.2,79,0.8
2022-04-22 16:00:00,235.0,26.2,81,5.3
2022-04-22 17:00:00,80.0,23.6,92,7.6
2022-04-23 06:00:00,2.0,22.0,99,4.7
2022-04-23 07:00:00,91.0,22.8,95,6.5
2022-04-23 08:00:00,171.0,23.8,90,2.3
2022-04-23 09:00:00,422.0,25.5,84,4.4
2022-04-23 10:00:00,686.0,27.1,78,6.5
2022-04-23 11:00:00,843.0,28.4,74,4.7
2022-04-23 12:00:00,929.0,29.3,71,2.4
2022-04-23 13:00:00,895.0,30.0,68,0.5
2022-04-23 14:00:00,840.0,30.3,68,0.8
2022-04-23 15:00:00,681.0,30.2,69,1.1
2022-04-23 16:00:00,457.0,28.0,77,5.4
2022-04-23 17:00:00,203.0,24.3,93,3.6
2022-04-24 06:00:00,3.0,23.8,82,13.0
2022-04-24 07:00:00,111.0,25.0,82,14.5
2022-04-24 08:00:00,337.0,26.9,77,9.9
2022-04-24 09:00:00,558.0,28.8,69,8.8
2022-04-24 10:00:00,754.0,30.0,64,8.3
2022-04-24 11:00:00,881.0,31.0,61,7.2
2022-04-24 12:00:00,947.0,31.9,58,4.5
2022-04-24 13:00:00,950.0,32.3,57,3.9
2022-04-24 14:00:00,821.0,32.3,58,0.7
2022-04-24 15:00:00,625.0,30.2,68,8.8
2022-04-24 16:00:00,383.0,29.4,72,6.0
2022-04-24 17:00:00,171.0,28.4,77,8.0
2022-04-25 06:00:00,3.0,23.6,96,4.1
2022-04-25 07:00:00,87.0,24.3,91,5.4
2022-04-25 08:00:00,231.0,25.5,90,7.0
2022-04-25 09:00:00,457.0,27.0,82,5.1
2022-04-25 10:00:00,539.0,28.0,78,7.1
2022-04-25 11:00:00,743.0,29.3,74,8.6
2022-04-25 12:00:00,718.0,29.8,71,9.1
2022-04-25 13:00:00,431.0,27.8,79,6.8
2022-04-25 14:00:00,428.0,27.4,78,9.8
2022-04-25 15:00:00,139.0,25.8,88,1.5
2022-04-25 16:00:00,221.0,26.2,88,3.3
2022-04-25 17:00:00,139.0,26.0,88,5.5
2022-04-26 06:00:00,4.0,23.4,93,11.4
2022-04-26 07:00:00,97.0,24.9,89,11.0
2022-04-26 08:00:00,325.0,26.9,82,10.2
2022-04-26 09:00:00,540.0,28.8,75,10.5
2022-04-26 10:00:00,676.0,30.1,67,9.1
2022-04-26 11:00:00,816.0,31.1,63,8.6
2022-04-26 12:00:00,845.0,31.4,64,8.0
2022-04-26 13:00:00,880.0,31.8,63,7.7
2022-04-26 14:00:00,780.0,27.4,80,17.7
2022-04-26 15:00:00,409.0,28.5,77,7.8
2022-04-26 16:00:00,363.0,28.4,77,6.8
2022-04-26 17:00:00,159.0,27.9,79,6.2
2022-04-27 06:00:00,3.0,24.4,83,10.2
2022-04-27 07:00:00,115.0,25.6,80,14.0
2022-04-27 08:00:00,310.0,27.2,76,13.0
2022-04-27 09:00:00,531.0,29.0,69,13.2
2022-04-27 10:00:00,746.0,30.5,63,10.1
2022-04-27 11:00:00,859.0,31.5,60,8.9
2022-04-27 12:00:00,884.0,31.8,60,7.3
2022-04-27 13:00:00,903.0,32.4,58,6.8
2022-04-27 14:00:00,792.0,31.6,62,10.2
2022-04-27 15:00:00,475.0,27.2,85,10.1
2022-04-27 16:00:00,310.0,28.0,83,3.6
2022-04-27 17:00:00,169.0,27.8,82,0.5
2022-04-28 06:00:00,3.0,24.0,94,6.4
2022-04-28 07:00:00,79.0,25.5,95,7.8
2022-04-28 08:00:00,161.0,26.4,90,9.7
2022-04-28 09:00:00,273.0,27.0,83,11.8
2022-04-28 10:00:00,301.0,27.5,81,9.7
2022-04-28 11:00:00,377.0,28.2,77,6.6
2022-04-28 12:00:00,414.0,28.7,75,5.8
2022-04-28 13:00:00,627.0,29.6,71,3.3
2022-04-28 14:00:00,473.0,29.7,70,6.3
2022-04-28 15:00:00,394.0,28.3,74,8.1
2022-04-28 16:00:00,229.0,27.4,79,4.3
2022-04-28 17:00:00,83.0,26.5,85,5.2
2022-04-29 06:00:00,4.0,23.6,99,1.1
2022-04-29 07:00:00,93.0,24.8,95,2.2
2022-04-29 08:00:00,192.0,25.8,90,2.5
2022-04-29 09:00:00,341.0,26.5,86,6.9
2022-04-29 10:00:00,451.0,27.6,81,6.7
2022-04-29 11:00:00,723.0,29.2,75,6.2
2022-04-29 12:00:00,724.0,30.1,69,7.4
2022-04-29 13:00:00,815.0,31.1,63,6.4
2022-04-29 14:00:00,681.0,31.3,63,3.9
2022-04-29 15:00:00,618.0,31.0,66,5.6
2022-04-29 16:00:00,387.0,30.0,71,5.4
2022-04-29 17:00:00,179.0,28.1,80,6.4
2022-04-30 06:00:00,4.0,24.0,98,2.5
2022-04-30 07:00:00,99.0,25.9,86,4.3
2022-04-30 08:00:00,313.0,27.4,82,1.9
2022-04-30 09:00:00,539.0,29.0,77,2.6
2022-04-30 10:00:00,698.0,30.6,72,2.9
2022-04-30 11:00:00,729.0,31.5,68,5.6
2022-04-30 12:00:00,891.0,32.5,63,4.8
2022-04-30 13:00:00,888.0,32.1,65,1.8
2022-04-30 14:00:00,561.0,30.4,72,7.6
2022-04-30 15:00:00,400.0,30.8,70,1.1
2022-04-30 16:00:00,306.0,29.3,73,3.8
2022-04-30 17:00:00,92.0,28.2,81,4.9
2022-05-01 06:00:00,3.0,24.5,98,2.3
2022-05-01 07:00:00,83.0,25.1,95,5.5
2022-05-01 08:00:00,230.0,26.1,91,6.4
2022-05-01 09:00:00,276.0,26.5,88,5.5
2022-05-01 10:00:00,495.0,27.5,82,2.3
2022-05-01 11:00:00,662.0,29.1,76,0.5
2022-05-01 12:00:00,670.0,30.5,71,4.0
2022-05-01 13:00:00,870.0,31.8,65,3.9
2022-05-01 14:00:00,628.0,31.4,65,4.6
2022-05-01 15:00:00,419.0,31.0,67,6.4
2022-05-01 16:00:00,279.0,30.6,68,2.9
2022-05-01 17:00:00,159.0,30.3,68,0.8
2022-05-02 06:00:00,5.0,23.8,99,2.6
2022-05-02 07:00:00,96.0,24.6,95,1.5
2022-05-02 08:00:00,322.0,26.5,87,2.2
2022-05-02 09:00:00,497.0,28.0,79,2.5
2022-05-02 10:00:00,697.0,29.1,77,6.9
2022-05-02 11:00:00,844.0,30.4,69,6.0
2022-05-02 12:00:00,808.0,31.4,65,3.3
2022-05-02 13:00:00,782.0,32.2,63,2.4
2022-05-02 14:00:00,636.0,32.3,63,1.1
2022-05-02 15:00:00,425.0,32.2,59,3.4
2022-05-02 16:00:00,410.0,32.0,61,4.5
2022-05-02 17:00:00,254.0,31.0,67,4.8
2022-05-03 06:00:00,5.0,24.9,99,3.3
2022-05-03 07:00:00,118.0,26.9,90,5.4
2022-05-03 08:00:00,335.0,28.4,80,6.9
2022-05-03 09:00:00,575.0,29.9,73,8.0
2022-05-03 10:00:00,754.0,31.5,65,6.8
2022-05-03 11:00:00,897.0,32.7,60,5.8
2022-05-03 12:00:00,907.0,33.1,57,6.4
2022-05-03 13:00:00,902.0,33.6,53,5.0
2022-05-03 14:00:00,837.0,34.1,50,5.6
2022-05-03 15:00:00,710.0,34.2,51,6.9
2022-05-03 16:00:00,515.0,34.2,54,6.1
2022-05-03 17:00:00,257.0,33.2,61,5.1
2022-05-04 06:00:00,5.0,25.8,76,18.6
2022-05-04 07:00:00,92.0,26.8,75,15.0
2022-05-04 08:00:00,332.0,28.5,74,9.2
2022-05-04 09:00:00,535.0,30.5,65,7.3
2022-05-04 10:00:00,742.0,32.0,59,2.7
2022-05-04 11:00:00,879.0,33.2,57,4.7
2022-05-04 12:00:00,891.0,33.8,56,5.4
2022-05-04 13:00:00,913.0,34.5,52,2.1
2022-05-04 14:00:00,816.0,34.8,51,2.1
2022-05-04 15:00:00,683.0,35.0,50,1.6
2022-05-04 16:00:00,492.0,34.6,51,3.4
2022-05-04 17:00:00,267.0,32.9,63,6.8
2022-05-05 06:00:00,5.0,23.9,96,5.8
2022-05-05 07:00:00,97.0,25.1,92,5.2
2022-05-05 08:00:00,277.0,26.5,84,4.7
2022-05-05 09:00:00,413.0,28.0,77,5.4
2022-05-05 10:00:00,511.0,29.4,71,6.9
2022-05-05 11:00:00,776.0,30.6,69,5.2
2022-05-05 12:00:00,842.0,31.4,67,5.5
2022-05-05 13:00:00,810.0,32.0,65,5.2
2022-05-05 14:00:00,813.0,32.5,62,5.5
2022-05-05 15:00:00,620.0,31.9,65,8.3
2022-05-05 16:00:00,373.0,29.6,75,10.6
2022-05-05 17:00:00,153.0,27.3,82,12.2
2022-05-06 06:00:00,3.0,22.9,98,2.3
2022-05-06 07:00:00,26.0,23.0,96,1.8
2022-05-06 08:00:00,82.0,23.9,92,0.4
2022-05-06 09:00:00,207.0,24.4,92,4.7
2022-05-06 10:00:00,248.0,24.9,91,4.3
2022-05-06 11:00:00,306.0,25.4,88,4.0
2022-05-06 12:00:00,503.0,26.2,84,8.8
2022-05-06 13:00:00,146.0,25.0,92,7.6
2022-05-06 14:00:00,120.0,24.6,93,6.8
2022-05-06 15:00:00,207.0,24.8,93,6.6
2022-05-06 16:00:00,137.0,24.9,93,2.5
2022-05-06 17:00:00,94.0,24.9,92,1.8
2022-05-07 06:00:00,3.0,23.4,97,4.8
2022-05-07 07:00:00,61.0,23.9,96,3.3
2022-05-07 08:00:00,144.0,24.9,92,3.1
2022-05-07 09:00:00,229.0,25.8,87,1.6
2022-05-07 10:00:00,402.0,26.9,82,0.8
2022-05-07 11:00:00,458.0,27.8,79,6.0
2022-05-07 12:00:00,467.0,28.2,79,5.8
2022-05-07 13:00:00,431.0,28.3,78,5.0
2022-05-07 14:00:00,325.0,28.4,77,3.3
2022-05-07 15:00:00,171.0,27.7,80,3.9
2022-05-07 16:00:00,205.0,27.5,82,5.4
2022-05-07 17:00:00,94.0,27.0,85,4.2
2022-05-08 06:00:00,5.0,23.9,95,5.0
2022-05-08 07:00:00,117.0,25.5,93,4.8
2022-05-08 08:00:00,311.0,27.4,82,4.7
2022-05-08 09:00:00,543.0,28.9,75,4.5
2022-05-08 10:00:00,719.0,30.1,70,1.9
2022-05-08 11:00:00,784.0,31.2,64,3.1
2022-05-08 12:00:00,860.0,32.0,61,4.5
2022-05-08 13:00:00,813.0,32.5,58,4.8
2022-05-08 14:00:00,740.0,32.7,57,3.8
2022-05-08 15:00:00,657.0,32.7,56,3.8
2022-05-08 16:00:00,472.0,32.5,57,5.7
2022-05-08 17:00:00,272.0,31.5,65,5.3
2022-05-09 06:00:00,6.0,24.5,92,5.4
2022-05-09 07:00:00,122.0,27.0,84,4.0
2022-05-09 08:00:00,345.0,29.1,71,3.7
2022-05-09 09:00:00,567.0,30.7,67,6.3
2022-05-09 10:00:00,755.0,32.1,61,7.1
2022-05-09 11:00:00,886.0,33.3,54,5.8
2022-05-09 12:00:00,895.0,34.0,52,5.8
2022-05-09 13:00:00,871.0,34.3,52,5.1
2022-05-09 14:00:00,770.0,33.7,52,3.8
2022-05-09 15:00:00,528.0,28.1,78,14.2
2022-05-09 16:00:00,122.0,26.5,87,4.7
2022-05-09 17:00:00,72.0,26.0,92,9.9
2022-05-10 06:00:00,1.0,24.2,98,3.2
2022-05-10 07:00:00,35.0,24.8,96,5.5
2022-05-10 08:00:00,74.0,25.0,94,9.1
2022-05-10 09:00:00,136.0,25.1,94,6.6
2022-05-10 10:00:00,468.0,27.0,85,5.4
2022-05-10 11:00:00,479.0,27.9,81,5.8
2022-05-10 12:00:00,645.0,29.1,76,6.6
2022-05-10 13:00:00,792.0,29.8,75,2.6
2022-05-10 14:00:00,702.0,29.2,79,2.3
2022-05-10 15:00:00,310.0,26.0,89,5.5
2022-05-10 16:00:00,191.0,26.9,86,3.5
2022-05-10 17:00:00,107.0,26.0,91,3.7
2022-05-11 06:00:00,3.0,23.9,98,3.0
2022-05-11 07:00:00,37.0,24.0,96,3.9
2022-05-11 08:00:00,160.0,25.1,90,3.2
2022-05-11 09:00:00,204.0,25.9,87,2.3
2022-05-11 10:00:00,227.0,26.5,85,3.7
2022-05-11 11:00:00,346.0,27.0,84,6.5
2022-05-11 12:00:00,574.0,27.6,85,6.9
2022-05-11 13:00:00,640.0,28.3,84,4.0
2022-05-11 14:00:00,637.0,28.4,81,5.4
2022-05-11 15:00:00,493.0,28.1,82,2.2
2022-05-11 16:00:00,216.0,27.9,80,3.3
2022-05-11 17:00:00,56.0,26.1,85,8.1
2022-05-12 06:00:00,6.0,23.4,95,4.9
2022-05-12 07:00:00,127.0,24.7,90,2.3
2022-05-12 08:00:00,244.0,26.0,86,1.5
2022-05-12 09:00:00,491.0,27.5,80,3.1
2022-05-12 10:00:00,665.0,28.8,74,5.6
2022-05-12 11:00:00,841.0,30.0,69,5.4
2022-05-12 12:00:00,904.0,31.0,65,3.3
2022-05-12 13:00:00,803.0,31.4,64,2.8
2022-05-12 14:00:00,609.0,31.1,64,3.4
2022-05-12 15:00:00,464.0,30.6,69,6.5
2022-05-12 16:00:00,287.0,29.4,75,10.6
2022-05-12 17:00:00,158.0,28.5,77,8.4
2022-05-13 06:00:00,5.0,25.0,85,9.4
2022-05-13 07:00:00,87.0,25.7,84,10.4
2022-05-13 08:00:00,271.0,27.1,81,9.0
2022-05-13 09:00:00,550.0,29.1,71,9.7
2022-05-13 10:00:00,719.0,30.6,65,7.2
2022-05-13 11:00:00,848.0,31.9,60,4.0
2022-05-13 12:00:00,914.0,32.7,58,3.9
2022-05-13 13:00:00,799.0,32.5,60,2.6
2022-05-13 14:00:00,701.0,32.2,60,3.6
2022-05-13 15:00:00,503.0,31.0,65,2.4
2022-05-13 16:00:00,149.0,30.0,70,3.3
2022-05-13 17:00:00,147.0,29.2,78,4.8
2022-05-14 06:00:00,4.0,24.1,95,1.5
2022-05-14 07:00:00,84.0,25.1,91,2.6
2022-05-14 08:00:00,193.0,26.0,89,2.1
2022-05-14 09:00:00,407.0,27.4,86,3.1
2022-05-14 10:00:00,683.0,29.0,80,3.3
2022-05-14 11:00:00,831.0,30.3,73,2.4
2022-05-14 12:00:00,927.0,31.2,71,1.6
2022-05-14 13:00:00,879.0,31.9,67,2.0
2022-05-14 14:00:00,797.0,31.8,69,2.9
2022-05-14 15:00:00,678.0,31.6,70,2.9
2022-05-14 16:00:00,423.0,31.4,70,1.9
2022-05-14 17:00:00,213.0,28.2,80,1.1
2022-05-15 06:00:00,3.0,23.5,97,4.7
2022-05-15 07:00:00,62.0,24.4,97,4.1
2022-05-15 08:00:00,179.0,25.3,92,4.3
2022-05-15 09:00:00,278.0,26.0,87,4.2
2022-05-15 10:00:00,398.0,27.4,80,3.2
2022-05-15 11:00:00,604.0,29.0,77,4.3
2022-05-15 12:00:00,795.0,30.5,73,6.2
2022-05-15 13:00:00,725.0,30.8,73,5.2
2022-05-15 14:00:00,770.0,31.1,72,2.2
2022-05-15 15:00:00,594.0,31.1,72,1.1
2022-05-15 16:00:00,420.0,30.8,73,0.8
2022-05-15 17:00:00,209.0,29.1,77,3.1
2022-05-16 06:00:00,6.0,24.9,92,3.5
2022-05-16 07:00:00,111.0,26.0,93,1.5
2022-05-16 08:00:00,302.0,27.5,85,1.5
2022-05-16 09:00:00,412.0,28.4,80,1.6
2022-05-16 10:00:00,654.0,30.0,74,2.5
2022-05-16 11:00:00,716.0,31.1,69,0.4
2022-05-16 12:00:00,807.0,32.2,66,1.5
2022-05-16 13:00:00,650.0,32.0,66,4.0
2022-05-16 14:00:00,661.0,31.9,67,3.6
2022-05-16 15:00:00,623.0,31.2,70,1.3
2022-05-16 16:00:00,402.0,31.0,71,6.3
2022-05-16 17:00:00,178.0,29.1,80,1.1
2022-05-17 06:00:00,4.0,24.1,95,2.5
2022-05-17 07:00:00,68.0,25.5,93,4.7
2022-05-17 08:00:00,181.0,26.5,88,6.1
2022-05-17 09:00:00,307.0,27.5,84,4.4
2022-05-17 10:00:00,474.0,28.5,80,3.9
2022-05-17 11:00:00,593.0,29.1,77,6.1
2022-05-17 12:00:00,563.0,29.5,75,5.9
2022-05-17 13:00:00,545.0,28.6,84,7.3
2022-05-17 14:00:00,660.0,29.2,81,5.1
2022-05-17 15:00:00,350.0,26.2,89,7.9
2022-05-17 16:00:00,74.0,26.0,90,9.2
2022-05-17 17:00:00,41.0,25.8,91,4.7
2022-05-18 06:00:00,3.0,23.9,98,6.1
2022-05-18 07:00:00,54.0,24.8,94,7.4
2022-05-18 08:00:00,227.0,25.8,89,5.4
2022-05-18 09:00:00,455.0,27.2,82,3.1
2022-05-18 10:00:00,451.0,28.3,77,7.2
2022-05-18 11:00:00,654.0,29.5,72,5.9
2022-05-18 12:00:00,882.0,30.5,70,4.4
2022-05-18 13:00:00,894.0,31.1,70,2.5
2022-05-18 14:00:00,792.0,31.3,70,2.9
2022-05-18 15:00:00,666.0,31.5,70,4.0
2022-05-18 16:00:00,342.0,26.8,85,6.1
2022-05-18 17:00:00,60.0,26.5,85,3.1
2022-05-19 06:00:00,6.0,23.7,99,1.1
2022-05-19 07:00:00,57.0,24.6,95,2.0
2022-05-19 08:00:00,71.0,25.2,91,4.7
2022-05-19 09:00:00,176.0,26.1,87,4.8
2022-05-19 10:00:00,471.0,27.8,80,4.4
2022-05-19 11:00:00,629.0,29.0,74,3.0
2022-05-19 12:00:00,771.0,30.0,70,4.3
2022-05-19 13:00:00,753.0,30.5,69,2.8
2022-05-19 14:00:00,700.0,30.6,71,2.3
2022-05-19 15:00:00,512.0,30.4,74,1.8
2022-05-19 16:00:00,320.0,30.0,76,3.2
2022-05-19 17:00:00,177.0,29.0,80,6.4
2022-05-20 06:00:00,6.0,23.8,99,5.2
2022-05-20 07:00:00,68.0,24.7,93,2.5
2022-05-20 08:00:00,140.0,25.9,88,1.5
2022-05-20 09:00:00,311.0,27.1,83,2.7
2022-05-20 10:00:00,594.0,28.7,77,1.1
2022-05-20 11:00:00,789.0,29.9,73,0.4
2022-05-20 12:00:00,838.0,30.6,69,0.8
2022-05-20 13:00:00,816.0,31.2,66,4.2
2022-05-20 14:00:00,737.0,31.3,66,4.3
2022-05-20 15:00:00,591.0,31.4,65,3.5
2022-05-20 16:00:00,450.0,31.0,66,3.5
2022-05-20 17:00:00,256.0,28.5,76,11.6
2022-05-21 06:00:00,7.0,23.2,97,2.5
2022-05-21 07:00:00,132.0,25.0,91,7.9
2022-05-21 08:00:00,351.0,26.7,84,8.2
2022-05-21 09:00:00,577.0,28.5,76,10.6
2022-05-21 10:00:00,761.0,30.1,65,8.7
2022-05-21 11:00:00,890.0,31.1,60,7.0
2022-05-21 12:00:00,953.0,32.0,57,7.0
2022-05-21 13:00:00,933.0,32.8,53,5.5
2022-05-21 14:00:00,830.0,33.2,52,3.4
2022-05-21 15:00:00,676.0,33.2,51,1.1
2022-05-21 16:00:00,464.0,32.9,52,3.6
2022-05-21 17:00:00,248.0,31.4,66,5.9
2022-05-22 06:00:00,8.0,24.4,81,19.5
2022-05-22 07:00:00,142.0,25.5,80,16.1
2022-05-22 08:00:00,365.0,27.4,77,12.2
2022-05-22 09:00:00,585.0,29.4,66,12.7
2022-05-22 10:00:00,771.0,30.9,59,9.9
2022-05-22 11:00:00,902.0,32.5,53,9.0
2022-05-22 12:00:00,966.0,33.8,46,8.7
2022-05-22 13:00:00,953.0,34.5,44,7.2
2022-05-22 14:00:00,842.0,34.7,45,5.4
2022-05-22 15:00:00,702.0,34.7,44,4.4
2022-05-22 16:00:00,482.0,34.2,47,5.5
2022-05-22 17:00:00,285.0,32.5,61,7.6
2022-05-23 06:00:00,8.0,24.6,81,9.8
2022-05-23 07:00:00,140.0,26.0,77,8.9
2022-05-23 08:00:00,362.0,27.8,72,5.2
2022-05-23 09:00:00,579.0,29.1,70,4.8
2022-05-23 10:00:00,717.0,30.2,71,2.6
2022-05-23 11:00:00,833.0,31.6,65,2.3
2022-05-23 12:00:00,950.0,32.8,58,4.0
2022-05-23 13:00:00,928.0,33.6,54,3.6
2022-05-23 14:00:00,816.0,33.8,52,3.0
2022-05-23 15:00:00,661.0,33.3,54,2.3
2022-05-23 16:00:00,440.0,31.8,62,10.2
2022-05-23 17:00:00,247.0,30.2,72,9.2
2022-05-24 06:00:00,7.0,23.2,98,5.4
2022-05-24 07:00:00,105.0,24.9,91,1.8
2022-05-24 08:00:00,314.0,26.5,87,3.8
2022-05-24 09:00:00,495.0,27.9,84,3.3
2022-05-24 10:00:00,651.0,28.9,81,4.9
2022-05-24 11:00:00,772.0,29.9,77,6.5
2022-05-24 12:00:00,836.0,30.6,74,5.4
2022-05-24 13:00:00,823.0,30.8,73,4.9
2022-05-24 14:00:00,646.0,30.5,73,4.6
2022-05-24 15:00:00,503.0,29.8,74,6.1
2022-05-24 16:00:00,315.0,29.1,75,4.7
2022-05-24 17:00:00,171.0,28.0,81,4.7
2022-05-25 06:00:00,7.0,23.7,99,3.9
2022-05-25 07:00:00,102.0,24.8,96,4.3
2022-05-25 08:00:00,241.0,26.3,88,4.3
2022-05-25 09:00:00,324.0,27.5,81,1.8
2022-05-25 10:00:00,501.0,28.8,76,3.7
2022-05-25 11:00:00,592.0,29.5,73,3.6
2022-05-25 12:00:00,647.0,30.3,68,3.6
2022-05-25 13:00:00,639.0,30.5,68,1.5
2022-05-25 14:00:00,488.0,30.3,68,1.1
2022-05-25 15:00:00,448.0,30.5,69,2.3
2022-05-25 16:00:00,319.0,30.4,69,2.3
2022-05-25 17:00:00,171.0,30.0,71,2.1
2022-05-26 06:00:00,6.0,23.6,100,4.0
2022-05-26 07:00:00,106.0,24.8,93,0.5
2022-05-26 08:00:00,336.0,26.2,89,1.5
2022-05-26 09:00:00,506.0,27.7,81,1.4
2022-05-26 10:00:00,579.0,29.0,74,3.0
2022-05-26 11:00:00,767.0,30.2,71,3.2
2022-05-26 12:00:00,807.0,30.5,71,1.3
2022-05-26 13:00:00,745.0,30.2,72,2.3
2022-05-26 14:00:00,550.0,29.6,74,3.7
2022-05-26 15:00:00,250.0,27.2,83,4.6
2022-05-26 16:00:00,149.0,27.3,83,4.3
2022-05-26 17:00:00,98.0,27.0,85,1.9
2022-05-27 06:00:00,7.0,23.5,99,3.4
2022-05-27 07:00:00,121.0,24.8,94,0.5
2022-05-27 08:00:00,285.0,26.3,89,4.3
2022-05-27 09:00:00,449.0,27.5,85,5.8
2022-05-27 10:00:00,562.0,28.9,79,3.9
2022-05-27 11:00:00,804.0,30.6,70,1.4
2022-05-27 12:00:00,773.0,31.2,66,5.1
2022-05-27 13:00:00,772.0,31.1,65,7.8
2022-05-27 14:00:00,594.0,30.9,69,6.3
2022-05-27 15:00:00,495.0,31.0,70,5.7
2022-05-27 16:00:00,417.0,30.4,71,3.3
2022-05-27 17:00:00,221.0,30.0,74,3.0
2022-05-28 06:00:00,7.0,23.6,99,2.1
2022-05-28 07:00:00,137.0,25.1,92,0.0
2022-05-28 08:00:00,318.0,26.9,81,4.5
2022-05-28 09:00:00,533.0,28.2,76,5.2
2022-05-28 10:00:00,705.0,29.4,73,6.0
2022-05-28 11:00:00,842.0,30.6,66,7.6
2022-05-28 12:00:00,890.0,31.8,61,6.2
2022-05-28 13:00:00,786.0,32.3,58,6.4
2022-05-28 14:00:00,806.0,32.7,55,6.6
2022-05-28 15:00:00,664.0,32.7,53,6.4
2022-05-28 16:00:00,433.0,32.5,55,6.2
2022-05-28 17:00:00,201.0,30.9,65,7.4
2022-05-29 06:00:00,7.0,23.4,99,3.1
2022-05-29 07:00:00,129.0,24.5,94,3.6
2022-05-29 08:00:00,335.0,26.1,85,4.3
2022-05-29 09:00:00,522.0,27.5,80,5.4
2022-05-29 10:00:00,685.0,28.9,72,4.6
2022-05-29 11:00:00,873.0,30.0,69,2.9
2022-05-29 12:00:00,934.0,31.2,65,1.3
2022-05-29 13:00:00,920.0,32.0,63,3.9
2022-05-29 14:00:00,768.0,32.2,63,3.0
2022-05-29 15:00:00,671.0,32.3,62,3.6
2022-05-29 16:00:00,461.0,31.6,64,4.3
2022-05-29 17:00:00,269.0,29.8,73,6.0
2022-05-30 06:00:00,6.0,23.7,99,1.0
2022-05-30 07:00:00,117.0,25.1,95,1.5
2022-05-30 08:00:00,350.0,26.9,88,4.0
2022-05-30 09:00:00,555.0,28.4,78,3.9
2022-05-30 10:00:00,689.0,29.6,73,2.4
2022-05-30 11:00:00,781.0,30.6,68,3.4
2022-05-30 12:00:00,871.0,31.4,65,2.5
2022-05-30 13:00:00,848.0,32.0,63,2.2
2022-05-30 14:00:00,764.0,31.9,64,3.8
2022-05-30 15:00:00,592.0,31.5,66,7.0
2022-05-30 16:00:00,379.0,30.1,68,12.0
2022-05-30 17:00:00,161.0,28.6,79,17.3
2022-05-31 06:00:00,6.0,22.3,98,4.7
2022-05-31 07:00:00,115.0,23.9,94,3.8
2022-05-31 08:00:00,332.0,25.4,87,4.7
2022-05-31 09:00:00,417.0,26.8,81,6.6
2022-05-31 10:00:00,431.0,27.6,75,7.1
2022-05-31 11:00:00,618.0,29.0,70,5.1
2022-05-31 12:00:00,645.0,30.0,65,5.3
2022-05-31 13:00:00,794.0,30.5,68,4.7
2022-05-31 14:00:00,803.0,30.6,70,3.4
2022-05-31 15:00:00,662.0,30.3,71,5.1
2022-05-31 16:00:00,455.0,29.5,73,3.2
2022-05-31 17:00:00,270.0,29.0,77,5.8
2022-06-01 06:00:00,8.0,23.4,92,4.0
2022-06-01 07:00:00,140.0,24.9,88,2.5
2022-06-01 08:00:00,358.0,26.3,83,3.0
2022-06-01 09:00:00,576.0,27.8,80,2.1
2022-06-01 10:00:00,757.0,29.3,74,3.1
2022-06-01 11:00:00,882.0,30.8,67,5.6
2022-06-01 12:00:00,948.0,31.6,63,5.6
2022-06-01 13:00:00,864.0,31.9,63,6.1
2022-06-01 14:00:00,809.0,32.2,61,8.1
2022-06-01 15:00:00,678.0,32.2,56,8.5
2022-06-01 16:00:00,498.0,32.1,58,8.5
2022-06-01 17:00:00,255.0,30.5,68,10.0
2022-06-02 06:00:00,6.0,22.2,97,2.7
2022-06-02 07:00:00,68.0,23.4,94,4.6
2022-06-02 08:00:00,261.0,24.8,87,5.9
2022-06-02 09:00:00,384.0,25.8,82,5.4
2022-06-02 10:00:00,477.0,27.0,78,5.2
2022-06-02 11:00:00,617.0,28.4,73,5.9
2022-06-02 12:00:00,850.0,29.5,69,5.8
2022-06-02 13:00:00,821.0,30.0,70,6.5
2022-06-02 14:00:00,826.0,30.5,70,5.1
2022-06-02 15:00:00,546.0,30.3,71,4.0
2022-06-02 16:00:00,432.0,28.6,76,8.7
2022-06-02 17:00:00,196.0,27.5,81,7.2
2022-06-03 06:00:00,3.0,22.6,97,5.2
2022-06-03 07:00:00,61.0,23.2,94,2.6
2022-06-03 08:00:00,174.0,24.1,90,4.6
2022-06-03 09:00:00,397.0,25.5,85,4.3
2022-06-03 10:00:00,463.0,26.5,81,6.2
2022-06-03 11:00:00,537.0,27.4,77,7.7
2022-06-03 12:00:00,467.0,27.5,76,8.6
2022-06-03 13:00:00,483.0,27.5,76,8.4
2022-06-03 14:00:00,603.0,28.5,71,8.4
2022-06-03 15:00:00,410.0,28.7,69,6.6
2022-06-03 16:00:00,395.0,28.6,69,6.6
2022-06-03 17:00:00,217.0,28.0,73,6.4
2022-06-04 06:00:00,3.0,22.9,98,3.2
2022-06-04 07:00:00,58.0,23.5,96,2.4
2022-06-04 08:00:00,111.0,24.2,92,2.1
2022-06-04 09:00:00,302.0,25.4,88,3.6
2022-06-04 10:00:00,299.0,25.7,87,4.7
2022-06-04 11:00:00,462.0,26.6,84,3.6
2022-06-04 12:00:00,596.0,27.8,77,1.5
2022-06-04 13:00:00,498.0,27.9,77,1.9
2022-06-04 14:00:00,250.0,27.5,80,3.7
2022-06-04 15:00:00,499.0,28.1,77,3.7
2022-06-04 16:00:00,368.0,28.2,76,2.4
2022-06-04 17:00:00,193.0,28.0,76,2.3
2022-06-05 06:00:00,7.0,23.0,93,2.8
2022-06-05 07:00:00,88.0,24.5,88,5.9
2022-06-05 08:00:00,301.0,26.4,81,5.4
2022-06-05 09:00:00,552.0,28.1,73,4.7
2022-06-05 10:00:00,739.0,29.3,70,3.4
2022-06-05 11:00:00,869.0,30.2,67,5.0
2022-06-05 12:00:00,890.0,31.0,64,4.1
2022-06-05 13:00:00,856.0,31.6,63,3.3
2022-06-05 14:00:00,727.0,31.7,62,4.1
2022-06-05 15:00:00,575.0,31.3,64,3.4
2022-06-05 16:00:00,355.0,30.0,68,9.4
2022-06-05 17:00:00,123.0,25.6,90,7.0
2022-06-06 06:00:00,5.0,23.3,99,2.9
2022-06-06 07:00:00,92.0,24.5,97,1.3
2022-06-06 08:00:00,313.0,25.9,85,1.3
2022-06-06 09:00:00,524.0,27.4,76,1.1
2022-06-06 10:00:00,733.0,28.9,72,2.5
2022-06-06 11:00:00,869.0,30.3,68,4.5
2022-06-06 12:00:00,889.0,31.1,66,3.3
2022-06-06 13:00:00,832.0,31.0,69,4.3
2022-06-06 14:00:00,665.0,30.5,71,4.6
2022-06-06 15:00:00,489.0,27.8,80,5.7
2022-06-06 16:00:00,304.0,27.9,80,1.3
2022-06-06 17:00:00,196.0,26.7,86,8.8
2022-06-07 06:00:00,5.0,22.8,98,7.7
2022-06-07 07:00:00,102.0,24.1,95,3.3
2022-06-07 08:00:00,282.0,25.3,88,3.9
2022-06-07 09:00:00,400.0,26.3,81,1.6
2022-06-07 10:00:00,617.0,27.9,77,6.4
2022-06-07 11:00:00,695.0,28.6,76,4.7
2022-06-07 12:00:00,759.0,29.1,76,5.9
2022-06-07 13:00:00,821.0,30.0,73,5.0
2022-06-07 14:00:00,418.0,28.9,75,8.1
2022-06-07 15:00:00,304.0,26.2,84,8.8
2022-06-07 16:00:00,214.0,25.0,90,9.0
2022-06-07 17:00:00,101.0,25.0,89,5.2
2022-06-08 06:00:00,6.0,22.0,98,1.6
2022-06-08 07:00:00,107.0,23.5,95,5.8
2022-06-08 08:00:00,273.0,24.3,90,1.8
2022-06-08 09:00:00,388.0,25.5,84,3.6
2022-06-08 10:00:00,616.0,27.1,78,2.6
2022-06-08 11:00:00,689.0,28.2,75,2.6
2022-06-08 12:00:00,861.0,29.5,72,2.8
2022-06-08 13:00:00,887.0,30.2,71,3.1
2022-06-08 14:00:00,771.0,29.6,74,1.6
2022-06-08 15:00:00,443.0,28.4,78,2.2
2022-06-08 16:00:00,254.0,27.8,80,2.2
2022-06-08 17:00:00,177.0,26.9,80,4.2
2022-06-09 06:00:00,7.0,22.5,98,4.4
2022-06-09 07:00:00,102.0,24.0,92,1.8
2022-06-09 08:00:00,316.0,25.5,87,3.8
2022-06-09 09:00:00,514.0,26.8,80,5.4
2022-06-09 10:00:00,611.0,27.6,77,5.9
2022-06-09 11:00:00,744.0,28.7,72,3.9
2022-06-09 12:00:00,846.0,29.4,72,3.3
2022-06-09 13:00:00,818.0,29.5,74,2.8
2022-06-09 14:00:00,673.0,30.0,73,1.8
2022-06-09 15:00:00,538.0,26.9,86,1.3
2022-06-09 16:00:00,154.0,25.5,89,7.3
2022-06-09 17:00:00,63.0,25.5,88,3.7
2022-06-10 06:00:00,6.0,23.0,100,1.1
2022-06-10 07:00:00,112.0,24.3,96,1.8
2022-06-10 08:00:00,289.0,25.8,88,0.4
2022-06-10 09:00:00,512.0,27.3,81,1.0
2022-06-10 10:00:00,706.0,28.7,76,0.4
2022-06-10 11:00:00,789.0,30.0,70,1.8
2022-06-10 12:00:00,902.0,30.8,68,2.9
2022-06-10 13:00:00,884.0,31.1,67,1.0
2022-06-10 14:00:00,769.0,30.6,70,1.4
2022-06-10 15:00:00,544.0,28.4,75,9.2
2022-06-10 16:00:00,270.0,28.3,76,11.5
2022-06-10 17:00:00,164.0,28.2,78,7.8
2022-06-11 06:00:00,5.0,23.4,99,6.5
2022-06-11 07:00:00,87.0,24.9,93,7.1
2022-06-11 08:00:00,313.0,26.6,88,2.2
2022-06-11 09:00:00,512.0,27.8,80,9.3
2022-06-11 10:00:00,667.0,28.5,76,7.1
2022-06-11 11:00:00,676.0,29.3,72,3.7
2022-06-11 12:00:00,799.0,30.3,68,4.7
2022-06-11 13:00:00,803.0,31.1,64,5.1
2022-06-11 14:00:00,736.0,31.2,62,7.2
2022-06-11 15:00:00,620.0,30.2,68,6.5
2022-06-11 16:00:00,440.0,29.2,75,10.2
2022-06-11 17:00:00,157.0,25.9,86,14.8
2022-06-12 06:00:00,4.0,22.4,98,3.3
2022-06-12 07:00:00,58.0,23.2,96,2.3
2022-06-12 08:00:00,220.0,24.5,89,4.4
2022-06-12 09:00:00,403.0,26.0,84,4.3
2022-06-12 10:00:00,464.0,26.6,81,4.4
2022-06-12 11:00:00,692.0,27.8,79,3.6
2022-06-12 12:00:00,724.0,28.4,79,4.9
2022-06-12 13:00:00,803.0,28.9,77,4.5
2022-06-12 14:00:00,666.0,28.6,78,3.3
2022-06-12 15:00:00,409.0,28.0,79,4.7
2022-06-12 16:00:00,193.0,28.0,79,2.6
2022-06-12 17:00:00,109.0,27.3,82,3.0
2022-06-13 06:00:00,4.0,23.2,95,10.0
2022-06-13 07:00:00,30.0,24.2,92,8.7
2022-06-13 08:00:00,332.0,25.9,88,8.6
2022-06-13 09:00:00,553.0,27.8,78,9.5
2022-06-13 10:00:00,729.0,29.4,70,10.0
2022-06-13 11:00:00,825.0,30.4,64,9.2
2022-06-13 12:00:00,869.0,31.0,63,8.0
2022-06-13 13:00:00,807.0,31.5,62,5.9
2022-06-13 14:00:00,784.0,31.8,62,5.8
2022-06-13 15:00:00,625.0,31.1,64,7.4
2022-06-13 16:00:00,372.0,30.1,72,9.4
2022-06-13 17:00:00,240.0,29.5,77,9.0
2022-06-14 06:00:00,4.0,22.8,98,6.0
2022-06-14 07:00:00,104.0,24.0,93,0.7
2022-06-14 08:00:00,207.0,25.1,88,2.3
2022-06-14 09:00:00,179.0,25.3,88,2.7
2022-06-14 10:00:00,358.0,26.2,84,4.1
2022-06-14 11:00:00,281.0,26.6,82,4.5
2022-06-14 12:00:00,612.0,27.8,81,3.8
2022-06-14 13:00:00,549.0,28.2,81,3.6
2022-06-14 14:00:00,545.0,28.4,82,4.7
2022-06-14 15:00:00,315.0,25.6,87,4.8
2022-06-14 16:00:00,195.0,25.7,88,3.9
2022-06-14 17:00:00,137.0,25.8,88,1.8
2022-06-15 06:00:00,5.0,22.9,98,4.3
2022-06-15 07:00:00,96.0,23.9,95,3.8
2022-06-15 08:00:00,135.0,24.5,92,7.9
2022-06-15 09:00:00,379.0,25.8,85,5.5
2022-06-15 10:00:00,577.0,27.1,78,5.8
2022-06-15 11:00:00,730.0,28.7,72,7.0
2022-06-15 12:00:00,838.0,29.3,73,5.8
2022-06-15 13:00:00,815.0,29.6,72,5.1
2022-06-15 14:00:00,710.0,29.8,70,3.2
2022-06-15 15:00:00,555.0,26.9,80,7.4
2022-06-15 16:00:00,114.0,25.6,87,7.9
2022-06-15 17:00:00,133.0,25.5,88,5.9
2022-06-16 06:00:00,5.0,23.2,100,3.4
2022-06-16 07:00:00,108.0,24.9,94,2.4
2022-06-16 08:00:00,255.0,26.0,89,1.8
2022-06-16 09:00:00,484.0,27.5,81,2.8
2022-06-16 10:00:00,659.0,28.7,75,2.3
2022-06-16 11:00:00,813.0,29.9,72,1.8
2022-06-16 12:00:00,871.0,30.4,71,3.6
2022-06-16 13:00:00,869.0,30.5,72,2.7
2022-06-16 14:00:00,731.0,30.2,73,5.8
2022-06-16 15:00:00,587.0,27.5,81,9.9
2022-06-16 16:00:00,232.0,26.9,83,3.6
2022-06-16 17:00:00,133.0,26.6,86,3.7
2022-06-17 06:00:00,4.0,22.6,99,6.8
2022-06-17 07:00:00,48.0,23.5,96,1.3
2022-06-17 08:00:00,67.0,23.9,94,5.4
2022-06-17 09:00:00,236.0,25.0,89,6.1
2022-06-17 10:00:00,390.0,26.4,84,9.0
2022-06-17 11:00:00,485.0,27.4,80,5.6
2022-06-17 12:00:00,594.0,28.5,73,4.3
2022-06-17 13:00:00,628.0,29.0,71,3.8
2022-06-17 14:00:00,545.0,28.2,75,7.0
2022-06-17 15:00:00,334.0,27.6,78,3.6
2022-06-17 16:00:00,255.0,27.0,82,3.2
2022-06-17 17:00:00,145.0,26.2,85,3.0
2022-06-18 06:00:00,5.0,23.0,98,2.3
2022-06-18 07:00:00,102.0,24.3,94,3.7
2022-06-18 08:00:00,199.0,25.2,89,3.3
2022-06-18 09:00:00,494.0,26.8,83,1.6
2022-06-18 10:00:00,549.0,27.6,83,4.0
2022-06-18 11:00:00,804.0,28.9,79,7.2
2022-06-18 12:00:00,819.0,29.6,75,8.4
2022-06-18 13:00:00,858.0,29.9,74,6.6
2022-06-18 14:00:00,777.0,30.0,73,5.5
2022-06-18 15:00:00,656.0,30.6,69,7.9
2022-06-18 16:00:00,404.0,27.4,80,8.3
2022-06-18 17:00:00,185.0,25.0,91,7.9
2022-06-19 06:00:00,4.0,22.1,97,8.5
2022-06-19 07:00:00,98.0,23.0,94,7.2
2022-06-19 08:00:00,284.0,24.1,92,3.5
2022-06-19 09:00:00,419.0,24.6,92,2.9
2022-06-19 10:00:00,435.0,26.0,84,0.7
2022-06-19 11:00:00,642.0,27.3,78,4.6
2022-06-19 12:00:00,623.0,28.3,73,3.4
2022-06-19 13:00:00,761.0,29.2,71,1.9
2022-06-19 14:00:00,661.0,29.0,73,2.9
2022-06-19 15:00:00,356.0,26.6,81,1.3
2022-06-19 16:00:00,195.0,25.0,90,6.3
2022-06-19 17:00:00,85.0,24.8,91,5.4
2022-06-20 06:00:00,3.0,23.1,97,2.6
2022-06-20 07:00:00,88.0,24.0,95,0.0
2022-06-20 08:00:00,245.0,25.1,88,2.3
2022-06-20 09:00:00,482.0,26.5,82,4.2
2022-06-20 10:00:00,561.0,27.8,77,6.0
2022-06-20 11:00:00,626.0,28.7,73,5.8
2022-06-20 12:00:00,822.0,29.6,70,5.1
2022-06-20 13:00:00,839.0,30.2,69,2.9
2022-06-20 14:00:00,821.0,30.7,70,3.1
2022-06-20 15:00:00,684.0,30.1,72,6.2
2022-06-20 16:00:00,268.0,28.6,75,5.0
2022-06-20 17:00:00,154.0,27.4,82,6.8
2022-06-21 06:00:00,5.0,22.5,98,4.1
2022-06-21 07:00:00,119.0,23.5,97,7.6
2022-06-21 08:00:00,303.0,25.0,88,7.2
2022-06-21 09:00:00,505.0,26.8,85,5.3
2022-06-21 10:00:00,694.0,28.2,78,3.3
2022-06-21 11:00:00,828.0,29.5,72,2.6
2022-06-21 12:00:00,877.0,30.5,69,3.8
2022-06-21 13:00:00,786.0,30.7,68,6.5
2022-06-21 14:00:00,688.0,30.4,70,5.3
2022-06-21 15:00:00,489.0,30.1,71,2.9
2022-06-21 16:00:00,356.0,29.9,72,2.9
2022-06-21 17:00:00,187.0,29.2,75,6.8
2022-06-22 06:00:00,1.0,22.6,98,3.7
2022-06-22 07:00:00,103.0,23.4,96,3.1
2022-06-22 08:00:00,288.0,25.0,93,2.3
2022-06-22 09:00:00,468.0,26.5,86,5.4
2022-06-22 10:00:00,540.0,27.7,78,4.6
2022-06-22 11:00:00,539.0,28.7,73,5.5
2022-06-22 12:00:00,708.0,30.0,68,4.0
2022-06-22 13:00:00,759.0,30.6,67,1.5
2022-06-22 14:00:00,738.0,30.6,67,1.1
2022-06-22 15:00:00,638.0,30.5,69,2.1
2022-06-22 16:00:00,375.0,29.5,72,4.2
2022-06-22 17:00:00,174.0,28.6,77,4.0
2022-06-23 06:00:00,5.0,23.6,99,5.5
2022-06-23 07:00:00,98.0,25.7,91,3.6
2022-06-23 08:00:00,307.0,26.9,85,4.7
2022-06-23 09:00:00,516.0,28.1,83,7.2
2022-06-23 10:00:00,680.0,29.6,77,8.1
2022-06-23 11:00:00,842.0,31.2,68,7.2
2022-06-23 12:00:00,892.0,32.2,63,5.9
2022-06-23 13:00:00,801.0,32.2,61,4.6
2022-06-23 14:00:00,673.0,30.2,71,7.6
2022-06-23 15:00:00,602.0,30.5,70,7.2
2022-06-23 16:00:00,394.0,30.0,71,9.7
2022-06-23 17:00:00,179.0,29.5,73,2.7
2022-06-24 06:00:00,3.0,22.8,98,5.5
2022-06-24 07:00:00,93.0,23.1,96,6.0
2022-06-24 08:00:00,206.0,24.1,90,2.9
2022-06-24 09:00:00,318.0,25.3,85,5.5
2022-06-24 10:00:00,475.0,26.3,81,6.0
2022-06-24 11:00:00,403.0,27.1,77,5.4
2022-06-24 12:00:00,507.0,28.2,72,4.0
2022-06-24 13:00:00,592.0,29.6,66,3.7
2022-06-24 14:00:00,605.0,30.5,61,2.6
2022-06-24 15:00:00,570.0,30.8,61,3.5
2022-06-24 16:00:00,364.0,29.5,67,1.8
2022-06-24 17:00:00,206.0,28.1,75,3.9
2022-06-25 06:00:00,5.0,22.5,97,4.2
2022-06-25 07:00:00,103.0,23.5,93,2.5
2022-06-25 08:00:00,301.0,24.7,91,3.8
2022-06-25 09:00:00,494.0,26.2,86,3.0
2022-06-25 10:00:00,642.0,27.6,80,5.8
2022-06-25 11:00:00,704.0,28.5,78,8.7
2022-06-25 12:00:00,737.0,29.5,76,6.9
2022-06-25 13:00:00,500.0,25.5,89,8.4
2022-06-25 14:00:00,530.0,26.1,88,8.4
2022-06-25 15:00:00,163.0,24.9,89,7.6
2022-06-25 16:00:00,160.0,25.5,87,2.8
2022-06-25 17:00:00,155.0,25.7,87,2.3
2022-06-26 06:00:00,3.0,22.6,98,4.9
2022-06-26 07:00:00,90.0,22.7,97,2.3
2022-06-26 08:00:00,225.0,24.0,91,4.3
2022-06-26 09:00:00,402.0,25.0,86,3.8
2022-06-26 10:00:00,435.0,26.0,82,4.6
2022-06-26 11:00:00,580.0,27.4,76,5.5
2022-06-26 12:00:00,522.0,28.0,72,4.4
2022-06-26 13:00:00,683.0,29.0,69,2.9
2022-06-26 14:00:00,696.0,29.4,69,3.1
2022-06-26 15:00:00,587.0,29.2,69,5.4
2022-06-26 16:00:00,342.0,28.5,72,2.3
2022-06-26 17:00:00,145.0,27.7,78,5.8
2022-06-27 06:00:00,4.0,22.0,99,1.6
2022-06-27 07:00:00,99.0,23.5,94,4.9
2022-06-27 08:00:00,243.0,24.5,88,3.1
2022-06-27 09:00:00,425.0,25.9,81,2.1
2022-06-27 10:00:00,523.0,27.2,75,2.0
2022-06-27 11:00:00,680.0,28.5,70,1.8
2022-06-27 12:00:00,765.0,29.0,71,4.8
2022-06-27 13:00:00,831.0,29.4,71,4.0
2022-06-27 14:00:00,713.0,29.5,71,3.6
2022-06-27 15:00:00,611.0,29.4,71,3.6
2022-06-27 16:00:00,292.0,25.5,85,3.6
2022-06-27 17:00:00,108.0,25.0,88,3.9
2022-06-28 06:00:00,2.0,22.2,97,4.7
2022-06-28 07:00:00,86.0,23.2,94,1.8
2022-06-28 08:00:00,247.0,24.6,87,4.3
2022-06-28 09:00:00,316.0,25.8,82,2.9
2022-06-28 10:00:00,459.0,26.9,76,4.1
2022-06-28 11:00:00,658.0,28.0,74,4.7
2022-06-28 12:00:00,722.0,29.0,70,2.1
2022-06-28 13:00:00,826.0,29.6,70,2.3
2022-06-28 14:00:00,763.0,29.9,71,1.6
2022-06-28 15:00:00,669.0,30.0,71,2.9
2022-06-28 16:00:00,503.0,29.9,70,3.0
2022-06-28 17:00:00,225.0,28.3,76,3.6
2022-06-29 06:00:00,4.0,23.2,99,5.4
2022-06-29 07:00:00,109.0,24.5,96,2.9
2022-06-29 08:00:00,294.0,25.8,90,1.8
2022-06-29 09:00:00,516.0,27.3,82,2.9
2022-06-29 10:00:00,683.0,28.6,76,7.2
2022-06-29 11:00:00,821.0,29.9,69,7.2
2022-06-29 12:00:00,906.0,30.7,66,5.8
2022-06-29 13:00:00,887.0,31.1,64,3.3
2022-06-29 14:00:00,822.0,31.6,61,2.8
2022-06-29 15:00:00,699.0,31.9,60,4.4
2022-06-29 16:00:00,495.0,31.2,64,7.4
2022-06-29 17:00:00,257.0,29.9,71,9.0
2022-06-30 06:00:00,1.0,22.7,97,11.2
2022-06-30 07:00:00,32.0,25.0,91,6.3
2022-06-30 08:00:00,242.0,25.9,87,8.8
2022-06-30 09:00:00,387.0,26.6,84,8.4
2022-06-30 10:00:00,526.0,27.8,79,6.5
2022-06-30 11:00:00,783.0,29.0,75,5.4
2022-06-30 12:00:00,869.0,30.0,72,5.4
2022-06-30 13:00:00,858.0,30.2,72,7.4
2022-06-30 14:00:00,500.0,28.9,75,10.6
2022-06-30 15:00:00,232.0,26.8,84,4.5
2022-06-30 16:00:00,273.0,26.5,87,5.5
2022-06-30 17:00:00,142.0,26.5,88,4.1
2022-07-01 06:00:00,4.0,22.8,97,0.8
2022-07-01 07:00:00,116.0,24.1,95,3.7
2022-07-01 08:00:00,176.0,25.4,90,2.7
2022-07-01 09:00:00,264.0,26.4,87,2.4
2022-07-01 10:00:00,629.0,28.3,78,1.5
2022-07-01 11:00:00,701.0,29.4,72,1.5
2022-07-01 12:00:00,847.0,30.4,70,1.8
2022-07-01 13:00:00,838.0,30.9,68,3.2
2022-07-01 14:00:00,763.0,31.1,67,3.6
2022-07-01 15:00:00,695.0,31.2,68,5.3
2022-07-01 16:00:00,499.0,30.8,67,9.7
2022-07-01 17:00:00,197.0,28.7,76,9.8
2022-07-02 06:00:00,4.0,23.6,93,6.7
2022-07-02 07:00:00,113.0,25.1,85,4.1
2022-07-02 08:00:00,307.0,26.2,85,3.3
2022-07-02 09:00:00,524.0,27.5,82,3.6
2022-07-02 10:00:00,650.0,28.7,78,5.3
2022-07-02 11:00:00,821.0,30.0,73,5.5
2022-07-02 12:00:00,882.0,30.7,70,5.9
2022-07-02 13:00:00,836.0,31.2,67,5.4
2022-07-02 14:00:00,809.0,31.5,64,5.5
2022-07-02 15:00:00,619.0,31.5,64,4.5
2022-07-02 16:00:00,461.0,31.4,66,3.8
2022-07-02 17:00:00,253.0,29.0,78,10.5
2022-07-03 06:00:00,4.0,23.7,99,3.2
2022-07-03 07:00:00,112.0,25.5,93,3.3
2022-07-03 08:00:00,312.0,26.9,86,4.2
2022-07-03 09:00:00,534.0,28.1,81,2.9
2022-07-03 10:00:00,720.0,29.6,77,2.4
2022-07-03 11:00:00,830.0,30.8,73,2.7
2022-07-03 12:00:00,881.0,31.7,69,2.1
2022-07-03 13:00:00,841.0,32.2,67,4.0
2022-07-03 14:00:00,753.0,31.6,71,2.5
2022-07-03 15:00:00,622.0,31.2,73,4.3
2022-07-03 16:00:00,409.0,30.0,76,6.1
2022-07-03 17:00:00,155.0,29.5,77,3.5
2022-07-04 06:00:00,3.0,24.5,93,4.7
2022-07-04 07:00:00,107.0,25.0,93,6.4
2022-07-04 08:00:00,195.0,26.2,87,6.3
2022-07-04 09:00:00,303.0,27.3,83,6.5
2022-07-04 10:00:00,611.0,28.8,76,4.5
2022-07-04 11:00:00,754.0,30.1,73,6.2
2022-07-04 12:00:00,891.0,31.0,70,5.8
2022-07-04 13:00:00,865.0,31.4,70,6.2
2022-07-04 14:00:00,785.0,31.8,68,5.2
2022-07-04 15:00:00,586.0,31.6,67,3.2
2022-07-04 16:00:00,397.0,31.6,66,3.1
2022-07-04 17:00:00,258.0,31.5,66,3.1
2022-07-05 06:00:00,3.0,24.0,96,7.7
2022-07-05 07:00:00,87.0,24.7,93,1.3
2022-07-05 08:00:00,298.0,26.1,87,4.4
2022-07-05 09:00:00,455.0,27.8,78,2.4
2022-07-05 10:00:00,658.0,29.0,76,3.0
2022-07-05 11:00:00,793.0,30.2,73,3.8
2022-07-05 12:00:00,853.0,31.0,71,1.9
2022-07-05 13:00:00,858.0,31.4,71,2.3
2022-07-05 14:00:00,670.0,29.5,75,5.4
2022-07-05 15:00:00,502.0,28.6,77,2.2
2022-07-05 16:00:00,371.0,28.1,79,12.5
2022-07-05 17:00:00,143.0,27.7,83,8.7
2022-07-06 06:00:00,3.0,23.5,96,6.9
2022-07-06 07:00:00,64.0,24.9,95,3.1
2022-07-06 08:00:00,307.0,26.6,85,4.0
2022-07-06 09:00:00,422.0,27.9,80,4.7
2022-07-06 10:00:00,549.0,28.8,77,7.3
2022-07-06 11:00:00,766.0,29.8,73,5.1
2022-07-06 12:00:00,833.0,30.5,69,3.6
2022-07-06 13:00:00,862.0,31.0,70,1.3
2022-07-06 14:00:00,804.0,31.3,71,0.8
2022-07-06 15:00:00,610.0,30.9,74,3.0
2022-07-06 16:00:00,461.0,30.8,75,3.3
2022-07-06 17:00:00,282.0,30.5,73,4.5
2022-07-07 06:00:00,3.0,23.3,99,1.6
2022-07-07 07:00:00,74.0,25.1,93,0.8
2022-07-07 08:00:00,308.0,26.8,88,0.8
2022-07-07 09:00:00,495.0,28.4,82,0.8
2022-07-07 10:00:00,706.0,30.0,75,4.9
2022-07-07 11:00:00,823.0,30.8,71,4.9
2022-07-07 12:00:00,823.0,31.5,69,4.4
2022-07-07 13:00:00,805.0,31.8,68,1.9
2022-07-07 14:00:00,788.0,31.6,70,3.0
2022-07-07 15:00:00,506.0,29.6,73,2.2
2022-07-07 16:00:00,172.0,27.9,84,5.8
2022-07-07 17:00:00,224.0,28.3,82,3.4
2022-07-08 06:00:00,2.0,25.0,84,5.2
2022-07-08 07:00:00,63.0,25.1,88,4.1
2022-07-08 08:00:00,175.0,26.5,85,2.5
2022-07-08 09:00:00,463.0,28.1,84,3.2
2022-07-08 10:00:00,666.0,29.5,76,1.8
2022-07-08 11:00:00,760.0,30.5,71,2.9
2022-07-08 12:00:00,893.0,31.4,67,6.5
2022-07-08 13:00:00,762.0,31.5,67,6.8
2022-07-08 14:00:00,801.0,32.1,65,6.0
2022-07-08 15:00:00,681.0,32.4,63,5.2
2022-07-08 16:00:00,465.0,32.0,63,3.9
2022-07-08 17:00:00,269.0,31.1,69,5.7
2022-07-09 06:00:00,3.0,25.2,80,13.2
2022-07-09 07:00:00,108.0,26.2,80,13.3
2022-07-09 08:00:00,322.0,28.0,79,9.7
2022-07-09 09:00:00,539.0,29.6,73,7.0
2022-07-09 10:00:00,722.0,31.0,65,4.3
2022-07-09 11:00:00,855.0,32.0,61,3.2
2022-07-09 12:00:00,918.0,33.0,57,2.4
2022-07-09 13:00:00,876.0,33.5,55,3.5
2022-07-09 14:00:00,719.0,32.8,57,7.2
2022-07-09 15:00:00,525.0,31.9,67,9.7
2022-07-09 16:00:00,491.0,30.9,70,10.9
2022-07-09 17:00:00,212.0,30.4,74,8.4
2022-07-10 06:00:00,3.0,24.1,96,5.2
2022-07-10 07:00:00,94.0,25.1,92,3.6
2022-07-10 08:00:00,302.0,26.5,86,5.8
2022-07-10 09:00:00,502.0,27.8,84,5.2
2022-07-10 10:00:00,677.0,29.3,76,7.6
2022-07-10 11:00:00,755.0,30.4,72,7.8
2022-07-10 12:00:00,823.0,30.9,71,7.0
2022-07-10 13:00:00,863.0,31.0,70,3.9
2022-07-10 14:00:00,690.0,31.2,70,2.5
2022-07-10 15:00:00,618.0,30.9,70,2.9
2022-07-10 16:00:00,382.0,29.9,72,0.8
2022-07-10 17:00:00,158.0,27.6,83,10.9
2022-07-11 06:00:00,3.0,23.4,98,4.1
2022-07-11 07:00:00,84.0,24.8,93,2.9
2022-07-11 08:00:00,283.0,26.0,87,2.2
2022-07-11 09:00:00,405.0,27.2,81,5.0
2022-07-11 10:00:00,625.0,28.3,77,7.3
2022-07-11 11:00:00,797.0,29.4,74,8.4
2022-07-11 12:00:00,860.0,30.3,71,9.7
2022-07-11 13:00:00,810.0,30.2,69,9.5
2022-07-11 14:00:00,633.0,28.2,76,6.6
2022-07-11 15:00:00,248.0,27.2,81,3.3
2022-07-11 16:00:00,170.0,26.5,86,5.7
2022-07-11 17:00:00,146.0,26.1,87,9.0
2022-07-12 06:00:00,3.0,22.8,100,3.3
2022-07-12 07:00:00,94.0,24.2,97,1.6
2022-07-12 08:00:00,317.0,26.0,91,2.3
2022-07-12 09:00:00,476.0,27.2,83,2.3
2022-07-12 10:00:00,705.0,28.7,76,2.5
2022-07-12 11:00:00,778.0,29.8,73,0.5
2022-07-12 12:00:00,902.0,31.0,68,0.5
2022-07-12 13:00:00,898.0,31.2,67,1.1
2022-07-12 14:00:00,820.0,30.8,71,3.3
2022-07-12 15:00:00,592.0,30.1,72,7.1
2022-07-12 16:00:00,280.0,27.1,83,14.6
2022-07-12 17:00:00,178.0,26.8,85,14.6
2022-07-13 06:00:00,3.0,23.8,97,1.8
2022-07-13 07:00:00,98.0,25.1,87,5.0
2022-07-13 08:00:00,291.0,26.2,83,4.5
2022-07-13 09:00:00,455.0,27.1,79,4.6
2022-07-13 10:00:00,594.0,28.2,77,6.1
2022-07-13 11:00:00,826.0,30.0,73,4.0
2022-07-13 12:00:00,882.0,30.9,70,3.6
2022-07-13 13:00:00,880.0,31.5,69,3.4
2022-07-13 14:00:00,800.0,31.6,68,3.4
2022-07-13 15:00:00,691.0,31.8,65,7.9
2022-07-13 16:00:00,481.0,30.9,66,12.7
2022-07-13 17:00:00,257.0,29.8,73,10.2
2022-07-14 06:00:00,3.0,23.4,89,5.6
2022-07-14 07:00:00,111.0,24.7,83,1.5
2022-07-14 08:00:00,321.0,26.1,82,3.4
2022-07-14 09:00:00,535.0,27.6,79,4.1
2022-07-14 10:00:00,713.0,29.1,78,6.5
2022-07-14 11:00:00,842.0,30.5,72,8.0
2022-07-14 12:00:00,923.0,31.3,67,4.4
2022-07-14 13:00:00,896.0,31.8,66,2.3
2022-07-14 14:00:00,832.0,32.1,66,2.2
2022-07-14 15:00:00,713.0,32.0,67,6.9
2022-07-14 16:00:00,496.0,31.6,62,10.4
2022-07-14 17:00:00,316.0,30.2,70,14.3
2022-07-15 06:00:00,3.0,23.4,100,3.5
2022-07-15 07:00:00,101.0,25.2,95,1.1
2022-07-15 08:00:00,317.0,26.5,87,1.5
2022-07-15 09:00:00,535.0,28.0,82,4.4
2022-07-15 10:00:00,719.0,29.5,73,6.8
2022-07-15 11:00:00,864.0,30.6,66,7.6
2022-07-15 12:00:00,911.0,31.4,61,5.0
2022-07-15 13:00:00,944.0,32.2,57,3.1
2022-07-15 14:00:00,804.0,32.6,54,1.8
2022-07-15 15:00:00,676.0,32.6,53,2.3
2022-07-15 16:00:00,519.0,32.2,55,3.6
2022-07-15 17:00:00,311.0,31.2,61,5.5
2022-07-16 06:00:00,3.0,24.0,92,1.5
2022-07-16 07:00:00,104.0,25.4,89,1.9
2022-07-16 08:00:00,308.0,26.6,82,1.1
2022-07-16 09:00:00,528.0,28.2,76,2.2
2022-07-16 10:00:00,711.0,29.8,71,2.6
2022-07-16 11:00:00,805.0,30.9,66,2.9
2022-07-16 12:00:00,870.0,31.4,64,2.6
2022-07-16 13:00:00,891.0,31.5,64,4.5
2022-07-16 14:00:00,785.0,32.2,62,4.8
2022-07-16 15:00:00,559.0,30.1,70,11.5
2022-07-16 16:00:00,412.0,30.3,69,8.4
2022-07-16 17:00:00,235.0,30.0,72,6.6
2022-07-17 06:00:00,2.0,24.2,91,2.2
2022-07-17 07:00:00,92.0,25.2,90,3.4
2022-07-17 08:00:00,252.0,26.7,89,5.7
2022-07-17 09:00:00,454.0,28.5,80,10.0
2022-07-17 10:00:00,632.0,29.8,75,7.7
2022-07-17 11:00:00,763.0,30.6,71,6.5
2022-07-17 12:00:00,823.0,31.0,69,5.9
2022-07-17 13:00:00,734.0,31.2,69,5.2
2022-07-17 14:00:00,762.0,31.5,69,3.4
2022-07-17 15:00:00,557.0,31.6,68,4.1
2022-07-17 16:00:00,463.0,31.2,68,5.6
2022-07-17 17:00:00,229.0,30.1,76,7.1
2022-07-18 06:00:00,2.0,23.6,98,5.1
2022-07-18 07:00:00,92.0,24.6,96,4.7
2022-07-18 08:00:00,257.0,26.0,88,4.5
2022-07-18 09:00:00,456.0,27.2,81,4.1
2022-07-18 10:00:00,524.0,28.2,77,4.3
2022-07-18 11:00:00,710.0,29.5,73,4.2
2022-07-18 12:00:00,854.0,30.4,70,4.8
2022-07-18 13:00:00,728.0,30.6,70,5.4
2022-07-18 14:00:00,608.0,30.7,70,5.0
2022-07-18 15:00:00,486.0,30.1,72,4.6
2022-07-18 16:00:00,285.0,30.2,73,6.1
2022-07-18 17:00:00,187.0,29.0,78,8.7
2022-07-19 06:00:00,2.0,24.3,84,6.8
2022-07-19 07:00:00,94.0,24.8,87,9.2
2022-07-19 08:00:00,239.0,26.2,82,6.6
2022-07-19 09:00:00,422.0,28.0,77,6.0
2022-07-19 10:00:00,581.0,29.5,74,3.7
2022-07-19 11:00:00,824.0,31.2,68,2.9
2022-07-19 12:00:00,906.0,32.2,63,3.6
2022-07-19 13:00:00,925.0,32.9,59,4.0
2022-07-19 14:00:00,823.0,33.0,58,4.5
2022-07-19 15:00:00,646.0,33.3,56,3.9
2022-07-19 16:00:00,515.0,32.8,57,4.0
2022-07-19 17:00:00,302.0,31.6,65,6.1
2022-07-20 06:00:00,2.0,24.5,78,9.9
2022-07-20 07:00:00,105.0,25.8,77,9.9
2022-07-20 08:00:00,316.0,27.5,74,7.2
2022-07-20 09:00:00,533.0,29.3,68,4.3
2022-07-20 10:00:00,717.0,30.5,65,3.3
2022-07-20 11:00:00,852.0,31.5,62,4.4
2022-07-20 12:00:00,912.0,32.2,61,4.0
2022-07-20 13:00:00,881.0,32.3,59,7.4
2022-07-20 14:00:00,668.0,31.8,61,5.3
2022-07-20 15:00:00,596.0,32.0,60,3.2
2022-07-20 16:00:00,496.0,30.7,66,11.3
2022-07-20 17:00:00,216.0,29.1,77,12.7
2022-07-21 06:00:00,2.0,23.9,98,4.7
2022-07-21 07:00:00,53.0,24.8,93,5.9
2022-07-21 08:00:00,115.0,25.4,90,5.4
2022-07-21 09:00:00,375.0,26.9,83,6.6
2022-07-21 10:00:00,401.0,27.8,79,5.4
2022-07-21 11:00:00,661.0,29.1,74,5.1
2022-07-21 12:00:00,768.0,30.0,69,2.5
2022-07-21 13:00:00,716.0,30.9,66,1.1
2022-07-21 14:00:00,719.0,30.8,70,3.6
2022-07-21 15:00:00,672.0,30.4,73,3.4
2022-07-21 16:00:00,380.0,28.1,80,4.6
2022-07-21 17:00:00,157.0,27.8,82,2.3
2022-07-22 06:00:00,2.0,22.9,99,0.8
2022-07-22 07:00:00,73.0,24.2,95,6.1
2022-07-22 08:00:00,243.0,25.9,90,7.4
2022-07-22 09:00:00,365.0,27.0,85,9.7
2022-07-22 10:00:00,444.0,27.2,83,8.2
2022-07-22 11:00:00,645.0,28.5,78,9.2
2022-07-22 12:00:00,577.0,29.1,77,6.6
2022-07-22 13:00:00,554.0,29.3,78,4.3
2022-07-22 14:00:00,662.0,30.0,76,1.8
2022-07-22 15:00:00,539.0,29.2,80,4.0
2022-07-22 16:00:00,275.0,28.6,81,3.3
2022-07-22 17:00:00,191.0,28.1,81,8.3
2022-07-23 06:00:00,2.0,22.7,98,3.2
2022-07-23 07:00:00,91.0,24.4,92,1.8
2022-07-23 08:00:00,317.0,26.1,86,1.9
2022-07-23 09:00:00,526.0,27.8,78,7.1
2022-07-23 10:00:00,724.0,29.1,70,8.4
2022-07-23 11:00:00,870.0,30.2,65,7.2
2022-07-23 12:00:00,941.0,31.0,64,4.8
2022-07-23 13:00:00,905.0,31.6,63,5.5
2022-07-23 14:00:00,840.0,32.0,62,5.6
2022-07-23 15:00:00,718.0,32.4,59,4.8
2022-07-23 16:00:00,530.0,31.9,59,12.9
2022-07-23 17:00:00,315.0,29.9,72,16.2
2022-07-24 06:00:00,1.0,23.3,96,6.7
2022-07-24 07:00:00,87.0,24.9,95,3.6
2022-07-24 08:00:00,246.0,26.4,86,2.5
2022-07-24 09:00:00,432.0,27.5,81,3.7
2022-07-24 10:00:00,670.0,28.8,77,4.0
2022-07-24 11:00:00,852.0,30.2,68,3.1
2022-07-24 12:00:00,841.0,31.0,63,3.0
2022-07-24 13:00:00,848.0,31.4,60,1.5
2022-07-24 14:00:00,826.0,31.5,61,1.8
2022-07-24 15:00:00,704.0,31.5,61,1.8
2022-07-24 16:00:00,468.0,29.9,68,4.5
2022-07-24 17:00:00,139.0,27.0,83,6.9
2022-07-25 06:00:00,1.0,22.8,97,7.4
2022-07-25 07:00:00,47.0,23.5,95,5.2
2022-07-25 08:00:00,161.0,24.5,92,3.1
2022-07-25 09:00:00,322.0,25.9,86,3.1
2022-07-25 10:00:00,334.0,26.9,80,3.6
2022-07-25 11:00:00,614.0,28.1,76,5.1
2022-07-25 12:00:00,774.0,29.1,73,4.7
2022-07-25 13:00:00,629.0,29.2,72,4.5
2022-07-25 14:00:00,416.0,29.4,71,1.0
2022-07-25 15:00:00,342.0,29.2,73,2.3
2022-07-25 16:00:00,360.0,29.2,74,2.8
2022-07-25 17:00:00,261.0,29.0,75,3.7
2022-07-26 06:00:00,1.0,22.9,97,6.9
2022-07-26 07:00:00,82.0,23.6,94,5.5
2022-07-26 08:00:00,125.0,24.1,92,5.2
2022-07-26 09:00:00,342.0,25.2,89,4.2
2022-07-26 10:00:00,677.0,27.5,80,8.2
2022-07-26 11:00:00,571.0,28.7,72,5.6
2022-07-26 12:00:00,714.0,29.9,69,2.5
2022-07-26 13:00:00,916.0,30.6,68,3.1
2022-07-26 14:00:00,835.0,30.8,68,1.3
2022-07-26 15:00:00,667.0,30.2,69,4.1
2022-07-26 16:00:00,372.0,28.3,78,6.6
2022-07-26 17:00:00,133.0,25.7,85,12.8
2022-07-27 06:00:00,1.0,23.0,100,3.8
2022-07-27 07:00:00,69.0,24.8,96,7.8
2022-07-27 08:00:00,242.0,25.6,91,3.2
2022-07-27 09:00:00,314.0,26.5,85,5.4
2022-07-27 10:00:00,546.0,27.5,81,5.1
2022-07-27 11:00:00,699.0,28.5,78,6.5
2022-07-27 12:00:00,788.0,29.5,75,5.1
2022-07-27 13:00:00,814.0,29.5,74,5.0
2022-07-27 14:00:00,613.0,29.8,71,4.7
2022-07-27 15:00:00,527.0,29.3,74,4.9
2022-07-27 16:00:00,330.0,27.2,81,10.8
2022-07-27 17:00:00,119.0,25.2,87,7.8
2022-07-28 06:00:00,1.0,22.2,99,7.6
2022-07-28 07:00:00,54.0,23.0,95,7.4
2022-07-28 08:00:00,117.0,23.9,91,6.2
2022-07-28 09:00:00,161.0,24.5,88,6.2
2022-07-28 10:00:00,255.0,25.6,83,5.1
2022-07-28 11:00:00,495.0,27.1,77,4.0
2022-07-28 12:00:00,745.0,28.1,75,4.5
2022-07-28 13:00:00,686.0,28.6,73,4.7
2022-07-28 14:00:00,304.0,25.6,83,11.2
2022-07-28 15:00:00,298.0,26.0,83,2.9
2022-07-28 16:00:00,215.0,25.9,87,3.4
2022-07-28 17:00:00,169.0,25.5,88,3.6
2022-07-29 06:00:00,2.0,23.0,96,2.3
2022-07-29 07:00:00,98.0,24.5,92,3.0
2022-07-29 08:00:00,297.0,25.5,88,3.3
2022-07-29 09:00:00,535.0,27.2,82,3.4
2022-07-29 10:00:00,721.0,28.9,74,6.1
2022-07-29 11:00:00,827.0,30.1,68,6.6
2022-07-29 12:00:00,938.0,31.0,66,5.0
2022-07-29 13:00:00,929.0,31.7,63,4.9
2022-07-29 14:00:00,729.0,31.7,63,4.5
2022-07-29 15:00:00,696.0,31.9,63,6.1
2022-07-29 16:00:00,492.0,31.7,62,4.6
2022-07-29 17:00:00,298.0,31.0,65,2.6
2022-07-30 06:00:00,2.0,25.1,81,17.4
2022-07-30 07:00:00,104.0,25.9,80,18.5
2022-07-30 08:00:00,320.0,27.5,79,15.3
2022-07-30 09:00:00,544.0,29.1,73,14.8
2022-07-30 10:00:00,727.0,30.8,65,10.7
2022-07-30 11:00:00,865.0,32.0,59,7.3
2022-07-30 12:00:00,944.0,32.7,57,5.6
2022-07-30 13:00:00,920.0,32.9,58,4.1
2022-07-30 14:00:00,854.0,33.1,57,2.9
2022-07-30 15:00:00,727.0,33.2,55,1.3
2022-07-30 16:00:00,551.0,33.2,53,1.0
2022-07-30 17:00:00,323.0,32.2,61,5.0
2022-07-31 06:00:00,2.0,25.0,74,16.5
2022-07-31 07:00:00,104.0,25.3,77,15.5
2022-07-31 08:00:00,322.0,27.2,76,10.9
2022-07-31 09:00:00,543.0,29.2,71,6.3
2022-07-31 10:00:00,732.0,30.8,63,3.8
2022-07-31 11:00:00,872.0,31.7,60,4.4
2022-07-31 12:00:00,941.0,32.6,58,3.7
2022-07-31 13:00:00,921.0,32.8,58,3.8
2022-07-31 14:00:00,868.0,33.2,55,4.0
2022-07-31 15:00:00,714.0,33.0,54,6.6
2022-07-31 16:00:00,473.0,32.7,56,2.5
2022-07-31 17:00:00,296.0,31.5,63,4.7
2022-08-01 06:00:00,1.0,24.4,99,1.6
2022-08-01 07:00:00,90.0,25.8,90,5.5
2022-08-01 08:00:00,257.0,27.1,85,6.3
2022-08-01 09:00:00,481.0,28.5,77,5.9
2022-08-01 10:00:00,680.0,29.9,69,4.8
2022-08-01 11:00:00,776.0,30.9,65,3.8
2022-08-01 12:00:00,850.0,31.4,64,4.1
2022-08-01 13:00:00,814.0,31.5,65,5.0
2022-08-01 14:00:00,708.0,30.8,67,1.8
2022-08-01 15:00:00,388.0,30.4,67,4.7
2022-08-01 16:00:00,292.0,29.8,70,8.8
2022-08-01 17:00:00,224.0,29.0,75,12.4
2022-08-02 06:00:00,1.0,23.6,100,3.1
2022-08-02 07:00:00,84.0,25.1,96,0.7
2022-08-02 08:00:00,288.0,26.7,90,4.0
2022-08-02 09:00:00,499.0,28.1,81,6.1
2022-08-02 10:00:00,695.0,29.4,73,6.9
2022-08-02 11:00:00,794.0,30.5,67,3.1
2022-08-02 12:00:00,865.0,31.4,65,1.5
2022-08-02 13:00:00,811.0,31.5,64,0.8
2022-08-02 14:00:00,662.0,31.6,63,1.3
2022-08-02 15:00:00,569.0,30.5,68,6.3
2022-08-02 16:00:00,369.0,30.2,70,9.8
2022-08-02 17:00:00,228.0,29.4,74,13.8
2022-08-03 06:00:00,1.0,23.1,98,3.0
2022-08-03 07:00:00,65.0,24.3,97,1.6
2022-08-03 08:00:00,149.0,25.3,92,2.6
2022-08-03 09:00:00,226.0,26.0,88,2.9
2022-08-03 10:00:00,469.0,27.2,82,4.7
2022-08-03 11:00:00,741.0,28.6,75,4.0
2022-08-03 12:00:00,806.0,29.5,72,3.7
2022-08-03 13:00:00,700.0,29.9,71,3.6
2022-08-03 14:00:00,772.0,30.7,67,4.3
2022-08-03 15:00:00,627.0,30.9,65,2.9
2022-08-03 16:00:00,510.0,30.9,65,1.0
2022-08-03 17:00:00,282.0,29.2,74,8.2
2022-08-04 06:00:00,1.0,23.6,99,1.8
2022-08-04 07:00:00,70.0,24.7,96,5.0
2022-08-04 08:00:00,237.0,26.4,91,5.6
2022-08-04 09:00:00,361.0,27.4,86,1.5
2022-08-04 10:00:00,527.0,28.6,81,2.3
2022-08-04 11:00:00,678.0,29.8,73,5.1
2022-08-04 12:00:00,662.0,30.1,70,5.3
2022-08-04 13:00:00,513.0,30.0,69,4.7
2022-08-04 14:00:00,530.0,29.9,69,9.3
2022-08-04 15:00:00,628.0,30.3,67,8.8
2022-08-04 16:00:00,492.0,30.8,68,10.5
2022-08-04 17:00:00,288.0,29.6,73,11.9
2022-08-05 06:00:00,1.0,24.0,99,5.9
2022-08-05 07:00:00,64.0,25.3,95,4.7
2022-08-05 08:00:00,305.0,26.9,88,4.8
2022-08-05 09:00:00,502.0,28.2,81,7.6
2022-08-05 10:00:00,632.0,29.1,78,7.9
2022-08-05 11:00:00,800.0,30.1,72,8.1
2022-08-05 12:00:00,851.0,30.6,69,6.2
2022-08-05 13:00:00,785.0,29.9,73,6.5
2022-08-05 14:00:00,382.0,28.4,78,6.6
2022-08-05 15:00:00,422.0,28.2,79,10.7
2022-08-05 16:00:00,249.0,28.0,79,7.2
2022-08-05 17:00:00,202.0,28.1,78,3.3
2022-08-06 06:00:00,1.0,22.4,99,2.4
2022-08-06 07:00:00,86.0,24.1,96,1.4
2022-08-06 08:00:00,276.0,25.6,87,1.6
2022-08-06 09:00:00,415.0,26.9,82,5.0
2022-08-06 10:00:00,597.0,28.0,78,5.1
2022-08-06 11:00:00,824.0,29.4,74,5.8
2022-08-06 12:00:00,851.0,29.9,72,6.9
2022-08-06 13:00:00,760.0,29.5,74,6.6
2022-08-06 14:00:00,487.0,28.1,79,2.5
2022-08-06 15:00:00,272.0,25.8,88,5.2
2022-08-06 16:00:00,206.0,25.6,90,5.1
2022-08-06 17:00:00,191.0,25.8,89,4.7
2022-08-07 06:00:00,1.0,23.2,98,4.8
2022-08-07 07:00:00,77.0,24.6,96,3.3
2022-08-07 08:00:00,297.0,26.1,88,4.6
2022-08-07 09:00:00,524.0,27.5,81,3.6
2022-08-07 10:00:00,737.0,29.0,75,3.8
2022-08-07 11:00:00,857.0,30.1,71,2.3
2022-08-07 12:00:00,896.0,31.0,67,3.1
2022-08-07 13:00:00,719.0,30.9,66,1.8
2022-08-07 14:00:00,644.0,31.5,65,5.4
2022-08-07 15:00:00,348.0,26.7,83,10.5
2022-08-07 16:00:00,101.0,26.7,85,6.6
2022-08-07 17:00:00,143.0,27.5,85,4.3
2022-08-08 06:00:00,1.0,24.0,86,4.1
2022-08-08 07:00:00,97.0,25.5,89,7.2
2022-08-08 08:00:00,314.0,27.7,81,5.0
2022-08-08 09:00:00,543.0,29.2,75,2.9
2022-08-08 10:00:00,721.0,30.5,71,2.6
2022-08-08 11:00:00,837.0,31.5,68,2.3
2022-08-08 12:00:00,936.0,32.1,66,2.4
2022-08-08 13:00:00,938.0,32.5,65,1.6
2022-08-08 14:00:00,849.0,33.0,63,1.1
2022-08-08 15:00:00,697.0,32.6,65,5.5
2022-08-08 16:00:00,460.0,31.6,69,5.5
2022-08-08 17:00:00,247.0,30.9,69,5.6
2022-08-09 06:00:00,1.0,24.1,99,5.0
2022-08-09 07:00:00,97.0,26.0,92,4.0
2022-08-09 08:00:00,322.0,27.5,84,2.1
2022-08-09 09:00:00,541.0,28.8,78,0.8
2022-08-09 10:00:00,728.0,30.1,73,1.0
2022-08-09 11:00:00,862.0,31.5,66,2.5
2022-08-09 12:00:00,938.0,32.6,61,6.4
2022-08-09 13:00:00,851.0,33.0,60,4.3
2022-08-09 14:00:00,852.0,33.3,59,4.1
2022-08-09 15:00:00,634.0,33.0,60,0.0
2022-08-09 16:00:00,516.0,32.7,62,2.5
2022-08-09 17:00:00,283.0,31.5,69,7.6
2022-08-10 06:00:00,1.0,23.3,99,3.0
2022-08-10 07:00:00,85.0,25.0,96,4.4
2022-08-10 08:00:00,234.0,26.4,86,3.3
2022-08-10 09:00:00,348.0,27.9,79,3.1
2022-08-10 10:00:00,573.0,29.5,74,1.3
2022-08-10 11:00:00,699.0,30.6,70,1.8
2022-08-10 12:00:00,790.0,30.8,71,0.0
2022-08-10 13:00:00,731.0,31.0,70,0.8
2022-08-10 14:00:00,667.0,31.0,70,1.0
2022-08-10 15:00:00,460.0,30.3,72,3.3
2022-08-10 16:00:00,293.0,29.8,75,6.6
2022-08-10 17:00:00,160.0,28.9,78,7.7
2022-08-11 06:00:00,1.0,23.6,97,4.6
2022-08-11 07:00:00,33.0,25.4,96,8.4
2022-08-11 08:00:00,185.0,26.0,92,8.0
2022-08-11 09:00:00,417.0,27.5,83,6.6
2022-08-11 10:00:00,611.0,28.9,78,4.0
2022-08-11 11:00:00,739.0,30.0,72,4.0
2022-08-11 12:00:00,843.0,31.1,68,4.1
2022-08-11 13:00:00,778.0,31.3,68,4.3
2022-08-11 14:00:00,753.0,31.2,70,2.8
2022-08-11 15:00:00,666.0,31.1,72,1.4
2022-08-11 16:00:00,420.0,30.8,73,2.5
2022-08-11 17:00:00,266.0,29.7,73,2.6
2022-08-12 06:00:00,1.0,22.9,98,3.2
2022-08-12 07:00:00,79.0,24.6,94,4.6
2022-08-12 08:00:00,274.0,26.1,86,1.8
2022-08-12 09:00:00,410.0,27.5,80,3.3
2022-08-12 10:00:00,627.0,28.6,74,5.0
2022-08-12 11:00:00,700.0,29.1,75,6.8
2022-08-12 12:00:00,572.0,29.1,77,7.4
2022-08-12 13:00:00,533.0,28.8,80,10.9
2022-08-12 14:00:00,389.0,26.5,83,4.7
2022-08-12 15:00:00,93.0,25.5,89,4.4
2022-08-12 16:00:00,160.0,26.1,86,1.3
2022-08-12 17:00:00,149.0,26.0,88,3.0
2022-08-13 06:00:00,1.0,23.1,98,6.0
2022-08-13 07:00:00,59.0,23.8,94,0.4
2022-08-13 08:00:00,213.0,24.6,90,6.4
2022-08-13 09:00:00,332.0,25.6,85,6.8
2022-08-13 10:00:00,418.0,26.9,78,4.6
2022-08-13 11:00:00,583.0,28.0,74,3.7
2022-08-13 12:00:00,738.0,28.9,72,1.8
2022-08-13 13:00:00,624.0,29.0,73,1.8
2022-08-13 14:00:00,579.0,29.0,74,1.1
2022-08-13 15:00:00,589.0,29.3,74,2.4
2022-08-13 16:00:00,443.0,27.8,80,2.8
2022-08-13 17:00:00,113.0,24.8,91,7.7
2022-08-14 06:00:00,1.0,22.6,98,5.3
2022-08-14 07:00:00,65.0,23.8,95,5.7
2022-08-14 08:00:00,249.0,25.1,88,4.8
2022-08-14 09:00:00,332.0,26.2,83,2.5
2022-08-14 10:00:00,492.0,27.4,78,7.8
2022-08-14 11:00:00,515.0,27.9,77,6.1
2022-08-14 12:00:00,671.0,28.8,74,1.8
2022-08-14 13:00:00,735.0,29.5,71,1.0
2022-08-14 14:00:00,665.0,29.6,72,0.8
2022-08-14 15:00:00,584.0,29.7,73,0.5
2022-08-14 16:00:00,318.0,25.0,91,14.6
2022-08-14 17:00:00,66.0,25.3,88,0.4
2022-08-15 06:00:00,1.0,23.2,100,5.4
2022-08-15 07:00:00,71.0,24.0,96,2.5
2022-08-15 08:00:00,284.0,25.5,90,1.4
2022-08-15 09:00:00,470.0,27.0,83,4.2
2022-08-15 10:00:00,656.0,28.5,77,6.4
2022-08-15 11:00:00,763.0,29.4,73,6.1
2022-08-15 12:00:00,792.0,30.2,70,4.8
2022-08-15 13:00:00,820.0,31.1,66,4.1
2022-08-15 14:00:00,765.0,31.2,67,5.5
2022-08-15 15:00:00,623.0,30.9,69,2.5
2022-08-15 16:00:00,447.0,30.0,73,2.9
2022-08-15 17:00:00,151.0,25.7,88,11.0
2022-08-16 06:00:00,1.0,22.1,98,5.4
2022-08-16 07:00:00,94.0,23.0,94,2.9
2022-08-16 08:00:00,310.0,24.5,89,0.4
2022-08-16 09:00:00,519.0,26.0,84,1.1
2022-08-16 10:00:00,695.0,27.9,76,1.3
2022-08-16 11:00:00,692.0,28.6,74,2.6
2022-08-16 12:00:00,808.0,29.3,74,3.2
2022-08-16 13:00:00,862.0,29.6,75,2.9
2022-08-16 14:00:00,752.0,29.8,73,3.0
2022-08-16 15:00:00,632.0,29.9,71,1.1
2022-08-16 16:00:00,415.0,26.8,84,7.1
2022-08-16 17:00:00,159.0,24.9,90,7.0
2022-08-17 06:00:00,1.0,23.4,89,8.6
2022-08-17 07:00:00,104.0,24.4,90,6.2
2022-08-17 08:00:00,330.0,26.3,84,3.4
2022-08-17 09:00:00,559.0,28.4,71,3.8
2022-08-17 10:00:00,756.0,30.0,65,3.8
2022-08-17 11:00:00,899.0,31.4,62,5.4
2022-08-17 12:00:00,975.0,32.3,62,5.7
2022-08-17 13:00:00,965.0,32.8,63,5.1
2022-08-17 14:00:00,874.0,33.0,60,3.1
2022-08-17 15:00:00,735.0,33.4,55,1.4
2022-08-17 16:00:00,530.0,33.1,54,5.5
2022-08-17 17:00:00,311.0,31.4,66,10.3
2022-08-18 06:00:00,1.0,23.8,81,5.1
2022-08-18 07:00:00,105.0,24.9,80,9.4
2022-08-18 08:00:00,330.0,27.2,75,5.6
2022-08-18 09:00:00,559.0,28.9,69,2.6
2022-08-18 10:00:00,753.0,30.1,71,5.5
2022-08-18 11:00:00,895.0,31.6,62,6.5
2022-08-18 12:00:00,963.0,32.6,57,4.3
2022-08-18 13:00:00,930.0,33.2,51,1.5
2022-08-18 14:00:00,850.0,33.5,49,1.1
2022-08-18 15:00:00,720.0,33.5,49,1.5
2022-08-18 16:00:00,539.0,33.2,51,1.3
2022-08-18 17:00:00,312.0,32.3,60,3.3
2022-08-19 06:00:00,1.0,24.2,70,11.6
2022-08-19 07:00:00,107.0,25.5,71,13.7
2022-08-19 08:00:00,335.0,27.2,72,10.9
2022-08-19 09:00:00,568.0,29.2,65,10.0
2022-08-19 10:00:00,766.0,30.8,58,7.9
2022-08-19 11:00:00,908.0,32.1,54,4.7
2022-08-19 12:00:00,979.0,32.9,53,3.9
2022-08-19 13:00:00,973.0,33.5,50,2.3
2022-08-19 14:00:00,884.0,33.8,48,2.9
2022-08-19 15:00:00,715.0,34.0,50,4.1
2022-08-19 16:00:00,525.0,33.9,53,5.9
2022-08-19 17:00:00,316.0,33.3,57,5.1
2022-08-20 06:00:00,1.0,24.0,95,6.8
2022-08-20 07:00:00,95.0,25.5,91,10.7
2022-08-20 08:00:00,281.0,26.5,87,8.3
2022-08-20 09:00:00,461.0,28.0,81,6.1
2022-08-20 10:00:00,630.0,29.3,76,5.5
2022-08-20 11:00:00,796.0,30.3,73,5.5
2022-08-20 12:00:00,936.0,31.0,72,4.0
2022-08-20 13:00:00,880.0,31.3,71,4.0
2022-08-20 14:00:00,761.0,30.6,73,5.6
2022-08-20 15:00:00,471.0,28.1,82,1.4
2022-08-20 16:00:00,275.0,28.2,81,3.2
2022-08-20 17:00:00,121.0,26.6,85,8.0
2022-08-21 06:00:00,1.0,22.1,99,1.3
2022-08-21 07:00:00,78.0,23.4,96,2.6
2022-08-21 08:00:00,187.0,24.7,89,1.5
2022-08-21 09:00:00,324.0,25.7,87,4.7
2022-08-21 10:00:00,306.0,26.3,84,5.7
2022-08-21 11:00:00,357.0,27.1,78,2.4
2022-08-21 12:00:00,454.0,27.9,76,2.4
2022-08-21 13:00:00,549.0,28.6,73,5.5
2022-08-21 14:00:00,566.0,29.5,70,3.3
2022-08-21 15:00:00,578.0,29.7,69,3.8
2022-08-21 16:00:00,420.0,29.6,70,4.2
2022-08-21 17:00:00,212.0,28.4,75,5.1
2022-08-22 06:00:00,1.0,23.2,100,3.0
2022-08-22 07:00:00,53.0,24.4,97,4.3
2022-08-22 08:00:00,306.0,26.1,87,4.5
2022-08-22 09:00:00,481.0,27.2,84,5.2
2022-08-22 10:00:00,614.0,28.2,81,5.4
2022-08-22 11:00:00,583.0,28.6,80,6.4
2022-08-22 12:00:00,506.0,28.1,81,7.7
2022-08-22 13:00:00,498.0,27.0,84,6.9
2022-08-22 14:00:00,359.0,27.4,83,4.8
2022-08-22 15:00:00,320.0,27.4,83,4.3
2022-08-22 16:00:00,264.0,26.4,88,3.2
2022-08-22 17:00:00,125.0,26.2,88,4.7
2022-08-23 06:00:00,1.0,23.1,98,4.0
2022-08-23 07:00:00,24.0,23.7,96,0.8
2022-08-23 08:00:00,113.0,24.5,91,2.9
2022-08-23 09:00:00,274.0,25.3,87,5.1
2022-08-23 10:00:00,375.0,26.2,83,6.2
2022-08-23 11:00:00,428.0,27.0,80,5.6
2022-08-23 12:00:00,801.0,28.6,74,3.4
2022-08-23 13:00:00,893.0,29.7,69,1.8
2022-08-23 14:00:00,814.0,30.2,67,2.9
2022-08-23 15:00:00,646.0,29.9,70,2.9
2022-08-23 16:00:00,458.0,28.5,74,5.4
2022-08-23 17:00:00,146.0,27.0,82,6.5
2022-08-24 06:00:00,1.0,23.2,90,5.0
2022-08-24 07:00:00,103.0,25.4,83,6.9
2022-08-24 08:00:00,326.0,27.1,79,6.2
2022-08-24 09:00:00,550.0,28.7,75,8.4
2022-08-24 10:00:00,731.0,30.1,69,6.8
2022-08-24 11:00:00,887.0,31.1,62,4.3
2022-08-24 12:00:00,952.0,31.7,60,6.0
2022-08-24 13:00:00,890.0,32.2,59,6.4
2022-08-24 14:00:00,844.0,32.7,58,5.5
2022-08-24 15:00:00,673.0,31.5,61,1.1
2022-08-24 16:00:00,413.0,30.9,65,4.4
2022-08-24 17:00:00,275.0,30.8,67,4.7
2022-08-25 06:00:00,1.0,23.4,97,6.2
2022-08-25 07:00:00,80.0,25.2,90,2.5
2022-08-25 08:00:00,158.0,26.2,85,3.1
2022-08-25 09:00:00,332.0,27.0,80,2.5
2022-08-25 10:00:00,675.0,28.5,75,3.3
2022-08-25 11:00:00,732.0,29.5,71,3.7
2022-08-25 12:00:00,887.0,30.4,71,5.8
2022-08-25 13:00:00,876.0,30.8,68,5.8
2022-08-25 14:00:00,763.0,30.9,67,5.7
2022-08-25 15:00:00,570.0,30.5,68,4.1
2022-08-25 16:00:00,418.0,30.0,71,5.4
2022-08-25 17:00:00,216.0,28.6,75,3.0
2022-08-26 06:00:00,0.0,22.6,98,4.4
2022-08-26 07:00:00,34.0,23.4,96,4.0
2022-08-26 08:00:00,236.0,24.4,90,2.7
2022-08-26 09:00:00,530.0,26.0,84,3.1
2022-08-26 10:00:00,583.0,27.2,80,5.1
2022-08-26 11:00:00,468.0,27.8,76,6.6
2022-08-26 12:00:00,617.0,28.7,72,6.2
2022-08-26 13:00:00,570.0,29.1,70,3.8
2022-08-26 14:00:00,821.0,30.2,66,2.9
2022-08-26 15:00:00,631.0,30.2,66,2.3
2022-08-26 16:00:00,403.0,29.6,69,2.9
2022-08-26 17:00:00,224.0,29.3,70,4.1
2022-08-27 06:00:00,1.0,22.6,97,3.3
2022-08-27 07:00:00,103.0,24.4,92,0.7
2022-08-27 08:00:00,330.0,26.0,87,1.1
2022-08-27 09:00:00,560.0,27.6,82,2.5
2022-08-27 10:00:00,757.0,29.4,72,3.1
2022-08-27 11:00:00,840.0,30.5,66,3.5
2022-08-27 12:00:00,921.0,31.2,65,4.0
2022-08-27 13:00:00,941.0,31.8,62,4.9
2022-08-27 14:00:00,847.0,31.0,62,3.3
2022-08-27 15:00:00,673.0,28.9,73,11.5
2022-08-27 16:00:00,390.0,28.4,76,7.5
2022-08-27 17:00:00,166.0,27.5,81,3.9
2022-08-28 06:00:00,1.0,23.3,99,5.2
2022-08-28 07:00:00,82.0,24.2,94,4.3
2022-08-28 08:00:00,256.0,25.6,88,6.6
2022-08-28 09:00:00,489.0,27.0,81,6.9
2022-08-28 10:00:00,704.0,28.2,77,6.8
2022-08-28 11:00:00,755.0,29.1,73,6.8
2022-08-28 12:00:00,753.0,29.9,70,5.1
2022-08-28 13:00:00,901.0,30.8,67,5.1
2022-08-28 14:00:00,783.0,30.7,69,7.2
2022-08-28 15:00:00,682.0,30.5,69,5.4
2022-08-28 16:00:00,410.0,29.2,74,2.8
2022-08-28 17:00:00,133.0,25.5,89,5.9
2022-08-29 06:00:00,1.0,22.4,98,0.7
2022-08-29 07:00:00,36.0,23.2,97,1.1
2022-08-29 08:00:00,167.0,24.3,92,1.1
2022-08-29 09:00:00,363.0,25.6,86,1.4
2022-08-29 10:00:00,493.0,26.8,79,3.3
2022-08-29 11:00:00,646.0,28.0,74,3.8
2022-08-29 12:00:00,634.0,28.7,71,3.6
2022-08-29 13:00:00,570.0,29.2,69,0.8
2022-08-29 14:00:00,641.0,29.9,67,1.1
2022-08-29 15:00:00,597.0,30.0,67,1.9
2022-08-29 16:00:00,414.0,29.2,72,2.6
2022-08-29 17:00:00,222.0,27.6,81,9.7
2022-08-30 06:00:00,1.0,23.4,97,1.4
2022-08-30 07:00:00,86.0,24.9,87,1.8
2022-08-30 08:00:00,321.0,26.4,82,2.2
2022-08-30 09:00:00,559.0,27.8,77,2.9
2022-08-30 10:00:00,750.0,29.1,72,1.8
2022-08-30 11:00:00,894.0,30.5,67,2.9
2022-08-30 12:00:00,951.0,31.6,63,4.7
2022-08-30 13:00:00,928.0,31.9,62,4.5
2022-08-30 14:00:00,792.0,31.9,61,3.6
2022-08-30 15:00:00,667.0,31.7,63,4.0
2022-08-30 16:00:00,449.0,31.4,65,5.2
2022-08-30 17:00:00,211.0,30.2,71,5.5
2022-08-31 06:00:00,1.0,23.7,91,3.3
2022-08-31 07:00:00,108.0,24.6,87,5.1
2022-08-31 08:00:00,329.0,26.1,84,7.1
2022-08-31 09:00:00,557.0,27.6,81,6.6
2022-08-31 10:00:00,762.0,29.0,75,6.8
2022-08-31 11:00:00,844.0,30.1,69,6.2
2022-08-31 12:00:00,915.0,30.9,67,5.5
2022-08-31 13:00:00,916.0,31.4,66,4.6
2022-08-31 14:00:00,788.0,31.4,65,3.8
2022-08-31 15:00:00,726.0,31.1,66,2.3
2022-08-31 16:00:00,441.0,30.3,67,7.1
2022-08-31 17:00:00,195.0,28.8,77,7.7
2022-09-01 06:00:00,1.0,23.2,97,1.1
2022-09-01 07:00:00,76.0,24.4,95,3.5
2022-09-01 08:00:00,163.0,25.1,93,5.2
2022-09-01 09:00:00,245.0,25.9,90,5.2
2022-09-01 10:00:00,380.0,26.8,86,4.4
2022-09-01 11:00:00,551.0,27.9,84,5.4
2022-09-01 12:00:00,660.0,28.5,82,6.8
2022-09-01 13:00:00,809.0,29.3,79,4.5
2022-09-01 14:00:00,723.0,29.9,76,5.4
2022-09-01 15:00:00,539.0,28.6,80,4.8
2022-09-01 16:00:00,385.0,27.0,86,8.4
2022-09-01 17:00:00,114.0,26.0,86,1.6
2022-09-02 06:00:00,1.0,23.2,100,4.3
2022-09-02 07:00:00,90.0,23.6,97,2.3
2022-09-02 08:00:00,297.0,25.4,91,2.9
2022-09-02 09:00:00,529.0,26.8,86,3.7
2022-09-02 10:00:00,743.0,28.2,78,4.3
2022-09-02 11:00:00,872.0,29.6,72,4.0
2022-09-02 12:00:00,961.0,30.8,66,4.0
2022-09-02 13:00:00,922.0,31.2,64,4.6
2022-09-02 14:00:00,855.0,31.5,63,3.8
2022-09-02 15:00:00,677.0,31.5,62,3.8
2022-09-02 16:00:00,492.0,31.2,63,0.5
2022-09-02 17:00:00,263.0,30.4,65,4.3
2022-09-03 06:00:00,1.0,23.1,100,2.9
2022-09-03 07:00:00,86.0,24.9,94,1.5
2022-09-03 08:00:00,329.0,26.4,89,3.3
2022-09-03 09:00:00,556.0,27.9,84,4.0
2022-09-03 10:00:00,717.0,29.4,77,5.1
2022-09-03 11:00:00,886.0,30.6,70,5.9
2022-09-03 12:00:00,918.0,31.5,65,4.7
2022-09-03 13:00:00,860.0,32.0,63,4.4
2022-09-03 14:00:00,774.0,32.0,63,3.4
2022-09-03 15:00:00,631.0,31.8,64,2.9
2022-09-03 16:00:00,408.0,31.0,68,4.6
2022-09-03 17:00:00,208.0,30.7,69,0.4
2022-09-04 06:00:00,1.0,23.2,98,9.4
2022-09-04 07:00:00,81.0,24.0,95,3.9
2022-09-04 08:00:00,258.0,25.8,87,2.6
2022-09-04 09:00:00,373.0,27.0,83,2.5
2022-09-04 10:00:00,429.0,27.5,82,6.0
2022-09-04 11:00:00,473.0,28.0,81,6.4
2022-09-04 12:00:00,526.0,28.9,78,5.2
2022-09-04 13:00:00,656.0,30.1,72,5.8
2022-09-04 14:00:00,761.0,31.0,69,5.2
2022-09-04 15:00:00,688.0,31.2,67,6.1
2022-09-04 16:00:00,472.0,31.0,65,3.9
2022-09-04 17:00:00,242.0,30.5,69,3.3
2022-09-05 06:00:00,1.0,24.0,99,3.9
2022-09-05 07:00:00,78.0,24.6,95,8.0
2022-09-05 08:00:00,187.0,25.7,90,4.7
2022-09-05 09:00:00,459.0,27.4,82,3.1
2022-09-05 10:00:00,710.0,29.0,75,3.6
2022-09-05 11:00:00,850.0,30.1,72,1.5
2022-09-05 12:00:00,858.0,31.1,69,0.4
2022-09-05 13:00:00,868.0,31.2,71,2.6
2022-09-05 14:00:00,764.0,31.2,72,3.3
2022-09-05 15:00:00,579.0,29.8,74,3.9
2022-09-05 16:00:00,290.0,27.1,84,18.5
2022-09-05 17:00:00,182.0,26.4,87,6.2
2022-09-06 06:00:00,1.0,23.8,100,2.8
2022-09-06 07:00:00,71.0,25.0,96,4.6
2022-09-06 08:00:00,147.0,25.6,93,5.8
2022-09-06 09:00:00,455.0,27.3,83,5.2
2022-09-06 10:00:00,617.0,28.7,79,4.2
2022-09-06 11:00:00,682.0,30.0,73,3.4
2022-09-06 12:00:00,865.0,30.8,71,4.3
2022-09-06 13:00:00,840.0,31.2,68,3.6
2022-09-06 14:00:00,728.0,31.5,66,2.6
2022-09-06 15:00:00,642.0,31.9,64,0.8
2022-09-06 16:00:00,426.0,31.5,65,1.1
2022-09-06 17:00:00,209.0,31.0,67,0.8
2022-09-07 06:00:00,1.0,23.2,98,6.1
2022-09-07 07:00:00,63.0,24.6,96,6.8
2022-09-07 08:00:00,232.0,25.9,89,6.7
2022-09-07 09:00:00,301.0,26.8,84,4.4
2022-09-07 10:00:00,470.0,28.1,77,4.4
2022-09-07 11:00:00,625.0,29.4,71,4.0
2022-09-07 12:00:00,780.0,30.4,68,4.2
2022-09-07 13:00:00,785.0,30.5,71,4.7
2022-09-07 14:00:00,749.0,30.9,69,4.4
2022-09-07 15:00:00,593.0,30.5,71,4.7
2022-09-07 16:00:00,367.0,29.0,75,3.3
2022-09-07 17:00:00,150.0,28.1,78,3.1
2022-09-08 06:00:00,0.0,23.8,96,1.1
2022-09-08 07:00:00,24.0,24.0,95,4.2
2022-09-08 08:00:00,184.0,25.2,91,3.3
2022-09-08 09:00:00,296.0,26.2,85,4.2
2022-09-08 10:00:00,373.0,27.2,82,7.3
2022-09-08 11:00:00,591.0,28.4,78,7.1
2022-09-08 12:00:00,722.0,29.1,78,6.6
2022-09-08 13:00:00,809.0,30.0,74,5.3
2022-09-08 14:00:00,400.0,25.2,93,13.0
2022-09-08 15:00:00,260.0,25.0,89,4.2
2022-09-08 16:00:00,177.0,25.2,88,1.6
2022-09-08 17:00:00,128.0,25.2,89,3.3
2022-09-09 06:00:00,2.0,23.0,100,0.7
2022-09-09 07:00:00,84.0,24.0,95,1.8
2022-09-09 08:00:00,328.0,26.0,88,2.5
2022-09-09 09:00:00,551.0,27.6,82,4.0
2022-09-09 10:00:00,744.0,29.0,77,4.4
2022-09-09 11:00:00,780.0,30.0,72,3.2
2022-09-09 12:00:00,895.0,31.0,67,3.6
2022-09-09 13:00:00,743.0,31.7,65,4.7
2022-09-09 14:00:00,735.0,31.4,68,2.3
2022-09-09 15:00:00,591.0,31.5,68,1.5
2022-09-09 16:00:00,408.0,28.5,80,9.6
2022-09-09 17:00:00,123.0,27.8,85,11.7
2022-09-10 06:00:00,1.0,23.4,100,5.9
2022-09-10 07:00:00,99.0,24.6,90,3.7
2022-09-10 08:00:00,333.0,26.6,86,6.2
2022-09-10 09:00:00,517.0,28.6,79,5.5
2022-09-10 10:00:00,627.0,29.8,73,3.0
2022-09-10 11:00:00,785.0,31.0,70,3.3
2022-09-10 12:00:00,938.0,31.9,68,2.9
2022-09-10 13:00:00,896.0,32.2,67,1.3
2022-09-10 14:00:00,816.0,32.3,68,1.5
2022-09-10 15:00:00,661.0,32.6,66,1.1
2022-09-10 16:00:00,425.0,29.1,78,14.3
2022-09-10 17:00:00,144.0,28.3,80,5.9
2022-09-11 06:00:00,2.0,23.4,100,3.4
2022-09-11 07:00:00,91.0,24.4,96,7.0
2022-09-11 08:00:00,115.0,25.5,91,5.2
2022-09-11 09:00:00,265.0,26.6,85,5.6
2022-09-11 10:00:00,418.0,27.6,80,4.9
2022-09-11 11:00:00,673.0,29.1,72,2.7
2022-09-11 12:00:00,792.0,30.8,66,2.3
2022-09-11 13:00:00,859.0,31.7,64,2.9
2022-09-11 14:00:00,803.0,31.8,64,1.6
2022-09-11 15:00:00,690.0,31.8,65,2.3
2022-09-11 16:00:00,418.0,30.0,71,3.3
2022-09-11 17:00:00,133.0,28.2,81,6.2
2022-09-12 06:00:00,1.0,23.5,98,2.9
2022-09-12 07:00:00,97.0,23.6,96,6.6
2022-09-12 08:00:00,109.0,24.2,92,6.4
2022-09-12 09:00:00,193.0,25.3,87,2.7
2022-09-12 10:00:00,559.0,27.0,81,6.8
2022-09-12 11:00:00,460.0,27.8,76,6.2
2022-09-12 12:00:00,652.0,29.0,70,5.5
2022-09-12 13:00:00,610.0,29.2,70,7.9
2022-09-12 14:00:00,703.0,29.6,69,6.4
2022-09-12 15:00:00,478.0,28.9,72,5.0
2022-09-12 16:00:00,252.0,27.4,79,3.0
2022-09-12 17:00:00,75.0,26.0,89,8.2
2022-09-13 06:00:00,1.0,22.8,99,1.9
2022-09-13 07:00:00,66.0,23.1,98,7.3
2022-09-13 08:00:00,176.0,24.4,91,6.8
2022-09-13 09:00:00,362.0,25.7,85,1.5
2022-09-13 10:00:00,530.0,27.5,78,3.0
2022-09-13 11:00:00,753.0,28.9,72,5.4
2022-09-13 12:00:00,871.0,29.8,70,5.1
2022-09-13 13:00:00,876.0,30.4,69,4.0
2022-09-13 14:00:00,831.0,30.4,70,1.6
2022-09-13 15:00:00,684.0,30.3,71,3.6
2022-09-13 16:00:00,494.0,28.4,75,8.5
2022-09-13 17:00:00,121.0,25.9,89,11.5
2022-09-14 06:00:00,2.0,22.2,99,3.6
2022-09-14 07:00:00,93.0,23.6,96,3.7
2022-09-14 08:00:00,285.0,25.1,92,1.8
2022-09-14 09:00:00,491.0,26.8,84,1.3
2022-09-14 10:00:00,555.0,28.2,77,2.3
2022-09-14 11:00:00,827.0,29.7,72,4.1
2022-09-14 12:00:00,896.0,30.4,71,2.6
2022-09-14 13:00:00,880.0,31.0,67,2.3
2022-09-14 14:00:00,785.0,30.8,69,3.5
2022-09-14 15:00:00,706.0,31.3,66,1.6
2022-09-14 16:00:00,364.0,29.7,71,1.1
2022-09-14 17:00:00,123.0,27.7,85,5.9
2022-09-15 06:00:00,2.0,23.5,99,1.9
2022-09-15 07:00:00,86.0,24.7,97,1.5
2022-09-15 08:00:00,310.0,26.5,89,7.6
2022-09-15 09:00:00,524.0,27.9,82,7.2
2022-09-15 10:00:00,740.0,29.2,77,5.1
2022-09-15 11:00:00,893.0,30.6,71,1.8
2022-09-15 12:00:00,875.0,31.4,67,1.4
2022-09-15 13:00:00,906.0,32.0,65,4.2
2022-09-15 14:00:00,831.0,32.2,64,1.5
2022-09-15 15:00:00,689.0,27.7,82,15.6
2022-09-15 16:00:00,234.0,27.3,82,11.3
2022-09-15 17:00:00,150.0,27.6,82,5.1
2022-09-16 06:00:00,2.0,23.6,99,6.3
2022-09-16 07:00:00,67.0,24.5,94,6.0
2022-09-16 08:00:00,248.0,25.9,89,3.8
2022-09-16 09:00:00,446.0,27.3,83,3.7
2022-09-16 10:00:00,666.0,28.8,76,5.4
2022-09-16 11:00:00,769.0,29.5,74,6.5
2022-09-16 12:00:00,878.0,30.4,72,6.6
2022-09-16 13:00:00,911.0,31.3,68,6.6
2022-09-16 14:00:00,817.0,31.5,67,4.2
2022-09-16 15:00:00,685.0,31.5,67,4.6
2022-09-16 16:00:00,460.0,30.2,73,6.3
2022-09-16 17:00:00,170.0,25.4,94,4.3
2022-09-17 06:00:00,2.0,22.4,100,2.9
2022-09-17 07:00:00,101.0,23.1,94,5.6
2022-09-17 08:00:00,311.0,24.6,88,2.9
2022-09-17 09:00:00,444.0,26.2,81,0.4
2022-09-17 10:00:00,562.0,27.7,76,2.1
2022-09-17 11:00:00,743.0,29.3,69,2.1
2022-09-17 12:00:00,737.0,29.8,70,2.0
2022-09-17 13:00:00,875.0,30.3,69,1.8
2022-09-17 14:00:00,803.0,30.5,69,1.1
2022-09-17 15:00:00,608.0,30.8,69,2.9
2022-09-17 16:00:00,411.0,29.7,71,6.6
2022-09-17 17:00:00,189.0,27.9,79,8.8
2022-09-18 06:00:00,2.0,22.5,99,3.9
2022-09-18 07:00:00,110.0,24.4,93,6.5
2022-09-18 08:00:00,319.0,26.0,87,7.5
2022-09-18 09:00:00,504.0,27.2,84,5.2
2022-09-18 10:00:00,613.0,28.2,81,6.4
2022-09-18 11:00:00,399.0,26.4,86,8.1
2022-09-18 12:00:00,516.0,27.2,84,6.1
2022-09-18 13:00:00,833.0,29.0,79,4.8
2022-09-18 14:00:00,834.0,29.7,77,7.4
2022-09-18 15:00:00,655.0,29.1,76,9.1
2022-09-18 16:00:00,370.0,26.0,87,8.3
2022-09-18 17:00:00,85.0,25.8,88,6.4
2022-09-19 06:00:00,1.0,21.6,97,3.1
2022-09-19 07:00:00,82.0,22.0,96,5.4
2022-09-19 08:00:00,46.0,22.5,95,4.6
2022-09-19 09:00:00,128.0,23.0,92,2.0
2022-09-19 10:00:00,157.0,23.5,90,2.2
2022-09-19 11:00:00,203.0,23.8,90,3.3
2022-09-19 12:00:00,248.0,24.1,89,5.0
2022-09-19 13:00:00,219.0,24.2,88,4.9
2022-09-19 14:00:00,287.0,24.9,84,4.5
2022-09-19 15:00:00,228.0,25.0,83,4.3
2022-09-19 16:00:00,161.0,24.8,87,4.5
2022-09-19 17:00:00,69.0,24.4,90,3.3
2022-09-20 06:00:00,2.0,21.6,100,2.2
2022-09-20 07:00:00,98.0,22.9,95,4.0
2022-09-20 08:00:00,219.0,24.8,88,2.9
2022-09-20 09:00:00,569.0,26.8,79,2.1
2022-09-20 10:00:00,709.0,28.0,71,3.0
2022-09-20 11:00:00,853.0,29.1,66,3.6
2022-09-20 12:00:00,935.0,29.9,63,5.6
2022-09-20 13:00:00,809.0,30.0,63,6.0
2022-09-20 14:00:00,672.0,30.0,64,4.5
2022-09-20 15:00:00,633.0,30.1,63,2.6
2022-09-20 16:00:00,458.0,30.0,62,2.9
2022-09-20 17:00:00,214.0,29.2,66,3.3
2022-09-21 06:00:00,1.0,22.5,99,2.9
2022-09-21 07:00:00,72.0,23.6,95,2.6
2022-09-21 08:00:00,179.0,24.4,92,3.1
2022-09-21 09:00:00,330.0,25.5,87,1.9
2022-09-21 10:00:00,425.0,26.8,81,1.9
2022-09-21 11:00:00,575.0,28.0,75,2.6
2022-09-21 12:00:00,894.0,29.4,69,3.2
2022-09-21 13:00:00,892.0,30.0,66,3.3
2022-09-21 14:00:00,828.0,30.5,63,3.9
2022-09-21 15:00:00,655.0,30.5,62,4.3
2022-09-21 16:00:00,431.0,30.3,62,3.3
2022-09-21 17:00:00,185.0,28.0,71,4.1
2022-09-22 06:00:00,1.0,23.0,96,0.8
2022-09-22 07:00:00,73.0,23.4,96,3.1
2022-09-22 08:00:00,168.0,24.3,91,4.9
2022-09-22 09:00:00,352.0,25.6,83,3.1
2022-09-22 10:00:00,471.0,26.6,79,2.2
2022-09-22 11:00:00,787.0,27.8,79,4.7
2022-09-22 12:00:00,824.0,28.4,77,3.2
2022-09-22 13:00:00,692.0,28.5,78,3.8
2022-09-22 14:00:00,653.0,28.5,78,2.9
2022-09-22 15:00:00,611.0,28.9,75,4.3
2022-09-22 16:00:00,364.0,28.9,73,1.0
2022-09-22 17:00:00,191.0,26.1,84,3.4
2022-09-23 06:00:00,1.0,22.9,97,4.7
2022-09-23 07:00:00,37.0,23.5,95,4.7
2022-09-23 08:00:00,175.0,24.7,88,3.3
2022-09-23 09:00:00,287.0,25.5,84,4.7
2022-09-23 10:00:00,419.0,26.3,82,5.6
2022-09-23 11:00:00,529.0,27.2,80,5.5
2022-09-23 12:00:00,759.0,28.5,75,6.8
2022-09-23 13:00:00,577.0,28.5,74,8.2
2022-09-23 14:00:00,687.0,28.8,72,9.0
2022-09-23 15:00:00,389.0,28.5,71,4.4
2022-09-23 16:00:00,432.0,28.9,69,2.0
2022-09-23 17:00:00,232.0,28.5,71,2.3
2022-09-24 06:00:00,2.0,22.4,99,2.1
2022-09-24 07:00:00,111.0,24.4,93,5.6
2022-09-24 08:00:00,339.0,26.3,87,5.2
2022-09-24 09:00:00,533.0,27.9,78,5.3
2022-09-24 10:00:00,692.0,28.7,75,4.6
2022-09-24 11:00:00,716.0,29.5,70,5.4
2022-09-24 12:00:00,842.0,30.2,69,5.2
2022-09-24 13:00:00,777.0,30.3,71,4.8
2022-09-24 14:00:00,525.0,30.2,72,3.4
2022-09-24 15:00:00,295.0,26.0,88,2.7
2022-09-24 16:00:00,183.0,26.4,86,3.9
2022-09-24 17:00:00,162.0,26.6,86,0.7
2022-09-25 06:00:00,2.0,22.2,99,2.1
2022-09-25 07:00:00,92.0,23.3,97,4.5
2022-09-25 08:00:00,221.0,24.5,91,4.4
2022-09-25 09:00:00,507.0,26.2,86,5.5
2022-09-25 10:00:00,505.0,27.0,82,5.0
2022-09-25 11:00:00,441.0,27.6,79,2.9
2022-09-25 12:00:00,724.0,29.1,74,2.4
2022-09-25 13:00:00,533.0,29.5,73,1.6
2022-09-25 14:00:00,546.0,30.2,67,1.1
2022-09-25 15:00:00,576.0,30.5,65,2.7
2022-09-25 16:00:00,362.0,30.2,66,1.8
2022-09-25 17:00:00,180.0,29.2,72,2.3
2022-09-26 06:00:00,2.0,23.7,89,6.4
2022-09-26 07:00:00,79.0,25.6,84,7.4
2022-09-26 08:00:00,337.0,27.2,80,7.3
2022-09-26 09:00:00,560.0,28.4,77,7.9
2022-09-26 10:00:00,750.0,29.9,71,5.4
2022-09-26 11:00:00,897.0,31.2,64,3.1
2022-09-26 12:00:00,960.0,32.0,61,4.3
2022-09-26 13:00:00,941.0,32.5,59,3.9
2022-09-26 14:00:00,789.0,32.1,62,3.6
2022-09-26 15:00:00,549.0,31.8,60,3.4
2022-09-26 16:00:00,327.0,29.0,74,3.6
2022-09-26 17:00:00,143.0,28.0,81,2.4
2022-09-27 06:00:00,2.0,23.1,100,2.3
2022-09-27 07:00:00,85.0,23.8,96,4.8
2022-09-27 08:00:00,259.0,24.5,93,7.7
2022-09-27 09:00:00,393.0,25.5,90,6.1
2022-09-27 10:00:00,341.0,26.0,87,5.0
2022-09-27 11:00:00,485.0,27.4,82,4.1
2022-09-27 12:00:00,724.0,29.0,75,3.7
2022-09-27 13:00:00,701.0,29.9,69,4.1
2022-09-27 14:00:00,732.0,30.5,66,4.8
2022-09-27 15:00:00,622.0,30.1,68,11.2
2022-09-27 16:00:00,352.0,27.5,77,12.0
2022-09-27 17:00:00,171.0,26.3,83,15.5
2022-09-28 06:00:00,2.0,23.0,99,3.1
2022-09-28 07:00:00,113.0,24.5,94,1.3
2022-09-28 08:00:00,290.0,26.1,88,3.1
2022-09-28 09:00:00,529.0,27.6,82,3.3
2022-09-28 10:00:00,657.0,28.6,76,3.4
2022-09-28 11:00:00,840.0,29.5,72,3.7
2022-09-28 12:00:00,730.0,30.0,69,3.3
2022-09-28 13:00:00,840.0,30.8,68,4.1
2022-09-28 14:00:00,743.0,30.7,70,4.1
2022-09-28 15:00:00,623.0,26.0,86,16.9
2022-09-28 16:00:00,118.0,25.5,89,10.9
2022-09-28 17:00:00,75.0,25.4,90,5.6
2022-09-29 06:00:00,1.0,22.8,98,6.0
2022-09-29 07:00:00,81.0,24.4,94,4.6
2022-09-29 08:00:00,337.0,25.6,90,3.3
2022-09-29 09:00:00,534.0,27.0,85,5.4
2022-09-29 10:00:00,720.0,28.0,80,9.4
2022-09-29 11:00:00,500.0,25.9,85,8.7
2022-09-29 12:00:00,587.0,27.5,83,3.5
2022-09-29 13:00:00,549.0,28.4,79,3.3
2022-09-29 14:00:00,460.0,27.1,83,7.7
2022-09-29 15:00:00,437.0,26.4,86,4.6
2022-09-29 16:00:00,282.0,26.4,80,8.7
2022-09-29 17:00:00,78.0,25.5,88,6.1
2022-09-30 06:00:00,1.0,22.2,99,3.6
2022-09-30 07:00:00,45.0,23.0,95,3.2
2022-09-30 08:00:00,222.0,24.1,89,6.0
2022-09-30 09:00:00,343.0,25.1,85,3.3
2022-09-30 10:00:00,348.0,25.7,83,4.3
2022-09-30 11:00:00,559.0,26.9,79,5.8
2022-09-30 12:00:00,833.0,28.2,78,5.6
2022-09-30 13:00:00,836.0,28.9,76,6.4
2022-09-30 14:00:00,759.0,28.9,76,6.1
2022-09-30 15:00:00,532.0,29.0,75,5.1
2022-09-30 16:00:00,317.0,26.9,81,7.8
2022-09-30 17:00:00,146.0,26.2,85,1.3
2022-10-01 06:00:00,2.0,22.1,100,3.3
2022-10-01 07:00:00,103.0,23.2,96,1.8
2022-10-01 08:00:00,222.0,24.4,92,2.5
2022-10-01 09:00:00,478.0,25.6,87,6.3
2022-10-01 10:00:00,642.0,26.6,85,8.7
2022-10-01 11:00:00,474.0,25.9,87,9.6
2022-10-01 12:00:00,185.0,24.9,91,10.9
2022-10-01 13:00:00,419.0,25.9,87,7.6
2022-10-01 14:00:00,276.0,25.8,87,5.0
2022-10-01 15:00:00,310.0,26.2,85,3.1
2022-10-01 16:00:00,236.0,26.2,86,2.2
2022-10-01 17:00:00,111.0,26.0,87,2.6
2022-10-02 06:00:00,2.0,22.5,96,4.0
2022-10-02 07:00:00,118.0,24.2,93,4.2
2022-10-02 08:00:00,336.0,25.7,86,4.3
2022-10-02 09:00:00,551.0,27.2,78,5.5
2022-10-02 10:00:00,676.0,28.3,74,4.8
2022-10-02 11:00:00,778.0,29.5,69,3.9
2022-10-02 12:00:00,904.0,30.6,65,4.6
2022-10-02 13:00:00,913.0,31.4,64,5.7
2022-10-02 14:00:00,756.0,31.3,66,3.4
2022-10-02 15:00:00,617.0,31.3,66,3.9
2022-10-02 16:00:00,390.0,30.9,65,4.0
2022-10-02 17:00:00,171.0,29.8,75,2.7
2022-10-03 06:00:00,2.0,23.0,92,4.7
2022-10-03 07:00:00,122.0,24.2,91,2.6
2022-10-03 08:00:00,352.0,26.1,86,2.6
2022-10-03 09:00:00,583.0,28.0,83,2.6
2022-10-03 10:00:00,770.0,29.8,76,4.8
2022-10-03 11:00:00,876.0,31.0,68,5.2
2022-10-03 12:00:00,923.0,31.8,65,5.1
2022-10-03 13:00:00,901.0,32.5,62,5.0
2022-10-03 14:00:00,790.0,32.6,60,4.9
2022-10-03 15:00:00,615.0,32.3,62,5.7
2022-10-03 16:00:00,437.0,31.7,65,7.7
2022-10-03 17:00:00,206.0,30.4,74,5.8
2022-10-04 06:00:00,2.0,23.8,93,5.0
2022-10-04 07:00:00,119.0,25.9,85,9.0
2022-10-04 08:00:00,327.0,27.4,80,11.6
2022-10-04 09:00:00,525.0,28.9,75,13.6
2022-10-04 10:00:00,752.0,30.5,70,10.2
2022-10-04 11:00:00,899.0,32.0,65,4.4
2022-10-04 12:00:00,910.0,32.8,62,2.1
2022-10-04 13:00:00,870.0,32.5,64,4.9
2022-10-04 14:00:00,718.0,32.0,67,5.0
2022-10-04 15:00:00,507.0,30.9,68,3.3
2022-10-04 16:00:00,286.0,30.4,70,1.8
2022-10-04 17:00:00,151.0,27.0,85,10.4
2022-10-05 06:00:00,0.0,23.0,96,5.0
2022-10-05 07:00:00,85.0,23.5,96,4.2
2022-10-05 08:00:00,219.0,24.8,90,3.1
2022-10-05 09:00:00,346.0,26.0,85,3.4
2022-10-05 10:00:00,437.0,27.2,79,6.5
2022-10-05 11:00:00,467.0,27.8,77,5.2
2022-10-05 12:00:00,621.0,28.5,76,7.7
2022-10-05 13:00:00,536.0,28.4,77,7.0
2022-10-05 14:00:00,712.0,29.3,75,8.1
2022-10-05 15:00:00,335.0,24.9,91,6.6
2022-10-05 16:00:00,110.0,25.1,89,2.2
2022-10-05 17:00:00,57.0,24.9,90,5.4
2022-10-06 06:00:00,2.0,22.3,99,1.8
2022-10-06 07:00:00,82.0,23.7,95,1.6
2022-10-06 08:00:00,215.0,24.9,88,6.4
2022-10-06 09:00:00,483.0,26.1,85,5.7
2022-10-06 10:00:00,559.0,27.0,83,6.6
2022-10-06 11:00:00,546.0,27.5,79,6.3
2022-10-06 12:00:00,532.0,27.5,80,4.4
2022-10-06 13:00:00,572.0,28.0,80,2.9
2022-10-06 14:00:00,501.0,28.5,76,6.4
2022-10-06 15:00:00,350.0,27.4,78,4.7
2022-10-06 16:00:00,264.0,26.4,82,5.7
2022-10-06 17:00:00,24.0,25.0,92,6.1
2022-10-07 06:00:00,2.0,22.6,100,1.3
2022-10-07 07:00:00,69.0,23.2,97,2.5
2022-10-07 08:00:00,119.0,24.0,93,3.3
2022-10-07 09:00:00,173.0,24.5,91,4.0
2022-10-07 10:00:00,197.0,24.8,90,4.8
2022-10-07 11:00:00,343.0,25.4,91,2.9
2022-10-07 12:00:00,464.0,26.0,88,1.5
2022-10-07 13:00:00,433.0,26.5,84,0.8
2022-10-07 14:00:00,361.0,26.8,82,1.1
2022-10-07 15:00:00,227.0,26.8,81,1.6
2022-10-07 16:00:00,157.0,26.7,82,3.7
2022-10-07 17:00:00,86.0,26.4,84,2.6
2022-10-08 06:00:00,2.0,23.3,99,2.9
2022-10-08 07:00:00,108.0,24.1,95,1.8
2022-10-08 08:00:00,255.0,25.5,88,1.9
2022-10-08 09:00:00,420.0,26.7,84,2.4
2022-10-08 10:00:00,670.0,28.1,78,3.1
2022-10-08 11:00:00,751.0,28.7,78,3.5
2022-10-08 12:00:00,781.0,29.4,77,3.8
2022-10-08 13:00:00,768.0,30.0,74,4.1
2022-10-08 14:00:00,706.0,30.5,70,5.2
2022-10-08 15:00:00,559.0,30.3,68,9.4
2022-10-08 16:00:00,286.0,27.1,87,1.5
2022-10-08 17:00:00,55.0,25.9,90,10.6
2022-10-09 06:00:00,2.0,23.2,97,3.0
2022-10-09 07:00:00,50.0,24.0,92,4.6
2022-10-09 08:00:00,217.0,25.4,85,5.4
2022-10-09 09:00:00,424.0,26.5,81,8.6
2022-10-09 10:00:00,426.0,26.6,81,9.7
2022-10-09 11:00:00,433.0,26.9,80,10.5
2022-10-09 12:00:00,365.0,27.0,77,8.9
2022-10-09 13:00:00,374.0,27.6,74,5.0
2022-10-09 14:00:00,204.0,27.5,75,5.4
2022-10-09 15:00:00,205.0,27.3,77,5.5
2022-10-09 16:00:00,304.0,27.8,74,3.3
2022-10-09 17:00:00,78.0,27.3,76,1.1
2022-10-10 06:00:00,2.0,23.1,98,2.3
2022-10-10 07:00:00,115.0,24.3,95,2.1
2022-10-10 08:00:00,306.0,26.1,87,3.0
2022-10-10 09:00:00,435.0,27.5,80,2.7
2022-10-10 10:00:00,678.0,28.6,75,2.3
2022-10-10 11:00:00,814.0,29.5,73,3.6
2022-10-10 12:00:00,915.0,30.2,70,2.6
2022-10-10 13:00:00,758.0,30.6,68,1.8
2022-10-10 14:00:00,643.0,30.6,68,2.2
2022-10-10 15:00:00,599.0,30.5,69,5.4
2022-10-10 16:00:00,280.0,28.1,78,1.3
2022-10-10 17:00:00,74.0,27.2,86,4.3
2022-10-11 06:00:00,2.0,22.8,100,3.3
2022-10-11 07:00:00,113.0,25.1,91,1.3
2022-10-11 08:00:00,262.0,26.5,86,4.1
2022-10-11 09:00:00,496.0,27.7,79,5.0
2022-10-11 10:00:00,748.0,29.1,74,2.6
2022-10-11 11:00:00,862.0,30.2,72,1.6
2022-10-11 12:00:00,930.0,31.2,68,2.8
2022-10-11 13:00:00,853.0,31.8,67,5.2
2022-10-11 14:00:00,770.0,31.7,66,3.9
2022-10-11 15:00:00,507.0,31.2,65,3.4
2022-10-11 16:00:00,347.0,31.1,66,4.7
2022-10-11 17:00:00,165.0,28.2,81,8.6
2022-10-12 06:00:00,3.0,23.0,94,3.3
2022-10-12 07:00:00,122.0,24.9,93,5.0
2022-10-12 08:00:00,342.0,26.5,84,4.3
2022-10-12 09:00:00,538.0,28.0,79,3.6
2022-10-12 10:00:00,745.0,29.5,75,4.8
2022-10-12 11:00:00,845.0,30.5,69,6.4
2022-10-12 12:00:00,943.0,31.4,65,6.8
2022-10-12 13:00:00,887.0,32.1,62,5.9
2022-10-12 14:00:00,784.0,31.7,63,2.2
2022-10-12 15:00:00,605.0,31.1,66,1.4
2022-10-12 16:00:00,266.0,27.1,85,9.8
2022-10-12 17:00:00,125.0,25.5,91,11.8
2022-10-13 06:00:00,2.0,23.2,99,2.5
2022-10-13 07:00:00,80.0,24.2,96,3.2
2022-10-13 08:00:00,238.0,25.4,90,3.0
2022-10-13 09:00:00,472.0,26.6,86,4.1
2022-10-13 10:00:00,616.0,27.6,83,4.0
2022-10-13 11:00:00,701.0,28.6,80,4.8
2022-10-13 12:00:00,703.0,28.9,79,4.5
2022-10-13 13:00:00,478.0,26.5,87,9.6
2022-10-13 14:00:00,395.0,27.3,83,10.5
2022-10-13 15:00:00,274.0,27.0,83,9.0
2022-10-13 16:00:00,189.0,26.9,82,10.3
2022-10-13 17:00:00,96.0,26.4,85,8.1
2022-10-14 06:00:00,2.0,22.6,99,0.8
2022-10-14 07:00:00,103.0,24.0,94,4.0
2022-10-14 08:00:00,265.0,25.2,90,2.8
2022-10-14 09:00:00,440.0,26.6,85,2.9
2022-10-14 10:00:00,582.0,27.5,82,2.9
2022-10-14 11:00:00,578.0,28.2,77,1.8
2022-10-14 12:00:00,845.0,29.2,74,3.4
2022-10-14 13:00:00,755.0,29.8,73,5.7
2022-10-14 14:00:00,710.0,29.9,73,5.1
2022-10-14 15:00:00,559.0,28.5,75,8.7
2022-10-14 16:00:00,210.0,26.5,85,5.9
2022-10-14 17:00:00,97.0,26.1,87,2.5
2022-10-15 06:00:00,2.0,23.0,97,1.1
2022-10-15 07:00:00,120.0,24.4,95,1.8
2022-10-15 08:00:00,344.0,26.1,88,1.8
2022-10-15 09:00:00,578.0,27.7,83,1.9
2022-10-15 10:00:00,728.0,29.2,75,2.4
2022-10-15 11:00:00,781.0,30.4,70,0.8
2022-10-15 12:00:00,897.0,30.8,70,2.4
2022-10-15 13:00:00,909.0,31.0,71,2.0
2022-10-15 14:00:00,718.0,30.9,72,1.9
2022-10-15 15:00:00,543.0,28.8,76,3.9
2022-10-15 16:00:00,173.0,27.6,79,2.4
2022-10-15 17:00:00,168.0,27.5,81,5.2
2022-10-16 06:00:00,1.0,23.5,99,5.4
2022-10-16 07:00:00,66.0,24.8,96,4.2
2022-10-16 08:00:00,271.0,26.0,88,4.3
2022-10-16 09:00:00,418.0,26.9,82,3.6
2022-10-16 10:00:00,685.0,28.4,77,4.7
2022-10-16 11:00:00,791.0,29.2,76,5.5
2022-10-16 12:00:00,848.0,29.9,74,5.6
2022-10-16 13:00:00,834.0,30.6,71,4.4
2022-10-16 14:00:00,718.0,30.5,72,1.8
2022-10-16 15:00:00,427.0,27.7,79,10.9
2022-10-16 16:00:00,221.0,26.8,84,7.2
2022-10-16 17:00:00,107.0,26.0,88,4.3
2022-10-17 06:00:00,2.0,22.7,100,0.7
2022-10-17 07:00:00,108.0,23.8,95,4.3
2022-10-17 08:00:00,280.0,25.2,89,3.2
2022-10-17 09:00:00,405.0,26.5,84,3.3
2022-10-17 10:00:00,590.0,27.9,77,3.7
2022-10-17 11:00:00,673.0,28.6,78,4.0
2022-10-17 12:00:00,822.0,29.4,78,5.0
2022-10-17 13:00:00,687.0,29.6,77,5.2
2022-10-17 14:00:00,453.0,29.0,77,7.3
2022-10-17 15:00:00,209.0,25.0,91,5.4
2022-10-17 16:00:00,104.0,25.0,91,6.5
2022-10-17 17:00:00,89.0,25.0,90,1.3
2022-10-18 06:00:00,2.0,22.4,100,0.4
2022-10-18 07:00:00,103.0,23.6,94,1.0
2022-10-18 08:00:00,283.0,25.1,88,2.5
2022-10-18 09:00:00,430.0,26.5,82,4.4
2022-10-18 10:00:00,600.0,27.6,77,3.9
2022-10-18 11:00:00,782.0,28.9,72,3.2
2022-10-18 12:00:00,800.0,29.8,69,3.0
2022-10-18 13:00:00,786.0,30.5,68,4.6
2022-10-18 14:00:00,749.0,30.2,71,3.1
2022-10-18 15:00:00,627.0,30.1,71,4.1
2022-10-18 16:00:00,364.0,28.0,78,8.7
2022-10-18 17:00:00,120.0,26.2,85,6.9
2022-10-19 06:00:00,2.0,23.0,98,2.0
2022-10-19 07:00:00,80.0,23.4,96,5.9
2022-10-19 08:00:00,225.0,24.5,91,8.1
2022-10-19 09:00:00,507.0,26.0,84,5.5
2022-10-19 10:00:00,678.0,27.8,76,6.5
2022-10-19 11:00:00,783.0,29.0,72,6.5
2022-10-19 12:00:00,795.0,29.8,71,5.4
2022-10-19 13:00:00,856.0,30.4,68,3.6
2022-10-19 14:00:00,682.0,30.3,68,2.8
2022-10-19 15:00:00,581.0,30.4,68,1.6
2022-10-19 16:00:00,364.0,30.2,69,2.3
2022-10-19 17:00:00,169.0,27.8,78,4.7
2022-10-20 06:00:00,2.0,22.6,96,1.8
2022-10-20 07:00:00,54.0,23.5,96,5.5
2022-10-20 08:00:00,260.0,24.8,91,2.5
2022-10-20 09:00:00,499.0,26.6,81,5.0
2022-10-20 10:00:00,584.0,27.8,79,5.9
2022-10-20 11:00:00,752.0,28.6,76,7.6
2022-10-20 12:00:00,786.0,29.1,74,7.6
2022-10-20 13:00:00,858.0,30.0,70,5.4
2022-10-20 14:00:00,724.0,30.1,69,6.6
2022-10-20 15:00:00,588.0,30.1,70,6.6
2022-10-20 16:00:00,289.0,28.2,76,5.6
2022-10-20 17:00:00,54.0,25.8,89,3.7
2022-10-21 06:00:00,1.0,22.1,98,3.6
2022-10-21 07:00:00,92.0,23.3,94,2.3
2022-10-21 08:00:00,162.0,24.3,89,3.1
2022-10-21 09:00:00,384.0,25.5,85,2.5
2022-10-21 10:00:00,432.0,26.8,80,6.6
2022-10-21 11:00:00,575.0,27.9,76,6.3
2022-10-21 12:00:00,682.0,28.9,74,6.6
2022-10-21 13:00:00,589.0,28.5,77,5.1
2022-10-21 14:00:00,551.0,28.5,78,2.8
2022-10-21 15:00:00,506.0,27.0,82,10.7
2022-10-21 16:00:00,205.0,26.0,87,4.3
2022-10-21 17:00:00,113.0,25.7,90,5.1
2022-10-22 06:00:00,1.0,22.6,96,2.2
2022-10-22 07:00:00,43.0,23.5,96,6.1
2022-10-22 08:00:00,275.0,24.6,88,5.6
2022-10-22 09:00:00,325.0,25.6,85,5.0
2022-10-22 10:00:00,441.0,27.0,79,5.8
2022-10-22 11:00:00,626.0,28.4,75,6.9
2022-10-22 12:00:00,859.0,29.8,70,6.5
2022-10-22 13:00:00,784.0,30.3,66,3.6
2022-10-22 14:00:00,731.0,30.5,67,2.1
2022-10-22 15:00:00,619.0,30.3,68,1.5
2022-10-22 16:00:00,399.0,29.4,72,2.4
2022-10-22 17:00:00,115.0,26.0,88,8.2
2022-10-23 06:00:00,2.0,22.2,99,4.4
2022-10-23 07:00:00,82.0,23.5,94,5.2
2022-10-23 08:00:00,207.0,24.5,89,2.2
2022-10-23 09:00:00,395.0,26.0,84,3.7
2022-10-23 10:00:00,497.0,27.2,79,4.0
2022-10-23 11:00:00,625.0,28.4,74,4.5
2022-10-23 12:00:00,894.0,29.5,70,4.0
2022-10-23 13:00:00,801.0,30.1,68,3.8
2022-10-23 14:00:00,747.0,30.5,67,2.7
2022-10-23 15:00:00,588.0,30.0,70,1.0
2022-10-23 16:00:00,384.0,29.5,73,2.2
2022-10-23 17:00:00,142.0,26.5,87,8.8
2022-10-24 06:00:00,1.0,23.5,98,5.9
2022-10-24 07:00:00,41.0,24.2,95,3.1
2022-10-24 08:00:00,202.0,25.4,89,5.1
2022-10-24 09:00:00,276.0,26.1,85,5.2
2022-10-24 10:00:00,271.0,26.3,86,6.8
2022-10-24 11:00:00,326.0,27.0,82,7.6
2022-10-24 12:00:00,356.0,27.4,81,8.4
2022-10-24 13:00:00,514.0,28.0,79,5.2
2022-10-24 14:00:00,591.0,29.0,74,2.3
2022-10-24 15:00:00,511.0,28.7,77,4.3
2022-10-24 16:00:00,357.0,27.7,80,10.4
2022-10-24 17:00:00,54.0,25.2,89,1.5
2022-10-25 06:00:00,1.0,23.3,99,3.6
2022-10-25 07:00:00,32.0,24.2,99,3.1
2022-10-25 08:00:00,184.0,25.1,93,4.3
2022-10-25 09:00:00,304.0,26.0,90,1.8
2022-10-25 10:00:00,527.0,27.0,89,3.0
2022-10-25 11:00:00,593.0,27.1,89,3.4
2022-10-25 12:00:00,714.0,28.1,85,2.7
2022-10-25 13:00:00,756.0,28.6,81,3.4
2022-10-25 14:00:00,379.0,26.8,85,7.2
2022-10-25 15:00:00,227.0,25.4,89,4.9
2022-10-25 16:00:00,89.0,25.4,90,2.9
2022-10-25 17:00:00,126.0,25.0,94,6.9
2022-10-26 06:00:00,2.0,22.2,98,2.3
2022-10-26 07:00:00,82.0,23.6,92,1.1
2022-10-26 08:00:00,312.0,24.9,87,2.3
2022-10-26 09:00:00,514.0,26.5,80,4.8
2022-10-26 10:00:00,570.0,27.5,76,6.3
2022-10-26 11:00:00,736.0,28.6,74,4.7
2022-10-26 12:00:00,839.0,29.3,75,6.9
2022-10-26 13:00:00,866.0,29.6,74,5.7
2022-10-26 14:00:00,648.0,26.6,80,15.1
2022-10-26 15:00:00,307.0,25.9,85,2.8
2022-10-26 16:00:00,388.0,26.8,85,3.7
2022-10-26 17:00:00,151.0,25.8,86,1.6
2022-10-27 06:00:00,2.0,21.6,98,1.8
2022-10-27 07:00:00,105.0,23.4,96,3.3
2022-10-27 08:00:00,310.0,24.7,87,3.9
2022-10-27 09:00:00,455.0,26.1,80,3.9
2022-10-27 10:00:00,512.0,27.4,74,4.1
2022-10-27 11:00:00,818.0,28.5,73,6.5
2022-10-27 12:00:00,776.0,28.4,76,8.5
2022-10-27 13:00:00,850.0,29.1,72,6.1
2022-10-27 14:00:00,709.0,29.4,70,3.6
2022-10-27 15:00:00,529.0,29.2,70,2.9
2022-10-27 16:00:00,236.0,28.1,74,5.2
2022-10-27 17:00:00,103.0,26.3,83,4.2
2022-10-28 06:00:00,2.0,21.5,100,2.2
2022-10-28 07:00:00,93.0,22.6,96,0.4
2022-10-28 08:00:00,323.0,24.4,87,2.4
2022-10-28 09:00:00,478.0,26.1,80,4.0
2022-10-28 10:00:00,639.0,27.6,74,4.9
2022-10-28 11:00:00,767.0,28.8,68,4.6
2022-10-28 12:00:00,811.0,29.7,65,1.8
2022-10-28 13:00:00,812.0,30.1,63,3.2
2022-10-28 14:00:00,686.0,30.3,62,5.2
2022-10-28 15:00:00,577.0,30.0,63,7.1
2022-10-28 16:00:00,380.0,29.6,65,7.7
2022-10-28 17:00:00,170.0,28.1,78,4.3
2022-10-29 06:00:00,2.0,21.4,98,4.1
2022-10-29 07:00:00,107.0,23.4,92,2.7
2022-10-29 08:00:00,337.0,25.2,87,3.7
2022-10-29 09:00:00,565.0,27.0,77,5.1
2022-10-29 10:00:00,632.0,27.8,72,5.5
2022-10-29 11:00:00,793.0,28.6,68,6.0
2022-10-29 12:00:00,885.0,29.4,65,6.8
2022-10-29 13:00:00,813.0,29.8,61,7.2
2022-10-29 14:00:00,659.0,29.6,61,8.0
2022-10-29 15:00:00,544.0,29.5,62,7.6
2022-10-29 16:00:00,373.0,29.1,63,6.5
2022-10-29 17:00:00,166.0,28.0,76,3.5
2022-10-30 06:00:00,2.0,21.5,99,2.9
2022-10-30 07:00:00,115.0,23.0,95,2.6
2022-10-30 08:00:00,349.0,25.2,86,3.5
2022-10-30 09:00:00,584.0,27.1,75,4.7
2022-10-30 10:00:00,743.0,28.2,68,4.1
2022-10-30 11:00:00,830.0,29.0,63,5.1
2022-10-30 12:00:00,888.0,29.6,60,6.0
2022-10-30 13:00:00,836.0,30.0,58,7.0
2022-10-30 14:00:00,766.0,30.3,56,6.8
2022-10-30 15:00:00,599.0,30.0,58,6.0
2022-10-30 16:00:00,398.0,29.7,59,3.8
2022-10-30 17:00:00,173.0,28.0,78,1.1
2022-10-31 06:00:00,2.0,20.9,97,3.4
2022-10-31 07:00:00,117.0,23.5,89,0.7
2022-10-31 08:00:00,349.0,25.4,86,1.5
2022-10-31 09:00:00,575.0,27.2,79,0.0
2022-10-31 10:00:00,764.0,28.9,69,2.3
2022-10-31 11:00:00,849.0,29.9,62,2.5
2022-10-31 12:00:00,893.0,30.5,60,2.3
2022-10-31 13:00:00,870.0,31.0,59,2.6
2022-10-31 14:00:00,728.0,31.0,59,3.4
2022-10-31 15:00:00,608.0,31.0,59,3.6
2022-10-31 16:00:00,394.0,30.4,61,4.8
2022-10-31 17:00:00,171.0,28.5,77,3.5
2022-11-01 06:00:00,2.0,22.6,93,5.4
2022-11-01 07:00:00,111.0,24.8,85,3.3
2022-11-01 08:00:00,317.0,26.6,76,4.4
2022-11-01 09:00:00,556.0,28.3,72,5.0
2022-11-01 10:00:00,738.0,29.8,67,3.6
2022-11-01 11:00:00,859.0,30.9,61,0.8
2022-11-01 12:00:00,876.0,31.4,59,1.1
2022-11-01 13:00:00,848.0,31.6,59,1.8
2022-11-01 14:00:00,745.0,31.9,57,1.6
2022-11-01 15:00:00,577.0,31.9,57,2.6
2022-11-01 16:00:00,371.0,31.8,56,1.1
2022-11-01 17:00:00,161.0,30.0,79,2.9
2022-11-02 06:00:00,2.0,23.9,91,6.9
2022-11-02 07:00:00,97.0,25.9,82,5.5
2022-11-02 08:00:00,301.0,27.1,80,4.7
2022-11-02 09:00:00,531.0,29.0,74,4.3
2022-11-02 10:00:00,719.0,30.2,68,4.2
2022-11-02 11:00:00,841.0,31.4,64,5.4
2022-11-02 12:00:00,878.0,32.2,60,4.3
2022-11-02 13:00:00,839.0,32.5,58,2.5
2022-11-02 14:00:00,734.0,32.4,60,2.4
2022-11-02 15:00:00,541.0,32.2,61,3.1
2022-11-02 16:00:00,321.0,31.1,67,4.9
2022-11-02 17:00:00,104.0,29.5,78,8.1
2022-11-03 06:00:00,1.0,23.9,98,1.4
2022-11-03 07:00:00,76.0,25.4,94,1.8
2022-11-03 08:00:00,307.0,26.9,86,4.8
2022-11-03 09:00:00,497.0,28.4,80,5.6
2022-11-03 10:00:00,691.0,29.5,76,4.2
2022-11-03 11:00:00,807.0,30.5,71,3.9
2022-11-03 12:00:00,803.0,30.8,70,2.6
2022-11-03 13:00:00,746.0,31.2,69,1.6
2022-11-03 14:00:00,459.0,27.8,81,6.2
2022-11-03 15:00:00,225.0,27.5,82,5.1
2022-11-03 16:00:00,225.0,27.3,83,0.8
2022-11-03 17:00:00,125.0,27.2,83,2.7
2022-11-04 06:00:00,1.0,23.0,100,7.7
2022-11-04 07:00:00,48.0,23.2,98,4.7
2022-11-04 08:00:00,62.0,23.5,97,7.7
2022-11-04 09:00:00,100.0,23.5,96,7.1
2022-11-04 10:00:00,444.0,25.7,86,7.2
2022-11-04 11:00:00,646.0,27.4,79,8.2
2022-11-04 12:00:00,747.0,28.4,79,6.0
2022-11-04 13:00:00,777.0,29.2,73,5.5
2022-11-04 14:00:00,285.0,25.5,87,11.8
2022-11-04 15:00:00,127.0,25.1,90,6.0
2022-11-04 16:00:00,176.0,25.5,88,3.7
2022-11-04 17:00:00,72.0,25.0,90,5.8
2022-11-05 06:00:00,1.0,22.1,99,0.8
2022-11-05 07:00:00,48.0,22.7,97,2.1
2022-11-05 08:00:00,68.0,22.9,97,1.8
2022-11-05 09:00:00,99.0,23.1,97,4.5
2022-11-05 10:00:00,182.0,23.7,93,4.1
2022-11-05 11:00:00,377.0,24.7,89,3.2
2022-11-05 12:00:00,375.0,25.2,86,4.1
2022-11-05 13:00:00,245.0,25.2,87,2.2
2022-11-05 14:00:00,355.0,25.6,86,3.3
2022-11-05 15:00:00,261.0,25.4,83,4.0
2022-11-05 16:00:00,108.0,24.9,88,4.7
2022-11-05 17:00:00,39.0,24.5,92,4.1
2022-11-06 06:00:00,1.0,22.1,95,2.3
2022-11-06 07:00:00,80.0,23.0,90,5.2
2022-11-06 08:00:00,51.0,23.2,93,4.5
2022-11-06 09:00:00,120.0,24.0,92,3.8
2022-11-06 10:00:00,208.0,24.6,88,4.0
2022-11-06 11:00:00,136.0,24.4,89,6.2
2022-11-06 12:00:00,184.0,24.5,89,5.8
2022-11-06 13:00:00,278.0,25.0,88,4.5
2022-11-06 14:00:00,268.0,25.2,86,4.7
2022-11-06 15:00:00,502.0,26.2,81,2.4
2022-11-06 16:00:00,282.0,26.2,79,1.8
2022-11-06 17:00:00,80.0,25.6,83,1.6
2022-11-07 06:00:00,1.0,22.4,93,8.4
2022-11-07 07:00:00,78.0,24.0,89,8.2
2022-11-07 08:00:00,256.0,25.8,88,4.2
2022-11-07 09:00:00,409.0,27.2,80,4.3
2022-11-07 10:00:00,478.0,28.0,75,4.0
2022-11-07 11:00:00,577.0,28.6,72,5.6
2022-11-07 12:00:00,745.0,29.5,69,8.4
2022-11-07 13:00:00,759.0,29.6,70,10.4
2022-11-07 14:00:00,650.0,28.5,72,11.4
2022-11-07 15:00:00,292.0,27.8,77,7.9
2022-11-07 16:00:00,297.0,27.6,76,8.3
2022-11-07 17:00:00,85.0,26.5,84,5.3
2022-11-08 06:00:00,1.0,22.2,99,3.5
2022-11-08 07:00:00,93.0,24.5,92,3.7
2022-11-08 08:00:00,298.0,26.2,86,4.3
2022-11-08 09:00:00,528.0,28.0,76,5.2
2022-11-08 10:00:00,612.0,28.7,71,5.8
2022-11-08 11:00:00,725.0,29.2,69,6.3
2022-11-08 12:00:00,778.0,29.6,71,7.3
2022-11-08 13:00:00,835.0,30.1,69,7.1
2022-11-08 14:00:00,748.0,30.0,71,6.5
2022-11-08 15:00:00,606.0,25.6,87,17.4
2022-11-08 16:00:00,155.0,25.1,89,9.1
2022-11-08 17:00:00,57.0,25.2,92,3.8
2022-11-09 06:00:00,1.0,22.6,100,8.7
2022-11-09 07:00:00,66.0,23.7,97,9.5
2022-11-09 08:00:00,257.0,24.9,92,5.4
2022-11-09 09:00:00,439.0,26.2,84,6.1
2022-11-09 10:00:00,596.0,27.5,77,5.3
2022-11-09 11:00:00,704.0,28.4,73,6.5
2022-11-09 12:00:00,763.0,29.2,69,7.9
2022-11-09 13:00:00,747.0,29.4,72,9.4
2022-11-09 14:00:00,660.0,29.2,72,10.4
2022-11-09 15:00:00,467.0,25.9,86,8.5
2022-11-09 16:00:00,231.0,26.1,86,9.8
2022-11-09 17:00:00,79.0,25.2,90,5.6
2022-11-10 06:00:00,1.0,22.3,100,2.9
2022-11-10 07:00:00,85.0,23.5,98,3.1
2022-11-10 08:00:00,297.0,25.3,87,2.6
2022-11-10 09:00:00,343.0,26.1,84,2.1
2022-11-10 10:00:00,653.0,27.4,83,2.0
2022-11-10 11:00:00,646.0,27.9,81,2.9
2022-11-10 12:00:00,730.0,28.6,78,3.6
2022-11-10 13:00:00,774.0,29.1,75,3.6
2022-11-10 14:00:00,656.0,29.3,74,3.6
2022-11-10 15:00:00,537.0,28.8,76,4.5
2022-11-10 16:00:00,253.0,25.8,84,10.9
2022-11-10 17:00:00,42.0,24.2,91,7.2
2022-11-11 06:00:00,1.0,22.5,98,2.4
2022-11-11 07:00:00,91.0,23.8,97,1.1
2022-11-11 08:00:00,262.0,25.1,91,1.8
2022-11-11 09:00:00,497.0,26.6,86,3.4
2022-11-11 10:00:00,639.0,27.8,79,5.2
2022-11-11 11:00:00,716.0,28.6,75,2.8
2022-11-11 12:00:00,844.0,29.5,73,2.3
2022-11-11 13:00:00,808.0,30.0,70,3.3
2022-11-11 14:00:00,743.0,30.1,70,2.7
2022-11-11 15:00:00,488.0,29.9,70,3.6
2022-11-11 16:00:00,169.0,24.6,92,8.1
2022-11-11 17:00:00,11.0,24.0,94,7.9
2022-11-12 06:00:00,1.0,21.8,99,1.3
2022-11-12 07:00:00,76.0,23.4,94,2.3
2022-11-12 08:00:00,256.0,24.6,90,4.1
2022-11-12 09:00:00,515.0,26.1,84,4.5
2022-11-12 10:00:00,603.0,27.1,81,4.3
2022-11-12 11:00:00,600.0,27.6,79,5.8
2022-11-12 12:00:00,788.0,28.5,77,2.9
2022-11-12 13:00:00,641.0,29.6,72,3.9
2022-11-12 14:00:00,561.0,27.1,82,5.4
2022-11-12 15:00:00,125.0,25.2,89,6.5
2022-11-12 16:00:00,72.0,25.2,89,5.4
2022-11-12 17:00:00,66.0,24.2,94,8.0
2022-11-13 06:00:00,0.0,22.5,99,4.5
2022-11-13 07:00:00,22.0,22.6,98,2.1
2022-11-13 08:00:00,215.0,24.5,88,2.7
2022-11-13 09:00:00,379.0,25.5,88,3.8
2022-11-13 10:00:00,659.0,27.0,84,0.4
2022-11-13 11:00:00,750.0,28.1,79,1.0
2022-11-13 12:00:00,827.0,28.8,77,4.3
2022-11-13 13:00:00,642.0,28.8,76,5.5
2022-11-13 14:00:00,463.0,27.5,80,6.6
2022-11-13 15:00:00,328.0,25.1,89,6.4
2022-11-13 16:00:00,185.0,24.2,93,7.0
2022-11-13 17:00:00,89.0,24.4,93,4.1
2022-11-14 06:00:00,1.0,22.6,99,5.4
2022-11-14 07:00:00,90.0,23.4,95,7.7
2022-11-14 08:00:00,209.0,24.6,89,5.1
2022-11-14 09:00:00,417.0,26.3,83,3.4
2022-11-14 10:00:00,641.0,27.7,78,2.1
2022-11-14 11:00:00,740.0,28.7,73,2.9
2022-11-14 12:00:00,807.0,29.4,72,2.5
2022-11-14 13:00:00,717.0,29.8,70,1.5
2022-11-14 14:00:00,712.0,30.2,70,2.2
2022-11-14 15:00:00,473.0,29.5,73,1.8
2022-11-14 16:00:00,334.0,27.0,81,7.7
2022-11-14 17:00:00,78.0,25.1,89,4.8
2022-11-15 06:00:00,1.0,22.6,96,5.7
2022-11-15 07:00:00,90.0,24.5,92,3.3
2022-11-15 08:00:00,287.0,25.5,91,4.3
2022-11-15 09:00:00,494.0,27.1,84,5.1
2022-11-15 10:00:00,680.0,28.5,77,4.7
2022-11-15 11:00:00,724.0,29.5,73,2.7
2022-11-15 12:00:00,806.0,30.2,71,6.2
2022-11-15 13:00:00,781.0,30.8,68,6.7
2022-11-15 14:00:00,670.0,31.0,67,5.2
2022-11-15 15:00:00,528.0,30.8,69,5.1
2022-11-15 16:00:00,332.0,30.2,72,2.5
2022-11-15 17:00:00,136.0,29.1,79,4.3
2022-11-16 06:00:00,1.0,23.5,98,4.1
2022-11-16 07:00:00,87.0,25.9,84,7.3
2022-11-16 08:00:00,273.0,27.0,81,4.0
2022-11-16 09:00:00,520.0,28.3,77,4.0
2022-11-16 10:00:00,696.0,29.5,74,4.9
2022-11-16 11:00:00,788.0,30.4,70,5.0
2022-11-16 12:00:00,801.0,31.0,66,4.0
2022-11-16 13:00:00,726.0,31.2,64,2.2
2022-11-16 14:00:00,607.0,31.2,63,4.5
2022-11-16 15:00:00,362.0,29.1,72,2.5
2022-11-16 16:00:00,150.0,27.7,81,7.3
2022-11-16 17:00:00,74.0,26.9,87,5.3
2022-11-17 06:00:00,0.0,23.1,96,4.3
2022-11-17 07:00:00,72.0,25.1,89,1.0
2022-11-17 08:00:00,255.0,26.3,83,1.4
2022-11-17 09:00:00,434.0,27.5,79,3.1
2022-11-17 10:00:00,532.0,28.6,78,8.8
2022-11-17 11:00:00,584.0,29.3,79,9.6
2022-11-17 12:00:00,713.0,30.0,77,8.6
2022-11-17 13:00:00,794.0,30.1,76,4.9
2022-11-17 14:00:00,624.0,30.0,77,0.8
2022-11-17 15:00:00,313.0,27.4,87,4.0
2022-11-17 16:00:00,140.0,26.8,87,0.5
2022-11-17 17:00:00,66.0,24.9,92,2.5
2022-11-18 06:00:00,0.0,23.0,98,5.6
2022-11-18 07:00:00,31.0,23.4,95,4.2
2022-11-18 08:00:00,153.0,24.2,93,7.0
2022-11-18 09:00:00,263.0,25.2,89,5.6
2022-11-18 10:00:00,507.0,26.8,82,5.6
2022-11-18 11:00:00,684.0,28.0,78,5.8
2022-11-18 12:00:00,771.0,28.6,76,5.4
2022-11-18 13:00:00,601.0,28.5,78,5.0
2022-11-18 14:00:00,464.0,28.3,76,9.1
2022-11-18 15:00:00,246.0,25.8,88,7.0
2022-11-18 16:00:00,232.0,26.0,87,5.0
2022-11-18 17:00:00,124.0,25.5,90,5.5
2022-11-19 06:00:00,0.0,23.0,92,8.1
2022-11-19 07:00:00,92.0,24.5,86,7.1
2022-11-19 08:00:00,307.0,26.6,83,3.8
2022-11-19 09:00:00,519.0,28.9,73,5.2
2022-11-19 10:00:00,700.0,30.5,66,9.3
2022-11-19 11:00:00,820.0,31.6,61,11.3
2022-11-19 12:00:00,866.0,32.0,61,10.4
2022-11-19 13:00:00,820.0,32.0,61,5.6
2022-11-19 14:00:00,730.0,31.8,61,5.8
2022-11-19 15:00:00,556.0,31.6,62,7.9
2022-11-19 16:00:00,353.0,31.1,65,8.9
2022-11-19 17:00:00,153.0,29.7,75,5.0
2022-11-20 06:00:00,0.0,24.6,82,13.9
2022-11-20 07:00:00,85.0,26.3,77,17.0
2022-11-20 08:00:00,291.0,27.8,77,12.7
2022-11-20 09:00:00,515.0,29.3,69,14.0
2022-11-20 10:00:00,670.0,30.4,64,13.1
2022-11-20 11:00:00,780.0,31.4,60,11.6
2022-11-20 12:00:00,870.0,31.9,61,12.6
2022-11-20 13:00:00,842.0,32.1,61,12.4
2022-11-20 14:00:00,745.0,32.3,60,8.0
2022-11-20 15:00:00,592.0,31.5,63,8.4
2022-11-20 16:00:00,336.0,30.9,66,8.2
2022-11-20 17:00:00,146.0,29.8,78,3.3
2022-11-21 06:00:00,0.0,23.3,100,11.7
2022-11-21 07:00:00,65.0,25.1,91,13.5
2022-11-21 08:00:00,293.0,26.8,88,7.9
2022-11-21 09:00:00,518.0,28.5,76,9.0
2022-11-21 10:00:00,696.0,29.5,70,11.8
2022-11-21 11:00:00,832.0,30.4,65,13.7
2022-11-21 12:00:00,894.0,31.0,62,13.6
2022-11-21 13:00:00,860.0,31.6,59,12.5
2022-11-21 14:00:00,757.0,32.0,57,11.5
2022-11-21 15:00:00,544.0,31.8,56,8.4
2022-11-21 16:00:00,346.0,30.5,59,2.0
2022-11-21 17:00:00,109.0,28.0,77,13.7
2022-11-22 06:00:00,0.0,21.8,91,7.3
2022-11-22 07:00:00,93.0,23.4,87,8.1
2022-11-22 08:00:00,310.0,25.2,83,5.5
2022-11-22 09:00:00,533.0,27.1,78,3.3
2022-11-22 10:00:00,711.0,28.6,71,3.3
2022-11-22 11:00:00,823.0,29.5,67,4.2
2022-11-22 12:00:00,883.0,30.5,63,5.6
2022-11-22 13:00:00,809.0,31.0,60,5.9
2022-11-22 14:00:00,688.0,31.0,58,5.6
2022-11-22 15:00:00,556.0,30.6,60,8.4
2022-11-22 16:00:00,353.0,29.2,70,11.3
2022-11-22 17:00:00,151.0,27.7,77,10.9
2022-11-23 06:00:00,0.0,22.0,99,3.6
2022-11-23 07:00:00,78.0,23.4,95,1.5
2022-11-23 08:00:00,297.0,25.0,91,3.8
2022-11-23 09:00:00,502.0,26.5,82,2.3
2022-11-23 10:00:00,692.0,28.0,76,2.1
2022-11-23 11:00:00,791.0,29.3,71,2.5
2022-11-23 12:00:00,856.0,29.9,69,3.1
2022-11-23 13:00:00,787.0,30.5,64,2.3
2022-11-23 14:00:00,704.0,30.5,64,1.0
2022-11-23 15:00:00,545.0,29.4,70,5.8
2022-11-23 16:00:00,272.0,27.9,73,6.5
2022-11-23 17:00:00,134.0,27.0,78,4.4
2022-11-24 06:00:00,0.0,21.8,98,4.2
2022-11-24 07:00:00,80.0,23.9,94,2.8
2022-11-24 08:00:00,277.0,25.5,86,1.9
2022-11-24 09:00:00,511.0,27.0,79,2.9
2022-11-24 10:00:00,674.0,28.2,74,1.0
2022-11-24 11:00:00,664.0,28.5,74,2.9
2022-11-24 12:00:00,760.0,29.0,75,2.5
2022-11-24 13:00:00,755.0,29.2,75,3.8
2022-11-24 14:00:00,702.0,29.3,73,5.2
2022-11-24 15:00:00,509.0,28.1,76,5.4
2022-11-24 16:00:00,338.0,26.7,78,7.7
2022-11-24 17:00:00,102.0,25.9,84,3.5
2022-11-25 06:00:00,0.0,22.4,96,4.7
2022-11-25 07:00:00,78.0,24.4,88,8.3
2022-11-25 08:00:00,290.0,25.6,87,4.6
2022-11-25 09:00:00,494.0,27.0,82,3.7
2022-11-25 10:00:00,673.0,28.5,77,1.9
2022-11-25 11:00:00,809.0,29.8,70,3.5
2022-11-25 12:00:00,828.0,30.6,66,3.7
2022-11-25 13:00:00,821.0,31.1,63,3.6
2022-11-25 14:00:00,726.0,30.7,66,2.4
2022-11-25 15:00:00,560.0,30.5,66,2.6
2022-11-25 16:00:00,370.0,29.9,69,5.2
2022-11-25 17:00:00,129.0,27.2,84,7.1
2022-11-26 06:00:00,0.0,22.7,99,3.7
2022-11-26 07:00:00,80.0,25.1,87,3.4
2022-11-26 08:00:00,261.0,26.1,81,5.5
2022-11-26 09:00:00,376.0,26.9,82,5.5
2022-11-26 10:00:00,522.0,27.9,80,5.8
2022-11-26 11:00:00,706.0,29.1,75,6.2
2022-11-26 12:00:00,753.0,29.9,71,7.9
2022-11-26 13:00:00,760.0,30.4,67,5.0
2022-11-26 14:00:00,673.0,30.0,68,4.5
2022-11-26 15:00:00,230.0,25.8,88,10.7
2022-11-26 16:00:00,108.0,25.7,88,5.6
2022-11-26 17:00:00,75.0,25.2,89,4.3
2022-11-27 06:00:00,0.0,22.5,98,4.1
2022-11-27 07:00:00,63.0,23.4,95,2.5
2022-11-27 08:00:00,248.0,24.9,90,3.1
2022-11-27 09:00:00,472.0,26.4,82,4.1
2022-11-27 10:00:00,620.0,27.7,76,5.2
2022-11-27 11:00:00,760.0,28.7,74,7.4
2022-11-27 12:00:00,839.0,29.4,73,6.6
2022-11-27 13:00:00,759.0,29.2,74,4.9
2022-11-27 14:00:00,682.0,28.4,77,8.4
2022-11-27 15:00:00,162.0,25.1,88,2.8
2022-11-27 16:00:00,40.0,24.9,89,4.5
2022-11-27 17:00:00,73.0,24.6,90,5.8
2022-11-28 06:00:00,0.0,22.3,99,5.8
2022-11-28 07:00:00,17.0,23.4,94,1.5
2022-11-28 08:00:00,230.0,24.7,91,1.8
2022-11-28 09:00:00,397.0,26.0,86,0.8
2022-11-28 10:00:00,553.0,27.2,82,1.6
2022-11-28 11:00:00,722.0,28.4,80,3.3
2022-11-28 12:00:00,719.0,29.0,78,3.2
2022-11-28 13:00:00,703.0,29.5,75,4.3
2022-11-28 14:00:00,543.0,28.7,75,8.3
2022-11-28 15:00:00,429.0,28.8,70,8.2
2022-11-28 16:00:00,335.0,28.4,72,11.0
2022-11-28 17:00:00,138.0,27.4,79,8.4
2022-11-29 06:00:00,0.0,21.2,100,2.2
2022-11-29 07:00:00,54.0,22.4,97,2.7
2022-11-29 08:00:00,269.0,24.2,92,1.9
2022-11-29 09:00:00,488.0,25.9,87,1.4
2022-11-29 10:00:00,671.0,27.4,78,3.1
2022-11-29 11:00:00,738.0,28.3,75,4.1
2022-11-29 12:00:00,760.0,29.0,71,5.6
2022-11-29 13:00:00,745.0,29.6,68,7.4
2022-11-29 14:00:00,621.0,29.7,66,7.4
2022-11-29 15:00:00,450.0,29.7,63,7.4
2022-11-29 16:00:00,262.0,28.5,70,4.7
2022-11-29 17:00:00,87.0,27.5,77,1.8
2022-11-30 06:00:00,0.0,22.2,94,4.8
2022-11-30 07:00:00,75.0,24.2,80,7.0
2022-11-30 08:00:00,280.0,25.4,76,7.7
2022-11-30 09:00:00,492.0,27.0,71,12.6
2022-11-30 10:00:00,696.0,28.4,68,13.6
2022-11-30 11:00:00,822.0,29.5,64,11.4
2022-11-30 12:00:00,878.0,30.2,61,11.9
2022-11-30 13:00:00,852.0,30.6,59,12.0
2022-11-30 14:00:00,665.0,30.6,58,10.2
2022-11-30 15:00:00,588.0,30.6,57,8.1
2022-11-30 16:00:00,378.0,29.9,62,7.6
2022-11-30 17:00:00,157.0,28.0,75,8.3
2022-12-01 06:00:00,0.0,23.7,75,18.1
2022-12-01 07:00:00,75.0,24.4,76,17.4
2022-12-01 08:00:00,247.0,25.7,76,14.9
2022-12-01 09:00:00,504.0,27.1,71,16.9
2022-12-01 10:00:00,690.0,28.4,65,15.0
2022-12-01 11:00:00,821.0,29.5,61,14.3
2022-12-01 12:00:00,875.0,30.3,59,12.0
2022-12-01 13:00:00,839.0,30.6,58,10.5
2022-12-01 14:00:00,715.0,30.5,58,9.9
2022-12-01 15:00:00,568.0,30.2,58,6.6
2022-12-01 16:00:00,361.0,30.0,58,0.8
2022-12-01 17:00:00,157.0,29.1,65,2.8
2022-12-02 06:00:00,0.0,22.5,80,11.4
2022-12-02 07:00:00,76.0,23.4,79,12.5
2022-12-02 08:00:00,291.0,25.0,77,9.7
2022-12-02 09:00:00,510.0,27.0,69,14.8
2022-12-02 10:00:00,687.0,28.1,66,15.0
2022-12-02 11:00:00,818.0,29.2,63,12.2
2022-12-02 12:00:00,865.0,30.0,60,11.5
2022-12-02 13:00:00,763.0,30.0,61,9.7
2022-12-02 14:00:00,628.0,30.0,61,9.6
2022-12-02 15:00:00,414.0,29.6,62,5.4
2022-12-02 16:00:00,342.0,28.9,66,5.9
2022-12-02 17:00:00,112.0,27.5,76,5.5
2022-12-03 06:00:00,0.0,23.7,75,16.7
2022-12-03 07:00:00,42.0,24.0,75,15.9
2022-12-03 08:00:00,203.0,25.1,78,12.5
2022-12-03 09:00:00,472.0,27.1,71,15.1
2022-12-03 10:00:00,671.0,28.6,66,15.1
2022-12-03 11:00:00,805.0,29.8,59,12.8
2022-12-03 12:00:00,834.0,30.4,58,11.0
2022-12-03 13:00:00,830.0,31.0,56,7.7
2022-12-03 14:00:00,668.0,30.9,55,6.4
2022-12-03 15:00:00,516.0,30.5,56,7.3
2022-12-03 16:00:00,327.0,28.5,69,13.0
2022-12-03 17:00:00,144.0,27.0,77,8.9
2022-12-04 06:00:00,0.0,23.2,77,14.8
2022-12-04 07:00:00,71.0,24.2,76,16.8
2022-12-04 08:00:00,283.0,26.0,74,14.4
2022-12-04 09:00:00,498.0,27.5,68,16.9
2022-12-04 10:00:00,682.0,28.9,62,15.2
2022-12-04 11:00:00,810.0,29.9,58,12.9
2022-12-04 12:00:00,874.0,30.6,54,9.7
2022-12-04 13:00:00,844.0,31.0,53,8.3
2022-12-04 14:00:00,738.0,31.0,53,9.0
2022-12-04 15:00:00,539.0,30.6,55,8.1
2022-12-04 16:00:00,345.0,30.0,59,6.9
2022-12-04 17:00:00,163.0,28.5,70,6.7
2022-12-05 06:00:00,0.0,23.0,76,11.4
2022-12-05 07:00:00,71.0,23.9,75,11.8
2022-12-05 08:00:00,284.0,25.8,73,11.2
2022-12-05 09:00:00,501.0,27.5,65,14.6
2022-12-05 10:00:00,686.0,28.7,58,13.0
2022-12-05 11:00:00,816.0,29.5,56,7.7
2022-12-05 12:00:00,876.0,30.1,56,5.2
2022-12-05 13:00:00,857.0,30.5,54,3.6
2022-12-05 14:00:00,760.0,30.7,51,2.5
2022-12-05 15:00:00,594.0,30.7,47,1.5
2022-12-05 16:00:00,396.0,30.4,47,2.5
2022-12-05 17:00:00,169.0,28.5,58,3.4
2022-12-06 06:00:00,0.0,21.8,70,10.0
2022-12-06 07:00:00,73.0,23.2,71,12.2
2022-12-06 08:00:00,291.0,25.8,69,16.8
2022-12-06 09:00:00,514.0,27.7,53,18.4
2022-12-06 10:00:00,700.0,28.5,51,16.9
2022-12-06 11:00:00,829.0,29.5,49,13.7
2022-12-06 12:00:00,887.0,30.1,46,10.5
2022-12-06 13:00:00,868.0,30.8,43,8.3
2022-12-06 14:00:00,778.0,31.1,42,7.9
2022-12-06 15:00:00,620.0,31.1,42,5.0
2022-12-06 16:00:00,414.0,30.9,45,3.3
2022-12-06 17:00:00,183.0,28.0,69,5.6
2022-12-07 06:00:00,0.0,21.2,71,11.6
2022-12-07 07:00:00,71.0,22.1,74,12.0
2022-12-07 08:00:00,286.0,24.0,74,8.2
2022-12-07 09:00:00,509.0,26.5,65,8.9
2022-12-07 10:00:00,695.0,28.3,55,11.5
2022-12-07 11:00:00,823.0,29.3,53,11.4
2022-12-07 12:00:00,881.0,30.0,54,8.9
2022-12-07 13:00:00,863.0,30.5,52,5.4
2022-12-07 14:00:00,773.0,30.8,49,3.6
2022-12-07 15:00:00,616.0,30.6,47,3.9
2022-12-07 16:00:00,412.0,30.3,47,2.9
2022-12-07 17:00:00,183.0,28.4,63,4.3
2022-12-08 06:00:00,0.0,21.8,76,14.3
2022-12-08 07:00:00,69.0,22.7,74,14.6
2022-12-08 08:00:00,285.0,24.9,73,12.7
2022-12-08 09:00:00,509.0,26.9,64,16.5
2022-12-08 10:00:00,692.0,28.3,59,15.0
2022-12-08 11:00:00,818.0,29.5,56,13.1
2022-12-08 12:00:00,855.0,30.2,54,10.4
2022-12-08 13:00:00,782.0,30.5,52,6.9
2022-12-08 14:00:00,696.0,30.6,51,4.0
2022-12-08 15:00:00,574.0,30.6,50,3.2
2022-12-08 16:00:00,388.0,30.4,51,2.2
2022-12-08 17:00:00,177.0,28.8,60,3.0
2022-12-09 06:00:00,0.0,22.5,78,15.1
2022-12-09 07:00:00,66.0,23.1,78,15.5
2022-12-09 08:00:00,277.0,24.8,75,12.9
2022-12-09 09:00:00,496.0,26.7,69,14.3
2022-12-09 10:00:00,679.0,28.5,63,14.0
2022-12-09 11:00:00,805.0,29.9,58,13.0
2022-12-09 12:00:00,862.0,30.9,53,10.8
2022-12-09 13:00:00,794.0,31.1,50,8.0
2022-12-09 14:00:00,761.0,31.5,48,5.6
2022-12-09 15:00:00,608.0,31.6,47,5.5
2022-12-09 16:00:00,402.0,31.2,50,5.1
2022-12-09 17:00:00,176.0,29.0,79,2.7
2022-12-10 06:00:00,0.0,23.5,76,15.0
2022-12-10 07:00:00,63.0,24.0,77,16.3
2022-12-10 08:00:00,270.0,25.6,75,16.4
2022-12-10 09:00:00,488.0,27.2,69,18.2
2022-12-10 10:00:00,671.0,28.9,61,17.3
2022-12-10 11:00:00,798.0,29.9,57,13.4
2022-12-10 12:00:00,859.0,30.6,53,10.5
2022-12-10 13:00:00,844.0,31.2,50,8.2
2022-12-10 14:00:00,757.0,31.5,49,6.9
2022-12-10 15:00:00,605.0,31.4,48,5.4
2022-12-10 16:00:00,399.0,30.9,50,4.4
2022-12-10 17:00:00,176.0,28.7,68,2.9
2022-12-11 06:00:00,0.0,23.8,76,16.3
2022-12-11 07:00:00,62.0,24.5,75,18.1
2022-12-11 08:00:00,264.0,26.0,73,16.3
2022-12-11 09:00:00,478.0,27.6,68,16.2
2022-12-11 10:00:00,666.0,29.1,61,12.9
2022-12-11 11:00:00,798.0,30.0,57,9.1
2022-12-11 12:00:00,857.0,30.8,54,6.4
2022-12-11 13:00:00,815.0,31.3,52,4.6
2022-12-11 14:00:00,737.0,31.5,51,3.6
2022-12-11 15:00:00,586.0,31.4,51,3.1
2022-12-11 16:00:00,371.0,31.5,51,4.7
2022-12-11 17:00:00,146.0,29.0,69,4.0
2022-12-12 06:00:00,0.0,23.2,82,10.1
2022-12-12 07:00:00,59.0,24.6,78,16.0
2022-12-12 08:00:00,259.0,26.3,74,14.0
2022-12-12 09:00:00,469.0,27.8,68,13.4
2022-12-12 10:00:00,646.0,29.0,63,9.0
2022-12-12 11:00:00,766.0,29.9,60,5.6
2022-12-12 12:00:00,802.0,30.5,58,5.2
2022-12-12 13:00:00,813.0,30.9,57,4.8
2022-12-12 14:00:00,736.0,31.2,56,4.2
2022-12-12 15:00:00,566.0,30.9,57,4.9
2022-12-12 16:00:00,368.0,30.2,58,0.7
2022-12-12 17:00:00,102.0,28.2,71,6.8
2022-12-13 06:00:00,0.0,22.4,99,0.8
2022-12-13 07:00:00,56.0,23.4,94,1.6
2022-12-13 08:00:00,249.0,25.0,86,1.5
2022-12-13 09:00:00,474.0,26.8,79,1.1
2022-12-13 10:00:00,636.0,28.4,72,3.0
2022-12-13 11:00:00,770.0,29.7,66,5.2
2022-12-13 12:00:00,842.0,30.5,63,5.9
2022-12-13 13:00:00,822.0,31.2,58,3.3
2022-12-13 14:00:00,730.0,31.8,54,2.9
2022-12-13 15:00:00,594.0,32.1,52,4.3
2022-12-13 16:00:00,353.0,31.2,54,5.5
2022-12-13 17:00:00,145.0,29.5,65,6.6
2022-12-14 06:00:00,0.0,23.4,79,7.7
2022-12-14 07:00:00,50.0,24.6,78,9.7
2022-12-14 08:00:00,217.0,26.0,75,8.4
2022-12-14 09:00:00,447.0,28.1,68,6.5
2022-12-14 10:00:00,629.0,29.8,61,7.2
2022-12-14 11:00:00,692.0,30.7,59,7.9
2022-12-14 12:00:00,791.0,31.5,56,8.7
2022-12-14 13:00:00,788.0,32.2,53,8.7
2022-12-14 14:00:00,700.0,32.5,50,9.1
2022-12-14 15:00:00,551.0,32.5,49,8.6
2022-12-14 16:00:00,327.0,31.8,53,6.6
2022-12-14 17:00:00,140.0,30.1,68,4.1
2022-12-15 06:00:00,0.0,24.8,81,15.6
2022-12-15 07:00:00,49.0,25.4,79,14.3
2022-12-15 08:00:00,221.0,26.9,78,11.0
2022-12-15 09:00:00,418.0,28.8,70,10.1
2022-12-15 10:00:00,595.0,30.5,59,9.5
2022-12-15 11:00:00,724.0,31.9,54,8.1
2022-12-15 12:00:00,742.0,32.6,51,7.7
2022-12-15 13:00:00,756.0,33.0,50,6.1
2022-12-15 14:00:00,701.0,32.7,51,6.4
2022-12-15 15:00:00,431.0,32.5,50,4.8
2022-12-15 16:00:00,342.0,31.8,54,7.6
2022-12-15 17:00:00,144.0,30.1,67,5.1
2022-12-16 06:00:00,0.0,23.5,82,9.7
2022-12-16 07:00:00,55.0,24.5,81,10.9
2022-12-16 08:00:00,255.0,26.2,76,7.2
2022-12-16 09:00:00,471.0,28.2,72,4.8
2022-12-16 10:00:00,656.0,29.9,66,4.2
2022-12-16 11:00:00,786.0,31.7,57,4.0
2022-12-16 12:00:00,849.0,32.7,52,5.8
2022-12-16 13:00:00,807.0,32.8,51,5.8
2022-12-16 14:00:00,704.0,33.0,49,4.5
2022-12-16 15:00:00,546.0,32.8,48,3.3
2022-12-16 16:00:00,386.0,32.6,49,3.9
2022-12-16 17:00:00,180.0,31.5,57,3.3
2022-12-17 06:00:00,0.0,24.4,77,16.9
2022-12-17 07:00:00,54.0,25.5,75,17.1
2022-12-17 08:00:00,254.0,27.3,72,14.3
2022-12-17 09:00:00,470.0,29.3,60,14.4
2022-12-17 10:00:00,643.0,30.6,55,13.7
2022-12-17 11:00:00,788.0,31.6,53,11.4
2022-12-17 12:00:00,854.0,32.5,50,9.0
2022-12-17 13:00:00,729.0,32.8,48,6.9
2022-12-17 14:00:00,711.0,33.1,46,5.9
2022-12-17 15:00:00,536.0,32.8,46,6.5
2022-12-17 16:00:00,383.0,32.7,46,4.0
2022-12-17 17:00:00,175.0,31.4,54,3.7
2022-12-18 06:00:00,0.0,25.0,67,19.3
2022-12-18 07:00:00,51.0,25.5,67,20.8
2022-12-18 08:00:00,239.0,26.6,65,18.3
2022-12-18 09:00:00,462.0,28.5,59,19.1
2022-12-18 10:00:00,651.0,30.2,51,17.7
2022-12-18 11:00:00,791.0,31.3,45,14.1
2022-12-18 12:00:00,806.0,32.0,43,7.2
2022-12-18 13:00:00,811.0,32.7,41,4.1
2022-12-18 14:00:00,742.0,33.0,40,4.6
2022-12-18 15:00:00,611.0,32.8,41,5.1
2022-12-18 16:00:00,420.0,32.4,42,4.5
2022-12-18 17:00:00,198.0,30.0,57,5.0
2022-12-19 06:00:00,0.0,22.0,95,5.1
2022-12-19 07:00:00,53.0,23.4,87,6.1
2022-12-19 08:00:00,252.0,25.1,80,3.6
2022-12-19 09:00:00,464.0,27.2,77,3.1
2022-12-19 10:00:00,649.0,29.4,63,5.2
2022-12-19 11:00:00,800.0,31.0,54,6.6
2022-12-19 12:00:00,857.0,32.2,48,7.1
2022-12-19 13:00:00,836.0,32.7,44,6.9
2022-12-19 14:00:00,756.0,32.9,42,5.4
2022-12-19 15:00:00,602.0,33.0,42,4.8
2022-12-19 16:00:00,409.0,33.0,42,6.4
2022-12-19 17:00:00,190.0,30.9,63,2.7
2022-12-20 06:00:00,0.0,23.6,77,11.1
2022-12-20 07:00:00,51.0,24.8,74,12.9
2022-12-20 08:00:00,250.0,26.5,70,12.4
2022-12-20 09:00:00,470.0,28.7,61,11.5
2022-12-20 10:00:00,657.0,30.1,54,6.0
2022-12-20 11:00:00,792.0,31.4,49,3.2
2022-12-20 12:00:00,858.0,32.5,45,4.1
2022-12-20 13:00:00,851.0,33.2,42,5.1
2022-12-20 14:00:00,766.0,33.5,39,4.9
2022-12-20 15:00:00,610.0,33.4,38,3.8
2022-12-20 16:00:00,413.0,33.0,38,2.3
2022-12-20 17:00:00,193.0,31.2,50,3.6
2022-12-21 06:00:00,0.0,23.9,78,14.5
2022-12-21 07:00:00,50.0,24.5,79,14.5
2022-12-21 08:00:00,249.0,26.2,74,10.5
2022-12-21 09:00:00,468.0,28.3,64,7.2
2022-12-21 10:00:00,656.0,30.1,56,4.7
2022-12-21 11:00:00,789.0,31.4,52,4.3
2022-12-21 12:00:00,856.0,32.3,49,5.9
2022-12-21 13:00:00,850.0,32.8,47,6.4
2022-12-21 14:00:00,762.0,33.3,45,4.7
2022-12-21 15:00:00,608.0,33.5,44,3.0
2022-12-21 16:00:00,406.0,33.2,43,2.6
2022-12-21 17:00:00,192.0,31.4,66,3.6
2022-12-22 06:00:00,0.0,24.0,76,12.7
2022-12-22 07:00:00,49.0,24.7,74,17.0
2022-12-22 08:00:00,248.0,26.5,69,15.3
2022-12-22 09:00:00,467.0,28.5,62,15.5
2022-12-22 10:00:00,654.0,30.5,52,11.8
2022-12-22 11:00:00,788.0,31.6,49,9.2
2022-12-22 12:00:00,855.0,32.4,48,6.5
2022-12-22 13:00:00,850.0,33.1,46,4.0
2022-12-22 14:00:00,742.0,33.5,45,2.6
2022-12-22 15:00:00,573.0,33.7,43,1.8
2022-12-22 16:00:00,407.0,33.5,43,2.9
2022-12-22 17:00:00,194.0,32.5,48,3.1
2022-12-23 06:00:00,0.0,24.5,68,15.8
2022-12-23 07:00:00,49.0,24.5,71,15.0
2022-12-23 08:00:00,250.0,26.2,69,13.0
2022-12-23 09:00:00,472.0,28.6,60,13.2
2022-12-23 10:00:00,662.0,30.3,52,11.2
2022-12-23 11:00:00,797.0,31.6,48,9.3
2022-12-23 12:00:00,863.0,32.7,44,7.6
2022-12-23 13:00:00,856.0,33.5,41,6.0
2022-12-23 14:00:00,778.0,34.0,40,5.6
2022-12-23 15:00:00,622.0,34.0,40,5.4
2022-12-23 16:00:00,429.0,33.5,40,6.1
2022-12-23 17:00:00,206.0,31.3,49,5.8
2022-12-24 06:00:00,0.0,23.5,79,17.4
2022-12-24 07:00:00,48.0,24.0,78,15.1
2022-12-24 08:00:00,251.0,25.9,73,12.3
2022-12-24 09:00:00,476.0,28.5,58,14.8
2022-12-24 10:00:00,669.0,30.1,48,11.8
2022-12-24 11:00:00,806.0,31.8,42,9.2
2022-12-24 12:00:00,878.0,33.0,37,9.1
2022-12-24 13:00:00,874.0,33.7,34,8.3
2022-12-24 14:00:00,791.0,34.0,32,8.0
2022-12-24 15:00:00,642.0,34.0,32,6.9
2022-12-24 16:00:00,439.0,33.5,35,6.5
2022-12-24 17:00:00,211.0,30.9,47,6.9
2022-12-25 06:00:00,0.0,22.8,74,13.5
2022-12-25 07:00:00,47.0,22.8,77,13.4
2022-12-25 08:00:00,248.0,24.8,72,15.0
2022-12-25 09:00:00,472.0,27.1,61,14.7
2022-12-25 10:00:00,663.0,29.1,52,10.2
2022-12-25 11:00:00,800.0,30.7,46,11.7
2022-12-25 12:00:00,869.0,31.9,42,10.7
2022-12-25 13:00:00,856.0,32.6,38,8.7
2022-12-25 14:00:00,780.0,33.2,34,6.4
2022-12-25 15:00:00,632.0,33.5,32,4.3
2022-12-25 16:00:00,437.0,33.2,33,4.3
2022-12-25 17:00:00,205.0,32.0,41,3.1
2022-12-26 06:00:00,0.0,22.5,79,15.2
2022-12-26 07:00:00,46.0,23.0,79,12.6
2022-12-26 08:00:00,244.0,25.0,73,8.7
2022-12-26 09:00:00,471.0,27.4,62,8.4
2022-12-26 10:00:00,665.0,29.2,53,5.6
2022-12-26 11:00:00,802.0,30.9,46,6.4
2022-12-26 12:00:00,871.0,31.8,42,6.1
2022-12-26 13:00:00,864.0,32.5,40,3.7
2022-12-26 14:00:00,785.0,32.8,37,2.5
2022-12-26 15:00:00,639.0,33.0,36,3.8
2022-12-26 16:00:00,439.0,32.8,37,4.6
2022-12-26 17:00:00,208.0,30.9,52,4.5
2022-12-27 06:00:00,0.0,22.0,83,5.9
2022-12-27 07:00:00,44.0,23.0,81,11.4
2022-12-27 08:00:00,240.0,24.9,73,8.4
2022-12-27 09:00:00,463.0,27.4,64,6.5
2022-12-27 10:00:00,652.0,29.3,59,3.2
2022-12-27 11:00:00,787.0,30.9,53,2.6
2022-12-27 12:00:00,841.0,32.0,48,3.7
2022-12-27 13:00:00,826.0,32.7,44,5.2
2022-12-27 14:00:00,753.0,33.2,41,4.7
2022-12-27 15:00:00,622.0,33.2,40,5.2
2022-12-27 16:00:00,431.0,32.8,41,5.1
2022-12-27 17:00:00,204.0,31.1,52,4.7
2022-12-28 06:00:00,0.0,21.7,98,3.1
2022-12-28 07:00:00,41.0,22.8,96,1.6
2022-12-28 08:00:00,232.0,24.4,89,2.9
2022-12-28 09:00:00,452.0,26.5,78,2.0
2022-12-28 10:00:00,643.0,28.5,67,3.4
2022-12-28 11:00:00,781.0,30.4,58,4.8
2022-12-28 12:00:00,845.0,31.6,52,4.2
2022-12-28 13:00:00,842.0,32.3,49,3.8
2022-12-28 14:00:00,728.0,32.5,49,2.8
2022-12-28 15:00:00,576.0,32.6,47,3.1
2022-12-28 16:00:00,386.0,32.5,44,3.8
2022-12-28 17:00:00,187.0,31.1,55,3.0
2022-12-29 06:00:00,0.0,24.6,71,16.5
2022-12-29 07:00:00,41.0,25.5,70,18.1
2022-12-29 08:00:00,236.0,27.0,66,16.9
2022-12-29 09:00:00,458.0,29.0,58,20.9
2022-12-29 10:00:00,649.0,30.7,51,16.1
2022-12-29 11:00:00,788.0,31.9,47,10.6
2022-12-29 12:00:00,859.0,32.8,44,6.6
2022-12-29 13:00:00,852.0,33.2,43,4.0
2022-12-29 14:00:00,771.0,33.6,41,1.1
2022-12-29 15:00:00,626.0,33.8,39,1.9
2022-12-29 16:00:00,427.0,33.6,40,4.0
2022-12-29 17:00:00,199.0,32.2,49,3.2
2022-12-30 06:00:00,0.0,23.6,76,16.3
2022-12-30 07:00:00,42.0,24.2,75,16.9
2022-12-30 08:00:00,239.0,26.1,70,14.4
2022-12-30 09:00:00,464.0,28.6,58,14.3
2022-12-30 10:00:00,659.0,30.3,50,11.5
2022-12-30 11:00:00,799.0,31.7,44,10.0
2022-12-30 12:00:00,869.0,32.7,40,10.2
2022-12-30 13:00:00,868.0,33.4,37,10.2
2022-12-30 14:00:00,792.0,33.9,35,8.4
2022-12-30 15:00:00,642.0,34.0,34,6.8
2022-12-30 16:00:00,444.0,33.7,35,5.0
2022-12-30 17:00:00,219.0,32.0,52,3.4
2022-12-31 06:00:00,0.0,24.0,74,14.5
2022-12-31 07:00:00,40.0,24.8,71,15.0
2022-12-31 08:00:00,235.0,26.5,67,12.5
2022-12-31 09:00:00,458.0,28.9,58,14.1
2022-12-31 10:00:00,651.0,31.0,49,12.2
2022-12-31 11:00:00,790.0,32.3,44,10.5
2022-12-31 12:00:00,864.0,33.3,41,8.5
2022-12-31 13:00:00,842.0,33.9,38,6.9
2022-12-31 14:00:00,748.0,34.1,35,4.8
2022-12-31 15:00:00,604.0,34.2,34,3.5
2022-12-31 16:00:00,416.0,33.8,36,3.4
2022-12-31 17:00:00,197.0,32.2,50,3.3
2023-01-01 06:00:00,0.0,24.7,74,16.3
2023-01-01 07:00:00,39.0,25.4,73,14.7
2023-01-01 08:00:00,223.0,27.0,66,10.7
2023-01-01 09:00:00,441.0,28.8,57,9.0
2023-01-01 10:00:00,643.0,30.1,53,6.6
2023-01-01 11:00:00,754.0,31.2,50,5.1
2023-01-01 12:00:00,833.0,32.2,47,4.4
2023-01-01 13:00:00,831.0,32.8,45,4.7
2023-01-01 14:00:00,724.0,33.1,43,3.7
2023-01-01 15:00:00,561.0,33.2,42,4.2
2023-01-01 16:00:00,383.0,33.0,42,3.7
2023-01-01 17:00:00,191.0,31.9,47,4.0
2023-01-02 06:00:00,0.0,24.8,66,13.6
2023-01-02 07:00:00,37.0,24.7,69,9.2
2023-01-02 08:00:00,228.0,26.0,66,3.6
2023-01-02 09:00:00,452.0,27.8,63,1.8
2023-01-02 10:00:00,629.0,29.5,56,2.7
2023-01-02 11:00:00,765.0,30.5,53,6.8
2023-01-02 12:00:00,781.0,31.5,48,8.0
2023-01-02 13:00:00,758.0,32.5,43,6.5
2023-01-02 14:00:00,770.0,33.0,40,6.3
2023-01-02 15:00:00,628.0,33.3,37,6.4
2023-01-02 16:00:00,425.0,33.3,37,5.7
2023-01-02 17:00:00,216.0,31.8,47,3.5
2023-01-03 06:00:00,0.0,22.5,78,5.0
2023-01-03 07:00:00,37.0,23.5,74,7.8
2023-01-03 08:00:00,230.0,24.9,75,5.9
2023-01-03 09:00:00,451.0,27.3,71,6.6
2023-01-03 10:00:00,639.0,29.4,60,7.2
2023-01-03 11:00:00,751.0,30.8,51,8.6
2023-01-03 12:00:00,844.0,31.9,46,11.2
2023-01-03 13:00:00,824.0,32.3,44,9.7
2023-01-03 14:00:00,698.0,32.8,41,5.7
2023-01-03 15:00:00,591.0,33.0,40,3.4
2023-01-03 16:00:00,407.0,32.7,40,2.9
2023-01-03 17:00:00,193.0,31.6,46,3.0
2023-01-04 06:00:00,0.0,24.5,68,17.2
2023-01-04 07:00:00,34.0,24.7,69,8.7
2023-01-04 08:00:00,208.0,25.8,69,5.0
2023-01-04 09:00:00,444.0,27.4,66,4.7
2023-01-04 10:00:00,636.0,29.0,59,5.4
2023-01-04 11:00:00,780.0,30.2,53,5.6
2023-01-04 12:00:00,850.0,31.2,48,5.4
2023-01-04 13:00:00,820.0,31.9,44,3.2
2023-01-04 14:00:00,765.0,32.2,42,1.8
2023-01-04 15:00:00,620.0,32.5,39,3.1
2023-01-04 16:00:00,433.0,32.2,40,5.4
2023-01-04 17:00:00,211.0,31.2,45,6.6
2023-01-05 06:00:00,0.0,23.9,72,16.0
2023-01-05 07:00:00,36.0,24.9,71,16.9
2023-01-05 08:00:00,223.0,27.1,64,18.4
2023-01-05 09:00:00,446.0,28.9,56,20.6
2023-01-05 10:00:00,640.0,30.4,51,15.9
2023-01-05 11:00:00,784.0,31.9,45,12.9
2023-01-05 12:00:00,859.0,33.0,40,11.2
2023-01-05 13:00:00,860.0,33.7,37,7.9
2023-01-05 14:00:00,777.0,34.2,35,6.1
2023-01-05 15:00:00,625.0,34.2,34,4.5
2023-01-05 16:00:00,430.0,33.9,35,4.4
2023-01-05 17:00:00,219.0,32.5,44,4.4
2023-01-06 06:00:00,0.0,24.6,73,14.8
2023-01-06 07:00:00,32.0,25.4,72,13.8
2023-01-06 08:00:00,222.0,27.1,67,13.0
2023-01-06 09:00:00,444.0,29.3,58,14.0
2023-01-06 10:00:00,637.0,30.8,50,7.6
2023-01-06 11:00:00,776.0,31.9,47,4.7
2023-01-06 12:00:00,851.0,32.7,45,3.6
2023-01-06 13:00:00,851.0,33.3,43,2.6
2023-01-06 14:00:00,776.0,33.8,41,2.9
2023-01-06 15:00:00,635.0,34.2,39,2.8
2023-01-06 16:00:00,441.0,33.8,39,1.3
2023-01-06 17:00:00,207.0,33.0,45,3.5
2023-01-07 06:00:00,0.0,23.7,87,4.1
2023-01-07 07:00:00,32.0,25.3,76,1.8
2023-01-07 08:00:00,216.0,26.8,73,0.7
2023-01-07 09:00:00,435.0,28.6,66,3.3
2023-01-07 10:00:00,626.0,30.1,60,5.0
2023-01-07 11:00:00,741.0,31.5,55,5.8
2023-01-07 12:00:00,827.0,32.3,53,4.4
2023-01-07 13:00:00,841.0,33.0,51,3.9
2023-01-07 14:00:00,744.0,33.4,48,3.5
2023-01-07 15:00:00,579.0,33.5,47,4.5
2023-01-07 16:00:00,400.0,33.3,46,6.3
2023-01-07 17:00:00,164.0,30.4,55,10.2
2023-01-08 06:00:00,0.0,23.0,95,2.9
2023-01-08 07:00:00,31.0,24.4,91,2.9
2023-01-08 08:00:00,197.0,25.9,83,1.6
2023-01-08 09:00:00,406.0,27.6,75,5.2
2023-01-08 10:00:00,522.0,28.9,68,6.5
2023-01-08 11:00:00,675.0,30.1,63,6.4
2023-01-08 12:00:00,752.0,31.1,59,5.8
2023-01-08 13:00:00,581.0,31.4,57,5.9
2023-01-08 14:00:00,498.0,31.8,55,5.6
2023-01-08 15:00:00,526.0,32.0,54,6.5
2023-01-08 16:00:00,349.0,30.6,59,10.4
2023-01-08 17:00:00,142.0,28.9,67,8.8
2023-01-09 06:00:00,0.0,24.0,95,1.1
2023-01-09 07:00:00,29.0,23.8,94,1.4
2023-01-09 08:00:00,198.0,25.4,86,1.3
2023-01-09 09:00:00,413.0,27.2,76,2.6
2023-01-09 10:00:00,610.0,29.0,66,3.3
2023-01-09 11:00:00,714.0,30.5,62,4.7
2023-01-09 12:00:00,810.0,31.3,58,4.3
2023-01-09 13:00:00,806.0,31.8,56,2.5
2023-01-09 14:00:00,704.0,32.0,54,2.5
2023-01-09 15:00:00,512.0,31.9,53,3.8
2023-01-09 16:00:00,350.0,29.7,63,8.7
2023-01-09 17:00:00,120.0,28.5,68,5.8
2023-01-10 06:00:00,0.0,22.0,97,3.3
2023-01-10 07:00:00,13.0,22.7,98,9.3
2023-01-10 08:00:00,100.0,23.6,92,6.6
2023-01-10 09:00:00,295.0,24.9,87,9.2
2023-01-10 10:00:00,415.0,26.0,81,7.7
2023-01-10 11:00:00,574.0,27.5,73,7.1
2023-01-10 12:00:00,614.0,28.1,70,8.4
2023-01-10 13:00:00,817.0,29.2,67,7.2
2023-01-10 14:00:00,722.0,29.5,66,8.4
2023-01-10 15:00:00,577.0,29.2,66,8.3
2023-01-10 16:00:00,388.0,28.5,66,8.1
2023-01-10 17:00:00,165.0,27.1,73,1.4
2023-01-11 06:00:00,0.0,21.6,98,3.1
2023-01-11 07:00:00,29.0,22.0,97,3.9
2023-01-11 08:00:00,205.0,23.6,92,4.1
2023-01-11 09:00:00,423.0,25.4,87,2.6
2023-01-11 10:00:00,608.0,27.1,80,3.2
2023-01-11 11:00:00,768.0,28.9,72,4.2
2023-01-11 12:00:00,826.0,29.9,68,5.1
2023-01-11 13:00:00,842.0,30.9,62,6.9
2023-01-11 14:00:00,753.0,31.2,58,6.3
2023-01-11 15:00:00,597.0,29.5,69,9.3
2023-01-11 16:00:00,321.0,28.7,71,6.7
2023-01-11 17:00:00,162.0,28.0,72,7.4
2023-01-12 06:00:00,0.0,23.5,81,12.8
2023-01-12 07:00:00,29.0,24.5,77,12.7
2023-01-12 08:00:00,201.0,26.0,74,10.8
2023-01-12 09:00:00,424.0,27.8,67,13.7
2023-01-12 10:00:00,621.0,29.3,61,14.0
2023-01-12 11:00:00,766.0,30.4,58,14.1
2023-01-12 12:00:00,846.0,31.2,55,10.4
2023-01-12 13:00:00,851.0,31.9,53,6.9
2023-01-12 14:00:00,765.0,32.0,51,5.2
2023-01-12 15:00:00,592.0,32.2,50,4.7
2023-01-12 16:00:00,409.0,32.0,49,1.9
2023-01-12 17:00:00,210.0,30.0,60,7.3
2023-01-13 06:00:00,0.0,22.5,91,5.1
2023-01-13 07:00:00,29.0,23.5,87,2.2
2023-01-13 08:00:00,198.0,25.2,85,3.2
2023-01-13 09:00:00,415.0,27.0,83,4.3
2023-01-13 10:00:00,559.0,28.0,78,4.8
2023-01-13 11:00:00,719.0,29.4,68,4.9
2023-01-13 12:00:00,820.0,30.5,64,3.4
2023-01-13 13:00:00,828.0,31.4,59,2.6
2023-01-13 14:00:00,758.0,31.8,57,2.2
2023-01-13 15:00:00,619.0,31.9,57,3.4
2023-01-13 16:00:00,440.0,29.4,69,6.6
2023-01-13 17:00:00,189.0,28.2,74,10.2
2023-01-14 06:00:00,0.0,22.6,96,2.1
2023-01-14 07:00:00,27.0,23.1,95,2.1
2023-01-14 08:00:00,197.0,24.6,88,1.8
2023-01-14 09:00:00,432.0,26.5,80,2.8
2023-01-14 10:00:00,634.0,28.1,73,5.1
2023-01-14 11:00:00,751.0,29.5,67,5.1
2023-01-14 12:00:00,804.0,30.5,63,5.0
2023-01-14 13:00:00,791.0,31.2,61,5.4
2023-01-14 14:00:00,781.0,31.5,60,4.4
2023-01-14 15:00:00,611.0,29.8,66,8.1
2023-01-14 16:00:00,340.0,28.3,71,5.6
2023-01-14 17:00:00,185.0,28.5,72,2.6
2023-01-15 06:00:00,0.0,21.0,99,2.2
2023-01-15 07:00:00,28.0,22.6,96,5.2
2023-01-15 08:00:00,200.0,24.2,89,5.0
2023-01-15 09:00:00,422.0,26.2,83,5.5
2023-01-15 10:00:00,625.0,28.2,71,8.3
2023-01-15 11:00:00,739.0,29.9,62,9.2
2023-01-15 12:00:00,805.0,31.0,55,8.7
2023-01-15 13:00:00,818.0,32.0,49,7.6
2023-01-15 14:00:00,770.0,32.7,45,8.9
2023-01-15 15:00:00,623.0,32.7,44,10.9
2023-01-15 16:00:00,442.0,32.0,46,13.1
2023-01-15 17:00:00,238.0,30.5,56,6.2
2023-01-16 06:00:00,0.0,22.0,81,6.0
2023-01-16 07:00:00,31.0,22.4,83,4.5
2023-01-16 08:00:00,211.0,23.8,83,2.5
2023-01-16 09:00:00,438.0,26.0,77,3.8
2023-01-16 10:00:00,645.0,28.2,67,5.2
2023-01-16 11:00:00,786.0,29.8,58,8.5
2023-01-16 12:00:00,874.0,31.2,49,7.2
2023-01-16 13:00:00,881.0,32.0,44,4.3
2023-01-16 14:00:00,804.0,32.6,40,2.3
2023-01-16 15:00:00,664.0,32.6,39,2.5
2023-01-16 16:00:00,472.0,32.3,38,2.9
2023-01-16 17:00:00,248.0,30.9,51,4.1
2023-01-17 06:00:00,0.0,24.0,72,16.4
2023-01-17 07:00:00,31.0,24.1,73,11.3
2023-01-17 08:00:00,218.0,25.5,71,7.2
2023-01-17 09:00:00,447.0,27.7,63,6.5
2023-01-17 10:00:00,647.0,29.4,55,5.5
2023-01-17 11:00:00,795.0,30.6,52,4.5
2023-01-17 12:00:00,881.0,31.5,49,3.3
2023-01-17 13:00:00,886.0,32.2,47,1.3
2023-01-17 14:00:00,817.0,32.7,45,0.0
2023-01-17 15:00:00,634.0,32.8,43,0.8
2023-01-17 16:00:00,459.0,32.8,40,2.0
2023-01-17 17:00:00,242.0,32.2,42,1.3
2023-01-18 06:00:00,0.0,23.0,73,12.0
2023-01-18 07:00:00,29.0,23.3,77,11.5
2023-01-18 08:00:00,214.0,25.3,72,8.0
2023-01-18 09:00:00,434.0,28.1,62,11.6
2023-01-18 10:00:00,606.0,29.8,56,10.1
2023-01-18 11:00:00,788.0,31.0,51,7.9
2023-01-18 12:00:00,873.0,32.1,47,6.1
2023-01-18 13:00:00,874.0,33.0,43,4.7
2023-01-18 14:00:00,796.0,33.3,41,5.2
2023-01-18 15:00:00,649.0,33.5,39,4.3
2023-01-18 16:00:00,455.0,33.3,38,4.3
2023-01-18 17:00:00,243.0,32.2,47,3.9
2023-01-19 06:00:00,0.0,21.9,82,6.6
2023-01-19 07:00:00,29.0,22.8,75,5.5
2023-01-19 08:00:00,210.0,24.5,71,3.8
2023-01-19 09:00:00,442.0,26.8,66,3.1
2023-01-19 10:00:00,646.0,28.6,62,5.2
2023-01-19 11:00:00,791.0,30.2,54,3.5
2023-01-19 12:00:00,879.0,31.6,47,3.3
2023-01-19 13:00:00,884.0,32.7,42,2.5
2023-01-19 14:00:00,745.0,33.0,39,1.0
2023-01-19 15:00:00,641.0,33.3,38,3.2
2023-01-19 16:00:00,486.0,33.2,39,4.5
2023-01-19 17:00:00,253.0,32.1,44,5.4
2023-01-20 06:00:00,0.0,24.0,70,16.1
2023-01-20 07:00:00,29.0,24.4,70,16.4
2023-01-20 08:00:00,216.0,26.3,65,14.0
2023-01-20 09:00:00,446.0,28.5,53,16.4
2023-01-20 10:00:00,652.0,30.2,43,17.3
2023-01-20 11:00:00,808.0,31.9,35,18.4
2023-01-20 12:00:00,896.0,33.2,31,15.5
2023-01-20 13:00:00,908.0,33.7,31,12.3
2023-01-20 14:00:00,835.0,33.5,33,9.8
2023-01-20 15:00:00,682.0,33.5,33,7.9
2023-01-20 16:00:00,492.0,33.3,33,7.8
2023-01-20 17:00:00,263.0,32.1,39,5.7
2023-01-21 06:00:00,0.0,23.5,78,14.0
2023-01-21 07:00:00,29.0,24.0,76,14.6
2023-01-21 08:00:00,216.0,26.1,68,12.8
2023-01-21 09:00:00,447.0,28.9,53,12.7
2023-01-21 10:00:00,654.0,30.9,44,10.4
2023-01-21 11:00:00,804.0,32.2,40,9.0
2023-01-21 12:00:00,890.0,33.2,38,7.3
2023-01-21 13:00:00,892.0,33.8,36,6.4
2023-01-21 14:00:00,824.0,34.1,34,6.1
2023-01-21 15:00:00,689.0,34.2,33,5.4
2023-01-21 16:00:00,477.0,34.0,34,3.6
2023-01-21 17:00:00,256.0,33.5,34,1.9
2023-01-22 06:00:00,0.0,23.8,74,17.6
2023-01-22 07:00:00,29.0,24.5,71,18.1
2023-01-22 08:00:00,215.0,26.7,64,14.7
2023-01-22 09:00:00,446.0,28.9,53,15.9
2023-01-22 10:00:00,652.0,30.5,47,13.7
2023-01-22 11:00:00,805.0,32.0,42,10.5
2023-01-22 12:00:00,887.0,33.0,39,9.3
2023-01-22 13:00:00,894.0,33.7,38,10.4
2023-01-22 14:00:00,813.0,34.3,35,13.3
2023-01-22 15:00:00,660.0,34.3,35,14.1
2023-01-22 16:00:00,478.0,33.8,35,13.7
2023-01-22 17:00:00,267.0,32.7,38,10.4
2023-01-23 06:00:00,0.0,23.8,72,8.4
2023-01-23 07:00:00,26.0,24.1,73,5.1
2023-01-23 08:00:00,183.0,25.9,68,5.7
2023-01-23 09:00:00,384.0,28.1,58,4.6
2023-01-23 10:00:00,624.0,30.1,49,4.2
2023-01-23 11:00:00,790.0,31.8,45,4.8
2023-01-23 12:00:00,877.0,33.2,41,7.7
2023-01-23 13:00:00,877.0,34.2,38,6.0
2023-01-23 14:00:00,815.0,34.8,35,3.9
2023-01-23 15:00:00,657.0,35.0,35,5.5
2023-01-23 16:00:00,475.0,34.6,36,9.6
2023-01-23 17:00:00,235.0,33.6,40,7.2
2023-01-24 06:00:00,0.0,25.4,65,13.9
2023-01-24 07:00:00,28.0,25.6,65,16.1
2023-01-24 08:00:00,163.0,27.4,63,15.0
2023-01-24 09:00:00,423.0,30.1,50,18.8
2023-01-24 10:00:00,627.0,32.0,42,16.8
2023-01-24 11:00:00,798.0,33.3,38,12.3
2023-01-24 12:00:00,850.0,34.4,35,9.2
2023-01-24 13:00:00,790.0,35.0,33,7.2
2023-01-24 14:00:00,584.0,35.0,32,6.3
2023-01-24 15:00:00,327.0,34.5,33,4.9
2023-01-24 16:00:00,179.0,34.2,35,12.1
2023-01-24 17:00:00,113.0,32.0,44,17.9
2023-01-25 06:00:00,0.0,24.8,69,14.2
2023-01-25 07:00:00,29.0,25.0,72,15.1
2023-01-25 08:00:00,214.0,27.5,62,14.0
2023-01-25 09:00:00,438.0,30.0,48,13.5
2023-01-25 10:00:00,615.0,31.5,42,13.7
2023-01-25 11:00:00,801.0,32.5,39,10.0
2023-01-25 12:00:00,893.0,33.7,36,6.7
2023-01-25 13:00:00,906.0,34.7,34,6.8
2023-01-25 14:00:00,840.0,35.2,34,8.4
2023-01-25 15:00:00,684.0,35.5,32,10.3
2023-01-25 16:00:00,501.0,35.0,31,12.6
2023-01-25 17:00:00,239.0,33.3,35,10.5
2023-01-26 06:00:00,0.0,23.9,73,22.7
2023-01-26 07:00:00,29.0,24.7,72,24.2
2023-01-26 08:00:00,199.0,26.8,64,22.4
2023-01-26 09:00:00,452.0,29.5,51,22.2
2023-01-26 10:00:00,656.0,31.5,39,19.3
2023-01-26 11:00:00,817.0,32.8,34,13.9
2023-01-26 12:00:00,902.0,33.8,30,8.7
2023-01-26 13:00:00,917.0,34.8,28,7.6
2023-01-26 14:00:00,854.0,35.2,26,7.2
2023-01-26 15:00:00,711.0,35.3,26,6.5
2023-01-26 16:00:00,514.0,35.0,25,10.5
2023-01-26 17:00:00,280.0,33.2,30,9.7
2023-01-27 06:00:00,0.0,23.5,71,19.9
2023-01-27 07:00:00,29.0,23.8,70,19.9
2023-01-27 08:00:00,219.0,25.9,63,18.1
2023-01-27 09:00:00,455.0,28.5,49,17.2
2023-01-27 10:00:00,664.0,30.5,41,13.4
2023-01-27 11:00:00,823.0,32.0,36,9.8
2023-01-27 12:00:00,914.0,33.2,31,6.8
2023-01-27 13:00:00,925.0,34.1,29,5.4
2023-01-27 14:00:00,856.0,34.7,29,6.4
2023-01-27 15:00:00,712.0,34.8,28,9.4
2023-01-27 16:00:00,515.0,34.3,28,11.2
2023-01-27 17:00:00,281.0,32.8,34,9.9
2023-01-28 06:00:00,0.0,24.8,56,24.6
2023-01-28 07:00:00,29.0,25.2,54,24.4
2023-01-28 08:00:00,220.0,26.6,52,22.5
2023-01-28 09:00:00,458.0,28.5,45,23.9
2023-01-28 10:00:00,669.0,30.4,36,22.7
2023-01-28 11:00:00,823.0,31.8,31,19.8
2023-01-28 12:00:00,911.0,33.0,28,18.2
2023-01-28 13:00:00,924.0,33.7,26,16.9
2023-01-28 14:00:00,859.0,34.0,25,16.0
2023-01-28 15:00:00,720.0,34.0,24,15.6
2023-01-28 16:00:00,522.0,33.4,26,15.3
2023-01-28 17:00:00,286.0,31.9,30,12.6
2023-01-29 06:00:00,0.0,23.5,61,20.9
2023-01-29 07:00:00,30.0,24.0,61,22.6
2023-01-29 08:00:00,222.0,25.8,58,19.6
2023-01-29 09:00:00,460.0,27.9,51,21.7
2023-01-29 10:00:00,671.0,29.9,43,22.3
2023-01-29 11:00:00,830.0,31.7,36,20.2
2023-01-29 12:00:00,919.0,33.0,33,18.7
2023-01-29 13:00:00,930.0,33.8,30,17.0
2023-01-29 14:00:00,863.0,34.2,29,15.2
2023-01-29 15:00:00,723.0,34.1,29,14.0
2023-01-29 16:00:00,524.0,33.7,30,14.3
2023-01-29 17:00:00,288.0,32.2,33,14.5
2023-01-30 06:00:00,0.0,23.6,69,20.0
2023-01-30 07:00:00,30.0,23.8,71,19.0
2023-01-30 08:00:00,221.0,25.6,64,20.1
2023-01-30 09:00:00,459.0,28.1,56,21.0
2023-01-30 10:00:00,670.0,30.4,44,19.2
2023-01-30 11:00:00,828.0,32.0,37,15.3
2023-01-30 12:00:00,919.0,33.2,33,12.7
2023-01-30 13:00:00,932.0,34.2,30,10.3
2023-01-30 14:00:00,866.0,34.6,27,8.7
2023-01-30 15:00:00,728.0,34.7,26,7.1
2023-01-30 16:00:00,526.0,34.5,26,7.1
2023-01-30 17:00:00,288.0,33.1,33,7.2
2023-01-31 06:00:00,0.0,23.8,61,17.6
2023-01-31 07:00:00,30.0,23.7,67,17.1
2023-01-31 08:00:00,221.0,25.4,63,15.5
2023-01-31 09:00:00,458.0,28.0,51,20.9
2023-01-31 10:00:00,671.0,30.0,40,19.2
2023-01-31 11:00:00,830.0,31.5,36,12.5
2023-01-31 12:00:00,916.0,32.3,35,8.7
2023-01-31 13:00:00,926.0,33.0,34,6.1
2023-01-31 14:00:00,858.0,33.6,32,3.8
2023-01-31 15:00:00,719.0,34.0,30,4.1
2023-01-31 16:00:00,521.0,34.0,28,8.7
2023-01-31 17:00:00,284.0,32.8,30,11.3
2023-02-01 06:00:00,0.0,22.5,67,12.4
2023-02-01 07:00:00,30.0,22.6,70,12.8
2023-02-01 08:00:00,222.0,25.0,61,8.5
2023-02-01 09:00:00,461.0,28.0,46,9.7
2023-02-01 10:00:00,674.0,30.2,39,10.1
2023-02-01 11:00:00,832.0,31.8,35,12.0
2023-02-01 12:00:00,918.0,33.2,29,7.8
2023-02-01 13:00:00,930.0,34.2,27,7.3
2023-02-01 14:00:00,865.0,34.5,25,7.4
2023-02-01 15:00:00,727.0,34.5,25,8.9
2023-02-01 16:00:00,526.0,34.4,27,8.9
2023-02-01 17:00:00,289.0,33.0,31,9.7
2023-02-02 06:00:00,0.0,24.4,64,17.7
2023-02-02 07:00:00,29.0,25.3,59,21.3
2023-02-02 08:00:00,219.0,27.0,55,20.2
2023-02-02 09:00:00,456.0,29.2,46,21.3
2023-02-02 10:00:00,668.0,31.0,38,19.4
2023-02-02 11:00:00,828.0,32.2,35,14.1
2023-02-02 12:00:00,920.0,33.4,33,8.5
2023-02-02 13:00:00,930.0,34.5,31,8.0
2023-02-02 14:00:00,862.0,35.2,27,10.1
2023-02-02 15:00:00,721.0,35.2,26,13.0
2023-02-02 16:00:00,524.0,34.4,29,16.5
2023-02-02 17:00:00,290.0,32.5,35,20.1
2023-02-03 06:00:00,0.0,23.4,63,21.0
2023-02-03 07:00:00,30.0,23.7,67,19.9
2023-02-03 08:00:00,220.0,25.5,63,19.2
2023-02-03 09:00:00,458.0,28.2,54,19.6
2023-02-03 10:00:00,670.0,30.9,42,16.8
2023-02-03 11:00:00,830.0,32.8,34,13.3
2023-02-03 12:00:00,921.0,33.8,31,10.0
2023-02-03 13:00:00,934.0,34.5,29,5.4
2023-02-03 14:00:00,867.0,35.0,28,2.3
2023-02-03 15:00:00,728.0,35.2,27,0.4
2023-02-03 16:00:00,529.0,35.2,26,0.7
2023-02-03 17:00:00,293.0,34.4,28,1.1
2023-02-04 06:00:00,0.0,24.5,63,18.9
2023-02-04 07:00:00,29.0,24.8,66,17.4
2023-02-04 08:00:00,218.0,26.9,61,17.1
2023-02-04 09:00:00,451.0,29.3,51,19.0
2023-02-04 10:00:00,667.0,31.2,43,15.3
2023-02-04 11:00:00,819.0,32.7,38,13.3
2023-02-04 12:00:00,908.0,33.9,34,11.3
2023-02-04 13:00:00,922.0,34.8,31,9.4
2023-02-04 14:00:00,858.0,35.2,29,6.3
2023-02-04 15:00:00,639.0,35.2,29,6.6
2023-02-04 16:00:00,461.0,34.8,30,7.9
2023-02-04 17:00:00,285.0,34.1,32,5.8
2023-02-05 06:00:00,0.0,24.7,65,9.6
2023-02-05 07:00:00,25.0,25.0,67,11.8
2023-02-05 08:00:00,214.0,27.5,61,10.1
2023-02-05 09:00:00,449.0,30.5,48,12.3
2023-02-05 10:00:00,668.0,32.2,42,10.4
2023-02-05 11:00:00,819.0,33.2,41,10.4
2023-02-05 12:00:00,875.0,34.2,39,7.1
2023-02-05 13:00:00,903.0,35.0,36,6.4
2023-02-05 14:00:00,836.0,35.3,35,5.7
2023-02-05 15:00:00,683.0,35.3,34,6.4
2023-02-05 16:00:00,482.0,34.9,34,9.9
2023-02-05 17:00:00,222.0,34.0,35,7.9
2023-02-06 06:00:00,0.0,25.0,70,16.3
2023-02-06 07:00:00,29.0,25.9,67,19.4
2023-02-06 08:00:00,213.0,28.0,61,17.8
2023-02-06 09:00:00,442.0,30.5,50,16.4
2023-02-06 10:00:00,654.0,32.0,44,11.3
2023-02-06 11:00:00,810.0,33.5,40,10.0
2023-02-06 12:00:00,903.0,34.8,36,9.1
2023-02-06 13:00:00,907.0,35.7,34,7.9
2023-02-06 14:00:00,805.0,35.3,34,10.5
2023-02-06 15:00:00,669.0,35.5,32,6.5
2023-02-06 16:00:00,345.0,34.6,33,8.2
2023-02-06 17:00:00,235.0,34.2,35,6.8
2023-02-07 06:00:00,0.0,24.8,67,19.9
2023-02-07 07:00:00,28.0,25.4,68,22.0
2023-02-07 08:00:00,216.0,27.3,62,23.7
2023-02-07 09:00:00,450.0,29.6,53,24.0
2023-02-07 10:00:00,653.0,31.9,44,22.6
2023-02-07 11:00:00,791.0,33.3,39,19.3
2023-02-07 12:00:00,897.0,34.5,36,15.0
2023-02-07 13:00:00,900.0,35.5,35,15.6
2023-02-07 14:00:00,850.0,36.0,33,15.9
2023-02-07 15:00:00,700.0,36.0,33,14.9
2023-02-07 16:00:00,391.0,35.4,34,15.5
2023-02-07 17:00:00,279.0,34.2,37,17.6
2023-02-08 06:00:00,0.0,25.6,66,22.6
2023-02-08 07:00:00,30.0,26.4,62,23.0
2023-02-08 08:00:00,218.0,28.1,56,23.5
2023-02-08 09:00:00,455.0,30.2,49,23.7
2023-02-08 10:00:00,666.0,32.0,43,22.1
2023-02-08 11:00:00,824.0,33.5,39,17.7
2023-02-08 12:00:00,912.0,34.8,36,15.0
2023-02-08 13:00:00,924.0,35.5,34,15.2
2023-02-08 14:00:00,859.0,35.8,33,15.5
2023-02-08 15:00:00,722.0,35.8,33,15.8
2023-02-08 16:00:00,523.0,35.5,33,15.1
2023-02-08 17:00:00,286.0,34.5,36,16.6
2023-02-09 06:00:00,0.0,26.1,62,21.1
2023-02-09 07:00:00,30.0,26.8,60,22.7
2023-02-09 08:00:00,214.0,28.3,56,20.9
2023-02-09 09:00:00,450.0,30.4,49,22.4
2023-02-09 10:00:00,666.0,32.0,43,19.6
2023-02-09 11:00:00,824.0,33.3,40,13.4
2023-02-09 12:00:00,915.0,34.6,38,11.3
2023-02-09 13:00:00,924.0,35.5,36,12.3
2023-02-09 14:00:00,846.0,35.8,35,13.0
2023-02-09 15:00:00,695.0,35.9,33,13.7
2023-02-09 16:00:00,477.0,35.5,34,15.5
2023-02-09 17:00:00,262.0,34.5,35,15.9
2023-02-10 06:00:00,0.0,26.1,62,17.1
2023-02-10 07:00:00,30.0,26.5,63,17.4
2023-02-10 08:00:00,217.0,28.0,58,17.2
2023-02-10 09:00:00,451.0,30.5,48,19.7
2023-02-10 10:00:00,662.0,32.5,40,21.4
2023-02-10 11:00:00,819.0,33.6,37,15.6
2023-02-10 12:00:00,908.0,34.3,37,9.0
2023-02-10 13:00:00,919.0,35.5,35,8.8
2023-02-10 14:00:00,848.0,36.2,34,10.8
2023-02-10 15:00:00,707.0,36.2,34,12.0
2023-02-10 16:00:00,499.0,35.7,34,13.5
2023-02-10 17:00:00,261.0,34.8,35,10.6
2023-02-11 06:00:00,0.0,25.5,68,19.8
2023-02-11 07:00:00,30.0,25.9,67,18.5
2023-02-11 08:00:00,217.0,27.5,62,19.0
2023-02-11 09:00:00,452.0,29.6,54,20.6
2023-02-11 10:00:00,663.0,31.8,46,21.3
2023-02-11 11:00:00,821.0,33.5,39,18.8
2023-02-11 12:00:00,911.0,34.5,36,13.7
2023-02-11 13:00:00,923.0,35.2,34,9.8
2023-02-11 14:00:00,856.0,35.7,34,7.7
2023-02-11 15:00:00,711.0,35.8,34,7.9
2023-02-11 16:00:00,517.0,35.9,33,10.8
2023-02-11 17:00:00,285.0,35.1,34,11.3
2023-02-12 06:00:00,0.0,25.6,66,18.8
2023-02-12 07:00:00,31.0,26.0,66,19.3
2023-02-12 08:00:00,219.0,27.8,60,19.8
2023-02-12 09:00:00,454.0,30.1,52,20.0
2023-02-12 10:00:00,665.0,32.3,43,19.0
2023-02-12 11:00:00,824.0,34.0,38,16.0
2023-02-12 12:00:00,914.0,35.0,36,12.4
2023-02-12 13:00:00,924.0,35.7,34,9.4
2023-02-12 14:00:00,857.0,36.0,34,7.9
2023-02-12 15:00:00,718.0,36.5,33,7.5
2023-02-12 16:00:00,519.0,36.0,34,8.9
2023-02-12 17:00:00,268.0,35.2,35,10.3
2023-02-13 06:00:00,0.0,25.5,69,22.9
2023-02-13 07:00:00,31.0,26.1,68,21.5
2023-02-13 08:00:00,213.0,27.8,63,22.6
2023-02-13 09:00:00,444.0,30.1,54,24.4
2023-02-13 10:00:00,659.0,32.2,45,19.0
2023-02-13 11:00:00,815.0,33.8,41,13.6
2023-02-13 12:00:00,906.0,35.1,38,9.3
2023-02-13 13:00:00,920.0,35.9,36,6.1
2023-02-13 14:00:00,851.0,36.5,35,5.7
2023-02-13 15:00:00,713.0,36.8,34,6.4
2023-02-13 16:00:00,489.0,35.4,36,14.1
2023-02-13 17:00:00,236.0,33.5,40,15.9
2023-02-14 06:00:00,0.0,25.5,72,19.1
2023-02-14 07:00:00,32.0,26.0,71,17.3
2023-02-14 08:00:00,212.0,27.8,65,19.5
2023-02-14 09:00:00,443.0,30.2,54,21.5
2023-02-14 10:00:00,652.0,32.2,46,19.9
2023-02-14 11:00:00,821.0,33.8,42,16.1
2023-02-14 12:00:00,909.0,35.1,38,11.3
2023-02-14 13:00:00,918.0,35.8,37,7.4
2023-02-14 14:00:00,854.0,36.3,36,5.5
2023-02-14 15:00:00,720.0,36.8,35,10.1
2023-02-14 16:00:00,467.0,35.0,38,16.3
2023-02-14 17:00:00,236.0,34.6,38,8.2
2023-02-15 06:00:00,0.0,25.8,71,19.3
2023-02-15 07:00:00,31.0,26.9,67,21.1
2023-02-15 08:00:00,212.0,28.5,62,21.9
2023-02-15 09:00:00,436.0,30.4,55,21.5
2023-02-15 10:00:00,651.0,32.3,48,19.8
2023-02-15 11:00:00,808.0,34.0,42,16.9
2023-02-15 12:00:00,894.0,35.0,39,11.7
2023-02-15 13:00:00,915.0,35.8,37,8.5
2023-02-15 14:00:00,853.0,36.3,36,9.1
2023-02-15 15:00:00,709.0,36.1,37,13.4
2023-02-15 16:00:00,486.0,34.4,41,20.5
2023-02-15 17:00:00,210.0,34.1,41,15.5
2023-02-16 06:00:00,0.0,25.6,70,20.7
2023-02-16 07:00:00,32.0,26.6,66,22.3
2023-02-16 08:00:00,208.0,28.1,61,21.1
2023-02-16 09:00:00,440.0,30.2,53,23.3
2023-02-16 10:00:00,648.0,31.9,47,23.4
2023-02-16 11:00:00,809.0,33.4,42,21.7
2023-02-16 12:00:00,882.0,34.5,40,17.0
2023-02-16 13:00:00,899.0,35.5,38,14.4
2023-02-16 14:00:00,835.0,36.1,36,15.8
2023-02-16 15:00:00,636.0,36.0,35,17.7
2023-02-16 16:00:00,470.0,35.3,36,19.8
2023-02-16 17:00:00,268.0,33.6,40,20.6
2023-02-17 06:00:00,0.0,25.3,57,19.5
2023-02-17 07:00:00,34.0,26.0,53,20.1
2023-02-17 08:00:00,229.0,27.8,45,19.4
2023-02-17 09:00:00,468.0,30.2,36,20.8
2023-02-17 10:00:00,684.0,32.0,33,19.1
2023-02-17 11:00:00,852.0,33.5,30,16.1
2023-02-17 12:00:00,946.0,34.7,29,14.5
2023-02-17 13:00:00,956.0,35.2,29,12.8
2023-02-17 14:00:00,882.0,35.8,29,12.0
2023-02-17 15:00:00,733.0,36.0,28,11.9
2023-02-17 16:00:00,528.0,35.5,27,14.1
2023-02-17 17:00:00,298.0,34.6,28,13.7
2023-02-18 06:00:00,0.0,24.8,62,23.5
2023-02-18 07:00:00,35.0,25.5,60,24.0
2023-02-18 08:00:00,234.0,27.2,56,23.4
2023-02-18 09:00:00,476.0,29.5,46,26.2
2023-02-18 10:00:00,693.0,31.5,37,25.8
2023-02-18 11:00:00,854.0,33.2,32,19.0
2023-02-18 12:00:00,946.0,34.3,30,16.1
2023-02-18 13:00:00,956.0,35.5,28,16.9
2023-02-18 14:00:00,880.0,35.7,26,18.6
2023-02-18 15:00:00,731.0,35.5,26,18.4
2023-02-18 16:00:00,535.0,35.1,27,18.0
2023-02-18 17:00:00,297.0,34.0,29,18.6
2023-02-19 06:00:00,0.0,23.8,61,20.3
2023-02-19 07:00:00,36.0,24.0,61,20.5
2023-02-19 08:00:00,238.0,25.8,55,20.2
2023-02-19 09:00:00,487.0,28.4,45,20.5
2023-02-19 10:00:00,708.0,31.2,33,19.5
2023-02-19 11:00:00,875.0,33.4,25,17.0
2023-02-19 12:00:00,970.0,34.9,21,12.6
2023-02-19 13:00:00,983.0,35.8,20,8.8
2023-02-19 14:00:00,913.0,36.4,20,10.7
2023-02-19 15:00:00,765.0,36.7,19,15.4
2023-02-19 16:00:00,558.0,36.1,19,19.2
2023-02-19 17:00:00,315.0,35.0,21,16.9
2023-02-20 06:00:00,0.0,24.5,60,21.5
2023-02-20 07:00:00,37.0,24.6,62,21.3
2023-02-20 08:00:00,239.0,26.1,60,20.7
2023-02-20 09:00:00,483.0,28.8,49,20.4
2023-02-20 10:00:00,703.0,31.5,35,21.6
2023-02-20 11:00:00,867.0,33.7,28,20.1
2023-02-20 12:00:00,957.0,34.7,26,14.7
2023-02-20 13:00:00,969.0,35.5,24,9.4
2023-02-20 14:00:00,900.0,36.2,23,9.6
2023-02-20 15:00:00,756.0,36.5,23,13.0
2023-02-20 16:00:00,551.0,36.0,25,16.1
2023-02-20 17:00:00,309.0,34.6,28,18.7
2023-02-21 06:00:00,0.0,23.7,62,18.6
2023-02-21 07:00:00,37.0,24.0,65,19.1
2023-02-21 08:00:00,235.0,25.8,59,18.8
2023-02-21 09:00:00,477.0,28.5,50,18.5
2023-02-21 10:00:00,694.0,31.2,38,16.1
2023-02-21 11:00:00,857.0,33.4,32,13.0
2023-02-21 12:00:00,947.0,34.7,29,11.0
2023-02-21 13:00:00,960.0,35.5,28,9.2
2023-02-21 14:00:00,889.0,36.0,27,7.5
2023-02-21 15:00:00,736.0,36.3,25,7.9
2023-02-21 16:00:00,533.0,36.3,23,9.2
2023-02-21 17:00:00,296.0,35.6,23,10.2
2023-02-22 06:00:00,0.0,23.9,65,20.1
2023-02-22 07:00:00,38.0,24.2,65,19.7
2023-02-22 08:00:00,236.0,26.1,59,22.9
2023-02-22 09:00:00,477.0,28.8,50,22.9
2023-02-22 10:00:00,692.0,31.0,40,20.3
2023-02-22 11:00:00,853.0,33.0,32,16.9
2023-02-22 12:00:00,934.0,34.3,28,10.5
2023-02-22 13:00:00,938.0,35.0,28,7.2
2023-02-22 14:00:00,878.0,35.6,28,6.8
2023-02-22 15:00:00,736.0,36.1,28,11.5
2023-02-22 16:00:00,535.0,35.2,29,20.3
2023-02-22 17:00:00,297.0,34.0,31,19.6
2023-02-23 06:00:00,0.0,23.8,72,17.0
2023-02-23 07:00:00,37.0,24.5,69,17.2
2023-02-23 08:00:00,234.0,26.8,59,18.2
2023-02-23 09:00:00,474.0,29.3,48,20.3
2023-02-23 10:00:00,691.0,31.2,40,20.1
2023-02-23 11:00:00,853.0,33.2,33,16.0
2023-02-23 12:00:00,943.0,34.5,31,12.1
2023-02-23 13:00:00,954.0,35.5,29,12.9
2023-02-23 14:00:00,884.0,35.8,27,15.5
2023-02-23 15:00:00,743.0,36.0,27,14.1
2023-02-23 16:00:00,541.0,35.7,27,18.1
2023-02-23 17:00:00,303.0,34.4,29,18.9
2023-02-24 06:00:00,0.0,23.6,69,23.0
2023-02-24 07:00:00,39.0,24.4,68,21.1
2023-02-24 08:00:00,239.0,26.4,61,18.3
2023-02-24 09:00:00,484.0,29.1,48,21.7
2023-02-24 10:00:00,701.0,31.1,38,22.1
2023-02-24 11:00:00,864.0,33.2,31,20.5
2023-02-24 12:00:00,956.0,34.8,26,15.6
2023-02-24 13:00:00,966.0,35.6,25,10.3
2023-02-24 14:00:00,897.0,36.0,25,10.9
2023-02-24 15:00:00,749.0,36.2,24,12.4
2023-02-24 16:00:00,545.0,36.0,21,13.1
2023-02-24 17:00:00,305.0,35.0,24,14.1
2023-02-25 06:00:00,0.0,24.8,62,21.7
2023-02-25 07:00:00,39.0,25.5,58,22.2
2023-02-25 08:00:00,237.0,27.1,51,20.4
2023-02-25 09:00:00,479.0,29.5,44,22.9
2023-02-25 10:00:00,695.0,31.6,38,21.7
2023-02-25 11:00:00,855.0,33.3,32,17.1
2023-02-25 12:00:00,945.0,34.5,29,12.4
2023-02-25 13:00:00,958.0,35.5,27,12.3
2023-02-25 14:00:00,887.0,36.0,26,14.0
2023-02-25 15:00:00,744.0,36.0,26,14.2
2023-02-25 16:00:00,544.0,35.7,26,12.1
2023-02-25 17:00:00,304.0,35.3,25,8.6
2023-02-26 06:00:00,0.0,24.9,63,18.0
2023-02-26 07:00:00,39.0,25.6,63,17.8
2023-02-26 08:00:00,236.0,27.5,56,20.8
2023-02-26 09:00:00,475.0,29.9,48,21.7
2023-02-26 10:00:00,689.0,32.0,39,18.4
2023-02-26 11:00:00,848.0,33.6,34,13.4
2023-02-26 12:00:00,939.0,34.8,32,11.1
2023-02-26 13:00:00,952.0,35.8,30,10.2
2023-02-26 14:00:00,888.0,36.4,28,9.0
2023-02-26 15:00:00,744.0,36.5,27,8.4
2023-02-26 16:00:00,472.0,36.2,26,9.1
2023-02-26 17:00:00,293.0,35.9,26,6.7
2023-02-27 06:00:00,0.0,24.8,63,18.0
2023-02-27 07:00:00,40.0,25.6,61,15.1
2023-02-27 08:00:00,235.0,27.5,55,15.4
2023-02-27 09:00:00,475.0,30.1,46,17.2
2023-02-27 10:00:00,688.0,32.3,40,14.7
2023-02-27 11:00:00,848.0,33.9,36,12.4
2023-02-27 12:00:00,939.0,35.0,33,10.1
2023-02-27 13:00:00,951.0,35.8,31,7.2
2023-02-27 14:00:00,882.0,36.5,30,5.1
2023-02-27 15:00:00,741.0,37.0,28,5.4
2023-02-27 16:00:00,540.0,37.2,26,7.6
2023-02-27 17:00:00,299.0,36.3,26,11.7
2023-02-28 06:00:00,0.0,25.0,68,15.3
2023-02-28 07:00:00,40.0,26.0,67,14.8
2023-02-28 08:00:00,236.0,28.2,59,13.9
2023-02-28 09:00:00,474.0,30.9,48,14.3
2023-02-28 10:00:00,687.0,32.7,43,10.3
2023-02-28 11:00:00,846.0,34.2,39,8.6
2023-02-28 12:00:00,935.0,35.2,36,4.7
2023-02-28 13:00:00,938.0,36.3,34,0.0
2023-02-28 14:00:00,827.0,36.8,33,1.3
2023-02-28 15:00:00,679.0,37.4,32,1.8
2023-02-28 16:00:00,504.0,37.4,31,2.8
2023-02-28 17:00:00,280.0,37.0,32,4.5
2023-03-01 06:00:00,0.0,25.2,71,17.6
2023-03-01 07:00:00,41.0,26.2,68,16.6
2023-03-01 08:00:00,235.0,28.5,61,14.7
2023-03-01 09:00:00,470.0,30.9,50,12.2
2023-03-01 10:00:00,685.0,32.5,44,8.0
2023-03-01 11:00:00,848.0,34.0,40,7.1
2023-03-01 12:00:00,942.0,35.1,38,4.1
2023-03-01 13:00:00,950.0,36.1,35,3.1
2023-03-01 14:00:00,847.0,37.0,33,3.9
2023-03-01 15:00:00,723.0,37.9,29,4.3
2023-03-01 16:00:00,502.0,38.0,27,6.1
2023-03-01 17:00:00,286.0,37.8,26,6.9
2023-03-02 06:00:00,0.0,25.5,69,20.6
2023-03-02 07:00:00,42.0,26.4,66,18.9
2023-03-02 08:00:00,241.0,28.6,58,23.2
2023-03-02 09:00:00,481.0,30.9,49,24.2
2023-03-02 10:00:00,697.0,32.8,41,20.1
2023-03-02 11:00:00,858.0,34.7,36,15.3
2023-03-02 12:00:00,947.0,36.2,33,13.2
2023-03-02 13:00:00,957.0,37.4,27,15.5
2023-03-02 14:00:00,890.0,37.7,25,14.4
2023-03-02 15:00:00,747.0,37.9,25,11.9
2023-03-02 16:00:00,540.0,37.6,25,12.4
2023-03-02 17:00:00,301.0,37.0,26,11.2
2023-03-03 06:00:00,0.0,24.9,71,21.2
2023-03-03 07:00:00,43.0,25.6,68,19.1
2023-03-03 08:00:00,243.0,27.9,61,19.7
2023-03-03 09:00:00,482.0,31.0,48,21.2
2023-03-03 10:00:00,695.0,33.5,39,14.9
2023-03-03 11:00:00,852.0,34.8,35,9.0
2023-03-03 12:00:00,939.0,36.2,32,7.8
2023-03-03 13:00:00,950.0,37.1,30,6.8
2023-03-03 14:00:00,880.0,37.7,29,6.0
2023-03-03 15:00:00,733.0,38.0,28,7.0
2023-03-03 16:00:00,529.0,37.6,28,7.3
2023-03-03 17:00:00,294.0,37.2,28,6.1
2023-03-04 06:00:00,0.0,26.1,68,15.3
2023-03-04 07:00:00,43.0,26.9,68,7.6
2023-03-04 08:00:00,227.0,28.8,61,5.6
2023-03-04 09:00:00,466.0,30.8,61,6.5
2023-03-04 10:00:00,631.0,32.5,56,7.4
2023-03-04 11:00:00,829.0,33.9,49,6.8
2023-03-04 12:00:00,905.0,35.0,44,5.9
2023-03-04 13:00:00,906.0,35.9,41,5.7
2023-03-04 14:00:00,853.0,36.5,39,6.9
2023-03-04 15:00:00,726.0,37.1,37,5.5
2023-03-04 16:00:00,457.0,35.0,42,8.4
2023-03-04 17:00:00,203.0,32.8,49,14.6
2023-03-05 06:00:00,0.0,25.6,68,3.7
2023-03-05 07:00:00,43.0,25.3,83,4.0
2023-03-05 08:00:00,233.0,27.5,68,5.8
2023-03-05 09:00:00,434.0,29.5,62,7.1
2023-03-05 10:00:00,667.0,31.5,56,6.9
2023-03-05 11:00:00,828.0,33.2,49,8.4
2023-03-05 12:00:00,919.0,35.0,42,8.7
2023-03-05 13:00:00,878.0,36.2,38,11.2
2023-03-05 14:00:00,803.0,36.6,38,11.7
2023-03-05 15:00:00,612.0,36.2,39,7.9
2023-03-05 16:00:00,475.0,36.8,36,3.3
2023-03-05 17:00:00,214.0,31.0,64,18.3
2023-03-06 06:00:00,0.0,24.9,74,10.7
2023-03-06 07:00:00,43.0,25.9,71,6.6
2023-03-06 08:00:00,234.0,28.1,64,11.0
2023-03-06 09:00:00,460.0,30.2,57,13.5
2023-03-06 10:00:00,658.0,32.0,52,12.0
2023-03-06 11:00:00,824.0,33.7,44,10.7
2023-03-06 12:00:00,917.0,35.3,39,9.7
2023-03-06 13:00:00,919.0,36.2,36,9.0
2023-03-06 14:00:00,809.0,36.5,35,9.0
2023-03-06 15:00:00,686.0,36.8,34,10.1
2023-03-06 16:00:00,495.0,36.5,35,13.8
2023-03-06 17:00:00,240.0,34.8,38,15.6
2023-03-07 06:00:00,0.0,25.2,68,15.1
2023-03-07 07:00:00,44.0,26.4,65,11.8
2023-03-07 08:00:00,242.0,28.2,59,16.0
2023-03-07 09:00:00,485.0,30.4,50,17.2
2023-03-07 10:00:00,687.0,32.2,45,12.5
2023-03-07 11:00:00,846.0,33.5,41,8.0
2023-03-07 12:00:00,861.0,34.4,38,5.8
2023-03-07 13:00:00,906.0,35.3,35,5.7
2023-03-07 14:00:00,807.0,35.7,34,7.7
2023-03-07 15:00:00,685.0,35.8,33,9.7
2023-03-07 16:00:00,499.0,36.0,33,8.0
2023-03-07 17:00:00,249.0,34.8,35,2.0
2023-03-08 06:00:00,0.0,23.4,94,5.7
2023-03-08 07:00:00,26.0,23.5,96,7.2
2023-03-08 08:00:00,52.0,23.5,98,6.6
2023-03-08 09:00:00,212.0,24.5,91,6.1
2023-03-08 10:00:00,407.0,26.0,85,6.2
2023-03-08 11:00:00,458.0,27.5,77,5.4
2023-03-08 12:00:00,658.0,29.3,66,6.1
2023-03-08 13:00:00,727.0,30.4,60,7.9
2023-03-08 14:00:00,661.0,30.8,58,9.0
2023-03-08 15:00:00,616.0,31.1,55,9.0
2023-03-08 16:00:00,434.0,30.8,55,10.2
2023-03-08 17:00:00,258.0,30.1,57,5.0
2023-03-09 06:00:00,0.0,23.7,89,5.7
2023-03-09 07:00:00,34.0,22.9,94,3.8
2023-03-09 08:00:00,49.0,23.1,94,2.3
2023-03-09 09:00:00,213.0,23.8,91,5.1
2023-03-09 10:00:00,120.0,23.8,93,2.9
2023-03-09 11:00:00,164.0,24.1,90,1.3
2023-03-09 12:00:00,243.0,24.9,86,3.7
2023-03-09 13:00:00,373.0,25.7,84,5.8
2023-03-09 14:00:00,658.0,27.6,73,7.4
2023-03-09 15:00:00,546.0,28.3,68,8.9
2023-03-09 16:00:00,450.0,28.3,68,9.2
2023-03-09 17:00:00,251.0,28.0,68,9.5
2023-03-10 06:00:00,0.0,23.4,76,8.9
2023-03-10 07:00:00,47.0,23.8,78,6.3
2023-03-10 08:00:00,232.0,26.2,67,6.9
2023-03-10 09:00:00,377.0,27.8,62,4.9
2023-03-10 10:00:00,498.0,28.8,59,5.1
2023-03-10 11:00:00,749.0,30.2,54,5.2
2023-03-10 12:00:00,812.0,31.1,50,5.4
2023-03-10 13:00:00,796.0,31.7,48,3.9
2023-03-10 14:00:00,781.0,32.3,45,3.7
2023-03-10 15:00:00,711.0,32.8,43,4.3
2023-03-10 16:00:00,510.0,32.8,42,4.0
2023-03-10 17:00:00,274.0,32.0,44,4.2
2023-03-11 06:00:00,0.0,23.9,69,16.0
2023-03-11 07:00:00,45.0,24.9,69,12.5
2023-03-11 08:00:00,210.0,26.8,63,11.8
2023-03-11 09:00:00,413.0,29.1,53,11.0
2023-03-11 10:00:00,609.0,30.6,48,5.8
2023-03-11 11:00:00,772.0,32.3,45,6.1
2023-03-11 12:00:00,776.0,32.9,44,8.7
2023-03-11 13:00:00,712.0,32.8,44,9.4
2023-03-11 14:00:00,760.0,33.3,43,7.5
2023-03-11 15:00:00,541.0,33.2,42,7.0
2023-03-11 16:00:00,450.0,33.2,42,6.6
2023-03-11 17:00:00,238.0,32.4,43,8.0
2023-03-12 06:00:00,0.0,22.6,99,1.6
2023-03-12 07:00:00,43.0,23.2,90,1.5
2023-03-12 08:00:00,166.0,25.0,81,1.9
2023-03-12 09:00:00,389.0,26.8,73,3.6
2023-03-12 10:00:00,660.0,28.5,67,5.4
2023-03-12 11:00:00,775.0,29.7,63,4.7
2023-03-12 12:00:00,911.0,30.7,60,3.3
2023-03-12 13:00:00,881.0,31.5,56,2.8
2023-03-12 14:00:00,827.0,32.2,55,3.8
2023-03-12 15:00:00,671.0,32.3,53,4.0
2023-03-12 16:00:00,428.0,31.4,53,5.1
2023-03-12 17:00:00,214.0,29.3,64,11.3
2023-03-13 06:00:00,0.0,22.9,94,4.3
2023-03-13 07:00:00,42.0,23.8,91,1.1
2023-03-13 08:00:00,199.0,25.4,85,4.0
2023-03-13 09:00:00,371.0,26.9,79,3.8
2023-03-13 10:00:00,470.0,27.8,75,4.5
2023-03-13 11:00:00,646.0,29.1,70,4.3
2023-03-13 12:00:00,710.0,30.0,66,4.8
2023-03-13 13:00:00,727.0,30.8,64,5.2
2023-03-13 14:00:00,608.0,30.8,63,3.3
2023-03-13 15:00:00,671.0,30.7,63,6.9
2023-03-13 16:00:00,471.0,30.0,66,4.8
2023-03-13 17:00:00,216.0,29.9,65,6.9
2023-03-14 06:00:00,0.0,22.9,98,2.8
2023-03-14 07:00:00,46.0,24.2,93,3.2
2023-03-14 08:00:00,226.0,26.0,82,4.0
2023-03-14 09:00:00,447.0,27.5,74,6.5
2023-03-14 10:00:00,634.0,29.0,70,4.7
2023-03-14 11:00:00,780.0,30.0,66,2.4
2023-03-14 12:00:00,889.0,31.0,62,2.7
2023-03-14 13:00:00,876.0,31.8,57,5.8
2023-03-14 14:00:00,816.0,32.3,50,6.6
2023-03-14 15:00:00,653.0,32.0,50,9.1
2023-03-14 16:00:00,410.0,30.7,54,10.8
2023-03-14 17:00:00,154.0,28.1,75,10.2
2023-03-15 06:00:00,0.0,23.8,99,3.4
2023-03-15 07:00:00,41.0,24.0,94,5.7
2023-03-15 08:00:00,186.0,25.2,86,5.4
2023-03-15 09:00:00,401.0,26.8,78,4.7
2023-03-15 10:00:00,645.0,28.6,70,2.5
2023-03-15 11:00:00,801.0,30.0,65,2.3
2023-03-15 12:00:00,819.0,31.0,59,2.6
2023-03-15 13:00:00,817.0,32.0,55,2.5
2023-03-15 14:00:00,806.0,32.4,54,2.1
2023-03-15 15:00:00,654.0,32.5,52,2.9
2023-03-15 16:00:00,492.0,31.6,53,6.4
2023-03-15 17:00:00,214.0,29.0,65,3.1
2023-03-16 06:00:00,0.0,23.0,97,2.1
2023-03-16 07:00:00,37.0,23.4,91,6.8
2023-03-16 08:00:00,103.0,24.1,88,2.0
2023-03-16 09:00:00,204.0,25.0,83,2.5
2023-03-16 10:00:00,350.0,26.4,78,4.0
2023-03-16 11:00:00,627.0,28.0,73,4.3
2023-03-16 12:00:00,698.0,29.2,68,2.5
2023-03-16 13:00:00,743.0,30.3,64,4.4
2023-03-16 14:00:00,696.0,30.6,64,1.8
2023-03-16 15:00:00,559.0,30.5,62,2.4
2023-03-16 16:00:00,436.0,30.8,61,3.2
2023-03-16 17:00:00,229.0,27.6,74,8.3
2023-03-17 06:00:00,0.0,22.0,98,5.2
2023-03-17 07:00:00,51.0,23.6,94,11.0
2023-03-17 08:00:00,216.0,24.9,88,10.7
2023-03-17 09:00:00,416.0,26.1,83,8.3
2023-03-17 10:00:00,644.0,28.2,72,5.6
2023-03-17 11:00:00,807.0,29.9,65,5.4
2023-03-17 12:00:00,872.0,31.0,60,6.5
2023-03-17 13:00:00,883.0,31.7,58,5.8
2023-03-17 14:00:00,782.0,32.1,55,4.3
2023-03-17 15:00:00,670.0,32.3,53,6.1
2023-03-17 16:00:00,422.0,31.7,52,7.2
2023-03-17 17:00:00,220.0,30.5,56,5.9
2023-03-18 06:00:00,0.0,23.8,72,14.4
2023-03-18 07:00:00,55.0,24.5,73,11.5
2023-03-18 08:00:00,244.0,26.2,70,12.7
2023-03-18 09:00:00,477.0,28.2,64,14.1
2023-03-18 10:00:00,645.0,29.6,60,8.6
2023-03-18 11:00:00,817.0,30.7,56,4.9
2023-03-18 12:00:00,930.0,31.7,53,3.4
2023-03-18 13:00:00,946.0,32.5,50,4.1
2023-03-18 14:00:00,851.0,33.0,47,3.8
2023-03-18 15:00:00,647.0,32.8,46,2.3
2023-03-18 16:00:00,502.0,33.2,44,4.0
2023-03-18 17:00:00,226.0,31.0,52,7.9
2023-03-19 06:00:00,0.0,23.9,69,14.0
2023-03-19 07:00:00,57.0,25.2,64,17.9
2023-03-19 08:00:00,262.0,27.0,59,17.3
2023-03-19 09:00:00,496.0,29.2,52,18.1
2023-03-19 10:00:00,703.0,30.9,48,12.8
2023-03-19 11:00:00,857.0,32.0,46,8.0
2023-03-19 12:00:00,940.0,33.0,44,5.4
2023-03-19 13:00:00,947.0,33.6,42,4.0
2023-03-19 14:00:00,857.0,33.8,40,4.7
2023-03-19 15:00:00,716.0,34.0,38,6.6
2023-03-19 16:00:00,501.0,34.2,37,10.7
2023-03-19 17:00:00,281.0,33.2,40,1.8
2023-03-20 06:00:00,0.0,24.6,56,15.3
2023-03-20 07:00:00,60.0,24.9,56,13.0
2023-03-20 08:00:00,267.0,26.7,55,12.1
2023-03-20 09:00:00,503.0,29.1,53,9.4
2023-03-20 10:00:00,712.0,30.8,51,6.6
2023-03-20 11:00:00,866.0,32.0,47,4.3
2023-03-20 12:00:00,950.0,33.2,43,1.9
2023-03-20 13:00:00,943.0,34.2,40,3.1
2023-03-20 14:00:00,838.0,34.7,37,4.7
2023-03-20 15:00:00,638.0,34.3,37,5.6
2023-03-20 16:00:00,512.0,34.3,35,5.5
2023-03-20 17:00:00,283.0,33.3,35,4.0
2023-03-21 06:00:00,0.0,24.6,69,20.8
2023-03-21 07:00:00,63.0,25.5,69,20.2
2023-03-21 08:00:00,273.0,27.3,64,20.8
2023-03-21 09:00:00,511.0,29.7,55,21.7
2023-03-21 10:00:00,719.0,31.5,45,21.7
2023-03-21 11:00:00,873.0,32.8,42,15.9
2023-03-21 12:00:00,957.0,34.0,38,12.1
2023-03-21 13:00:00,962.0,35.0,35,11.9
2023-03-21 14:00:00,881.0,35.7,32,14.4
2023-03-21 15:00:00,688.0,35.7,32,14.8
2023-03-21 16:00:00,513.0,34.5,35,14.4
2023-03-21 17:00:00,287.0,33.0,39,9.6
2023-03-22 06:00:00,0.0,25.1,59,26.4
2023-03-22 07:00:00,66.0,25.9,57,26.9
2023-03-22 08:00:00,280.0,27.8,53,25.3
2023-03-22 09:00:00,523.0,29.8,47,26.2
2023-03-22 10:00:00,734.0,31.6,39,24.8
2023-03-22 11:00:00,886.0,33.2,35,22.1
2023-03-22 12:00:00,966.0,34.3,33,18.7
2023-03-22 13:00:00,966.0,35.0,31,16.2
2023-03-22 14:00:00,879.0,35.5,30,15.5
2023-03-22 15:00:00,731.0,35.5,31,16.6
2023-03-22 16:00:00,526.0,34.7,32,17.3
2023-03-22 17:00:00,291.0,33.7,35,14.9
2023-03-23 06:00:00,0.0,24.9,63,22.1
2023-03-23 07:00:00,67.0,25.8,62,20.7
2023-03-23 08:00:00,278.0,27.8,55,21.2
2023-03-23 09:00:00,517.0,30.2,46,22.7
2023-03-23 10:00:00,728.0,32.5,38,21.1
2023-03-23 11:00:00,886.0,34.1,33,17.1
2023-03-23 12:00:00,969.0,35.2,30,14.5
2023-03-23 13:00:00,961.0,36.1,28,13.2
2023-03-23 14:00:00,875.0,36.6,27,11.9
2023-03-23 15:00:00,711.0,36.7,26,10.9
2023-03-23 16:00:00,506.0,36.5,25,11.6
2023-03-23 17:00:00,284.0,35.2,29,14.6
2023-03-24 06:00:00,0.0,24.8,68,20.2
2023-03-24 07:00:00,67.0,25.6,66,17.7
2023-03-24 08:00:00,281.0,27.5,60,20.3
2023-03-24 09:00:00,520.0,30.2,50,21.3
2023-03-24 10:00:00,728.0,32.4,41,20.2
2023-03-24 11:00:00,878.0,34.1,35,14.8
2023-03-24 12:00:00,949.0,35.2,30,9.1
2023-03-24 13:00:00,902.0,35.6,30,7.4
2023-03-24 14:00:00,872.0,36.4,29,7.0
2023-03-24 15:00:00,695.0,36.5,28,9.6
2023-03-24 16:00:00,491.0,36.2,29,10.9
2023-03-24 17:00:00,274.0,35.0,30,10.1
2023-03-25 06:00:00,0.0,25.0,69,19.7
2023-03-25 07:00:00,69.0,26.5,62,17.4
2023-03-25 08:00:00,282.0,28.8,51,19.4
2023-03-25 09:00:00,521.0,30.9,42,18.1
2023-03-25 10:00:00,732.0,32.6,37,13.3
2023-03-25 11:00:00,886.0,34.2,33,11.4
2023-03-25 12:00:00,967.0,35.5,30,10.2
2023-03-25 13:00:00,971.0,36.3,28,10.5
2023-03-25 14:00:00,883.0,36.5,27,11.9
2023-03-25 15:00:00,717.0,36.3,27,12.6
2023-03-25 16:00:00,511.0,36.2,27,10.3
2023-03-25 17:00:00,273.0,35.1,29,6.3
2023-03-26 06:00:00,0.0,24.5,71,12.1
2023-03-26 07:00:00,72.0,26.1,65,12.4
2023-03-26 08:00:00,286.0,29.1,51,8.8
2023-03-26 09:00:00,524.0,31.9,40,9.6
2023-03-26 10:00:00,732.0,33.7,35,9.4
2023-03-26 11:00:00,884.0,35.1,32,9.8
2023-03-26 12:00:00,961.0,36.2,28,9.1
2023-03-26 13:00:00,925.0,36.7,28,8.0
2023-03-26 14:00:00,765.0,37.2,27,7.6
2023-03-26 15:00:00,588.0,37.7,26,10.5
2023-03-26 16:00:00,434.0,37.2,27,14.4
2023-03-26 17:00:00,245.0,36.1,29,11.3
2023-03-27 06:00:00,0.0,25.2,65,21.4
2023-03-27 07:00:00,72.0,26.5,63,18.4
2023-03-27 08:00:00,285.0,28.6,56,18.2
2023-03-27 09:00:00,519.0,31.5,45,18.2
2023-03-27 10:00:00,722.0,33.5,38,15.9
2023-03-27 11:00:00,870.0,34.9,34,14.1
2023-03-27 12:00:00,937.0,36.2,31,11.6
2023-03-27 13:00:00,952.0,37.0,28,9.7
2023-03-27 14:00:00,865.0,37.5,27,8.7
2023-03-27 15:00:00,722.0,37.5,27,8.3
2023-03-27 16:00:00,510.0,37.3,28,10.7
2023-03-27 17:00:00,279.0,34.7,36,20.4
2023-03-28 06:00:00,0.0,25.4,62,22.4
2023-03-28 07:00:00,72.0,26.5,60,20.7
2023-03-28 08:00:00,247.0,28.4,56,20.7
2023-03-28 09:00:00,524.0,31.2,45,20.9
2023-03-28 10:00:00,727.0,33.2,39,16.9
2023-03-28 11:00:00,880.0,34.7,35,13.7
2023-03-28 12:00:00,962.0,36.0,32,11.1
2023-03-28 13:00:00,914.0,36.5,30,9.4
2023-03-28 14:00:00,867.0,37.0,28,8.5
2023-03-28 15:00:00,730.0,37.2,27,8.2
2023-03-28 16:00:00,531.0,37.7,25,7.6
2023-03-28 17:00:00,275.0,37.2,24,4.4
2023-03-29 06:00:00,0.0,25.7,60,20.0
2023-03-29 07:00:00,75.0,26.9,57,16.4
2023-03-29 08:00:00,293.0,28.6,54,18.0
2023-03-29 09:00:00,530.0,31.0,44,17.6
2023-03-29 10:00:00,737.0,33.0,38,14.3
2023-03-29 11:00:00,890.0,34.8,34,13.6
2023-03-29 12:00:00,970.0,36.2,30,12.1
2023-03-29 13:00:00,961.0,37.0,28,10.8
2023-03-29 14:00:00,887.0,37.3,27,9.4
2023-03-29 15:00:00,735.0,37.5,27,9.5
2023-03-29 16:00:00,529.0,37.6,26,10.4
2023-03-29 17:00:00,273.0,36.7,26,12.5
2023-03-30 06:00:00,0.0,25.5,61,20.2
2023-03-30 07:00:00,78.0,27.1,56,17.4
2023-03-30 08:00:00,295.0,29.7,48,21.6
2023-03-30 09:00:00,530.0,31.8,41,21.1
2023-03-30 10:00:00,737.0,33.6,36,18.0
2023-03-30 11:00:00,888.0,35.4,32,15.8
2023-03-30 12:00:00,965.0,36.8,30,13.2
2023-03-30 13:00:00,953.0,37.5,28,11.4
2023-03-30 14:00:00,759.0,37.5,27,10.6
2023-03-30 15:00:00,701.0,38.0,27,10.9
2023-03-30 16:00:00,476.0,37.5,28,11.9
2023-03-30 17:00:00,240.0,36.5,29,11.6
2023-03-31 06:00:00,0.0,26.9,61,22.9
2023-03-31 07:00:00,77.0,27.9,60,20.2
2023-03-31 08:00:00,293.0,29.6,54,22.1
2023-03-31 09:00:00,529.0,32.2,45,23.6
2023-03-31 10:00:00,734.0,34.3,38,21.3
2023-03-31 11:00:00,883.0,35.9,34,15.3
2023-03-31 12:00:00,847.0,36.8,32,11.5
2023-03-31 13:00:00,861.0,37.7,30,12.5
2023-03-31 14:00:00,828.0,38.4,28,12.7
2023-03-31 15:00:00,595.0,37.8,29,15.0
2023-03-31 16:00:00,406.0,37.3,30,14.8
2023-03-31 17:00:00,237.0,36.4,31,17.6
2023-04-01 06:00:00,0.0,26.5,59,20.6
2023-04-01 07:00:00,78.0,28.0,55,18.2
2023-04-01 08:00:00,282.0,30.0,49,20.5
2023-04-01 09:00:00,505.0,32.3,42,19.2
2023-04-01 10:00:00,720.0,34.5,35,17.9
2023-04-01 11:00:00,863.0,36.0,32,15.1
2023-04-01 12:00:00,935.0,37.0,29,11.7
2023-04-01 13:00:00,932.0,37.5,28,7.9
2023-04-01 14:00:00,808.0,38.1,28,5.4
2023-04-01 15:00:00,697.0,38.3,28,7.8
2023-04-01 16:00:00,374.0,37.1,29,13.0
2023-04-01 17:00:00,209.0,36.5,31,17.1
2023-04-02 06:00:00,0.0,25.8,69,14.1
2023-04-02 07:00:00,80.0,27.5,62,14.4
2023-04-02 08:00:00,298.0,30.1,52,14.3
2023-04-02 09:00:00,532.0,32.5,44,12.1
2023-04-02 10:00:00,732.0,34.3,39,11.0
2023-04-02 11:00:00,865.0,36.0,34,10.2
2023-04-02 12:00:00,957.0,37.2,32,8.4
2023-04-02 13:00:00,940.0,37.8,30,7.6
2023-04-02 14:00:00,855.0,38.2,30,5.9
2023-04-02 15:00:00,597.0,37.5,31,13.2
2023-04-02 16:00:00,394.0,36.7,34,10.4
2023-04-02 17:00:00,203.0,35.8,35,11.3
2023-04-03 06:00:00,0.0,26.0,71,18.3
2023-04-03 07:00:00,81.0,27.8,64,15.0
2023-04-03 08:00:00,294.0,30.4,54,16.2
2023-04-03 09:00:00,514.0,32.6,45,10.9
2023-04-03 10:00:00,712.0,34.5,39,10.3
2023-04-03 11:00:00,888.0,36.1,34,10.4
2023-04-03 12:00:00,874.0,36.9,33,8.2
2023-04-03 13:00:00,899.0,37.8,31,5.7
2023-04-03 14:00:00,784.0,38.2,30,4.4
2023-04-03 15:00:00,649.0,38.5,29,5.1
2023-04-03 16:00:00,430.0,38.1,29,8.4
2023-04-03 17:00:00,226.0,37.0,31,12.5
2023-04-04 06:00:00,0.0,26.6,65,18.6
2023-04-04 07:00:00,82.0,28.1,59,16.3
2023-04-04 08:00:00,299.0,30.0,54,23.5
2023-04-04 09:00:00,537.0,33.0,44,22.7
2023-04-04 10:00:00,741.0,35.0,38,18.1
2023-04-04 11:00:00,895.0,36.5,34,13.6
2023-04-04 12:00:00,922.0,37.5,31,10.5
2023-04-04 13:00:00,917.0,38.5,29,7.7
2023-04-04 14:00:00,770.0,38.9,28,7.4
2023-04-04 15:00:00,586.0,38.7,27,8.4
2023-04-04 16:00:00,438.0,38.0,28,8.8
2023-04-04 17:00:00,252.0,37.4,29,9.2
2023-04-05 06:00:00,0.0,26.1,67,22.9
2023-04-05 07:00:00,87.0,27.9,62,18.9
2023-04-05 08:00:00,305.0,30.1,54,20.7
2023-04-05 09:00:00,533.0,32.4,46,18.4
2023-04-05 10:00:00,739.0,34.3,40,13.7
2023-04-05 11:00:00,892.0,35.9,36,11.0
2023-04-05 12:00:00,945.0,37.1,34,9.0
2023-04-05 13:00:00,908.0,37.5,32,8.3
2023-04-05 14:00:00,823.0,37.5,32,8.7
2023-04-05 15:00:00,625.0,37.2,32,10.4
2023-04-05 16:00:00,352.0,36.0,34,18.6
2023-04-05 17:00:00,189.0,34.5,39,13.6
2023-04-06 06:00:00,1.0,26.6,61,22.1
2023-04-06 07:00:00,80.0,28.0,57,22.5
2023-04-06 08:00:00,289.0,29.6,52,25.3
2023-04-06 09:00:00,490.0,31.5,45,26.4
2023-04-06 10:00:00,725.0,33.6,39,22.9
2023-04-06 11:00:00,856.0,34.8,36,17.2
2023-04-06 12:00:00,894.0,36.0,33,12.6
2023-04-06 13:00:00,902.0,36.7,31,10.8
2023-04-06 14:00:00,764.0,37.2,30,11.2
2023-04-06 15:00:00,509.0,36.9,29,10.6
2023-04-06 16:00:00,303.0,34.4,36,18.4
2023-04-06 17:00:00,192.0,32.7,44,18.0
2023-04-07 06:00:00,0.0,24.0,90,5.8
2023-04-07 07:00:00,59.0,25.0,82,4.9
2023-04-07 08:00:00,228.0,26.7,73,5.8
2023-04-07 09:00:00,477.0,29.0,61,7.2
2023-04-07 10:00:00,653.0,30.6,55,7.8
2023-04-07 11:00:00,838.0,32.2,50,8.3
2023-04-07 12:00:00,885.0,33.5,46,9.6
2023-04-07 13:00:00,796.0,33.7,44,8.7
2023-04-07 14:00:00,827.0,34.5,41,6.6
2023-04-07 15:00:00,619.0,33.5,44,8.4
2023-04-07 16:00:00,451.0,32.9,46,6.8
2023-04-07 17:00:00,167.0,29.5,58,6.0
2023-04-08 06:00:00,1.0,22.3,97,3.6
2023-04-08 07:00:00,80.0,23.5,94,5.7
2023-04-08 08:00:00,265.0,25.0,84,5.0
2023-04-08 09:00:00,464.0,26.8,75,4.7
2023-04-08 10:00:00,655.0,28.9,65,4.0
2023-04-08 11:00:00,798.0,30.6,57,6.0
2023-04-08 12:00:00,873.0,31.7,53,6.6
2023-04-08 13:00:00,889.0,32.5,50,5.7
2023-04-08 14:00:00,802.0,32.8,48,4.2
2023-04-08 15:00:00,572.0,32.7,48,1.5
2023-04-08 16:00:00,483.0,32.7,48,1.8
2023-04-08 17:00:00,272.0,32.2,49,2.2
2023-04-09 06:00:00,1.0,24.9,76,8.9
2023-04-09 07:00:00,93.0,26.7,70,9.9
2023-04-09 08:00:00,311.0,28.8,63,11.2
2023-04-09 09:00:00,541.0,31.0,52,11.0
2023-04-09 10:00:00,744.0,32.2,49,7.9
2023-04-09 11:00:00,875.0,33.3,47,6.6
2023-04-09 12:00:00,946.0,34.3,43,7.2
2023-04-09 13:00:00,944.0,35.0,41,6.8
2023-04-09 14:00:00,835.0,35.5,40,6.6
2023-04-09 15:00:00,594.0,35.3,41,5.2
2023-04-09 16:00:00,459.0,34.5,43,5.2
2023-04-09 17:00:00,241.0,32.0,53,7.6
2023-04-10 06:00:00,1.0,25.1,79,2.4
2023-04-10 07:00:00,92.0,27.3,70,8.4
2023-04-10 08:00:00,305.0,29.1,64,6.8
2023-04-10 09:00:00,540.0,31.0,58,5.6
2023-04-10 10:00:00,741.0,33.0,51,6.5
2023-04-10 11:00:00,885.0,34.4,46,5.1
2023-04-10 12:00:00,930.0,35.5,42,5.1
2023-04-10 13:00:00,915.0,36.1,40,4.2
2023-04-10 14:00:00,831.0,36.2,40,3.4
2023-04-10 15:00:00,549.0,34.0,47,9.2
2023-04-10 16:00:00,359.0,33.0,51,3.1
2023-04-10 17:00:00,216.0,31.9,56,6.4
2023-04-11 06:00:00,1.0,24.1,95,2.2
2023-04-11 07:00:00,65.0,25.9,95,3.2
2023-04-11 08:00:00,269.0,27.3,83,4.8
2023-04-11 09:00:00,487.0,28.9,73,4.1
2023-04-11 10:00:00,677.0,30.5,64,5.4
2023-04-11 11:00:00,775.0,31.8,59,3.8
2023-04-11 12:00:00,838.0,32.8,55,3.4
2023-04-11 13:00:00,726.0,33.3,53,1.8
2023-04-11 14:00:00,667.0,33.5,53,1.4
2023-04-11 15:00:00,621.0,34.2,50,2.9
2023-04-11 16:00:00,320.0,30.0,69,11.0
2023-04-11 17:00:00,211.0,30.3,67,5.1
2023-04-12 06:00:00,1.0,23.9,98,3.6
2023-04-12 07:00:00,68.0,25.8,94,4.7
2023-04-12 08:00:00,273.0,27.4,85,4.0
2023-04-12 09:00:00,500.0,29.0,76,4.5
2023-04-12 10:00:00,675.0,30.4,68,4.0
2023-04-12 11:00:00,788.0,31.5,64,3.1
2023-04-12 12:00:00,694.0,32.1,62,1.1
2023-04-12 13:00:00,707.0,32.0,63,2.8
2023-04-12 14:00:00,691.0,32.6,62,4.7
2023-04-12 15:00:00,641.0,32.5,60,10.6
2023-04-12 16:00:00,430.0,31.4,62,12.2
2023-04-12 17:00:00,209.0,30.9,65,11.3
2023-04-13 06:00:00,1.0,24.9,82,3.6
2023-04-13 07:00:00,82.0,26.5,73,6.8
2023-04-13 08:00:00,291.0,28.2,69,6.7
2023-04-13 09:00:00,521.0,30.4,63,6.7
2023-04-13 10:00:00,726.0,31.9,60,6.6
2023-04-13 11:00:00,842.0,33.1,55,5.6
2023-04-13 12:00:00,945.0,34.2,49,7.2
2023-04-13 13:00:00,940.0,34.8,45,8.8
2023-04-13 14:00:00,820.0,35.2,44,7.2
2023-04-13 15:00:00,664.0,35.6,40,6.5
2023-04-13 16:00:00,484.0,35.4,40,6.3
2023-04-13 17:00:00,263.0,34.3,47,3.8
2023-04-14 06:00:00,2.0,25.8,63,20.1
2023-04-14 07:00:00,104.0,26.6,66,18.8
2023-04-14 08:00:00,329.0,28.4,63,19.4
2023-04-14 09:00:00,563.0,30.8,53,20.8
2023-04-14 10:00:00,763.0,32.4,47,15.2
2023-04-14 11:00:00,906.0,33.5,44,12.7
2023-04-14 12:00:00,978.0,34.7,41,10.8
2023-04-14 13:00:00,966.0,35.7,38,8.2
2023-04-14 14:00:00,859.0,36.0,37,6.9
2023-04-14 15:00:00,677.0,35.7,37,6.6
2023-04-14 16:00:00,455.0,35.2,38,7.2
2023-04-14 17:00:00,249.0,34.2,41,4.7
2023-04-15 06:00:00,2.0,25.9,60,16.8
2023-04-15 07:00:00,94.0,26.7,62,9.6
2023-04-15 08:00:00,240.0,28.0,61,8.9
2023-04-15 09:00:00,517.0,30.4,54,6.9
2023-04-15 10:00:00,727.0,32.0,52,3.8
2023-04-15 11:00:00,857.0,33.2,47,4.7
2023-04-15 12:00:00,859.0,34.2,42,4.9
2023-04-15 13:00:00,920.0,35.0,40,4.6
2023-04-15 14:00:00,858.0,35.8,37,4.8
2023-04-15 15:00:00,668.0,36.0,36,3.3
2023-04-15 16:00:00,436.0,35.4,37,1.4
2023-04-15 17:00:00,165.0,33.2,44,11.5
2023-04-16 06:00:00,1.0,23.9,97,4.4
2023-04-16 07:00:00,61.0,25.9,89,2.9
2023-04-16 08:00:00,257.0,27.8,78,3.0
2023-04-16 09:00:00,451.0,29.2,71,5.1
2023-04-16 10:00:00,570.0,30.5,65,4.3
2023-04-16 11:00:00,656.0,31.8,58,4.8
2023-04-16 12:00:00,716.0,32.9,53,4.7
2023-04-16 13:00:00,833.0,34.2,50,5.5
2023-04-16 14:00:00,746.0,34.2,50,6.2
2023-04-16 15:00:00,611.0,31.0,64,5.0
2023-04-16 16:00:00,293.0,30.9,63,9.6
2023-04-16 17:00:00,50.0,28.1,80,7.1
2023-04-17 06:00:00,1.0,22.3,98,6.4
2023-04-17 07:00:00,23.0,22.5,98,5.4
2023-04-17 08:00:00,87.0,23.1,96,1.8
2023-04-17 09:00:00,260.0,24.5,89,2.8
2023-04-17 10:00:00,406.0,26.0,80,3.6
2023-04-17 11:00:00,698.0,27.7,75,3.7
2023-04-17 12:00:00,817.0,28.9,73,1.3
2023-04-17 13:00:00,786.0,29.4,72,1.8
2023-04-17 14:00:00,789.0,30.3,68,2.5
2023-04-17 15:00:00,622.0,30.2,68,2.6
2023-04-17 16:00:00,465.0,29.6,71,2.5
2023-04-17 17:00:00,208.0,28.1,77,1.8
2023-04-18 06:00:00,2.0,23.2,98,4.7
2023-04-18 07:00:00,84.0,24.2,93,4.6
2023-04-18 08:00:00,311.0,25.6,88,2.9
2023-04-18 09:00:00,527.0,27.3,81,5.0
2023-04-18 10:00:00,702.0,28.6,74,6.5
2023-04-18 11:00:00,805.0,29.7,70,6.7
2023-04-18 12:00:00,831.0,30.3,67,5.9
2023-04-18 13:00:00,912.0,31.1,62,2.7
2023-04-18 14:00:00,830.0,31.8,58,1.9
2023-04-18 15:00:00,670.0,31.5,59,3.2
2023-04-18 16:00:00,443.0,30.1,69,9.4
2023-04-18 17:00:00,196.0,27.6,81,6.1
2023-04-19 06:00:00,2.0,24.4,72,19.1
2023-04-19 07:00:00,109.0,25.5,69,19.4
2023-04-19 08:00:00,326.0,27.0,68,19.1
2023-04-19 09:00:00,558.0,28.9,63,19.7
2023-04-19 10:00:00,754.0,30.5,58,19.2
2023-04-19 11:00:00,896.0,31.9,54,16.9
2023-04-19 12:00:00,961.0,32.8,50,11.7
2023-04-19 13:00:00,949.0,33.5,49,7.0
2023-04-19 14:00:00,862.0,34.0,47,5.1
2023-04-19 15:00:00,707.0,34.2,46,3.5
2023-04-19 16:00:00,434.0,33.8,47,4.5
2023-04-19 17:00:00,284.0,32.7,56,5.5
2023-04-20 06:00:00,3.0,25.0,70,20.9
2023-04-20 07:00:00,107.0,26.0,71,20.0
2023-04-20 08:00:00,335.0,27.7,69,17.7
2023-04-20 09:00:00,552.0,29.8,63,17.2
2023-04-20 10:00:00,760.0,31.5,54,13.2
2023-04-20 11:00:00,874.0,32.3,53,9.7
2023-04-20 12:00:00,961.0,33.1,51,6.6
2023-04-20 13:00:00,961.0,33.6,50,6.0
2023-04-20 14:00:00,865.0,34.1,50,3.4
2023-04-20 15:00:00,673.0,34.0,48,2.1
2023-04-20 16:00:00,412.0,33.0,52,6.6
2023-04-20 17:00:00,212.0,31.0,66,10.4
2023-04-21 06:00:00,1.0,24.1,93,7.0
2023-04-21 07:00:00,30.0,24.5,93,5.5
2023-04-21 08:00:00,276.0,25.6,88,7.3
2023-04-21 09:00:00,392.0,26.4,84,10.2
2023-04-21 10:00:00,510.0,27.4,81,9.6
2023-04-21 11:00:00,680.0,28.6,76,8.2
2023-04-21 12:00:00,797.0,29.9,71,7.5
2023-04-21 13:00:00,893.0,30.9,67,9.2
2023-04-21 14:00:00,813.0,30.9,66,9.4
2023-04-21 15:00:00,614.0,30.8,64,7.1
2023-04-21 16:00:00,380.0,29.6,69,7.9
2023-04-21 17:00:00,238.0,27.2,77,15.8
2023-04-22 06:00:00,2.0,22.5,96,1.8
2023-04-22 07:00:00,77.0,23.5,93,4.6
2023-04-22 08:00:00,299.0,25.1,85,4.3
2023-04-22 09:00:00,445.0,26.4,80,5.1
2023-04-22 10:00:00,650.0,27.7,75,6.3
2023-04-22 11:00:00,652.0,28.6,70,5.2
2023-04-22 12:00:00,835.0,29.8,65,4.9
2023-04-22 13:00:00,878.0,30.4,62,4.8
2023-04-22 14:00:00,695.0,30.6,60,6.8
2023-04-22 15:00:00,617.0,30.8,59,7.5
2023-04-22 16:00:00,465.0,30.3,62,7.5
2023-04-22 17:00:00,246.0,29.5,66,6.2
2023-04-23 06:00:00,3.0,22.8,98,6.9
2023-04-23 07:00:00,79.0,23.8,93,0.7
2023-04-23 08:00:00,262.0,25.1,89,1.9
2023-04-23 09:00:00,485.0,26.4,85,4.4
2023-04-23 10:00:00,691.0,27.7,77,3.9
2023-04-23 11:00:00,756.0,28.7,74,4.3
2023-04-23 12:00:00,820.0,29.8,68,6.1
2023-04-23 13:00:00,876.0,30.6,65,8.0
2023-04-23 14:00:00,847.0,31.0,62,8.6
2023-04-23 15:00:00,664.0,31.0,60,7.6
2023-04-23 16:00:00,505.0,30.8,60,7.6
2023-04-23 17:00:00,264.0,30.2,62,5.4
2023-04-24 06:00:00,3.0,22.6,94,3.9
2023-04-24 07:00:00,113.0,24.2,88,6.7
2023-04-24 08:00:00,307.0,25.7,82,5.9
2023-04-24 09:00:00,514.0,27.4,76,5.9
2023-04-24 10:00:00,710.0,29.0,68,4.1
2023-04-24 11:00:00,873.0,30.3,61,3.9
2023-04-24 12:00:00,936.0,31.4,54,5.4
2023-04-24 13:00:00,929.0,31.9,52,8.0
2023-04-24 14:00:00,859.0,32.0,52,9.0
2023-04-24 15:00:00,705.0,32.0,53,10.0
2023-04-24 16:00:00,483.0,31.4,54,9.2
2023-04-24 17:00:00,233.0,29.4,62,11.9
2023-04-25 06:00:00,3.0,24.0,83,7.1
2023-04-25 07:00:00,112.0,25.6,78,7.8
2023-04-25 08:00:00,324.0,27.5,71,7.3
2023-04-25 09:00:00,571.0,29.5,61,8.9
2023-04-25 10:00:00,761.0,30.6,57,5.1
2023-04-25 11:00:00,894.0,31.7,54,1.5
2023-04-25 12:00:00,943.0,32.5,53,1.8
2023-04-25 13:00:00,934.0,33.0,52,2.5
2023-04-25 14:00:00,820.0,33.0,53,3.3
2023-04-25 15:00:00,665.0,33.0,53,4.3
2023-04-25 16:00:00,485.0,32.8,52,4.9
2023-04-25 17:00:00,264.0,32.1,54,3.3
2023-04-26 06:00:00,4.0,23.9,87,1.1
2023-04-26 07:00:00,119.0,26.0,77,4.3
2023-04-26 08:00:00,336.0,27.6,76,5.6
2023-04-26 09:00:00,564.0,29.2,73,6.1
2023-04-26 10:00:00,737.0,30.7,67,7.2
2023-04-26 11:00:00,827.0,31.8,63,6.8
2023-04-26 12:00:00,788.0,32.5,60,7.6
2023-04-26 13:00:00,850.0,33.2,57,6.6
2023-04-26 14:00:00,789.0,33.5,56,4.1
2023-04-26 15:00:00,681.0,33.3,56,4.0
2023-04-26 16:00:00,496.0,33.2,56,1.9
2023-04-26 17:00:00,200.0,31.3,62,7.9
2023-04-27 06:00:00,4.0,22.5,99,2.6
2023-04-27 07:00:00,116.0,23.9,93,0.0
2023-04-27 08:00:00,324.0,25.8,85,2.1
2023-04-27 09:00:00,537.0,27.5,77,2.8
2023-04-27 10:00:00,727.0,29.5,70,4.1
2023-04-27 11:00:00,870.0,31.1,63,6.0
2023-04-27 12:00:00,919.0,32.2,58,5.7
2023-04-27 13:00:00,845.0,32.8,54,5.9
2023-04-27 14:00:00,829.0,33.3,53,4.3
2023-04-27 15:00:00,636.0,32.8,54,5.5
2023-04-27 16:00:00,377.0,32.1,56,3.8
2023-04-27 17:00:00,234.0,31.5,59,6.2
2023-04-28 06:00:00,3.0,24.5,93,6.5
2023-04-28 07:00:00,95.0,26.0,88,7.5
2023-04-28 08:00:00,253.0,27.4,81,8.3
2023-04-28 09:00:00,465.0,28.9,75,7.6
2023-04-28 10:00:00,598.0,30.0,70,6.9
2023-04-28 11:00:00,759.0,30.9,67,5.8
2023-04-28 12:00:00,858.0,31.6,64,5.1
2023-04-28 13:00:00,834.0,32.0,63,3.6
2023-04-28 14:00:00,722.0,32.5,60,2.3
2023-04-28 15:00:00,602.0,29.4,74,9.4
2023-04-28 16:00:00,216.0,27.5,85,3.3
2023-04-28 17:00:00,92.0,25.8,88,8.2
2023-04-29 06:00:00,4.0,24.7,100,1.5
2023-04-29 07:00:00,106.0,26.4,91,0.4
2023-04-29 08:00:00,315.0,28.0,79,2.6
2023-04-29 09:00:00,487.0,29.3,73,0.5
2023-04-29 10:00:00,638.0,30.6,69,1.8
2023-04-29 11:00:00,711.0,31.2,68,5.4
2023-04-29 12:00:00,707.0,31.5,68,5.4
2023-04-29 13:00:00,662.0,31.6,66,3.9
2023-04-29 14:00:00,653.0,32.2,62,3.7
2023-04-29 15:00:00,600.0,32.3,60,5.6
2023-04-29 16:00:00,425.0,31.0,67,8.5
2023-04-29 17:00:00,175.0,30.4,71,6.4
2023-04-30 06:00:00,2.0,24.9,98,3.2
2023-04-30 07:00:00,94.0,25.9,94,6.8
2023-04-30 08:00:00,178.0,26.0,92,6.9
2023-04-30 09:00:00,344.0,26.9,86,10.0
2023-04-30 10:00:00,274.0,26.5,87,8.4
2023-04-30 11:00:00,484.0,27.6,81,11.5
2023-04-30 12:00:00,452.0,27.9,79,3.9
2023-04-30 13:00:00,504.0,28.7,76,4.0
2023-04-30 14:00:00,426.0,29.0,75,0.8
2023-04-30 15:00:00,489.0,29.8,71,3.2
2023-04-30 16:00:00,270.0,29.4,72,6.6
2023-04-30 17:00:00,136.0,28.5,77,5.4
2023-05-01 06:00:00,4.0,24.0,99,1.9
2023-05-01 07:00:00,97.0,25.6,94,1.8
2023-05-01 08:00:00,257.0,27.5,83,0.7
2023-05-01 09:00:00,522.0,29.2,75,1.1
2023-05-01 10:00:00,696.0,30.8,70,1.5
2023-05-01 11:00:00,829.0,32.1,63,0.7
2023-05-01 12:00:00,920.0,33.2,59,1.6
2023-05-01 13:00:00,933.0,34.0,56,2.1
2023-05-01 14:00:00,847.0,34.1,57,4.1
2023-05-01 15:00:00,641.0,34.2,57,5.9
2023-05-01 16:00:00,479.0,33.9,57,6.5
2023-05-01 17:00:00,253.0,33.0,59,6.6
2023-05-02 06:00:00,5.0,24.7,98,1.8
2023-05-02 07:00:00,126.0,26.1,93,1.5
2023-05-02 08:00:00,346.0,28.0,82,3.5
2023-05-02 09:00:00,575.0,30.0,72,4.5
2023-05-02 10:00:00,766.0,31.5,65,4.4
2023-05-02 11:00:00,905.0,32.8,59,4.6
2023-05-02 12:00:00,959.0,34.1,53,6.1
2023-05-02 13:00:00,940.0,34.8,49,6.6
2023-05-02 14:00:00,838.0,35.3,47,5.1
2023-05-02 15:00:00,711.0,35.5,47,3.5
2023-05-02 16:00:00,522.0,35.7,43,2.9
2023-05-02 17:00:00,290.0,35.4,42,3.1
2023-05-03 06:00:00,5.0,25.4,70,4.7
2023-05-03 07:00:00,132.0,27.2,62,4.1
2023-05-03 08:00:00,360.0,29.3,59,4.4
2023-05-03 09:00:00,587.0,31.7,53,3.4
2023-05-03 10:00:00,777.0,33.5,49,1.5
2023-05-03 11:00:00,911.0,35.0,44,2.3
2023-05-03 12:00:00,976.0,36.2,38,3.3
2023-05-03 13:00:00,965.0,37.0,35,4.3
2023-05-03 14:00:00,882.0,37.2,34,4.9
2023-05-03 15:00:00,736.0,37.2,33,5.5
2023-05-03 16:00:00,529.0,36.8,33,5.2
2023-05-03 17:00:00,296.0,35.5,41,4.7
2023-05-04 06:00:00,5.0,24.5,81,2.1
2023-05-04 07:00:00,127.0,26.8,70,5.4
2023-05-04 08:00:00,335.0,29.1,63,4.2
2023-05-04 09:00:00,559.0,31.4,58,4.7
2023-05-04 10:00:00,744.0,33.4,50,5.5
2023-05-04 11:00:00,884.0,35.2,41,8.3
2023-05-04 12:00:00,930.0,36.5,37,8.2
2023-05-04 13:00:00,935.0,37.6,34,7.8
2023-05-04 14:00:00,781.0,37.9,32,7.7
2023-05-04 15:00:00,647.0,37.9,31,7.6
2023-05-04 16:00:00,505.0,37.9,29,8.6
2023-05-04 17:00:00,298.0,36.2,35,12.2
2023-05-05 06:00:00,5.0,26.4,65,13.1
2023-05-05 07:00:00,121.0,28.1,63,11.1
2023-05-05 08:00:00,338.0,30.5,58,7.7
2023-05-05 09:00:00,569.0,33.5,47,9.6
2023-05-05 10:00:00,768.0,35.5,38,6.6
2023-05-05 11:00:00,903.0,36.8,35,4.7
2023-05-05 12:00:00,968.0,37.8,33,7.3
2023-05-05 13:00:00,952.0,38.4,31,9.9
2023-05-05 14:00:00,842.0,38.7,30,8.9
2023-05-05 15:00:00,696.0,38.8,29,9.0
2023-05-05 16:00:00,482.0,38.3,29,10.2
2023-05-05 17:00:00,277.0,37.0,34,10.9
2023-05-06 06:00:00,6.0,26.6,68,14.6
2023-05-06 07:00:00,110.0,28.1,63,12.2
2023-05-06 08:00:00,353.0,30.7,55,12.5
2023-05-06 09:00:00,581.0,33.5,44,10.8
2023-05-06 10:00:00,778.0,35.1,39,10.1
2023-05-06 11:00:00,909.0,36.2,36,9.9
2023-05-06 12:00:00,967.0,37.2,34,9.2
2023-05-06 13:00:00,928.0,38.0,30,8.9
2023-05-06 14:00:00,751.0,37.7,31,10.7
2023-05-06 15:00:00,695.0,37.7,30,12.4
2023-05-06 16:00:00,500.0,37.2,29,14.1
2023-05-06 17:00:00,297.0,36.2,31,11.2
2023-05-07 06:00:00,6.0,25.9,69,15.0
2023-05-07 07:00:00,133.0,27.5,62,10.6
2023-05-07 08:00:00,320.0,29.2,63,7.6
2023-05-07 09:00:00,537.0,30.8,64,4.6
2023-05-07 10:00:00,663.0,32.2,58,4.6
2023-05-07 11:00:00,833.0,34.1,46,6.1
2023-05-07 12:00:00,816.0,35.1,40,6.6
2023-05-07 13:00:00,839.0,35.9,36,8.0
2023-05-07 14:00:00,774.0,36.0,37,8.3
2023-05-07 15:00:00,590.0,36.0,39,8.0
2023-05-07 16:00:00,399.0,35.5,41,7.5
2023-05-07 17:00:00,216.0,34.3,46,7.4
2023-05-08 06:00:00,6.0,27.5,69,14.3
2023-05-08 07:00:00,134.0,29.4,63,12.0
2023-05-08 08:00:00,359.0,31.7,54,13.1
2023-05-08 09:00:00,583.0,33.5,47,9.0
2023-05-08 10:00:00,771.0,35.2,41,5.4
2023-05-08 11:00:00,902.0,36.6,37,6.4
2023-05-08 12:00:00,955.0,37.4,35,8.5
2023-05-08 13:00:00,927.0,37.8,35,8.5
2023-05-08 14:00:00,854.0,38.2,34,6.8
2023-05-08 15:00:00,698.0,38.6,32,4.4
2023-05-08 16:00:00,508.0,38.7,31,5.1
2023-05-08 17:00:00,268.0,37.5,34,4.9
2023-05-09 06:00:00,6.0,27.3,77,5.5
2023-05-09 07:00:00,124.0,28.4,80,2.9
2023-05-09 08:00:00,309.0,30.1,76,3.6
2023-05-09 09:00:00,562.0,32.2,67,4.6
2023-05-09 10:00:00,697.0,33.9,58,4.5
2023-05-09 11:00:00,848.0,35.4,49,5.3
2023-05-09 12:00:00,916.0,36.8,43,5.9
2023-05-09 13:00:00,857.0,37.8,39,5.9
2023-05-09 14:00:00,719.0,37.6,40,3.3
2023-05-09 15:00:00,566.0,34.5,49,3.3
2023-05-09 16:00:00,357.0,34.2,51,3.5
2023-05-09 17:00:00,190.0,31.1,68,18.4
2023-05-10 06:00:00,6.0,25.0,94,4.3
2023-05-10 07:00:00,101.0,26.2,92,0.7
2023-05-10 08:00:00,195.0,28.0,84,8.6
2023-05-10 09:00:00,304.0,28.9,79,6.0
2023-05-10 10:00:00,366.0,29.0,78,6.6
2023-05-10 11:00:00,391.0,30.0,74,7.3
2023-05-10 12:00:00,496.0,31.0,70,4.4
2023-05-10 13:00:00,628.0,31.5,68,6.7
2023-05-10 14:00:00,379.0,31.3,68,4.7
2023-05-10 15:00:00,317.0,31.3,67,5.9
2023-05-10 16:00:00,364.0,31.5,67,6.0
2023-05-10 17:00:00,189.0,30.7,70,6.7
2023-05-11 06:00:00,6.0,25.1,97,4.1
2023-05-11 07:00:00,125.0,27.5,75,7.4
2023-05-11 08:00:00,280.0,29.0,66,6.6
2023-05-11 09:00:00,468.0,30.5,58,5.6
2023-05-11 10:00:00,753.0,32.2,54,2.5
2023-05-11 11:00:00,865.0,33.5,51,1.8
2023-05-11 12:00:00,913.0,34.5,48,2.2
2023-05-11 13:00:00,873.0,35.2,45,3.7
2023-05-11 14:00:00,776.0,35.5,43,4.8
2023-05-11 15:00:00,609.0,35.4,44,7.3
2023-05-11 16:00:00,453.0,34.9,47,7.9
2023-05-11 17:00:00,233.0,33.8,52,6.6
2023-05-12 06:00:00,6.0,25.4,88,4.4
2023-05-12 07:00:00,123.0,26.6,80,3.3
2023-05-12 08:00:00,356.0,28.9,70,3.4
2023-05-12 09:00:00,578.0,30.9,62,3.2
2023-05-12 10:00:00,763.0,32.6,57,3.6
2023-05-12 11:00:00,866.0,34.3,48,5.4
2023-05-12 12:00:00,937.0,35.7,41,7.4
2023-05-12 13:00:00,885.0,36.1,40,6.7
2023-05-12 14:00:00,816.0,36.5,39,6.9
2023-05-12 15:00:00,666.0,36.5,39,6.5
2023-05-12 16:00:00,489.0,36.0,40,7.2
2023-05-12 17:00:00,273.0,34.7,45,9.8
2023-05-13 06:00:00,6.0,26.6,73,14.0
2023-05-13 07:00:00,99.0,28.2,70,13.5
2023-05-13 08:00:00,347.0,30.8,60,15.3
2023-05-13 09:00:00,547.0,32.8,52,13.9
2023-05-13 10:00:00,744.0,34.2,48,11.6
2023-05-13 11:00:00,882.0,35.3,44,8.7
2023-05-13 12:00:00,934.0,36.3,40,6.5
2023-05-13 13:00:00,833.0,36.7,39,4.8
2023-05-13 14:00:00,825.0,37.3,37,3.8
2023-05-13 15:00:00,681.0,37.7,37,7.6
2023-05-13 16:00:00,447.0,35.5,43,8.5
2023-05-13 17:00:00,219.0,35.3,44,5.2
2023-05-14 06:00:00,5.0,25.5,92,4.0
2023-05-14 07:00:00,93.0,26.9,93,4.7
2023-05-14 08:00:00,310.0,28.6,85,7.7
2023-05-14 09:00:00,495.0,30.6,73,9.8
2023-05-14 10:00:00,651.0,32.5,63,10.8
2023-05-14 11:00:00,763.0,33.8,56,7.8
2023-05-14 12:00:00,704.0,34.5,52,4.2
2023-05-14 13:00:00,811.0,35.3,49,2.6
2023-05-14 14:00:00,706.0,36.2,46,2.9
2023-05-14 15:00:00,553.0,36.0,45,4.9
2023-05-14 16:00:00,297.0,34.7,47,7.2
2023-05-14 17:00:00,205.0,34.2,50,9.6
2023-05-15 06:00:00,5.0,26.4,91,1.9
2023-05-15 07:00:00,73.0,25.8,92,8.4
2023-05-15 08:00:00,130.0,26.4,86,7.1
2023-05-15 09:00:00,286.0,28.1,79,7.0
2023-05-15 10:00:00,327.0,29.4,73,7.2
2023-05-15 11:00:00,425.0,30.5,66,6.9
2023-05-15 12:00:00,467.0,31.1,64,6.5
2023-05-15 13:00:00,474.0,31.6,62,5.0
2023-05-15 14:00:00,385.0,32.0,59,2.5
2023-05-15 15:00:00,321.0,32.2,58,5.2
2023-05-15 16:00:00,190.0,31.7,60,5.0
2023-05-15 17:00:00,121.0,31.3,62,4.3
2023-05-16 06:00:00,1.0,24.0,97,1.9
2023-05-16 07:00:00,38.0,24.4,97,4.4
2023-05-16 08:00:00,200.0,25.9,91,6.8
2023-05-16 09:00:00,453.0,27.5,82,4.7
2023-05-16 10:00:00,533.0,28.9,76,5.2
2023-05-16 11:00:00,564.0,30.0,73,4.8
2023-05-16 12:00:00,605.0,30.3,71,3.4
2023-05-16 13:00:00,546.0,30.6,69,3.1
2023-05-16 14:00:00,578.0,30.4,71,3.3
2023-05-16 15:00:00,347.0,28.9,76,8.7
2023-05-16 16:00:00,108.0,26.8,88,10.8
2023-05-16 17:00:00,98.0,25.6,91,2.3
2023-05-17 06:00:00,4.0,24.0,98,1.8
2023-05-17 07:00:00,78.0,25.1,94,2.1
2023-05-17 08:00:00,218.0,26.0,89,0.4
2023-05-17 09:00:00,368.0,27.3,84,4.9
2023-05-17 10:00:00,597.0,29.0,76,4.9
2023-05-17 11:00:00,456.0,29.5,72,4.1
2023-05-17 12:00:00,873.0,31.4,65,3.1
2023-05-17 13:00:00,902.0,32.2,61,1.3
2023-05-17 14:00:00,815.0,32.8,59,1.3
2023-05-17 15:00:00,669.0,32.9,58,2.6
2023-05-17 16:00:00,475.0,32.6,59,2.6
2023-05-17 17:00:00,220.0,32.0,61,3.3
2023-05-18 06:00:00,7.0,26.0,84,7.4
2023-05-18 07:00:00,135.0,27.2,81,3.7
2023-05-18 08:00:00,356.0,28.8,77,3.0
2023-05-18 09:00:00,569.0,30.7,67,3.5
2023-05-18 10:00:00,752.0,32.2,60,2.7
2023-05-18 11:00:00,884.0,33.5,56,3.1
2023-05-18 12:00:00,949.0,34.7,52,3.8
2023-05-18 13:00:00,935.0,35.3,49,3.8
2023-05-18 14:00:00,833.0,35.7,48,2.5
2023-05-18 15:00:00,647.0,35.5,48,2.5
2023-05-18 16:00:00,472.0,35.0,51,5.7
2023-05-18 17:00:00,280.0,33.8,56,9.5
2023-05-19 06:00:00,7.0,26.0,88,3.3
2023-05-19 07:00:00,111.0,27.9,76,7.9
2023-05-19 08:00:00,350.0,29.5,69,8.0
2023-05-19 09:00:00,564.0,30.8,65,5.8
2023-05-19 10:00:00,722.0,32.3,61,4.0
2023-05-19 11:00:00,867.0,33.8,57,4.4
2023-05-19 12:00:00,907.0,34.7,53,4.7
2023-05-19 13:00:00,850.0,35.2,52,3.7
2023-05-19 14:00:00,725.0,35.3,50,3.0
2023-05-19 15:00:00,613.0,35.2,51,7.0
2023-05-19 16:00:00,333.0,31.6,66,9.4
2023-05-19 17:00:00,176.0,31.9,65,1.6
2023-05-20 06:00:00,5.0,24.4,97,5.8
2023-05-20 07:00:00,89.0,26.5,91,10.2
2023-05-20 08:00:00,276.0,28.0,83,6.3
2023-05-20 09:00:00,480.0,29.6,75,7.1
2023-05-20 10:00:00,561.0,31.0,68,6.6
2023-05-20 11:00:00,788.0,32.8,61,4.7
2023-05-20 12:00:00,878.0,34.2,57,3.4
2023-05-20 13:00:00,764.0,34.2,56,2.7
2023-05-20 14:00:00,751.0,34.0,57,3.6
2023-05-20 15:00:00,596.0,31.3,71,5.8
2023-05-20 16:00:00,310.0,26.6,86,7.1
2023-05-20 17:00:00,47.0,26.1,88,4.2
2023-05-21 06:00:00,5.0,24.1,98,6.9
2023-05-21 07:00:00,91.0,25.5,93,2.6
2023-05-21 08:00:00,236.0,26.5,87,6.4
2023-05-21 09:00:00,343.0,27.4,84,9.2
2023-05-21 10:00:00,302.0,26.6,87,7.9
2023-05-21 11:00:00,356.0,27.5,84,7.9
2023-05-21 12:00:00,509.0,28.9,78,3.7
2023-05-21 13:00:00,361.0,27.6,81,6.1
2023-05-21 14:00:00,488.0,28.4,81,7.4
2023-05-21 15:00:00,559.0,29.0,78,7.1
2023-05-21 16:00:00,448.0,29.1,77,6.0
2023-05-21 17:00:00,242.0,27.4,81,6.4
2023-05-22 06:00:00,4.0,23.8,98,3.7
2023-05-22 07:00:00,68.0,24.9,94,3.3
2023-05-22 08:00:00,312.0,26.3,87,4.5
2023-05-22 09:00:00,517.0,27.7,80,1.5
2023-05-22 10:00:00,671.0,29.1,74,3.8
2023-05-22 11:00:00,787.0,30.1,72,4.6
2023-05-22 12:00:00,809.0,31.0,68,6.0
2023-05-22 13:00:00,811.0,31.4,67,6.2
2023-05-22 14:00:00,834.0,31.4,68,7.0
2023-05-22 15:00:00,675.0,31.5,66,7.4
2023-05-22 16:00:00,488.0,30.5,67,6.4
2023-05-22 17:00:00,274.0,29.4,72,1.6
2023-05-23 06:00:00,7.0,23.8,99,4.8
2023-05-23 07:00:00,105.0,24.8,95,6.9
2023-05-23 08:00:00,286.0,26.2,87,3.4
2023-05-23 09:00:00,406.0,27.6,81,5.1
2023-05-23 10:00:00,594.0,29.1,74,5.6
2023-05-23 11:00:00,814.0,30.8,69,5.7
2023-05-23 12:00:00,892.0,31.4,68,6.1
2023-05-23 13:00:00,903.0,31.5,67,5.5
2023-05-23 14:00:00,762.0,31.6,68,4.3
2023-05-23 15:00:00,679.0,32.0,66,2.6
2023-05-23 16:00:00,405.0,29.8,72,4.9
2023-05-23 17:00:00,216.0,29.2,73,1.9
2023-05-24 06:00:00,6.0,23.4,97,0.4
2023-05-24 07:00:00,110.0,24.2,95,4.3
2023-05-24 08:00:00,207.0,24.9,91,7.2
2023-05-24 09:00:00,320.0,25.9,85,4.7
2023-05-24 10:00:00,378.0,27.0,81,5.0
2023-05-24 11:00:00,470.0,28.0,78,5.7
2023-05-24 12:00:00,767.0,29.5,74,7.7
2023-05-24 13:00:00,902.0,30.6,69,6.0
2023-05-24 14:00:00,821.0,31.4,66,3.6
2023-05-24 15:00:00,671.0,31.6,64,5.8
2023-05-24 16:00:00,483.0,30.6,66,11.1
2023-05-24 17:00:00,237.0,29.0,78,9.0
2023-05-25 06:00:00,5.0,23.8,97,3.9
2023-05-25 07:00:00,52.0,24.5,96,4.7
2023-05-25 08:00:00,218.0,25.0,92,9.1
2023-05-25 09:00:00,156.0,25.0,91,4.5
2023-05-25 10:00:00,332.0,25.8,88,3.9
2023-05-25 11:00:00,471.0,27.2,80,4.7
2023-05-25 12:00:00,602.0,28.3,77,8.0
2023-05-25 13:00:00,551.0,28.9,73,6.4
2023-05-25 14:00:00,611.0,29.8,70,5.8
2023-05-25 15:00:00,438.0,30.0,68,6.5
2023-05-25 16:00:00,384.0,29.9,70,6.6
2023-05-25 17:00:00,204.0,29.0,73,6.2
2023-05-26 06:00:00,4.0,24.5,99,4.6
2023-05-26 07:00:00,77.0,25.5,92,5.2
2023-05-26 08:00:00,208.0,26.5,87,3.9
2023-05-26 09:00:00,488.0,28.5,78,4.0
2023-05-26 10:00:00,586.0,29.5,75,4.1
2023-05-26 11:00:00,705.0,30.4,74,5.7
2023-05-26 12:00:00,502.0,29.0,79,9.7
2023-05-26 13:00:00,358.0,26.9,86,4.1
2023-05-26 14:00:00,206.0,27.0,87,3.1
2023-05-26 15:00:00,308.0,27.7,85,1.8
2023-05-26 16:00:00,354.0,28.1,84,5.1
2023-05-26 17:00:00,104.0,26.2,91,6.8
2023-05-27 06:00:00,7.0,24.1,97,6.9
2023-05-27 07:00:00,125.0,25.7,90,4.4
2023-05-27 08:00:00,341.0,27.3,85,5.0
2023-05-27 09:00:00,561.0,29.3,75,6.4
2023-05-27 10:00:00,741.0,30.8,69,3.8
2023-05-27 11:00:00,854.0,32.0,64,2.5
2023-05-27 12:00:00,916.0,32.8,62,1.1
2023-05-27 13:00:00,838.0,32.8,63,2.0
2023-05-27 14:00:00,745.0,29.8,77,9.1
2023-05-27 15:00:00,460.0,30.5,75,3.3
2023-05-27 16:00:00,434.0,30.0,76,7.0
2023-05-27 17:00:00,158.0,28.9,80,8.8
2023-05-28 06:00:00,5.0,24.6,99,4.6
2023-05-28 07:00:00,91.0,25.3,98,5.7
2023-05-28 08:00:00,205.0,26.5,91,5.0
2023-05-28 09:00:00,496.0,28.5,83,3.6
2023-05-28 10:00:00,696.0,30.2,74,5.7
2023-05-28 11:00:00,809.0,31.1,71,7.1
2023-05-28 12:00:00,859.0,31.8,69,5.8
2023-05-28 13:00:00,788.0,32.0,68,2.3
2023-05-28 14:00:00,697.0,32.2,68,1.4
2023-05-28 15:00:00,577.0,30.3,72,0.5
2023-05-28 16:00:00,314.0,29.1,78,13.8
2023-05-28 17:00:00,186.0,28.1,82,7.7
2023-05-29 06:00:00,5.0,23.6,98,4.7
2023-05-29 07:00:00,91.0,24.0,96,2.6
2023-05-29 08:00:00,175.0,25.3,91,5.6
2023-05-29 09:00:00,394.0,26.5,84,1.4
2023-05-29 10:00:00,639.0,28.6,76,3.4
2023-05-29 11:00:00,732.0,29.7,74,3.8
2023-05-29 12:00:00,861.0,30.6,72,1.5
2023-05-29 13:00:00,733.0,30.1,75,5.0
2023-05-29 14:00:00,424.0,27.3,84,8.0
2023-05-29 15:00:00,144.0,26.9,86,0.5
2023-05-29 16:00:00,177.0,26.9,89,5.4
2023-05-29 17:00:00,141.0,26.5,91,6.3
2023-05-30 06:00:00,1.0,23.5,99,5.0
2023-05-30 07:00:00,43.0,24.7,96,5.5
2023-05-30 08:00:00,167.0,25.6,92,6.6
2023-05-30 09:00:00,278.0,26.4,88,6.5
2023-05-30 10:00:00,461.0,27.5,83,5.9
2023-05-30 11:00:00,650.0,28.6,81,7.6
2023-05-30 12:00:00,732.0,29.4,79,6.6
2023-05-30 13:00:00,752.0,29.9,76,5.4
2023-05-30 14:00:00,349.0,26.0,88,11.9
2023-05-30 15:00:00,96.0,25.5,91,5.8
2023-05-30 16:00:00,175.0,26.0,92,5.9
2023-05-30 17:00:00,133.0,26.0,91,5.1
2023-05-31 06:00:00,6.0,24.5,100,5.7
2023-05-31 07:00:00,72.0,25.4,94,4.2
2023-05-31 08:00:00,266.0,26.4,90,3.3
2023-05-31 09:00:00,477.0,27.7,84,1.9
2023-05-31 10:00:00,657.0,29.3,77,0.8
2023-05-31 11:00:00,689.0,30.5,70,1.8
2023-05-31 12:00:00,764.0,31.0,68,3.2
2023-05-31 13:00:00,810.0,31.5,68,4.7
2023-05-31 14:00:00,748.0,31.6,71,4.9
2023-05-31 15:00:00,545.0,29.9,76,6.6
2023-05-31 16:00:00,233.0,29.6,73,6.2
2023-05-31 17:00:00,125.0,28.2,82,6.9
2023-06-01 06:00:00,3.0,24.4,96,2.3
2023-06-01 07:00:00,60.0,25.6,94,8.3
2023-06-01 08:00:00,294.0,27.0,88,6.6
2023-06-01 09:00:00,364.0,27.8,85,7.1
2023-06-01 10:00:00,634.0,28.8,81,6.1
2023-06-01 11:00:00,772.0,30.0,74,5.7
2023-06-01 12:00:00,772.0,30.8,70,8.7
2023-06-01 13:00:00,760.0,30.8,70,9.2
2023-06-01 14:00:00,566.0,28.7,76,9.3
2023-06-01 15:00:00,253.0,27.0,86,5.4
2023-06-01 16:00:00,122.0,26.8,88,1.8
2023-06-01 17:00:00,142.0,27.0,87,4.5
2023-06-02 06:00:00,5.0,24.0,98,1.1
2023-06-02 07:00:00,109.0,25.5,90,1.8
2023-06-02 08:00:00,328.0,27.4,83,1.1
2023-06-02 09:00:00,486.0,28.5,79,6.1
2023-06-02 10:00:00,700.0,29.5,75,7.1
2023-06-02 11:00:00,830.0,30.5,70,5.8
2023-06-02 12:00:00,786.0,31.0,68,5.8
2023-06-02 13:00:00,741.0,31.1,66,5.2
2023-06-02 14:00:00,672.0,31.5,64,3.0
2023-06-02 15:00:00,427.0,30.0,71,4.2
2023-06-02 16:00:00,246.0,29.6,75,4.8
2023-06-02 17:00:00,167.0,28.7,76,3.6
2023-06-03 06:00:00,7.0,24.7,92,6.6
2023-06-03 07:00:00,134.0,26.8,84,5.3
2023-06-03 08:00:00,331.0,28.4,79,5.4
2023-06-03 09:00:00,536.0,30.2,72,5.8
2023-06-03 10:00:00,724.0,31.7,64,3.0
2023-06-03 11:00:00,849.0,32.8,59,4.3
2023-06-03 12:00:00,915.0,33.3,58,5.2
2023-06-03 13:00:00,830.0,33.7,57,4.1
2023-06-03 14:00:00,792.0,33.5,58,5.8
2023-06-03 15:00:00,585.0,33.1,60,7.0
2023-06-03 16:00:00,368.0,31.9,65,7.9
2023-06-03 17:00:00,231.0,31.5,72,6.3
2023-06-04 06:00:00,7.0,25.2,95,3.9
2023-06-04 07:00:00,115.0,24.5,96,15.1
2023-06-04 08:00:00,89.0,25.1,95,8.2
2023-06-04 09:00:00,271.0,26.5,86,2.2
2023-06-04 10:00:00,419.0,28.4,77,3.9
2023-06-04 11:00:00,728.0,30.2,71,5.0
2023-06-04 12:00:00,841.0,31.0,70,4.8
2023-06-04 13:00:00,849.0,31.6,69,2.7
2023-06-04 14:00:00,730.0,32.1,68,2.5
2023-06-04 15:00:00,607.0,32.0,68,3.8
2023-06-04 16:00:00,379.0,31.2,69,3.8
2023-06-04 17:00:00,238.0,30.9,71,3.3
2023-06-05 06:00:00,5.0,23.5,97,6.7
2023-06-05 07:00:00,95.0,25.0,93,5.4
2023-06-05 08:00:00,283.0,26.1,88,5.5
2023-06-05 09:00:00,490.0,27.5,81,5.8
2023-06-05 10:00:00,555.0,28.7,76,1.8
2023-06-05 11:00:00,667.0,30.2,71,2.6
2023-06-05 12:00:00,752.0,30.7,71,2.7
2023-06-05 13:00:00,764.0,31.1,71,3.6
2023-06-05 14:00:00,626.0,31.0,71,3.9
2023-06-05 15:00:00,476.0,30.9,72,1.9
2023-06-05 16:00:00,306.0,29.6,75,2.8
2023-06-05 17:00:00,128.0,26.1,89,11.8
2023-06-06 06:00:00,7.0,24.8,92,3.8
2023-06-06 07:00:00,113.0,25.5,92,3.1
2023-06-06 08:00:00,89.0,26.0,91,1.1
2023-06-06 09:00:00,297.0,27.2,86,3.3
2023-06-06 10:00:00,688.0,29.0,80,3.7
2023-06-06 11:00:00,797.0,30.1,74,3.4
2023-06-06 12:00:00,773.0,30.9,72,3.7
2023-06-06 13:00:00,892.0,31.6,70,3.3
2023-06-06 14:00:00,738.0,31.9,70,1.9
2023-06-06 15:00:00,571.0,30.9,73,2.1
2023-06-06 16:00:00,273.0,26.4,89,13.1
2023-06-06 17:00:00,60.0,26.5,88,4.5
2023-06-07 06:00:00,6.0,24.5,97,7.6
2023-06-07 07:00:00,113.0,25.1,93,7.4
2023-06-07 08:00:00,145.0,25.9,93,6.9
2023-06-07 09:00:00,390.0,27.8,85,5.7
2023-06-07 10:00:00,625.0,29.5,77,5.1
2023-06-07 11:00:00,801.0,30.9,72,3.6
2023-06-07 12:00:00,906.0,32.1,69,3.6
2023-06-07 13:00:00,881.0,32.5,66,4.2
2023-06-07 14:00:00,787.0,32.6,64,3.3
2023-06-07 15:00:00,583.0,32.4,65,2.3
2023-06-07 16:00:00,403.0,32.2,68,4.3
2023-06-07 17:00:00,267.0,31.3,72,7.2
2023-06-08 06:00:00,2.0,23.7,96,5.9
2023-06-08 07:00:00,102.0,24.4,93,2.6
2023-06-08 08:00:00,275.0,26.1,89,6.0
2023-06-08 09:00:00,397.0,27.4,81,5.2
2023-06-08 10:00:00,591.0,29.0,74,1.1
2023-06-08 11:00:00,736.0,30.5,69,1.8
2023-06-08 12:00:00,893.0,31.3,67,2.7
2023-06-08 13:00:00,831.0,28.5,77,16.1
2023-06-08 14:00:00,370.0,27.1,87,6.6
2023-06-08 15:00:00,242.0,27.0,85,1.8
2023-06-08 16:00:00,228.0,27.4,83,5.5
2023-06-08 17:00:00,146.0,27.1,84,5.3
2023-06-09 06:00:00,5.0,23.8,99,2.6
2023-06-09 07:00:00,95.0,24.8,95,1.5
2023-06-09 08:00:00,270.0,26.0,89,3.6
2023-06-09 09:00:00,421.0,27.6,81,4.7
2023-06-09 10:00:00,532.0,29.0,74,3.8
2023-06-09 11:00:00,653.0,30.2,70,4.1
2023-06-09 12:00:00,802.0,31.0,69,4.8
2023-06-09 13:00:00,762.0,31.0,71,4.3
2023-06-09 14:00:00,640.0,31.0,71,4.7
2023-06-09 15:00:00,528.0,29.1,77,8.2
2023-06-09 16:00:00,255.0,27.2,84,4.1
2023-06-09 17:00:00,128.0,27.3,84,4.1
2023-06-10 06:00:00,6.0,23.3,96,3.4
2023-06-10 07:00:00,81.0,24.7,94,2.7
2023-06-10 08:00:00,314.0,26.2,89,2.1
2023-06-10 09:00:00,519.0,27.6,84,3.3
2023-06-10 10:00:00,725.0,29.3,78,4.3
2023-06-10 11:00:00,821.0,30.6,72,5.0
2023-06-10 12:00:00,869.0,31.0,72,4.6
2023-06-10 13:00:00,799.0,31.0,74,4.8
2023-06-10 14:00:00,542.0,28.4,81,8.9
2023-06-10 15:00:00,257.0,26.5,90,7.6
2023-06-10 16:00:00,123.0,26.0,88,3.9
2023-06-10 17:00:00,100.0,25.8,88,3.3
2023-06-11 06:00:00,6.0,23.4,100,2.3
2023-06-11 07:00:00,112.0,24.5,96,6.4
2023-06-11 08:00:00,276.0,26.0,89,1.8
2023-06-11 09:00:00,501.0,27.5,83,4.2
2023-06-11 10:00:00,746.0,28.9,78,4.9
2023-06-11 11:00:00,848.0,29.9,75,4.8
2023-06-11 12:00:00,909.0,31.1,70,2.5
2023-06-11 13:00:00,893.0,31.9,68,1.6
2023-06-11 14:00:00,760.0,32.2,66,1.0
2023-06-11 15:00:00,689.0,32.4,67,2.1
2023-06-11 16:00:00,501.0,32.2,69,4.3
2023-06-11 17:00:00,295.0,31.5,71,5.9
2023-06-12 06:00:00,7.0,25.5,84,13.3
2023-06-12 07:00:00,132.0,26.6,83,11.6
2023-06-12 08:00:00,310.0,27.8,81,8.7
2023-06-12 09:00:00,538.0,29.5,73,6.8
2023-06-12 10:00:00,722.0,31.0,67,5.4
2023-06-12 11:00:00,861.0,32.2,63,6.5
2023-06-12 12:00:00,919.0,33.2,61,6.5
2023-06-12 13:00:00,919.0,33.9,57,5.4
2023-06-12 14:00:00,815.0,34.0,55,4.6
2023-06-12 15:00:00,677.0,32.9,61,8.7
2023-06-12 16:00:00,448.0,32.2,66,9.8
2023-06-12 17:00:00,257.0,31.3,71,7.8
2023-06-13 06:00:00,6.0,26.2,76,15.3
2023-06-13 07:00:00,125.0,26.9,79,10.8
2023-06-13 08:00:00,334.0,28.5,76,7.9
2023-06-13 09:00:00,534.0,30.2,71,7.9
2023-06-13 10:00:00,732.0,31.7,64,6.9
2023-06-13 11:00:00,856.0,32.8,62,4.8
2023-06-13 12:00:00,922.0,33.6,61,4.8
2023-06-13 13:00:00,903.0,34.2,60,5.5
2023-06-13 14:00:00,697.0,33.8,60,5.7
2023-06-13 15:00:00,606.0,33.8,59,3.3
2023-06-13 16:00:00,403.0,33.6,57,2.2
2023-06-13 17:00:00,229.0,33.0,61,2.9
2023-06-14 06:00:00,7.0,25.0,89,5.4
2023-06-14 07:00:00,128.0,26.6,83,5.8
2023-06-14 08:00:00,335.0,28.2,78,5.5
2023-06-14 09:00:00,514.0,29.3,79,5.4
2023-06-14 10:00:00,665.0,30.6,77,4.4
2023-06-14 11:00:00,773.0,31.6,72,3.9
2023-06-14 12:00:00,853.0,32.8,67,2.5
2023-06-14 13:00:00,820.0,33.7,62,3.6
2023-06-14 14:00:00,737.0,33.3,65,5.1
2023-06-14 15:00:00,462.0,31.8,71,4.8
2023-06-14 16:00:00,268.0,31.8,69,4.0
2023-06-14 17:00:00,215.0,31.5,68,2.1
2023-06-15 06:00:00,5.0,25.0,96,2.5
2023-06-15 07:00:00,68.0,26.2,94,5.2
2023-06-15 08:00:00,190.0,27.2,89,4.3
2023-06-15 09:00:00,398.0,28.7,81,2.7
2023-06-15 10:00:00,512.0,29.8,76,3.2
2023-06-15 11:00:00,670.0,30.9,72,3.0
2023-06-15 12:00:00,811.0,32.2,67,3.4
2023-06-15 13:00:00,759.0,33.0,62,5.1
2023-06-15 14:00:00,744.0,33.4,59,4.3
2023-06-15 15:00:00,631.0,33.2,58,3.2
2023-06-15 16:00:00,492.0,32.7,58,3.1
2023-06-15 17:00:00,184.0,30.3,76,8.4
2023-06-16 06:00:00,2.0,24.8,95,4.7
2023-06-16 07:00:00,56.0,26.4,84,1.8
2023-06-16 08:00:00,264.0,27.7,86,4.5
2023-06-16 09:00:00,546.0,29.4,78,4.8
2023-06-16 10:00:00,724.0,30.8,71,5.2
2023-06-16 11:00:00,858.0,32.1,68,6.9
2023-06-16 12:00:00,904.0,33.1,63,7.6
2023-06-16 13:00:00,860.0,33.7,58,5.0
2023-06-16 14:00:00,783.0,33.8,54,1.5
2023-06-16 15:00:00,630.0,32.9,58,3.2
2023-06-16 16:00:00,389.0,31.5,64,3.4
2023-06-16 17:00:00,120.0,30.0,76,6.9
2023-06-17 06:00:00,3.0,25.1,98,6.6
2023-06-17 07:00:00,52.0,25.6,97,5.9
2023-06-17 08:00:00,177.0,26.5,91,5.2
2023-06-17 09:00:00,460.0,28.4,81,1.1
2023-06-17 10:00:00,580.0,29.5,74,1.5
2023-06-17 11:00:00,772.0,30.7,70,4.1
2023-06-17 12:00:00,778.0,31.4,66,3.7
2023-06-17 13:00:00,817.0,32.2,65,1.1
2023-06-17 14:00:00,780.0,31.9,69,3.1
2023-06-17 15:00:00,605.0,30.0,76,6.0
2023-06-17 16:00:00,204.0,26.4,88,6.6
2023-06-17 17:00:00,16.0,25.8,91,2.2
2023-06-18 06:00:00,4.0,24.4,91,10.0
2023-06-18 07:00:00,88.0,25.1,89,13.8
2023-06-18 08:00:00,295.0,26.8,86,11.0
2023-06-18 09:00:00,534.0,28.8,80,12.0
2023-06-18 10:00:00,719.0,30.5,71,11.7
2023-06-18 11:00:00,848.0,31.8,61,9.0
2023-06-18 12:00:00,906.0,32.2,61,8.9
2023-06-18 13:00:00,884.0,32.5,62,7.4
2023-06-18 14:00:00,833.0,32.8,62,6.2
2023-06-18 15:00:00,666.0,32.8,62,5.4
2023-06-18 16:00:00,467.0,33.0,60,4.7
2023-06-18 17:00:00,293.0,32.8,60,4.9
2023-06-19 06:00:00,6.0,24.5,85,7.0
2023-06-19 07:00:00,127.0,26.4,85,9.7
2023-06-19 08:00:00,338.0,28.2,78,8.4
2023-06-19 09:00:00,556.0,30.4,70,7.5
2023-06-19 10:00:00,735.0,32.0,60,5.8
2023-06-19 11:00:00,863.0,32.8,55,7.6
2023-06-19 12:00:00,919.0,33.4,54,8.8
2023-06-19 13:00:00,913.0,34.0,54,7.9
2023-06-19 14:00:00,765.0,34.5,50,5.9
2023-06-19 15:00:00,637.0,34.6,48,1.8
2023-06-19 16:00:00,479.0,34.3,49,1.8
2023-06-19 17:00:00,298.0,33.3,57,4.8
2023-06-20 06:00:00,5.0,26.5,75,8.4
2023-06-20 07:00:00,122.0,27.5,77,8.3
2023-06-20 08:00:00,332.0,29.0,74,4.7
2023-06-20 09:00:00,552.0,30.8,70,5.9
2023-06-20 10:00:00,734.0,32.3,61,5.5
2023-06-20 11:00:00,863.0,33.6,55,1.9
2023-06-20 12:00:00,926.0,34.6,52,3.9
2023-06-20 13:00:00,908.0,35.0,52,5.5
2023-06-20 14:00:00,756.0,35.1,51,5.4
2023-06-20 15:00:00,650.0,35.0,50,3.3
2023-06-20 16:00:00,505.0,35.0,50,1.1
2023-06-20 17:00:00,278.0,34.6,50,1.1
2023-06-21 06:00:00,6.0,26.7,76,13.4
2023-06-21 07:00:00,127.0,27.7,78,13.3
2023-06-21 08:00:00,338.0,29.4,74,10.2
2023-06-21 09:00:00,541.0,31.1,68,10.0
2023-06-21 10:00:00,732.0,32.7,59,7.3
2023-06-21 11:00:00,860.0,33.9,54,4.3
2023-06-21 12:00:00,926.0,34.8,51,3.1
2023-06-21 13:00:00,901.0,35.2,51,4.7
2023-06-21 14:00:00,795.0,35.5,49,1.1
2023-06-21 15:00:00,493.0,35.1,50,2.4
2023-06-21 16:00:00,429.0,34.8,53,5.8
2023-06-21 17:00:00,223.0,33.5,60,6.5
2023-06-22 06:00:00,5.0,24.4,99,3.7
2023-06-22 07:00:00,101.0,26.5,93,3.5
2023-06-22 08:00:00,283.0,28.0,87,2.9
2023-06-22 09:00:00,473.0,29.3,80,3.1
2023-06-22 10:00:00,648.0,30.9,73,3.6
2023-06-22 11:00:00,650.0,31.5,70,6.7
2023-06-22 12:00:00,776.0,32.5,68,5.1
2023-06-22 13:00:00,788.0,32.3,70,6.1
2023-06-22 14:00:00,548.0,31.4,72,7.6
2023-06-22 15:00:00,291.0,28.8,80,8.0
2023-06-22 16:00:00,247.0,28.7,81,4.5
2023-06-22 17:00:00,251.0,29.0,80,2.9
2023-06-23 06:00:00,4.0,24.4,99,1.3
2023-06-23 07:00:00,82.0,25.3,97,2.6
2023-06-23 08:00:00,194.0,26.7,91,0.8
2023-06-23 09:00:00,462.0,28.0,85,5.9
2023-06-23 10:00:00,658.0,29.4,78,4.6
2023-06-23 11:00:00,816.0,30.6,74,4.7
2023-06-23 12:00:00,880.0,31.6,72,7.1
2023-06-23 13:00:00,886.0,32.4,70,6.6
2023-06-23 14:00:00,720.0,31.1,73,8.9
2023-06-23 15:00:00,362.0,27.9,83,5.6
2023-06-23 16:00:00,282.0,28.1,83,6.8
2023-06-23 17:00:00,244.0,27.6,85,1.5
2023-06-24 06:00:00,5.0,23.8,99,4.8
2023-06-24 07:00:00,92.0,24.6,96,3.4
2023-06-24 08:00:00,263.0,26.1,87,1.8
2023-06-24 09:00:00,427.0,27.6,78,4.9
2023-06-24 10:00:00,638.0,29.1,71,7.9
2023-06-24 11:00:00,802.0,30.5,65,5.5
2023-06-24 12:00:00,844.0,31.5,61,3.7
2023-06-24 13:00:00,857.0,32.2,60,2.2
2023-06-24 14:00:00,850.0,32.5,59,2.8
2023-06-24 15:00:00,722.0,32.5,58,7.1
2023-06-24 16:00:00,524.0,31.6,63,9.4
2023-06-24 17:00:00,281.0,30.9,69,6.8
2023-06-25 06:00:00,1.0,24.0,95,5.4
2023-06-25 07:00:00,30.0,24.0,92,4.1
2023-06-25 08:00:00,274.0,25.0,91,5.1
2023-06-25 09:00:00,538.0,26.6,83,5.4
2023-06-25 10:00:00,576.0,27.8,79,3.6
2023-06-25 11:00:00,386.0,28.0,78,5.4
2023-06-25 12:00:00,824.0,29.7,75,5.2
2023-06-25 13:00:00,669.0,30.0,72,4.4
2023-06-25 14:00:00,732.0,30.7,70,3.2
2023-06-25 15:00:00,620.0,30.9,70,2.8
2023-06-25 16:00:00,496.0,31.0,69,3.1
2023-06-25 17:00:00,270.0,30.4,69,3.4
2023-06-26 06:00:00,2.0,23.7,99,1.1
2023-06-26 07:00:00,72.0,24.8,94,1.9
2023-06-26 08:00:00,227.0,25.8,89,5.2
2023-06-26 09:00:00,351.0,26.9,84,5.9
2023-06-26 10:00:00,493.0,28.1,79,5.3
2023-06-26 11:00:00,717.0,29.5,75,4.9
2023-06-26 12:00:00,861.0,30.8,68,5.7
2023-06-26 13:00:00,768.0,30.7,70,5.8
2023-06-26 14:00:00,342.0,26.6,86,12.1
2023-06-26 15:00:00,107.0,25.7,87,11.0
2023-06-26 16:00:00,99.0,25.9,87,5.7
2023-06-26 17:00:00,115.0,26.1,88,3.1
2023-06-27 06:00:00,4.0,23.5,91,3.9
2023-06-27 07:00:00,111.0,24.5,91,4.2
2023-06-27 08:00:00,273.0,25.9,85,5.8
2023-06-27 09:00:00,441.0,27.1,81,4.3
2023-06-27 10:00:00,620.0,28.5,75,4.0
2023-06-27 11:00:00,774.0,29.9,71,2.6
2023-06-27 12:00:00,784.0,30.6,69,3.9
2023-06-27 13:00:00,745.0,31.1,68,5.0
2023-06-27 14:00:00,649.0,31.4,67,3.6
2023-06-27 15:00:00,549.0,31.5,67,2.5
2023-06-27 16:00:00,422.0,31.5,67,4.6
2023-06-27 17:00:00,258.0,30.4,71,8.4
2023-06-28 06:00:00,4.0,24.3,98,1.9
2023-06-28 07:00:00,119.0,26.0,90,0.8
2023-06-28 08:00:00,326.0,27.5,83,3.0
2023-06-28 09:00:00,532.0,28.8,78,4.3
2023-06-28 10:00:00,708.0,30.0,73,5.9
2023-06-28 11:00:00,805.0,31.0,69,6.9
2023-06-28 12:00:00,858.0,31.8,65,7.0
2023-06-28 13:00:00,829.0,32.2,63,5.5
2023-06-28 14:00:00,799.0,31.9,65,2.4
2023-06-28 15:00:00,558.0,32.2,64,3.2
2023-06-28 16:00:00,389.0,31.0,70,6.0
2023-06-28 17:00:00,215.0,30.4,73,4.3
2023-06-29 06:00:00,5.0,26.1,84,10.7
2023-06-29 07:00:00,119.0,27.2,82,9.0
2023-06-29 08:00:00,321.0,28.7,78,9.2
2023-06-29 09:00:00,537.0,30.1,71,7.9
2023-06-29 10:00:00,722.0,31.5,65,3.3
2023-06-29 11:00:00,852.0,32.5,62,2.1
2023-06-29 12:00:00,891.0,33.2,60,4.0
2023-06-29 13:00:00,866.0,33.7,58,5.4
2023-06-29 14:00:00,784.0,34.1,56,4.7
2023-06-29 15:00:00,659.0,34.4,55,4.3
2023-06-29 16:00:00,466.0,33.8,55,4.4
2023-06-29 17:00:00,253.0,33.1,61,5.8
2023-06-30 06:00:00,4.0,25.2,93,2.6
2023-06-30 07:00:00,98.0,26.6,91,1.1
2023-06-30 08:00:00,252.0,28.1,87,1.5
2023-06-30 09:00:00,488.0,29.7,82,1.5
2023-06-30 10:00:00,669.0,31.4,77,2.9
2023-06-30 11:00:00,817.0,32.7,71,3.1
2023-06-30 12:00:00,887.0,33.7,62,7.3
2023-06-30 13:00:00,889.0,34.3,55,7.2
2023-06-30 14:00:00,833.0,34.8,54,6.5
2023-06-30 15:00:00,693.0,35.2,51,3.6
2023-06-30 16:00:00,494.0,35.2,51,3.2
2023-06-30 17:00:00,305.0,33.8,63,2.3
2023-07-01 06:00:00,4.0,24.5,95,2.6
2023-07-01 07:00:00,88.0,27.0,90,7.6
2023-07-01 08:00:00,318.0,28.5,83,3.0
2023-07-01 09:00:00,522.0,30.0,78,3.3
2023-07-01 10:00:00,676.0,31.4,73,2.1
2023-07-01 11:00:00,830.0,32.7,69,1.6
2023-07-01 12:00:00,880.0,33.8,64,1.5
2023-07-01 13:00:00,746.0,32.7,67,4.5
2023-07-01 14:00:00,527.0,31.7,73,10.1
2023-07-01 15:00:00,367.0,28.7,83,1.0
2023-07-01 16:00:00,149.0,28.5,83,5.3
2023-07-01 17:00:00,196.0,28.6,85,6.0
2023-07-02 06:00:00,4.0,24.0,98,5.4
2023-07-02 07:00:00,89.0,24.6,95,1.1
2023-07-02 08:00:00,318.0,26.6,88,3.7
2023-07-02 09:00:00,399.0,28.0,80,6.1
2023-07-02 10:00:00,321.0,28.7,76,4.3
2023-07-02 11:00:00,593.0,29.5,76,4.5
2023-07-02 12:00:00,674.0,26.9,85,12.0
2023-07-02 13:00:00,313.0,26.8,89,7.9
2023-07-02 14:00:00,335.0,27.5,84,8.0
2023-07-02 15:00:00,333.0,28.0,82,1.4
2023-07-02 16:00:00,251.0,28.1,81,0.5
2023-07-02 17:00:00,195.0,28.2,80,1.8
2023-07-03 06:00:00,4.0,23.4,99,1.5
2023-07-03 07:00:00,97.0,24.9,95,4.0
2023-07-03 08:00:00,263.0,26.4,87,1.0
2023-07-03 09:00:00,375.0,27.7,81,2.6
2023-07-03 10:00:00,465.0,28.6,77,3.0
2023-07-03 11:00:00,683.0,30.0,71,4.6
2023-07-03 12:00:00,746.0,30.5,72,6.2
2023-07-03 13:00:00,714.0,30.5,74,6.6
2023-07-03 14:00:00,611.0,30.6,74,5.2
2023-07-03 15:00:00,517.0,30.0,74,8.0
2023-07-03 16:00:00,273.0,27.4,82,8.7
2023-07-03 17:00:00,134.0,27.0,84,7.2
2023-07-04 06:00:00,4.0,24.0,99,0.8
2023-07-04 07:00:00,82.0,25.5,93,4.7
2023-07-04 08:00:00,218.0,26.1,90,8.1
2023-07-04 09:00:00,397.0,27.5,83,8.2
2023-07-04 10:00:00,580.0,29.0,77,8.7
2023-07-04 11:00:00,638.0,29.6,75,8.8
2023-07-04 12:00:00,715.0,30.4,73,8.0
2023-07-04 13:00:00,773.0,31.0,72,4.6
2023-07-04 14:00:00,753.0,31.6,67,2.9
2023-07-04 15:00:00,614.0,31.6,66,3.6
2023-07-04 16:00:00,453.0,31.0,70,5.8
2023-07-04 17:00:00,244.0,30.2,74,4.7
2023-07-05 06:00:00,4.0,23.6,100,1.8
2023-07-05 07:00:00,102.0,25.7,93,4.8
2023-07-05 08:00:00,314.0,27.0,88,3.2
2023-07-05 09:00:00,514.0,28.5,83,3.9
2023-07-05 10:00:00,687.0,29.8,75,3.4
2023-07-05 11:00:00,809.0,31.0,70,3.2
2023-07-05 12:00:00,874.0,32.0,66,4.5
2023-07-05 13:00:00,879.0,32.8,62,4.3
2023-07-05 14:00:00,806.0,33.2,60,2.6
2023-07-05 15:00:00,596.0,32.5,62,1.4
2023-07-05 16:00:00,482.0,31.9,66,0.5
2023-07-05 17:00:00,240.0,30.9,70,2.9
2023-07-06 06:00:00,3.0,24.2,98,6.8
2023-07-06 07:00:00,84.0,25.3,94,3.6
2023-07-06 08:00:00,225.0,26.8,86,1.8
2023-07-06 09:00:00,387.0,28.0,78,4.6
2023-07-06 10:00:00,591.0,29.0,73,5.6
2023-07-06 11:00:00,776.0,30.2,69,3.4
2023-07-06 12:00:00,853.0,31.1,66,4.5
2023-07-06 13:00:00,881.0,32.0,62,3.2
2023-07-06 14:00:00,777.0,32.2,60,3.2
2023-07-06 15:00:00,685.0,32.2,59,1.4
2023-07-06 16:00:00,411.0,32.0,60,1.1
2023-07-06 17:00:00,295.0,30.2,68,5.1
2023-07-07 06:00:00,2.0,23.9,96,2.7
2023-07-07 07:00:00,61.0,24.8,95,4.3
2023-07-07 08:00:00,219.0,25.8,90,3.7
2023-07-07 09:00:00,339.0,27.0,83,4.7
2023-07-07 10:00:00,423.0,28.0,79,5.0
2023-07-07 11:00:00,643.0,29.0,76,3.2
2023-07-07 12:00:00,833.0,30.0,73,4.2
2023-07-07 13:00:00,869.0,30.6,72,4.4
2023-07-07 14:00:00,828.0,31.0,69,3.3
2023-07-07 15:00:00,698.0,31.2,68,3.6
2023-07-07 16:00:00,522.0,31.0,67,7.6
2023-07-07 17:00:00,232.0,28.5,77,15.0
2023-07-08 06:00:00,3.0,24.0,98,5.5
2023-07-08 07:00:00,75.0,25.1,94,4.0
2023-07-08 08:00:00,257.0,26.5,87,5.8
2023-07-08 09:00:00,364.0,27.2,82,6.6
2023-07-08 10:00:00,571.0,28.3,78,5.9
2023-07-08 11:00:00,805.0,29.5,74,5.4
2023-07-08 12:00:00,843.0,30.4,72,4.1
2023-07-08 13:00:00,857.0,31.2,69,4.3
2023-07-08 14:00:00,765.0,31.6,68,5.0
2023-07-08 15:00:00,683.0,31.4,69,2.5
2023-07-08 16:00:00,500.0,31.1,71,5.8
2023-07-08 17:00:00,264.0,27.8,82,8.9
2023-07-09 06:00:00,1.0,24.4,99,2.8
2023-07-09 07:00:00,26.0,24.8,93,5.4
2023-07-09 08:00:00,254.0,26.0,90,1.1
2023-07-09 09:00:00,526.0,27.9,83,1.5
2023-07-09 10:00:00,718.0,29.7,74,1.8
2023-07-09 11:00:00,852.0,31.0,68,2.6
2023-07-09 12:00:00,913.0,31.8,63,4.4
2023-07-09 13:00:00,902.0,32.3,61,4.6
2023-07-09 14:00:00,785.0,32.5,62,4.1
2023-07-09 15:00:00,676.0,32.5,62,1.9
2023-07-09 16:00:00,455.0,32.1,65,3.9
2023-07-09 17:00:00,244.0,30.8,71,8.8
2023-07-10 06:00:00,3.0,25.4,76,10.7
2023-07-10 07:00:00,114.0,26.4,77,12.3
2023-07-10 08:00:00,327.0,28.2,75,7.4
2023-07-10 09:00:00,544.0,30.6,68,7.7
2023-07-10 10:00:00,730.0,32.3,55,10.8
2023-07-10 11:00:00,850.0,33.4,51,12.1
2023-07-10 12:00:00,913.0,34.2,50,9.5
2023-07-10 13:00:00,922.0,34.5,49,7.8
2023-07-10 14:00:00,840.0,34.5,50,7.4
2023-07-10 15:00:00,680.0,34.2,53,7.6
2023-07-10 16:00:00,531.0,33.6,57,6.9
2023-07-10 17:00:00,263.0,32.7,63,5.1
2023-07-11 06:00:00,3.0,26.4,78,12.0
2023-07-11 07:00:00,108.0,26.6,80,5.8
2023-07-11 08:00:00,297.0,27.6,76,2.3
2023-07-11 09:00:00,526.0,29.0,72,3.0
2023-07-11 10:00:00,715.0,30.4,68,2.9
2023-07-11 11:00:00,843.0,31.8,64,1.9
2023-07-11 12:00:00,912.0,32.6,60,1.5
2023-07-11 13:00:00,871.0,33.0,58,3.0
2023-07-11 14:00:00,812.0,33.5,58,4.3
2023-07-11 15:00:00,654.0,31.4,68,7.1
2023-07-11 16:00:00,294.0,31.0,70,4.7
2023-07-11 17:00:00,217.0,30.5,73,7.8
2023-07-12 06:00:00,3.0,25.0,90,7.9
2023-07-12 07:00:00,37.0,24.5,94,7.4
2023-07-12 08:00:00,169.0,25.2,88,6.1
2023-07-12 09:00:00,489.0,27.2,80,5.8
2023-07-12 10:00:00,722.0,29.2,74,5.4
2023-07-12 11:00:00,854.0,30.9,67,3.4
2023-07-12 12:00:00,922.0,32.2,62,4.0
2023-07-12 13:00:00,914.0,33.0,58,4.7
2023-07-12 14:00:00,815.0,33.6,55,3.9
2023-07-12 15:00:00,655.0,33.8,52,2.5
2023-07-12 16:00:00,466.0,33.7,51,2.4
2023-07-12 17:00:00,258.0,33.5,51,1.1
2023-07-13 06:00:00,3.0,24.7,87,3.3
2023-07-13 07:00:00,110.0,26.0,83,7.2
2023-07-13 08:00:00,321.0,28.0,74,5.8
2023-07-13 09:00:00,540.0,29.6,69,3.6
2023-07-13 10:00:00,715.0,31.0,66,4.5
2023-07-13 11:00:00,851.0,32.1,61,4.5
2023-07-13 12:00:00,913.0,33.0,58,3.7
2023-07-13 13:00:00,898.0,33.7,55,2.6
2023-07-13 14:00:00,808.0,34.3,52,1.1
2023-07-13 15:00:00,701.0,34.7,51,1.5
2023-07-13 16:00:00,492.0,34.3,53,2.7
2023-07-13 17:00:00,309.0,34.0,53,1.1
2023-07-14 06:00:00,2.0,25.4,83,4.1
2023-07-14 07:00:00,89.0,27.0,77,9.0
2023-07-14 08:00:00,313.0,28.5,71,8.9
2023-07-14 09:00:00,522.0,29.6,68,7.3
2023-07-14 10:00:00,684.0,30.6,66,5.8
2023-07-14 11:00:00,850.0,31.9,64,5.9
2023-07-14 12:00:00,920.0,33.0,61,5.1
2023-07-14 13:00:00,908.0,33.8,57,4.1
2023-07-14 14:00:00,779.0,33.8,57,3.3
2023-07-14 15:00:00,633.0,33.0,59,5.6
2023-07-14 16:00:00,464.0,32.7,61,4.5
2023-07-14 17:00:00,229.0,32.0,65,3.4
2023-07-15 06:00:00,2.0,25.2,81,5.2
2023-07-15 07:00:00,80.0,26.4,83,7.1
2023-07-15 08:00:00,276.0,28.0,78,2.5
2023-07-15 09:00:00,507.0,29.2,76,3.0
2023-07-15 10:00:00,677.0,30.5,71,4.0
2023-07-15 11:00:00,822.0,31.9,64,4.2
2023-07-15 12:00:00,900.0,32.7,60,4.2
2023-07-15 13:00:00,886.0,33.0,59,3.3
2023-07-15 14:00:00,831.0,33.4,58,2.4
2023-07-15 15:00:00,560.0,32.0,65,5.0
2023-07-15 16:00:00,357.0,32.0,65,1.9
2023-07-15 17:00:00,258.0,31.6,68,3.1
2023-07-16 06:00:00,2.0,26.2,78,8.7
2023-07-16 07:00:00,108.0,26.9,77,6.0
2023-07-16 08:00:00,310.0,28.5,71,5.0
2023-07-16 09:00:00,529.0,29.6,71,4.9
2023-07-16 10:00:00,707.0,30.6,70,3.4
2023-07-16 11:00:00,838.0,32.0,64,1.6
2023-07-16 12:00:00,875.0,32.6,61,2.5
2023-07-16 13:00:00,810.0,32.7,60,2.2
2023-07-16 14:00:00,622.0,32.5,59,1.8
2023-07-16 15:00:00,455.0,32.3,58,1.1
2023-07-16 16:00:00,276.0,31.7,60,4.9
2023-07-16 17:00:00,132.0,30.1,69,8.5
2023-07-17 06:00:00,3.0,26.3,76,13.2
2023-07-17 07:00:00,109.0,26.9,77,11.4
2023-07-17 08:00:00,319.0,28.4,72,6.3
2023-07-17 09:00:00,532.0,29.9,66,6.4
2023-07-17 10:00:00,709.0,31.1,62,5.2
2023-07-17 11:00:00,830.0,32.5,57,3.4
2023-07-17 12:00:00,901.0,33.5,54,4.0
2023-07-17 13:00:00,910.0,34.1,52,2.8
2023-07-17 14:00:00,841.0,34.6,50,2.1
2023-07-17 15:00:00,702.0,34.8,49,3.3
2023-07-17 16:00:00,516.0,34.7,50,4.3
2023-07-17 17:00:00,303.0,33.4,60,7.4
2023-07-18 06:00:00,2.0,25.5,79,3.1
2023-07-18 07:00:00,105.0,26.8,73,3.0
2023-07-18 08:00:00,275.0,28.0,71,6.0
2023-07-18 09:00:00,472.0,29.5,65,4.1
2023-07-18 10:00:00,681.0,30.9,60,5.1
2023-07-18 11:00:00,854.0,32.2,56,4.0
2023-07-18 12:00:00,924.0,33.5,52,2.7
2023-07-18 13:00:00,904.0,34.5,50,2.9
2023-07-18 14:00:00,781.0,34.3,50,3.7
2023-07-18 15:00:00,604.0,34.2,49,4.5
2023-07-18 16:00:00,404.0,34.0,50,5.4
2023-07-18 17:00:00,220.0,33.0,59,5.0
2023-07-19 06:00:00,2.0,25.4,81,5.5
2023-07-19 07:00:00,109.0,27.1,72,5.6
2023-07-19 08:00:00,323.0,29.1,67,4.9
2023-07-19 09:00:00,543.0,31.6,58,6.9
2023-07-19 10:00:00,730.0,33.6,50,7.0
2023-07-19 11:00:00,865.0,35.0,46,10.6
2023-07-19 12:00:00,934.0,35.6,47,11.8
2023-07-19 13:00:00,930.0,35.9,46,10.7
2023-07-19 14:00:00,839.0,36.2,44,7.1
2023-07-19 15:00:00,698.0,36.3,43,4.7
2023-07-19 16:00:00,525.0,36.0,45,5.8
2023-07-19 17:00:00,310.0,35.0,54,5.5
2023-07-20 06:00:00,2.0,27.1,72,10.2
2023-07-20 07:00:00,109.0,28.4,72,9.9
2023-07-20 08:00:00,319.0,30.4,65,7.9
2023-07-20 09:00:00,536.0,32.8,54,8.9
2023-07-20 10:00:00,725.0,35.0,44,7.6
2023-07-20 11:00:00,865.0,36.2,39,8.0
2023-07-20 12:00:00,937.0,36.7,39,8.4
2023-07-20 13:00:00,933.0,37.0,37,6.9
2023-07-20 14:00:00,858.0,37.2,36,5.0
2023-07-20 15:00:00,715.0,37.3,36,4.6
2023-07-20 16:00:00,479.0,37.2,36,2.6
2023-07-20 17:00:00,292.0,35.5,47,5.4
2023-07-21 06:00:00,2.0,28.2,64,10.8
2023-07-21 07:00:00,108.0,29.3,64,10.3
2023-07-21 08:00:00,316.0,31.2,59,7.4
2023-07-21 09:00:00,525.0,33.0,50,7.2
2023-07-21 10:00:00,717.0,34.6,45,7.6
2023-07-21 11:00:00,861.0,35.8,41,8.2
2023-07-21 12:00:00,926.0,36.3,40,8.9
2023-07-21 13:00:00,934.0,37.4,37,8.7
2023-07-21 14:00:00,865.0,37.7,33,14.5
2023-07-21 15:00:00,522.0,36.6,37,10.4
2023-07-21 16:00:00,494.0,36.3,38,10.1
2023-07-21 17:00:00,301.0,35.6,48,4.5
2023-07-22 06:00:00,2.0,26.9,78,6.3
2023-07-22 07:00:00,84.0,27.6,82,3.4
2023-07-22 08:00:00,224.0,28.7,79,2.0
2023-07-22 09:00:00,416.0,30.1,73,4.0
2023-07-22 10:00:00,502.0,31.1,68,4.7
2023-07-22 11:00:00,840.0,33.1,57,3.7
2023-07-22 12:00:00,812.0,34.0,51,4.4
2023-07-22 13:00:00,758.0,34.8,47,3.3
2023-07-22 14:00:00,668.0,35.2,46,4.8
2023-07-22 15:00:00,579.0,35.5,44,4.3
2023-07-22 16:00:00,417.0,35.0,46,6.6
2023-07-22 17:00:00,266.0,34.0,50,7.0
2023-07-23 06:00:00,2.0,27.2,74,8.1
2023-07-23 07:00:00,73.0,27.9,74,8.6
2023-07-23 08:00:00,240.0,29.5,68,5.7
2023-07-23 09:00:00,322.0,30.5,61,5.4
2023-07-23 10:00:00,389.0,30.6,60,8.6
2023-07-23 11:00:00,414.0,30.6,59,5.1
2023-07-23 12:00:00,236.0,30.6,60,1.3
2023-07-23 13:00:00,660.0,32.9,53,1.3
2023-07-23 14:00:00,587.0,33.5,52,2.6
2023-07-23 15:00:00,545.0,34.0,51,3.6
2023-07-23 16:00:00,421.0,34.3,50,5.4
2023-07-23 17:00:00,233.0,33.5,56,4.3
2023-07-24 06:00:00,2.0,27.0,71,13.6
2023-07-24 07:00:00,105.0,28.5,67,16.7
2023-07-24 08:00:00,319.0,30.4,63,15.5
2023-07-24 09:00:00,513.0,32.5,54,13.7
2023-07-24 10:00:00,709.0,34.3,46,12.1
2023-07-24 11:00:00,866.0,35.7,41,11.8
2023-07-24 12:00:00,929.0,36.7,38,9.7
2023-07-24 13:00:00,890.0,37.0,36,8.6
2023-07-24 14:00:00,706.0,36.9,36,5.4
2023-07-24 15:00:00,623.0,37.0,36,3.1
2023-07-24 16:00:00,473.0,36.5,38,4.5
2023-07-24 17:00:00,302.0,36.0,44,3.4
2023-07-25 06:00:00,2.0,27.1,71,11.4
2023-07-25 07:00:00,99.0,28.8,65,14.1
2023-07-25 08:00:00,286.0,30.8,58,14.8
2023-07-25 09:00:00,512.0,32.5,52,12.3
2023-07-25 10:00:00,684.0,34.0,48,9.3
2023-07-25 11:00:00,768.0,35.1,44,5.9
2023-07-25 12:00:00,875.0,36.0,41,4.1
2023-07-25 13:00:00,877.0,36.5,40,4.8
2023-07-25 14:00:00,817.0,36.8,39,5.9
2023-07-25 15:00:00,672.0,37.0,37,7.1
2023-07-25 16:00:00,496.0,36.6,38,4.8
2023-07-25 17:00:00,288.0,35.3,43,6.6
2023-07-26 06:00:00,1.0,24.8,95,5.5
2023-07-26 07:00:00,91.0,25.1,92,3.7
2023-07-26 08:00:00,224.0,26.4,87,4.5
2023-07-26 09:00:00,302.0,27.2,83,4.0
2023-07-26 10:00:00,471.0,28.4,77,3.4
2023-07-26 11:00:00,623.0,29.6,72,4.7
2023-07-26 12:00:00,842.0,30.9,68,5.2
2023-07-26 13:00:00,852.0,31.6,66,6.2
2023-07-26 14:00:00,863.0,32.1,63,5.6
2023-07-26 15:00:00,634.0,31.9,63,4.6
2023-07-26 16:00:00,392.0,30.9,67,4.8
2023-07-26 17:00:00,168.0,29.2,77,6.0
2023-07-27 06:00:00,2.0,24.8,89,5.0
2023-07-27 07:00:00,85.0,25.8,91,1.3
2023-07-27 08:00:00,303.0,27.4,85,1.8
2023-07-27 09:00:00,516.0,29.0,79,1.8
2023-07-27 10:00:00,703.0,30.5,74,1.9
2023-07-27 11:00:00,833.0,31.6,69,3.9
2023-07-27 12:00:00,895.0,32.2,66,3.8
2023-07-27 13:00:00,809.0,32.0,66,5.4
2023-07-27 14:00:00,674.0,31.5,68,3.3
2023-07-27 15:00:00,543.0,31.6,67,5.8
2023-07-27 16:00:00,232.0,29.1,79,1.3
2023-07-27 17:00:00,151.0,28.9,82,6.1
2023-07-28 06:00:00,2.0,24.9,98,4.3
2023-07-28 07:00:00,96.0,27.1,88,4.8
2023-07-28 08:00:00,300.0,28.6,79,4.7
2023-07-28 09:00:00,505.0,30.1,74,6.5
2023-07-28 10:00:00,712.0,31.8,64,8.0
2023-07-28 11:00:00,836.0,32.9,59,5.8
2023-07-28 12:00:00,849.0,33.6,56,3.3
2023-07-28 13:00:00,881.0,34.2,54,2.7
2023-07-28 14:00:00,798.0,34.8,51,2.5
2023-07-28 15:00:00,593.0,34.5,51,3.1
2023-07-28 16:00:00,411.0,33.7,53,2.2
2023-07-28 17:00:00,236.0,32.8,67,1.4
2023-07-29 06:00:00,2.0,26.4,79,11.6
2023-07-29 07:00:00,103.0,28.0,74,12.3
2023-07-29 08:00:00,321.0,29.6,70,12.7
2023-07-29 09:00:00,540.0,31.5,62,13.3
2023-07-29 10:00:00,729.0,33.2,55,10.3
2023-07-29 11:00:00,863.0,34.7,49,8.8
2023-07-29 12:00:00,930.0,35.8,46,7.4
2023-07-29 13:00:00,922.0,35.8,46,7.2
2023-07-29 14:00:00,789.0,35.8,46,6.0
2023-07-29 15:00:00,703.0,35.5,47,8.9
2023-07-29 16:00:00,440.0,35.0,49,6.5
2023-07-29 17:00:00,284.0,34.2,60,3.9
2023-07-30 06:00:00,2.0,26.5,74,6.8
2023-07-30 07:00:00,101.0,28.4,69,11.8
2023-07-30 08:00:00,311.0,30.0,60,10.5
2023-07-30 09:00:00,526.0,31.8,54,8.4
2023-07-30 10:00:00,723.0,33.0,55,5.2
2023-07-30 11:00:00,862.0,34.2,53,5.1
2023-07-30 12:00:00,929.0,35.0,51,4.8
2023-07-30 13:00:00,837.0,35.4,50,5.0
2023-07-30 14:00:00,864.0,35.4,50,5.5
2023-07-30 15:00:00,619.0,34.6,53,5.6
2023-07-30 16:00:00,347.0,32.5,63,10.9
2023-07-30 17:00:00,242.0,31.6,70,7.3
2023-07-31 06:00:00,2.0,25.8,97,5.4
2023-07-31 07:00:00,98.0,26.8,89,3.4
2023-07-31 08:00:00,292.0,28.5,84,2.2
2023-07-31 09:00:00,495.0,30.0,76,2.3
2023-07-31 10:00:00,682.0,31.5,68,4.3
2023-07-31 11:00:00,831.0,32.8,62,1.1
2023-07-31 12:00:00,908.0,34.1,57,2.3
2023-07-31 13:00:00,868.0,34.5,55,3.3
2023-07-31 14:00:00,820.0,35.2,52,4.3
2023-07-31 15:00:00,619.0,35.1,52,5.2
2023-07-31 16:00:00,494.0,31.4,69,9.4
2023-07-31 17:00:00,233.0,32.3,65,3.8
2023-08-01 06:00:00,2.0,25.0,94,2.9
2023-08-01 07:00:00,86.0,26.5,89,3.3
2023-08-01 08:00:00,251.0,27.7,84,4.0
2023-08-01 09:00:00,530.0,29.6,74,2.3
2023-08-01 10:00:00,718.0,31.2,63,3.6
2023-08-01 11:00:00,867.0,32.7,56,5.1
2023-08-01 12:00:00,934.0,33.5,54,7.6
2023-08-01 13:00:00,913.0,34.2,50,5.9
2023-08-01 14:00:00,825.0,34.8,47,4.1
2023-08-01 15:00:00,631.0,35.2,46,4.6
2023-08-01 16:00:00,397.0,32.8,58,13.5
2023-08-01 17:00:00,237.0,31.4,66,10.6
2023-08-02 06:00:00,2.0,25.0,89,3.6
2023-08-02 07:00:00,102.0,26.1,92,1.8
2023-08-02 08:00:00,305.0,27.7,85,4.2
2023-08-02 09:00:00,525.0,29.2,77,4.7
2023-08-02 10:00:00,716.0,30.6,71,3.3
2023-08-02 11:00:00,828.0,32.0,64,3.0
2023-08-02 12:00:00,899.0,33.1,59,5.0
2023-08-02 13:00:00,905.0,33.6,56,6.0
2023-08-02 14:00:00,848.0,34.0,55,6.3
2023-08-02 15:00:00,708.0,34.2,53,2.5
2023-08-02 16:00:00,454.0,33.7,54,5.2
2023-08-02 17:00:00,292.0,32.5,65,6.6
2023-08-03 06:00:00,2.0,25.0,96,4.7
2023-08-03 07:00:00,97.0,26.6,90,3.4
2023-08-03 08:00:00,317.0,28.0,85,6.8
2023-08-03 09:00:00,541.0,29.2,77,8.3
2023-08-03 10:00:00,731.0,31.2,69,7.9
2023-08-03 11:00:00,874.0,33.3,58,8.0
2023-08-03 12:00:00,946.0,35.1,48,8.8
2023-08-03 13:00:00,931.0,36.0,44,7.7
2023-08-03 14:00:00,848.0,36.5,42,9.2
2023-08-03 15:00:00,699.0,36.3,42,9.5
2023-08-03 16:00:00,500.0,35.7,46,7.3
2023-08-03 17:00:00,298.0,33.8,59,6.6
2023-08-04 06:00:00,2.0,26.6,82,7.9
2023-08-04 07:00:00,102.0,28.4,75,9.6
2023-08-04 08:00:00,300.0,30.2,62,8.4
2023-08-04 09:00:00,522.0,32.1,54,9.7
2023-08-04 10:00:00,681.0,33.5,50,7.0
2023-08-04 11:00:00,814.0,34.6,47,6.9
2023-08-04 12:00:00,917.0,35.5,45,7.1
2023-08-04 13:00:00,912.0,35.8,44,8.6
2023-08-04 14:00:00,804.0,34.5,49,15.1
2023-08-04 15:00:00,514.0,34.0,50,3.8
2023-08-04 16:00:00,410.0,33.8,52,6.0
2023-08-04 17:00:00,263.0,33.0,59,6.1
2023-08-05 06:00:00,1.0,27.5,63,7.4
2023-08-05 07:00:00,90.0,28.9,62,13.5
2023-08-05 08:00:00,221.0,30.0,60,12.4
2023-08-05 09:00:00,364.0,31.8,54,10.9
2023-08-05 10:00:00,731.0,34.3,47,9.4
2023-08-05 11:00:00,868.0,35.9,42,9.2
2023-08-05 12:00:00,945.0,36.7,40,8.6
2023-08-05 13:00:00,911.0,37.3,39,6.9
2023-08-05 14:00:00,778.0,37.2,40,5.6
2023-08-05 15:00:00,633.0,35.5,44,5.6
2023-08-05 16:00:00,352.0,34.0,55,12.2
2023-08-05 17:00:00,285.0,33.2,57,11.2
2023-08-06 06:00:00,1.0,27.9,68,13.5
2023-08-06 07:00:00,102.0,29.3,65,12.8
2023-08-06 08:00:00,319.0,31.1,60,8.9
2023-08-06 09:00:00,534.0,32.9,55,6.8
2023-08-06 10:00:00,731.0,34.3,51,4.7
2023-08-06 11:00:00,868.0,35.8,46,4.0
2023-08-06 12:00:00,932.0,36.8,43,6.9
2023-08-06 13:00:00,873.0,37.3,40,8.4
2023-08-06 14:00:00,857.0,38.0,38,9.7
2023-08-06 15:00:00,691.0,35.3,47,12.0
2023-08-06 16:00:00,305.0,30.6,64,9.4
2023-08-06 17:00:00,202.0,30.2,71,10.5
2023-08-07 06:00:00,1.0,25.7,90,7.4
2023-08-07 07:00:00,73.0,27.5,87,4.3
2023-08-07 08:00:00,216.0,28.0,84,9.8
2023-08-07 09:00:00,322.0,29.3,77,6.1
2023-08-07 10:00:00,623.0,31.4,68,5.6
2023-08-07 11:00:00,712.0,32.5,62,2.9
2023-08-07 12:00:00,771.0,33.5,58,4.2
2023-08-07 13:00:00,807.0,34.0,56,5.8
2023-08-07 14:00:00,691.0,34.5,55,6.5
2023-08-07 15:00:00,524.0,32.8,60,5.8
2023-08-07 16:00:00,327.0,31.6,65,2.7
2023-08-07 17:00:00,189.0,30.4,74,8.4
2023-08-08 06:00:00,1.0,24.9,99,6.2
2023-08-08 07:00:00,80.0,25.4,95,2.2
2023-08-08 08:00:00,313.0,27.1,88,2.3
2023-08-08 09:00:00,510.0,28.8,78,4.7
2023-08-08 10:00:00,630.0,30.4,72,3.5
2023-08-08 11:00:00,852.0,32.2,66,5.1
2023-08-08 12:00:00,947.0,33.6,62,4.3
2023-08-08 13:00:00,905.0,34.4,59,2.7
2023-08-08 14:00:00,811.0,35.0,57,4.7
2023-08-08 15:00:00,629.0,35.0,56,6.9
2023-08-08 16:00:00,466.0,34.5,53,9.8
2023-08-08 17:00:00,230.0,33.5,60,5.8
2023-08-09 06:00:00,1.0,26.6,81,3.3
2023-08-09 07:00:00,92.0,27.3,84,6.6
2023-08-09 08:00:00,302.0,29.0,78,7.0
2023-08-09 09:00:00,500.0,30.4,73,7.7
2023-08-09 10:00:00,708.0,32.2,66,8.1
2023-08-09 11:00:00,856.0,33.7,62,7.1
2023-08-09 12:00:00,924.0,34.5,60,8.0
2023-08-09 13:00:00,886.0,34.9,58,9.5
2023-08-09 14:00:00,789.0,34.8,58,8.4
2023-08-09 15:00:00,586.0,34.4,57,7.9
2023-08-09 16:00:00,378.0,30.4,75,6.1
2023-08-09 17:00:00,200.0,30.2,75,9.7
2023-08-10 06:00:00,1.0,23.2,97,3.5
2023-08-10 07:00:00,86.0,24.0,94,7.9
2023-08-10 08:00:00,129.0,24.9,92,3.4
2023-08-10 09:00:00,264.0,26.0,88,4.9
2023-08-10 10:00:00,396.0,27.6,80,5.2
2023-08-10 11:00:00,520.0,29.4,73,6.5
2023-08-10 12:00:00,572.0,30.3,70,4.9
2023-08-10 13:00:00,499.0,31.0,67,0.8
2023-08-10 14:00:00,479.0,31.4,67,3.8
2023-08-10 15:00:00,412.0,31.3,68,6.5
2023-08-10 16:00:00,345.0,31.1,66,7.2
2023-08-10 17:00:00,210.0,31.1,67,4.4
2023-08-11 06:00:00,1.0,24.8,92,5.4
2023-08-11 07:00:00,91.0,26.1,88,1.5
2023-08-11 08:00:00,313.0,28.1,79,3.2
2023-08-11 09:00:00,542.0,29.8,73,4.3
2023-08-11 10:00:00,722.0,31.2,68,3.8
2023-08-11 11:00:00,863.0,32.5,63,2.8
2023-08-11 12:00:00,889.0,33.7,59,0.7
2023-08-11 13:00:00,826.0,34.4,55,1.0
2023-08-11 14:00:00,796.0,35.1,51,1.8
2023-08-11 15:00:00,701.0,34.7,51,3.3
2023-08-11 16:00:00,448.0,33.0,60,6.6
2023-08-11 17:00:00,243.0,32.5,64,4.5
2023-08-12 06:00:00,1.0,25.5,82,5.2
2023-08-12 07:00:00,102.0,25.6,94,8.4
2023-08-12 08:00:00,315.0,27.5,86,8.0
2023-08-12 09:00:00,539.0,29.2,79,7.1
2023-08-12 10:00:00,732.0,30.6,75,6.0
2023-08-12 11:00:00,876.0,32.0,66,5.8
2023-08-12 12:00:00,921.0,33.2,60,4.9
2023-08-12 13:00:00,929.0,34.3,55,3.4
2023-08-12 14:00:00,830.0,34.8,50,1.3
2023-08-12 15:00:00,699.0,35.0,47,1.3
2023-08-12 16:00:00,480.0,35.0,46,1.8
2023-08-12 17:00:00,293.0,32.7,61,9.1
2023-08-13 06:00:00,1.0,25.6,73,8.6
2023-08-13 07:00:00,103.0,27.2,72,7.6
2023-08-13 08:00:00,324.0,29.0,66,5.2
2023-08-13 09:00:00,551.0,30.6,62,5.7
2023-08-13 10:00:00,732.0,32.0,59,3.1
2023-08-13 11:00:00,881.0,33.5,54,4.7
2023-08-13 12:00:00,961.0,34.7,48,4.2
2023-08-13 13:00:00,906.0,35.5,45,6.1
2023-08-13 14:00:00,787.0,35.8,43,6.5
2023-08-13 15:00:00,623.0,35.1,43,4.0
2023-08-13 16:00:00,413.0,34.2,49,5.0
2023-08-13 17:00:00,204.0,32.5,60,4.7
2023-08-14 06:00:00,1.0,24.8,94,7.4
2023-08-14 07:00:00,65.0,25.7,95,3.1
2023-08-14 08:00:00,129.0,26.8,88,4.3
2023-08-14 09:00:00,246.0,27.7,83,4.5
2023-08-14 10:00:00,529.0,29.4,77,5.9
2023-08-14 11:00:00,662.0,30.8,70,5.8
2023-08-14 12:00:00,751.0,31.9,66,5.4
2023-08-14 13:00:00,688.0,32.3,65,5.4
2023-08-14 14:00:00,653.0,30.9,72,8.1
2023-08-14 15:00:00,586.0,31.0,71,10.2
2023-08-14 16:00:00,280.0,27.7,83,10.5
2023-08-14 17:00:00,145.0,27.8,85,9.7
2023-08-15 06:00:00,1.0,24.1,98,2.0
2023-08-15 07:00:00,93.0,25.8,93,5.0
2023-08-15 08:00:00,259.0,27.2,88,4.3
2023-08-15 09:00:00,495.0,28.7,81,4.0
2023-08-15 10:00:00,696.0,30.1,71,6.2
2023-08-15 11:00:00,797.0,31.4,65,6.1
2023-08-15 12:00:00,885.0,32.2,62,6.4
2023-08-15 13:00:00,905.0,33.0,60,5.7
2023-08-15 14:00:00,829.0,33.0,59,4.9
2023-08-15 15:00:00,657.0,30.3,72,7.5
2023-08-15 16:00:00,401.0,31.3,66,7.4
2023-08-15 17:00:00,236.0,31.1,67,7.7
2023-08-16 06:00:00,1.0,24.5,96,5.7
2023-08-16 07:00:00,72.0,25.3,93,5.4
2023-08-16 08:00:00,128.0,26.1,88,6.9
2023-08-16 09:00:00,145.0,26.4,88,4.5
2023-08-16 10:00:00,227.0,26.9,87,3.1
2023-08-16 11:00:00,410.0,28.4,79,2.5
2023-08-16 12:00:00,693.0,30.0,71,3.6
2023-08-16 13:00:00,750.0,31.1,65,4.3
2023-08-16 14:00:00,666.0,31.6,62,2.9
2023-08-16 15:00:00,440.0,31.6,62,4.7
2023-08-16 16:00:00,446.0,32.0,61,3.4
2023-08-16 17:00:00,255.0,31.7,64,5.1
2023-08-17 06:00:00,1.0,24.0,95,4.9
2023-08-17 07:00:00,100.0,26.1,91,3.6
2023-08-17 08:00:00,310.0,28.0,83,4.5
2023-08-17 09:00:00,489.0,29.4,77,4.3
2023-08-17 10:00:00,642.0,30.7,70,3.3
2023-08-17 11:00:00,771.0,32.0,64,1.1
2023-08-17 12:00:00,822.0,33.0,59,2.4
2023-08-17 13:00:00,814.0,33.7,56,4.0
2023-08-17 14:00:00,790.0,34.0,57,5.0
2023-08-17 15:00:00,599.0,32.8,58,10.5
2023-08-17 16:00:00,362.0,31.2,67,16.4
2023-08-17 17:00:00,193.0,30.5,69,11.9
2023-08-18 06:00:00,1.0,24.1,99,1.5
2023-08-18 07:00:00,67.0,25.0,97,7.8
2023-08-18 08:00:00,205.0,26.4,89,4.7
2023-08-18 09:00:00,247.0,27.2,83,5.6
2023-08-18 10:00:00,528.0,29.1,74,5.1
2023-08-18 11:00:00,792.0,30.9,67,2.4
2023-08-18 12:00:00,902.0,32.2,60,1.5
2023-08-18 13:00:00,854.0,32.8,57,2.9
2023-08-18 14:00:00,857.0,33.1,56,3.7
2023-08-18 15:00:00,660.0,33.5,56,4.3
2023-08-18 16:00:00,459.0,33.6,54,6.8
2023-08-18 17:00:00,228.0,30.8,67,12.3
2023-08-19 06:00:00,1.0,23.9,99,5.4
2023-08-19 07:00:00,81.0,25.5,94,2.0
2023-08-19 08:00:00,207.0,26.8,88,6.0
2023-08-19 09:00:00,412.0,28.1,82,6.5
2023-08-19 10:00:00,693.0,29.8,73,5.4
2023-08-19 11:00:00,774.0,30.9,68,4.1
2023-08-19 12:00:00,812.0,31.8,65,4.1
2023-08-19 13:00:00,617.0,32.0,63,1.8
2023-08-19 14:00:00,755.0,32.5,62,2.2
2023-08-19 15:00:00,576.0,32.5,61,2.7
2023-08-19 16:00:00,331.0,32.0,62,4.8
2023-08-19 17:00:00,244.0,31.5,66,8.2
2023-08-20 06:00:00,1.0,24.2,98,6.2
2023-08-20 07:00:00,95.0,26.0,91,6.9
2023-08-20 08:00:00,207.0,27.1,84,6.6
2023-08-20 09:00:00,434.0,28.6,79,4.7
2023-08-20 10:00:00,659.0,30.1,72,5.8
2023-08-20 11:00:00,745.0,31.0,69,4.7
2023-08-20 12:00:00,838.0,31.6,68,4.2
2023-08-20 13:00:00,869.0,32.1,65,4.1
2023-08-20 14:00:00,719.0,32.0,65,6.5
2023-08-20 15:00:00,586.0,31.9,66,8.4
2023-08-20 16:00:00,257.0,29.1,80,5.8
2023-08-20 17:00:00,178.0,27.8,84,18.4
2023-08-21 06:00:00,1.0,23.8,97,8.4
2023-08-21 07:00:00,54.0,25.1,94,2.9
2023-08-21 08:00:00,264.0,26.5,86,6.3
2023-08-21 09:00:00,371.0,27.7,81,5.6
2023-08-21 10:00:00,463.0,28.6,76,6.8
2023-08-21 11:00:00,816.0,30.4,71,5.8
2023-08-21 12:00:00,873.0,31.1,69,5.6
2023-08-21 13:00:00,747.0,31.2,69,6.1
2023-08-21 14:00:00,748.0,31.4,68,6.3
2023-08-21 15:00:00,489.0,29.3,76,20.1
2023-08-21 16:00:00,279.0,27.5,83,12.9
2023-08-21 17:00:00,140.0,27.1,82,7.6
2023-08-22 06:00:00,1.0,23.3,98,6.4
2023-08-22 07:00:00,69.0,23.6,95,3.3
2023-08-22 08:00:00,129.0,24.0,95,1.3
2023-08-22 09:00:00,181.0,24.5,91,4.0
2023-08-22 10:00:00,462.0,26.0,85,1.8
2023-08-22 11:00:00,493.0,27.1,81,1.8
2023-08-22 12:00:00,469.0,27.5,80,2.6
2023-08-22 13:00:00,659.0,28.8,75,1.5
2023-08-22 14:00:00,690.0,29.8,71,3.1
2023-08-22 15:00:00,616.0,29.4,73,9.4
2023-08-22 16:00:00,161.0,26.5,87,9.6
2023-08-22 17:00:00,48.0,25.9,90,6.5
2023-08-23 06:00:00,1.0,24.2,91,3.1
2023-08-23 07:00:00,70.0,24.6,94,2.6
2023-08-23 08:00:00,270.0,26.0,85,2.4
2023-08-23 09:00:00,424.0,27.3,77,3.6
2023-08-23 10:00:00,571.0,28.5,72,4.5
2023-08-23 11:00:00,818.0,29.9,67,6.5
2023-08-23 12:00:00,900.0,30.9,64,7.2
2023-08-23 13:00:00,892.0,31.6,62,8.0
2023-08-23 14:00:00,816.0,32.3,58,6.3
2023-08-23 15:00:00,593.0,32.2,59,6.8
2023-08-23 16:00:00,432.0,32.0,59,6.7
2023-08-23 17:00:00,247.0,31.4,64,3.6
2023-08-24 06:00:00,1.0,25.3,83,4.8
2023-08-24 07:00:00,67.0,25.5,92,4.6
2023-08-24 08:00:00,244.0,27.0,84,2.0
2023-08-24 09:00:00,441.0,28.1,78,2.3
2023-08-24 10:00:00,692.0,29.6,72,2.9
2023-08-24 11:00:00,845.0,30.9,67,1.5
2023-08-24 12:00:00,941.0,32.1,62,1.4
2023-08-24 13:00:00,949.0,32.8,61,2.2
2023-08-24 14:00:00,844.0,33.0,61,2.5
2023-08-24 15:00:00,690.0,33.2,59,3.7
2023-08-24 16:00:00,535.0,32.9,60,3.3
2023-08-24 17:00:00,266.0,29.6,75,3.8
2023-08-25 06:00:00,1.0,24.0,96,5.9
2023-08-25 07:00:00,73.0,25.6,94,4.3
2023-08-25 08:00:00,315.0,27.5,85,2.2
2023-08-25 09:00:00,541.0,29.0,73,3.3
2023-08-25 10:00:00,695.0,30.1,69,2.6
2023-08-25 11:00:00,754.0,31.0,68,0.7
2023-08-25 12:00:00,841.0,31.9,67,2.7
2023-08-25 13:00:00,919.0,32.3,66,3.1
2023-08-25 14:00:00,738.0,31.9,68,1.1
2023-08-25 15:00:00,591.0,30.0,74,7.6
2023-08-25 16:00:00,360.0,29.5,74,4.7
2023-08-25 17:00:00,291.0,29.5,74,2.3
2023-08-26 06:00:00,1.0,25.0,99,3.8
2023-08-26 07:00:00,83.0,26.6,94,1.6
2023-08-26 08:00:00,270.0,28.2,88,1.1
2023-08-26 09:00:00,490.0,29.7,77,4.2
2023-08-26 10:00:00,575.0,30.8,71,3.7
2023-08-26 11:00:00,768.0,32.0,64,2.3
2023-08-26 12:00:00,851.0,32.8,61,2.3
2023-08-26 13:00:00,877.0,33.6,57,0.5
2023-08-26 14:00:00,788.0,34.0,55,2.6
2023-08-26 15:00:00,625.0,33.0,58,2.1
2023-08-26 16:00:00,455.0,32.3,61,7.4
2023-08-26 17:00:00,195.0,31.1,67,3.3
2023-08-27 06:00:00,1.0,24.4,96,3.8
2023-08-27 07:00:00,103.0,25.5,91,0.8
2023-08-27 08:00:00,328.0,27.4,83,2.7
2023-08-27 09:00:00,556.0,29.1,77,2.6
2023-08-27 10:00:00,748.0,30.6,71,1.8
2023-08-27 11:00:00,890.0,32.2,65,3.9
2023-08-27 12:00:00,948.0,33.3,61,5.7
2023-08-27 13:00:00,929.0,33.3,62,7.1
2023-08-27 14:00:00,722.0,32.8,60,8.4
2023-08-27 15:00:00,504.0,32.8,62,9.2
2023-08-27 16:00:00,353.0,32.2,64,7.2
2023-08-27 17:00:00,171.0,31.4,68,3.6
2023-08-28 06:00:00,1.0,24.5,97,3.4
2023-08-28 07:00:00,107.0,26.8,89,5.8
2023-08-28 08:00:00,333.0,28.4,83,5.7
2023-08-28 09:00:00,548.0,30.1,76,2.2
2023-08-28 10:00:00,732.0,31.7,70,3.2
2023-08-28 11:00:00,857.0,33.0,64,5.9
2023-08-28 12:00:00,892.0,33.9,60,5.3
2023-08-28 13:00:00,840.0,34.5,57,6.0
2023-08-28 14:00:00,794.0,35.0,56,7.8
2023-08-28 15:00:00,708.0,34.7,55,7.4
2023-08-28 16:00:00,434.0,34.1,58,10.4
2023-08-28 17:00:00,260.0,33.2,63,6.2
2023-08-29 06:00:00,1.0,25.4,97,10.2
2023-08-29 07:00:00,84.0,25.2,84,6.2
2023-08-29 08:00:00,207.0,26.3,82,3.3
2023-08-29 09:00:00,417.0,28.0,78,1.1
2023-08-29 10:00:00,638.0,30.0,71,2.2
2023-08-29 11:00:00,743.0,31.5,67,3.6
2023-08-29 12:00:00,917.0,32.8,63,4.9
2023-08-29 13:00:00,933.0,33.7,59,5.2
2023-08-29 14:00:00,818.0,34.3,55,4.0
2023-08-29 15:00:00,668.0,34.5,53,2.6
2023-08-29 16:00:00,458.0,34.7,52,2.3
2023-08-29 17:00:00,275.0,34.2,53,2.7
2023-08-30 06:00:00,1.0,26.0,85,5.2
2023-08-30 07:00:00,96.0,27.6,79,2.6
2023-08-30 08:00:00,316.0,29.5,71,2.5
2023-08-30 09:00:00,539.0,31.2,63,5.2
2023-08-30 10:00:00,731.0,32.7,57,4.4
2023-08-30 11:00:00,874.0,34.3,51,3.6
2023-08-30 12:00:00,913.0,35.7,45,5.1
2023-08-30 13:00:00,909.0,36.5,42,6.1
2023-08-30 14:00:00,861.0,37.2,39,7.0
2023-08-30 15:00:00,689.0,37.1,38,6.2
2023-08-30 16:00:00,374.0,36.5,40,6.1
2023-08-30 17:00:00,267.0,35.5,47,3.6
2023-08-31 06:00:00,1.0,28.1,70,8.4
2023-08-31 07:00:00,106.0,28.6,71,2.6
2023-08-31 08:00:00,329.0,30.4,66,1.8
2023-08-31 09:00:00,548.0,32.0,62,0.7
2023-08-31 10:00:00,752.0,33.6,56,2.5
2023-08-31 11:00:00,897.0,35.0,49,4.1
2023-08-31 12:00:00,945.0,36.2,43,3.8
2023-08-31 13:00:00,889.0,37.0,40,5.7
2023-08-31 14:00:00,828.0,37.2,38,8.6
2023-08-31 15:00:00,631.0,36.8,39,12.0
2023-08-31 16:00:00,498.0,36.2,42,10.5
2023-08-31 17:00:00,274.0,35.0,48,7.1
2023-09-01 06:00:00,1.0,28.5,66,4.3
2023-09-01 07:00:00,108.0,28.5,68,3.1
2023-09-01 08:00:00,334.0,30.1,64,4.0
2023-09-01 09:00:00,556.0,31.8,59,9.1
2023-09-01 10:00:00,759.0,33.2,58,10.8
2023-09-01 11:00:00,898.0,34.9,52,5.5
2023-09-01 12:00:00,964.0,36.3,44,3.7
2023-09-01 13:00:00,912.0,37.2,40,3.1
2023-09-01 14:00:00,804.0,37.7,38,4.3
2023-09-01 15:00:00,618.0,37.5,36,12.6
2023-09-01 16:00:00,354.0,35.7,40,12.4
2023-09-01 17:00:00,195.0,34.8,44,8.9
2023-09-02 06:00:00,1.0,27.1,75,4.8
2023-09-02 07:00:00,105.0,28.3,71,6.5
2023-09-02 08:00:00,235.0,29.4,70,7.6
2023-09-02 09:00:00,395.0,30.1,72,9.0
2023-09-02 10:00:00,551.0,31.5,67,8.7
2023-09-02 11:00:00,793.0,33.0,61,6.5
2023-09-02 12:00:00,787.0,33.8,57,5.2
2023-09-02 13:00:00,739.0,34.2,54,6.1
2023-09-02 14:00:00,585.0,33.8,56,6.4
2023-09-02 15:00:00,456.0,33.6,56,5.8
2023-09-02 16:00:00,298.0,33.0,59,8.9
2023-09-02 17:00:00,151.0,29.1,73,17.6
2023-09-03 06:00:00,1.0,23.4,98,4.7
2023-09-03 07:00:00,84.0,25.2,91,3.3
2023-09-03 08:00:00,245.0,26.9,84,8.6
2023-09-03 09:00:00,426.0,28.5,76,7.9
2023-09-03 10:00:00,640.0,29.8,70,8.2
2023-09-03 11:00:00,797.0,31.0,66,6.8
2023-09-03 12:00:00,883.0,32.2,64,6.2
2023-09-03 13:00:00,816.0,32.5,62,6.8
2023-09-03 14:00:00,739.0,33.0,60,6.3
2023-09-03 15:00:00,598.0,33.0,60,6.8
2023-09-03 16:00:00,417.0,31.5,64,3.8
2023-09-03 17:00:00,157.0,30.5,68,5.6
2023-09-04 06:00:00,1.0,23.6,97,6.1
2023-09-04 07:00:00,43.0,24.8,96,5.4
2023-09-04 08:00:00,208.0,26.2,87,3.4
2023-09-04 09:00:00,397.0,27.9,78,1.1
2023-09-04 10:00:00,566.0,29.5,73,1.8
2023-09-04 11:00:00,634.0,30.4,72,3.1
2023-09-04 12:00:00,920.0,31.5,69,5.4
2023-09-04 13:00:00,920.0,32.0,67,6.2
2023-09-04 14:00:00,796.0,32.2,65,4.4
2023-09-04 15:00:00,583.0,32.0,64,3.4
2023-09-04 16:00:00,331.0,31.0,69,6.5
2023-09-04 17:00:00,128.0,29.6,75,10.8
2023-09-05 06:00:00,2.0,24.8,99,3.7
2023-09-05 07:00:00,105.0,26.5,92,5.1
2023-09-05 08:00:00,314.0,28.0,84,4.9
2023-09-05 09:00:00,547.0,29.5,77,5.2
2023-09-05 10:00:00,738.0,31.0,71,4.8
2023-09-05 11:00:00,870.0,32.5,64,3.7
2023-09-05 12:00:00,941.0,33.6,59,2.8
2023-09-05 13:00:00,940.0,34.7,55,1.8
2023-09-05 14:00:00,847.0,35.2,52,2.3
2023-09-05 15:00:00,588.0,34.8,53,2.1
2023-09-05 16:00:00,408.0,34.0,54,7.1
2023-09-05 17:00:00,186.0,32.2,67,8.2
2023-09-06 06:00:00,2.0,25.2,84,4.3
2023-09-06 07:00:00,109.0,26.9,79,7.6
2023-09-06 08:00:00,339.0,28.2,78,7.1
2023-09-06 09:00:00,571.0,30.1,75,6.9
2023-09-06 10:00:00,766.0,31.8,69,4.3
2023-09-06 11:00:00,904.0,33.3,61,4.3
2023-09-06 12:00:00,942.0,34.5,55,3.9
2023-09-06 13:00:00,938.0,35.5,49,4.3
2023-09-06 14:00:00,854.0,36.2,45,4.7
2023-09-06 15:00:00,679.0,36.2,44,5.9
2023-09-06 16:00:00,460.0,35.5,46,6.5
2023-09-06 17:00:00,201.0,33.5,60,5.6
2023-09-07 06:00:00,2.0,27.5,72,11.3
2023-09-07 07:00:00,106.0,28.2,70,13.7
2023-09-07 08:00:00,293.0,29.2,72,6.9
2023-09-07 09:00:00,538.0,30.5,71,8.3
2023-09-07 10:00:00,717.0,32.0,66,8.6
2023-09-07 11:00:00,848.0,33.3,60,6.2
2023-09-07 12:00:00,859.0,34.4,55,4.2
2023-09-07 13:00:00,821.0,34.7,53,5.1
2023-09-07 14:00:00,617.0,34.0,56,6.2
2023-09-07 15:00:00,497.0,33.0,59,5.2
2023-09-07 16:00:00,289.0,33.0,59,4.0
2023-09-07 17:00:00,190.0,32.3,61,3.8
2023-09-08 06:00:00,2.0,25.5,96,4.8
2023-09-08 07:00:00,103.0,26.5,85,0.7
2023-09-08 08:00:00,310.0,27.9,82,3.7
2023-09-08 09:00:00,469.0,29.2,76,3.3
2023-09-08 10:00:00,620.0,30.5,69,5.7
2023-09-08 11:00:00,833.0,32.0,63,5.2
2023-09-08 12:00:00,783.0,32.7,61,4.6
2023-09-08 13:00:00,724.0,32.9,61,3.3
2023-09-08 14:00:00,671.0,33.0,62,1.8
2023-09-08 15:00:00,497.0,30.5,73,2.5
2023-09-08 16:00:00,223.0,30.2,75,4.7
2023-09-08 17:00:00,196.0,30.2,76,3.2
2023-09-09 06:00:00,2.0,25.0,98,3.0
2023-09-09 07:00:00,103.0,27.9,77,7.6
2023-09-09 08:00:00,320.0,29.0,74,3.4
2023-09-09 09:00:00,555.0,30.4,72,3.6
2023-09-09 10:00:00,640.0,31.5,70,5.5
2023-09-09 11:00:00,791.0,32.8,64,4.0
2023-09-09 12:00:00,871.0,33.5,59,2.5
2023-09-09 13:00:00,711.0,33.7,57,2.9
2023-09-09 14:00:00,616.0,32.3,66,7.6
2023-09-09 15:00:00,433.0,29.6,77,11.5
2023-09-09 16:00:00,249.0,28.0,82,14.0
2023-09-09 17:00:00,63.0,26.5,89,6.7
2023-09-10 06:00:00,0.0,23.6,95,3.4
2023-09-10 07:00:00,66.0,24.8,94,1.8
2023-09-10 08:00:00,110.0,25.1,94,2.3
2023-09-10 09:00:00,319.0,26.5,86,3.8
2023-09-10 10:00:00,617.0,28.6,78,1.1
2023-09-10 11:00:00,677.0,30.0,73,2.9
2023-09-10 12:00:00,759.0,31.0,71,4.2
2023-09-10 13:00:00,824.0,31.5,70,3.6
2023-09-10 14:00:00,682.0,31.5,70,5.7
2023-09-10 15:00:00,576.0,31.4,68,7.7
2023-09-10 16:00:00,361.0,30.8,68,6.9
2023-09-10 17:00:00,115.0,30.1,73,4.8
2023-09-11 06:00:00,2.0,24.8,92,4.4
2023-09-11 07:00:00,97.0,26.1,91,2.3
2023-09-11 08:00:00,263.0,27.8,83,3.4
2023-09-11 09:00:00,416.0,29.1,75,2.3
2023-09-11 10:00:00,472.0,30.4,69,4.0
2023-09-11 11:00:00,630.0,31.0,71,5.1
2023-09-11 12:00:00,944.0,32.2,69,4.1
2023-09-11 13:00:00,907.0,32.4,68,5.8
2023-09-11 14:00:00,766.0,32.8,67,7.7
2023-09-11 15:00:00,679.0,33.0,65,5.2
2023-09-11 16:00:00,412.0,30.5,70,9.7
2023-09-11 17:00:00,150.0,27.6,85,7.5
2023-09-12 06:00:00,2.0,24.5,99,8.3
2023-09-12 07:00:00,94.0,25.4,94,8.7
2023-09-12 08:00:00,128.0,25.5,93,4.3
2023-09-12 09:00:00,390.0,27.9,82,9.4
2023-09-12 10:00:00,404.0,29.0,76,7.4
2023-09-12 11:00:00,482.0,29.8,74,2.9
2023-09-12 12:00:00,900.0,31.9,70,7.1
2023-09-12 13:00:00,897.0,32.2,69,7.1
2023-09-12 14:00:00,801.0,32.2,67,7.9
2023-09-12 15:00:00,511.0,31.8,68,7.6
2023-09-12 16:00:00,350.0,31.4,70,6.5
2023-09-12 17:00:00,217.0,31.0,72,7.3
2023-09-13 06:00:00,1.0,23.8,96,1.8
2023-09-13 07:00:00,86.0,24.9,96,7.7
2023-09-13 08:00:00,293.0,26.2,87,4.6
2023-09-13 09:00:00,494.0,28.0,78,3.3
2023-09-13 10:00:00,686.0,29.9,70,5.6
2023-09-13 11:00:00,809.0,30.6,70,5.3
2023-09-13 12:00:00,920.0,32.0,65,2.2
2023-09-13 13:00:00,904.0,32.8,63,3.1
2023-09-13 14:00:00,775.0,33.0,61,3.9
2023-09-13 15:00:00,587.0,33.3,60,3.4
2023-09-13 16:00:00,409.0,32.9,62,4.2
2023-09-13 17:00:00,237.0,31.8,68,5.7
2023-09-14 06:00:00,1.0,23.8,99,8.3
2023-09-14 07:00:00,103.0,27.4,85,7.3
2023-09-14 08:00:00,343.0,29.0,76,8.5
2023-09-14 09:00:00,571.0,31.0,68,9.0
2023-09-14 10:00:00,764.0,32.5,61,6.5
2023-09-14 11:00:00,887.0,33.8,55,4.4
2023-09-14 12:00:00,977.0,34.8,52,5.4
2023-09-14 13:00:00,952.0,35.4,51,4.8
2023-09-14 14:00:00,811.0,35.0,54,7.8
2023-09-14 15:00:00,668.0,34.7,55,9.8
2023-09-14 16:00:00,455.0,34.0,57,8.0
2023-09-14 17:00:00,206.0,32.6,70,5.0
2023-09-15 06:00:00,2.0,23.8,97,2.1
2023-09-15 07:00:00,101.0,25.0,90,1.1
2023-09-15 08:00:00,298.0,26.6,85,2.5
2023-09-15 09:00:00,511.0,28.0,81,3.8
2023-09-15 10:00:00,714.0,29.6,75,4.5
2023-09-15 11:00:00,892.0,31.5,67,5.0
2023-09-15 12:00:00,962.0,32.9,62,3.9
2023-09-15 13:00:00,915.0,33.3,64,4.8
2023-09-15 14:00:00,728.0,31.1,73,8.7
2023-09-15 15:00:00,486.0,32.0,68,5.2
2023-09-15 16:00:00,379.0,31.9,68,5.4
2023-09-15 17:00:00,169.0,31.1,71,3.6
2023-09-16 06:00:00,2.0,24.4,100,2.8
2023-09-16 07:00:00,106.0,25.8,97,2.9
2023-09-16 08:00:00,312.0,27.7,89,1.0
2023-09-16 09:00:00,527.0,29.0,81,3.0
2023-09-16 10:00:00,686.0,30.5,74,2.2
2023-09-16 11:00:00,899.0,32.1,69,3.0
2023-09-16 12:00:00,938.0,33.1,65,3.3
2023-09-16 13:00:00,918.0,33.3,64,5.4
2023-09-16 14:00:00,759.0,32.5,66,9.9
2023-09-16 15:00:00,430.0,29.5,75,7.4
2023-09-16 16:00:00,240.0,29.5,75,9.2
2023-09-16 17:00:00,126.0,28.6,82,4.8
2023-09-17 06:00:00,2.0,25.4,95,0.7
2023-09-17 07:00:00,78.0,26.8,90,3.8
2023-09-17 08:00:00,257.0,27.7,87,5.2
2023-09-17 09:00:00,434.0,29.0,80,5.0
2023-09-17 10:00:00,568.0,30.2,74,5.8
2023-09-17 11:00:00,779.0,31.7,69,4.7
2023-09-17 12:00:00,768.0,32.6,64,4.0
2023-09-17 13:00:00,789.0,33.3,60,3.1
2023-09-17 14:00:00,736.0,33.7,57,0.4
2023-09-17 15:00:00,564.0,33.9,56,1.3
2023-09-17 16:00:00,388.0,31.8,65,10.2
2023-09-17 17:00:00,119.0,30.1,73,11.9
2023-09-18 06:00:00,2.0,25.9,84,8.0
2023-09-18 07:00:00,108.0,26.6,91,2.5
2023-09-18 08:00:00,335.0,28.2,87,5.2
2023-09-18 09:00:00,563.0,30.0,79,4.3
2023-09-18 10:00:00,561.0,30.8,74,4.5
2023-09-18 11:00:00,646.0,31.9,70,3.4
2023-09-18 12:00:00,907.0,32.8,66,2.9
2023-09-18 13:00:00,816.0,33.2,64,3.0
2023-09-18 14:00:00,594.0,30.9,70,4.3
2023-09-18 15:00:00,313.0,30.2,75,8.7
2023-09-18 16:00:00,259.0,29.8,78,7.8
2023-09-18 17:00:00,144.0,29.0,80,8.8
2023-09-19 06:00:00,2.0,24.6,97,7.0
2023-09-19 07:00:00,112.0,26.3,93,4.5
2023-09-19 08:00:00,338.0,28.0,85,1.1
2023-09-19 09:00:00,523.0,29.4,77,3.1
2023-09-19 10:00:00,707.0,30.8,70,2.5
2023-09-19 11:00:00,810.0,32.0,67,1.8
2023-09-19 12:00:00,928.0,32.9,65,6.3
2023-09-19 13:00:00,857.0,33.4,63,7.7
2023-09-19 14:00:00,749.0,33.8,59,7.9
2023-09-19 15:00:00,621.0,33.4,58,8.1
2023-09-19 16:00:00,374.0,33.0,58,8.6
2023-09-19 17:00:00,190.0,30.9,67,13.6
2023-09-20 06:00:00,2.0,24.6,100,6.0
2023-09-20 07:00:00,107.0,26.3,92,2.3
2023-09-20 08:00:00,333.0,28.4,85,4.3
2023-09-20 09:00:00,532.0,30.3,76,4.7
2023-09-20 10:00:00,757.0,32.0,67,4.3
2023-09-20 11:00:00,897.0,33.5,60,2.9
2023-09-20 12:00:00,953.0,34.7,55,1.8
2023-09-20 13:00:00,939.0,35.3,52,2.6
2023-09-20 14:00:00,737.0,35.2,52,4.8
2023-09-20 15:00:00,569.0,35.0,54,5.5
2023-09-20 16:00:00,396.0,32.0,67,11.4
2023-09-20 17:00:00,129.0,31.2,71,6.9
2023-09-21 06:00:00,2.0,24.7,96,3.1
2023-09-21 07:00:00,117.0,27.0,87,4.7
2023-09-21 08:00:00,347.0,29.0,77,3.6
2023-09-21 09:00:00,578.0,30.9,69,3.7
2023-09-21 10:00:00,770.0,32.5,63,6.2
2023-09-21 11:00:00,894.0,33.8,58,6.2
2023-09-21 12:00:00,905.0,34.3,56,6.0
2023-09-21 13:00:00,902.0,33.6,61,10.1
2023-09-21 14:00:00,754.0,32.8,65,4.1
2023-09-21 15:00:00,467.0,32.3,63,11.0
2023-09-21 16:00:00,320.0,31.6,63,10.2
2023-09-21 17:00:00,169.0,30.9,68,6.3
2023-09-22 06:00:00,2.0,27.0,75,11.8
2023-09-22 07:00:00,118.0,28.5,72,14.5
2023-09-22 08:00:00,348.0,30.5,64,12.7
2023-09-22 09:00:00,582.0,32.9,54,11.6
2023-09-22 10:00:00,735.0,34.5,48,7.4
2023-09-22 11:00:00,900.0,35.6,45,6.4
2023-09-22 12:00:00,936.0,36.2,43,2.1
2023-09-22 13:00:00,912.0,36.8,42,0.8
2023-09-22 14:00:00,764.0,36.0,44,3.1
2023-09-22 15:00:00,485.0,34.5,50,11.0
2023-09-22 16:00:00,360.0,33.5,57,11.2
2023-09-22 17:00:00,189.0,32.0,64,10.1
2023-09-23 06:00:00,2.0,26.1,91,4.7
2023-09-23 07:00:00,108.0,27.0,87,4.2
2023-09-23 08:00:00,252.0,28.8,79,4.4
2023-09-23 09:00:00,538.0,30.9,70,5.2
2023-09-23 10:00:00,686.0,32.2,63,6.4
2023-09-23 11:00:00,687.0,32.9,59,6.0
2023-09-23 12:00:00,759.0,33.7,57,6.2
2023-09-23 13:00:00,786.0,33.0,58,10.8
2023-09-23 14:00:00,452.0,32.0,64,10.1
2023-09-23 15:00:00,435.0,32.0,65,8.0
2023-09-23 16:00:00,323.0,32.0,65,4.1
2023-09-23 17:00:00,172.0,31.6,66,3.3
2023-09-24 06:00:00,2.0,24.7,99,4.0
2023-09-24 07:00:00,99.0,26.6,88,4.7
2023-09-24 08:00:00,339.0,28.4,80,4.7
2023-09-24 09:00:00,520.0,30.0,74,1.4
2023-09-24 10:00:00,725.0,31.5,68,3.5
2023-09-24 11:00:00,761.0,32.3,63,3.8
2023-09-24 12:00:00,747.0,33.0,60,5.8
2023-09-24 13:00:00,749.0,33.1,59,7.5
2023-09-24 14:00:00,666.0,33.2,59,5.2
2023-09-24 15:00:00,522.0,33.3,57,3.3
2023-09-24 16:00:00,380.0,33.0,58,4.4
2023-09-24 17:00:00,170.0,31.9,63,6.4
2023-09-25 06:00:00,1.0,24.8,94,0.4
2023-09-25 07:00:00,75.0,25.5,93,4.6
2023-09-25 08:00:00,295.0,26.9,87,4.2
2023-09-25 09:00:00,551.0,29.0,77,3.9
2023-09-25 10:00:00,746.0,31.1,67,6.1
2023-09-25 11:00:00,887.0,33.2,56,4.0
2023-09-25 12:00:00,952.0,34.8,50,6.2
2023-09-25 13:00:00,952.0,35.5,48,8.7
2023-09-25 14:00:00,823.0,35.5,49,9.0
2023-09-25 15:00:00,577.0,34.5,54,11.5
2023-09-25 16:00:00,408.0,33.9,55,12.3
2023-09-25 17:00:00,217.0,32.0,63,13.4
2023-09-26 06:00:00,2.0,24.4,96,4.6
2023-09-26 07:00:00,113.0,24.4,94,14.6
2023-09-26 08:00:00,220.0,25.6,91,7.9
2023-09-26 09:00:00,331.0,25.5,93,10.5
2023-09-26 10:00:00,512.0,27.5,82,5.5
2023-09-26 11:00:00,745.0,29.2,75,9.3
2023-09-26 12:00:00,725.0,30.1,72,7.2
2023-09-26 13:00:00,738.0,30.6,72,7.4
2023-09-26 14:00:00,662.0,31.2,69,5.4
2023-09-26 15:00:00,512.0,31.0,69,4.9
2023-09-26 16:00:00,359.0,30.9,69,3.7
2023-09-26 17:00:00,184.0,30.5,71,3.4
2023-09-27 06:00:00,2.0,24.2,98,5.8
2023-09-27 07:00:00,88.0,25.2,92,2.8
2023-09-27 08:00:00,333.0,26.7,84,4.6
2023-09-27 09:00:00,504.0,28.5,78,0.8
2023-09-27 10:00:00,749.0,30.4,69,4.7
2023-09-27 11:00:00,720.0,31.4,64,2.3
2023-09-27 12:00:00,942.0,32.7,60,0.8
2023-09-27 13:00:00,943.0,33.3,58,3.8
2023-09-27 14:00:00,801.0,33.5,58,5.0
2023-09-27 15:00:00,639.0,33.3,58,5.4
2023-09-27 16:00:00,430.0,32.8,59,5.5
2023-09-27 17:00:00,214.0,31.5,70,1.5
2023-09-28 06:00:00,2.0,24.8,96,6.7
2023-09-28 07:00:00,120.0,26.3,92,6.4
2023-09-28 08:00:00,247.0,28.0,86,7.1
2023-09-28 09:00:00,376.0,28.9,82,6.1
2023-09-28 10:00:00,501.0,29.9,77,4.0
2023-09-28 11:00:00,695.0,31.4,71,4.1
2023-09-28 12:00:00,892.0,32.5,66,4.2
2023-09-28 13:00:00,926.0,33.3,64,5.4
2023-09-28 14:00:00,835.0,33.3,63,6.4
2023-09-28 15:00:00,642.0,31.6,67,8.4
2023-09-28 16:00:00,286.0,30.1,69,1.3
2023-09-28 17:00:00,157.0,28.9,77,6.8
2023-09-29 06:00:00,2.0,23.9,100,4.0
2023-09-29 07:00:00,113.0,25.6,91,2.1
2023-09-29 08:00:00,347.0,27.0,86,2.6
2023-09-29 09:00:00,564.0,28.6,80,4.0
2023-09-29 10:00:00,771.0,30.3,72,6.6
2023-09-29 11:00:00,850.0,31.6,67,6.0
2023-09-29 12:00:00,918.0,32.8,62,5.1
2023-09-29 13:00:00,856.0,33.1,60,4.5
2023-09-29 14:00:00,785.0,33.2,59,3.0
2023-09-29 15:00:00,635.0,34.1,55,1.0
2023-09-29 16:00:00,405.0,31.3,67,8.1
2023-09-29 17:00:00,164.0,29.2,77,5.1
2023-09-30 06:00:00,2.0,25.5,94,2.9
2023-09-30 07:00:00,114.0,27.5,83,2.8
2023-09-30 08:00:00,339.0,29.1,75,2.1
2023-09-30 09:00:00,573.0,30.8,69,2.9
2023-09-30 10:00:00,760.0,32.5,63,3.4
2023-09-30 11:00:00,890.0,33.8,58,3.1
2023-09-30 12:00:00,923.0,34.8,56,2.8
2023-09-30 13:00:00,915.0,35.2,54,2.9
2023-09-30 14:00:00,790.0,35.3,53,1.8
2023-09-30 15:00:00,638.0,35.9,48,4.7
2023-09-30 16:00:00,353.0,34.7,53,3.2
2023-09-30 17:00:00,82.0,29.2,78,18.2
2023-10-01 06:00:00,2.0,26.1,94,5.4
2023-10-01 07:00:00,86.0,27.0,88,2.5
2023-10-01 08:00:00,151.0,27.2,88,2.6
2023-10-01 09:00:00,265.0,27.8,88,4.8
2023-10-01 10:00:00,313.0,28.4,88,5.7
2023-10-01 11:00:00,578.0,29.8,83,4.3
2023-10-01 12:00:00,569.0,30.0,80,6.0
2023-10-01 13:00:00,473.0,29.5,81,12.7
2023-10-01 14:00:00,468.0,29.8,80,5.8
2023-10-01 15:00:00,246.0,29.8,79,5.4
2023-10-01 16:00:00,198.0,29.4,80,4.9
2023-10-01 17:00:00,79.0,28.4,84,7.0
2023-10-02 06:00:00,2.0,24.4,97,5.4
2023-10-02 07:00:00,99.0,26.5,96,3.4
2023-10-02 08:00:00,303.0,27.7,91,6.2
2023-10-02 09:00:00,329.0,27.8,86,7.4
2023-10-02 10:00:00,481.0,29.0,78,6.5
2023-10-02 11:00:00,486.0,30.0,74,7.1
2023-10-02 12:00:00,601.0,31.2,69,4.5
2023-10-02 13:00:00,568.0,31.5,69,6.3
2023-10-02 14:00:00,519.0,31.6,66,4.3
2023-10-02 15:00:00,415.0,31.8,64,4.3
2023-10-02 16:00:00,252.0,30.1,73,4.4
2023-10-02 17:00:00,151.0,28.9,80,6.8
2023-10-03 06:00:00,1.0,24.0,99,5.5
2023-10-03 07:00:00,31.0,25.1,95,6.1
2023-10-03 08:00:00,287.0,26.5,88,5.8
2023-10-03 09:00:00,372.0,27.5,84,5.9
2023-10-03 10:00:00,537.0,28.6,79,5.5
2023-10-03 11:00:00,808.0,30.4,73,3.1
2023-10-03 12:00:00,881.0,31.6,69,3.9
2023-10-03 13:00:00,753.0,32.2,68,7.2
2023-10-03 14:00:00,709.0,32.0,68,7.9
2023-10-03 15:00:00,625.0,31.1,71,5.6
2023-10-03 16:00:00,393.0,30.6,74,3.4
2023-10-03 17:00:00,195.0,28.2,82,5.5
2023-10-04 06:00:00,2.0,23.5,98,6.1
2023-10-04 07:00:00,20.0,23.8,96,3.3
2023-10-04 08:00:00,101.0,24.3,94,5.4
2023-10-04 09:00:00,152.0,24.9,91,5.4
2023-10-04 10:00:00,298.0,25.9,86,4.0
2023-10-04 11:00:00,528.0,27.5,79,3.6
2023-10-04 12:00:00,526.0,28.2,77,3.6
2023-10-04 13:00:00,300.0,27.8,79,5.5
2023-10-04 14:00:00,607.0,28.6,76,6.8
2023-10-04 15:00:00,381.0,28.3,77,4.9
2023-10-04 16:00:00,142.0,28.0,78,2.2
2023-10-04 17:00:00,102.0,27.6,80,3.5
2023-10-05 06:00:00,2.0,24.0,99,3.8
2023-10-05 07:00:00,105.0,25.9,91,1.1
2023-10-05 08:00:00,284.0,27.1,84,2.9
2023-10-05 09:00:00,444.0,28.1,80,3.4
2023-10-05 10:00:00,726.0,29.5,74,2.8
2023-10-05 11:00:00,820.0,30.5,69,3.5
2023-10-05 12:00:00,913.0,31.5,66,6.5
2023-10-05 13:00:00,881.0,31.8,66,6.8
2023-10-05 14:00:00,753.0,32.2,65,7.4
2023-10-05 15:00:00,323.0,25.7,90,11.6
2023-10-05 16:00:00,125.0,26.6,87,2.2
2023-10-05 17:00:00,82.0,26.5,89,3.3
2023-10-06 06:00:00,2.0,24.0,99,2.3
2023-10-06 07:00:00,110.0,26.1,90,1.8
2023-10-06 08:00:00,162.0,26.4,89,6.1
2023-10-06 09:00:00,345.0,27.0,86,6.0
2023-10-06 10:00:00,388.0,27.5,84,5.1
2023-10-06 11:00:00,713.0,29.2,76,5.1
2023-10-06 12:00:00,865.0,30.2,71,5.2
2023-10-06 13:00:00,823.0,31.0,69,2.5
2023-10-06 14:00:00,776.0,31.5,66,3.2
2023-10-06 15:00:00,654.0,31.9,62,3.0
2023-10-06 16:00:00,424.0,31.8,61,4.3
2023-10-06 17:00:00,177.0,29.1,74,7.9
2023-10-07 06:00:00,2.0,25.0,89,5.8
2023-10-07 07:00:00,100.0,26.8,85,6.9
2023-10-07 08:00:00,277.0,28.4,81,4.0
2023-10-07 09:00:00,552.0,30.1,74,6.1
2023-10-07 10:00:00,711.0,31.2,68,6.6
2023-10-07 11:00:00,843.0,31.9,64,5.0
2023-10-07 12:00:00,840.0,32.7,60,5.4
2023-10-07 13:00:00,828.0,33.0,58,4.6
2023-10-07 14:00:00,773.0,33.3,56,5.2
2023-10-07 15:00:00,566.0,33.2,56,5.4
2023-10-07 16:00:00,402.0,33.0,54,5.0
2023-10-07 17:00:00,124.0,30.5,71,9.4
2023-10-08 06:00:00,1.0,25.0,95,7.7
2023-10-08 07:00:00,48.0,25.1,94,9.9
2023-10-08 08:00:00,186.0,26.0,91,9.4
2023-10-08 09:00:00,420.0,27.2,86,7.2
2023-10-08 10:00:00,489.0,28.5,80,8.0
2023-10-08 11:00:00,688.0,30.1,73,7.3
2023-10-08 12:00:00,906.0,31.2,69,8.4
2023-10-08 13:00:00,847.0,31.8,68,5.8
2023-10-08 14:00:00,674.0,31.7,68,6.3
2023-10-08 15:00:00,442.0,30.4,71,7.5
2023-10-08 16:00:00,203.0,27.1,85,3.8
2023-10-08 17:00:00,40.0,26.0,88,2.4
2023-10-09 06:00:00,2.0,24.0,99,4.7
2023-10-09 07:00:00,119.0,25.5,96,1.1
2023-10-09 08:00:00,336.0,27.2,88,0.0
2023-10-09 09:00:00,519.0,28.9,79,0.8
2023-10-09 10:00:00,646.0,30.1,72,1.6
2023-10-09 11:00:00,757.0,31.1,69,1.1
2023-10-09 12:00:00,813.0,31.8,67,3.6
2023-10-09 13:00:00,783.0,32.0,68,6.5
2023-10-09 14:00:00,718.0,31.9,68,5.0
2023-10-09 15:00:00,534.0,31.0,72,3.4
2023-10-09 16:00:00,290.0,30.0,72,5.8
2023-10-09 17:00:00,126.0,28.4,83,5.5
2023-10-10 06:00:00,2.0,25.2,93,3.4
2023-10-10 07:00:00,119.0,27.2,90,3.7
2023-10-10 08:00:00,323.0,28.9,80,4.6
2023-10-10 09:00:00,533.0,30.1,76,2.7
2023-10-10 10:00:00,739.0,31.4,71,5.1
2023-10-10 11:00:00,814.0,32.5,65,4.6
2023-10-10 12:00:00,832.0,33.2,61,3.1
2023-10-10 13:00:00,842.0,33.5,60,3.1
2023-10-10 14:00:00,695.0,33.5,60,3.7
2023-10-10 15:00:00,526.0,33.6,59,3.8
2023-10-10 16:00:00,329.0,30.0,78,9.6
2023-10-10 17:00:00,109.0,29.0,86,9.8
2023-10-11 06:00:00,2.0,23.8,99,3.1
2023-10-11 07:00:00,105.0,25.5,94,3.9
2023-10-11 08:00:00,314.0,26.9,89,6.8
2023-10-11 09:00:00,499.0,28.3,80,7.6
2023-10-11 10:00:00,620.0,29.8,73,4.7
2023-10-11 11:00:00,811.0,30.9,70,4.4
2023-10-11 12:00:00,889.0,31.6,69,4.2
2023-10-11 13:00:00,850.0,32.0,67,4.3
2023-10-11 14:00:00,786.0,32.5,66,5.1
2023-10-11 15:00:00,571.0,31.0,73,4.3
2023-10-11 16:00:00,317.0,29.3,78,4.5
2023-10-11 17:00:00,141.0,28.8,83,4.6
2023-10-12 06:00:00,2.0,24.5,96,7.7
2023-10-12 07:00:00,120.0,25.9,94,6.1
2023-10-12 08:00:00,349.0,28.1,86,3.6
2023-10-12 09:00:00,577.0,29.9,78,5.3
2023-10-12 10:00:00,759.0,31.0,71,6.4
2023-10-12 11:00:00,846.0,31.5,70,5.6
2023-10-12 12:00:00,914.0,32.2,67,3.5
2023-10-12 13:00:00,875.0,32.8,64,4.6
2023-10-12 14:00:00,760.0,33.0,62,4.9
2023-10-12 15:00:00,636.0,33.0,63,6.6
2023-10-12 16:00:00,394.0,32.8,63,8.6
2023-10-12 17:00:00,170.0,27.3,82,11.7
2023-10-13 06:00:00,2.0,24.8,97,4.4
2023-10-13 07:00:00,118.0,26.6,95,3.3
2023-10-13 08:00:00,342.0,28.2,88,4.1
2023-10-13 09:00:00,512.0,29.8,80,5.0
2023-10-13 10:00:00,758.0,31.6,71,5.6
2023-10-13 11:00:00,895.0,33.0,64,4.7
2023-10-13 12:00:00,950.0,34.0,59,4.7
2023-10-13 13:00:00,923.0,34.8,57,4.1
2023-10-13 14:00:00,807.0,35.2,53,2.9
2023-10-13 15:00:00,613.0,35.5,51,3.2
2023-10-13 16:00:00,410.0,33.8,56,8.0
2023-10-13 17:00:00,162.0,31.6,68,8.9
2023-10-14 06:00:00,1.0,24.8,93,5.4
2023-10-14 07:00:00,41.0,24.8,93,5.4
2023-10-14 08:00:00,185.0,26.0,86,4.7
2023-10-14 09:00:00,275.0,26.9,84,7.0
2023-10-14 10:00:00,447.0,28.1,79,6.4
2023-10-14 11:00:00,434.0,29.0,75,6.3
2023-10-14 12:00:00,645.0,30.1,72,8.6
2023-10-14 13:00:00,773.0,31.0,70,9.9
2023-10-14 14:00:00,697.0,31.0,70,8.4
2023-10-14 15:00:00,532.0,30.8,67,5.4
2023-10-14 16:00:00,275.0,30.2,70,5.8
2023-10-14 17:00:00,132.0,29.3,76,3.8
2023-10-15 06:00:00,1.0,23.9,96,3.1
2023-10-15 07:00:00,88.0,25.0,92,5.4
2023-10-15 08:00:00,293.0,26.1,86,6.1
2023-10-15 09:00:00,257.0,26.7,84,3.6
2023-10-15 10:00:00,686.0,29.0,75,3.8
2023-10-15 11:00:00,787.0,30.2,71,4.9
2023-10-15 12:00:00,780.0,30.9,69,5.1
2023-10-15 13:00:00,889.0,31.8,66,5.1
2023-10-15 14:00:00,773.0,31.9,66,4.3
2023-10-15 15:00:00,535.0,31.5,67,3.9
2023-10-15 16:00:00,356.0,30.0,73,5.2
2023-10-15 17:00:00,141.0,27.4,85,10.0
2023-10-16 06:00:00,1.0,23.4,96,8.7
2023-10-16 07:00:00,41.0,23.5,94,4.8
2023-10-16 08:00:00,233.0,24.3,90,5.2
2023-10-16 09:00:00,417.0,25.6,85,5.1
2023-10-16 10:00:00,472.0,27.0,80,3.7
2023-10-16 11:00:00,430.0,28.0,75,2.1
2023-10-16 12:00:00,643.0,29.4,72,3.6
2023-10-16 13:00:00,697.0,30.0,71,5.5
2023-10-16 14:00:00,671.0,30.4,71,5.2
2023-10-16 15:00:00,439.0,30.2,68,1.5
2023-10-16 16:00:00,347.0,30.3,68,1.6
2023-10-16 17:00:00,139.0,29.6,72,2.0
2023-10-17 06:00:00,2.0,23.7,99,1.5
2023-10-17 07:00:00,119.0,25.3,94,1.8
2023-10-17 08:00:00,344.0,27.2,87,1.8
2023-10-17 09:00:00,558.0,28.8,80,2.3
2023-10-17 10:00:00,736.0,30.0,74,1.8
2023-10-17 11:00:00,819.0,31.0,70,1.8
2023-10-17 12:00:00,902.0,31.6,70,1.1
2023-10-17 13:00:00,877.0,32.1,70,2.3
2023-10-17 14:00:00,739.0,32.1,69,2.5
2023-10-17 15:00:00,582.0,31.1,71,2.5
2023-10-17 16:00:00,282.0,27.5,81,8.2
2023-10-17 17:00:00,87.0,26.5,84,3.9
2023-10-18 06:00:00,2.0,25.1,85,9.8
2023-10-18 07:00:00,121.0,27.0,83,11.1
2023-10-18 08:00:00,350.0,28.6,78,9.2
2023-10-18 09:00:00,579.0,30.2,70,10.1
2023-10-18 10:00:00,758.0,31.4,65,7.9
2023-10-18 11:00:00,884.0,32.4,62,4.0
2023-10-18 12:00:00,921.0,33.2,59,3.2
2023-10-18 13:00:00,903.0,34.0,57,4.6
2023-10-18 14:00:00,786.0,33.5,58,5.6
2023-10-18 15:00:00,560.0,33.3,58,0.5
2023-10-18 16:00:00,359.0,33.1,58,2.5
2023-10-18 17:00:00,164.0,31.7,67,1.6
2023-10-19 06:00:00,2.0,24.4,92,2.9
2023-10-19 07:00:00,122.0,26.8,85,4.1
2023-10-19 08:00:00,350.0,28.7,84,5.3
2023-10-19 09:00:00,576.0,30.0,80,6.2
2023-10-19 10:00:00,760.0,31.2,74,5.9
2023-10-19 11:00:00,883.0,32.4,69,3.6
2023-10-19 12:00:00,894.0,33.3,66,3.9
2023-10-19 13:00:00,864.0,34.0,61,5.7
2023-10-19 14:00:00,623.0,33.2,60,7.3
2023-10-19 15:00:00,543.0,32.8,65,7.4
2023-10-19 16:00:00,336.0,32.7,66,5.1
2023-10-19 17:00:00,149.0,31.4,74,3.6
2023-10-20 06:00:00,2.0,24.0,99,3.8
2023-10-20 07:00:00,113.0,25.0,93,5.8
2023-10-20 08:00:00,273.0,26.2,87,7.6
2023-10-20 09:00:00,399.0,27.1,82,10.2
2023-10-20 10:00:00,541.0,28.4,77,8.9
2023-10-20 11:00:00,559.0,29.0,74,8.7
2023-10-20 12:00:00,670.0,29.9,71,9.0
2023-10-20 13:00:00,649.0,30.1,70,8.5
2023-10-20 14:00:00,765.0,30.5,69,7.9
2023-10-20 15:00:00,599.0,30.5,68,5.8
2023-10-20 16:00:00,335.0,30.0,70,4.7
2023-10-20 17:00:00,135.0,28.7,79,5.9
2023-10-21 06:00:00,2.0,23.9,96,3.9
2023-10-21 07:00:00,95.0,24.5,97,3.9
2023-10-21 08:00:00,274.0,25.9,91,3.7
2023-10-21 09:00:00,546.0,27.4,85,4.8
2023-10-21 10:00:00,718.0,29.0,80,5.2
2023-10-21 11:00:00,812.0,29.9,74,2.2
2023-10-21 12:00:00,811.0,30.3,73,5.6
2023-10-21 13:00:00,868.0,30.7,71,10.2
2023-10-21 14:00:00,766.0,27.6,79,17.1
2023-10-21 15:00:00,259.0,26.8,86,11.2
2023-10-21 16:00:00,220.0,27.2,83,6.5
2023-10-21 17:00:00,118.0,27.1,85,4.2
2023-10-22 06:00:00,2.0,23.4,97,2.1
2023-10-22 07:00:00,116.0,25.5,93,2.2
2023-10-22 08:00:00,291.0,27.2,84,3.8
2023-10-22 09:00:00,376.0,28.3,80,2.3
2023-10-22 10:00:00,511.0,29.5,74,1.3
2023-10-22 11:00:00,618.0,30.1,72,2.9
2023-10-22 12:00:00,516.0,30.1,72,2.6
2023-10-22 13:00:00,782.0,30.8,72,1.1
2023-10-22 14:00:00,643.0,30.9,71,3.7
2023-10-22 15:00:00,591.0,31.0,70,3.3
2023-10-22 16:00:00,390.0,29.2,76,2.9
2023-10-22 17:00:00,102.0,27.0,88,7.0
2023-10-23 06:00:00,2.0,24.4,94,3.6
2023-10-23 07:00:00,110.0,26.5,86,9.1
2023-10-23 08:00:00,347.0,28.1,79,7.7
2023-10-23 09:00:00,567.0,29.8,74,6.5
2023-10-23 10:00:00,751.0,31.4,66,5.0
2023-10-23 11:00:00,871.0,32.4,62,3.8
2023-10-23 12:00:00,930.0,33.0,59,2.5
2023-10-23 13:00:00,803.0,33.2,58,2.9
2023-10-23 14:00:00,587.0,33.0,58,1.3
2023-10-23 15:00:00,386.0,32.6,59,4.4
2023-10-23 16:00:00,378.0,31.9,62,6.6
2023-10-23 17:00:00,145.0,30.5,75,3.7
2023-10-24 06:00:00,2.0,24.3,100,10.4
2023-10-24 07:00:00,66.0,25.1,94,6.7
2023-10-24 08:00:00,276.0,26.4,87,8.0
2023-10-24 09:00:00,424.0,27.5,82,8.3
2023-10-24 10:00:00,472.0,28.5,77,6.1
2023-10-24 11:00:00,651.0,29.8,72,5.9
2023-10-24 12:00:00,661.0,30.6,69,5.1
2023-10-24 13:00:00,802.0,31.9,63,5.4
2023-10-24 14:00:00,648.0,31.5,66,6.1
2023-10-24 15:00:00,525.0,29.8,73,6.1
2023-10-24 16:00:00,162.0,28.6,82,0.8
2023-10-24 17:00:00,98.0,27.8,84,6.2
2023-10-25 06:00:00,2.0,23.1,98,4.9
2023-10-25 07:00:00,15.0,23.3,99,7.1
2023-10-25 08:00:00,283.0,26.0,91,1.3
2023-10-25 09:00:00,509.0,27.6,83,2.4
2023-10-25 10:00:00,662.0,28.8,78,4.4
2023-10-25 11:00:00,737.0,29.4,78,5.1
2023-10-25 12:00:00,849.0,30.1,76,6.9
2023-10-25 13:00:00,719.0,30.5,73,7.4
2023-10-25 14:00:00,397.0,26.1,89,7.7
2023-10-25 15:00:00,164.0,25.8,90,4.0
2023-10-25 16:00:00,113.0,25.2,92,2.9
2023-10-25 17:00:00,52.0,25.4,91,2.8
2023-10-26 06:00:00,0.0,23.2,98,1.4
2023-10-26 07:00:00,54.0,23.8,96,3.4
2023-10-26 08:00:00,218.0,25.7,88,3.3
2023-10-26 09:00:00,449.0,27.0,85,2.2
2023-10-26 10:00:00,712.0,28.3,83,5.4
2023-10-26 11:00:00,741.0,29.3,77,4.7
2023-10-26 12:00:00,780.0,30.0,73,8.3
2023-10-26 13:00:00,864.0,30.6,70,7.1
2023-10-26 14:00:00,791.0,31.1,69,5.8
2023-10-26 15:00:00,454.0,26.8,83,13.0
2023-10-26 16:00:00,266.0,26.6,86,10.3
2023-10-26 17:00:00,89.0,26.4,86,4.7
2023-10-27 06:00:00,2.0,23.1,96,6.3
2023-10-27 07:00:00,83.0,24.0,93,7.1
2023-10-27 08:00:00,143.0,24.0,94,5.6
2023-10-27 09:00:00,373.0,25.5,89,5.4
2023-10-27 10:00:00,640.0,27.1,79,2.7
2023-10-27 11:00:00,585.0,27.8,76,1.8
2023-10-27 12:00:00,612.0,28.5,74,5.5
2023-10-27 13:00:00,627.0,28.9,72,8.9
2023-10-27 14:00:00,603.0,29.4,70,8.3
2023-10-27 15:00:00,507.0,29.5,70,5.7
2023-10-27 16:00:00,295.0,26.3,80,15.8
2023-10-27 17:00:00,35.0,24.9,89,1.1
2023-10-28 06:00:00,1.0,22.9,97,7.6
2023-10-28 07:00:00,43.0,23.4,94,7.2
2023-10-28 08:00:00,206.0,24.9,92,4.7
2023-10-28 09:00:00,458.0,27.1,80,4.8
2023-10-28 10:00:00,722.0,28.7,71,5.5
2023-10-28 11:00:00,742.0,29.5,67,0.8
2023-10-28 12:00:00,835.0,29.8,66,3.7
2023-10-28 13:00:00,779.0,29.5,66,9.2
2023-10-28 14:00:00,590.0,29.9,67,5.8
2023-10-28 15:00:00,543.0,29.1,67,11.3
2023-10-28 16:00:00,296.0,27.3,80,10.2
2023-10-28 17:00:00,131.0,26.4,85,10.5
2023-10-29 06:00:00,2.0,22.6,96,4.4
2023-10-29 07:00:00,93.0,23.8,95,6.5
2023-10-29 08:00:00,205.0,25.3,90,6.2
2023-10-29 09:00:00,522.0,27.7,78,4.9
2023-10-29 10:00:00,722.0,29.1,72,3.6
2023-10-29 11:00:00,783.0,30.0,67,5.4
2023-10-29 12:00:00,828.0,30.5,65,6.4
2023-10-29 13:00:00,883.0,31.0,62,8.4
2023-10-29 14:00:00,693.0,30.6,63,9.3
2023-10-29 15:00:00,588.0,30.5,63,9.7
2023-10-29 16:00:00,359.0,30.0,66,8.2
2023-10-29 17:00:00,162.0,28.9,75,5.1
2023-10-30 06:00:00,2.0,23.6,90,4.7
2023-10-30 07:00:00,81.0,24.8,88,4.0
2023-10-30 08:00:00,260.0,27.2,82,5.4
2023-10-30 09:00:00,420.0,28.8,72,2.9
2023-10-30 10:00:00,620.0,29.9,69,2.0
2023-10-30 11:00:00,782.0,30.6,67,4.1
2023-10-30 12:00:00,833.0,31.0,66,6.5
2023-10-30 13:00:00,793.0,31.1,64,8.3
2023-10-30 14:00:00,730.0,31.0,64,9.4
2023-10-30 15:00:00,537.0,30.5,69,7.6
2023-10-30 16:00:00,368.0,26.0,90,13.0
2023-10-30 17:00:00,100.0,26.2,90,5.6
2023-10-31 06:00:00,2.0,23.5,97,2.5
2023-10-31 07:00:00,102.0,25.0,92,3.4
2023-10-31 08:00:00,308.0,26.5,88,9.4
2023-10-31 09:00:00,430.0,26.9,83,5.5
2023-10-31 10:00:00,646.0,28.5,77,2.7
2023-10-31 11:00:00,678.0,29.3,73,4.9
2023-10-31 12:00:00,709.0,30.1,69,5.2
2023-10-31 13:00:00,634.0,30.4,70,3.6
2023-10-31 14:00:00,519.0,30.1,72,2.0
2023-10-31 15:00:00,426.0,30.5,71,3.2
2023-10-31 16:00:00,233.0,29.5,71,4.8
2023-10-31 17:00:00,110.0,28.4,80,6.0
2023-11-01 06:00:00,1.0,23.6,98,4.3
2023-11-01 07:00:00,106.0,24.5,93,1.1
2023-11-01 08:00:00,272.0,26.1,93,5.2
2023-11-01 09:00:00,338.0,26.8,89,1.4
2023-11-01 10:00:00,535.0,27.9,86,1.6
2023-11-01 11:00:00,701.0,28.9,82,2.3
2023-11-01 12:00:00,807.0,29.8,79,0.4
2023-11-01 13:00:00,730.0,29.8,76,1.5
2023-11-01 14:00:00,362.0,26.3,89,13.9
2023-11-01 15:00:00,177.0,25.9,88,11.9
2023-11-01 16:00:00,121.0,26.0,87,10.8
2023-11-01 17:00:00,39.0,24.5,94,4.7
2023-11-02 06:00:00,2.0,23.0,99,3.3
2023-11-02 07:00:00,79.0,24.3,95,3.9
2023-11-02 08:00:00,321.0,25.8,88,4.1
2023-11-02 09:00:00,509.0,27.4,80,0.4
2023-11-02 10:00:00,672.0,28.7,76,3.1
2023-11-02 11:00:00,797.0,29.8,74,4.0
2023-11-02 12:00:00,834.0,30.1,72,5.8
2023-11-02 13:00:00,624.0,30.0,72,6.8
2023-11-02 14:00:00,663.0,30.1,72,5.2
2023-11-02 15:00:00,548.0,28.1,79,8.5
2023-11-02 16:00:00,214.0,27.2,84,9.0
2023-11-02 17:00:00,121.0,26.9,85,8.1
2023-11-03 06:00:00,1.0,23.8,96,2.6
2023-11-03 07:00:00,54.0,24.2,94,5.1
2023-11-03 08:00:00,158.0,24.9,92,4.2
2023-11-03 09:00:00,400.0,26.2,86,2.9
2023-11-03 10:00:00,568.0,27.8,80,1.1
2023-11-03 11:00:00,795.0,29.2,74,2.6
2023-11-03 12:00:00,771.0,29.9,73,1.8
2023-11-03 13:00:00,823.0,30.5,74,0.7
2023-11-03 14:00:00,694.0,30.6,74,1.1
2023-11-03 15:00:00,516.0,29.7,76,5.8
2023-11-03 16:00:00,215.0,27.7,80,3.5
2023-11-03 17:00:00,117.0,27.8,80,1.5
2023-11-04 06:00:00,1.0,23.1,98,2.2
2023-11-04 07:00:00,103.0,24.9,94,2.9
2023-11-04 08:00:00,290.0,26.8,84,2.0
2023-11-04 09:00:00,530.0,28.5,79,1.9
2023-11-04 10:00:00,641.0,29.3,75,1.8
2023-11-04 11:00:00,724.0,30.4,70,0.7
2023-11-04 12:00:00,799.0,31.0,68,2.5
2023-11-04 13:00:00,791.0,31.5,67,3.6
2023-11-04 14:00:00,715.0,31.5,68,1.6
2023-11-04 15:00:00,498.0,31.4,67,1.6
2023-11-04 16:00:00,328.0,30.5,71,1.4
2023-11-04 17:00:00,124.0,29.1,79,4.3
2023-11-05 06:00:00,1.0,24.0,97,3.4
2023-11-05 07:00:00,78.0,24.7,94,0.5
2023-11-05 08:00:00,259.0,26.1,92,2.5
2023-11-05 09:00:00,525.0,28.0,84,2.3
2023-11-05 10:00:00,706.0,29.1,77,5.8
2023-11-05 11:00:00,731.0,29.9,74,3.8
2023-11-05 12:00:00,817.0,30.9,69,2.6
2023-11-05 13:00:00,832.0,31.6,66,1.8
2023-11-05 14:00:00,719.0,31.4,69,3.6
2023-11-05 15:00:00,514.0,31.0,72,3.3
2023-11-05 16:00:00,288.0,26.9,84,6.1
2023-11-05 17:00:00,50.0,26.1,88,4.0
2023-11-06 06:00:00,1.0,23.5,98,5.1
2023-11-06 07:00:00,90.0,24.1,95,6.6
2023-11-06 08:00:00,212.0,25.0,90,3.1
2023-11-06 09:00:00,422.0,26.6,85,4.4
2023-11-06 10:00:00,416.0,27.9,80,4.4
2023-11-06 11:00:00,545.0,28.5,79,6.5
2023-11-06 12:00:00,560.0,28.6,80,5.9
2023-11-06 13:00:00,674.0,29.4,77,7.7
2023-11-06 14:00:00,737.0,29.8,75,5.7
2023-11-06 15:00:00,449.0,29.4,75,6.8
2023-11-06 16:00:00,274.0,28.1,79,5.6
2023-11-06 17:00:00,96.0,27.0,86,5.5
2023-11-07 06:00:00,1.0,23.5,99,1.6
2023-11-07 07:00:00,99.0,24.6,93,5.8
2023-11-07 08:00:00,250.0,25.7,87,5.1
2023-11-07 09:00:00,439.0,27.0,82,5.4
2023-11-07 10:00:00,396.0,28.0,77,4.4
2023-11-07 11:00:00,567.0,29.4,71,2.3
2023-11-07 12:00:00,696.0,30.5,67,1.6
2023-11-07 13:00:00,805.0,31.4,63,0.5
2023-11-07 14:00:00,676.0,31.4,64,2.6
2023-11-07 15:00:00,501.0,31.2,65,3.7
2023-11-07 16:00:00,372.0,30.9,67,4.7
2023-11-07 17:00:00,140.0,29.6,76,1.3
2023-11-08 06:00:00,1.0,23.7,99,0.8
2023-11-08 07:00:00,100.0,25.9,91,2.1
2023-11-08 08:00:00,323.0,28.2,82,4.1
2023-11-08 09:00:00,538.0,29.8,77,7.7
2023-11-08 10:00:00,723.0,30.9,72,8.5
2023-11-08 11:00:00,768.0,31.8,67,6.2
2023-11-08 12:00:00,888.0,32.7,62,4.3
2023-11-08 13:00:00,833.0,33.2,60,4.7
2023-11-08 14:00:00,738.0,33.2,61,2.6
2023-11-08 15:00:00,530.0,32.5,63,0.8
2023-11-08 16:00:00,305.0,32.2,65,1.1
2023-11-08 17:00:00,147.0,30.7,77,3.8
2023-11-09 06:00:00,1.0,25.4,87,5.1
2023-11-09 07:00:00,105.0,26.6,84,2.0
2023-11-09 08:00:00,326.0,28.7,80,5.6
2023-11-09 09:00:00,545.0,30.2,75,6.9
2023-11-09 10:00:00,723.0,31.5,68,7.6
2023-11-09 11:00:00,843.0,32.3,65,6.3
2023-11-09 12:00:00,883.0,32.8,64,6.1
2023-11-09 13:00:00,802.0,33.4,63,7.6
2023-11-09 14:00:00,729.0,33.7,63,7.6
2023-11-09 15:00:00,545.0,33.7,60,6.3
2023-11-09 16:00:00,362.0,33.0,62,7.2
2023-11-09 17:00:00,154.0,31.5,75,5.4
2023-11-10 06:00:00,1.0,24.3,99,5.7
2023-11-10 07:00:00,91.0,25.5,93,5.6
2023-11-10 08:00:00,252.0,27.5,81,2.3
2023-11-10 09:00:00,468.0,29.1,76,1.9
2023-11-10 10:00:00,633.0,30.5,73,1.9
2023-11-10 11:00:00,752.0,31.7,70,1.1
2023-11-10 12:00:00,796.0,32.7,66,3.3
2023-11-10 13:00:00,825.0,33.4,63,2.7
2023-11-10 14:00:00,732.0,33.7,61,3.6
2023-11-10 15:00:00,576.0,33.5,60,5.5
2023-11-10 16:00:00,339.0,32.7,64,8.4
2023-11-10 17:00:00,142.0,31.2,75,4.7
2023-11-11 06:00:00,1.0,25.4,82,8.8
2023-11-11 07:00:00,69.0,25.8,84,9.0
2023-11-11 08:00:00,322.0,28.0,80,3.3
2023-11-11 09:00:00,537.0,29.6,76,2.0
2023-11-11 10:00:00,677.0,31.0,71,4.3
2023-11-11 11:00:00,820.0,32.2,66,4.2
2023-11-11 12:00:00,846.0,33.1,62,3.8
2023-11-11 13:00:00,815.0,33.7,59,2.2
2023-11-11 14:00:00,700.0,33.4,59,4.1
2023-11-11 15:00:00,531.0,33.0,61,6.4
2023-11-11 16:00:00,288.0,31.4,70,11.6
2023-11-11 17:00:00,102.0,29.1,79,16.5
2023-11-12 06:00:00,1.0,25.0,100,7.3
2023-11-12 07:00:00,56.0,25.6,96,10.8
2023-11-12 08:00:00,204.0,27.4,88,5.4
2023-11-12 09:00:00,345.0,28.7,83,6.1
2023-11-12 10:00:00,549.0,29.9,80,2.9
2023-11-12 11:00:00,638.0,31.0,75,1.1
2023-11-12 12:00:00,719.0,32.2,70,0.0
2023-11-12 13:00:00,651.0,32.1,70,1.8
2023-11-12 14:00:00,487.0,31.5,72,2.6
2023-11-12 15:00:00,436.0,32.0,68,4.9
2023-11-12 16:00:00,258.0,30.5,74,9.5
2023-11-12 17:00:00,79.0,29.0,83,12.6
2023-11-13 06:00:00,1.0,24.9,100,0.5
2023-11-13 07:00:00,73.0,25.5,98,2.9
2023-11-13 08:00:00,299.0,27.9,89,1.9
2023-11-13 09:00:00,458.0,29.0,84,5.1
2023-11-13 10:00:00,642.0,30.4,77,4.5
2023-11-13 11:00:00,793.0,31.6,70,3.7
2023-11-13 12:00:00,871.0,32.6,66,2.3
2023-11-13 13:00:00,796.0,33.2,63,1.1
2023-11-13 14:00:00,578.0,32.3,68,1.3
2023-11-13 15:00:00,448.0,31.9,69,5.6
2023-11-13 16:00:00,268.0,30.8,72,11.1
2023-11-13 17:00:00,87.0,29.4,79,10.8
2023-11-14 06:00:00,1.0,24.5,100,6.8
2023-11-14 07:00:00,82.0,25.5,96,7.6
2023-11-14 08:00:00,308.0,28.6,78,6.2
2023-11-14 09:00:00,526.0,30.5,73,7.3
2023-11-14 10:00:00,702.0,31.6,71,5.9
2023-11-14 11:00:00,757.0,32.4,68,6.4
2023-11-14 12:00:00,857.0,33.2,63,5.0
2023-11-14 13:00:00,786.0,33.4,61,5.6
2023-11-14 14:00:00,694.0,33.7,59,3.6
2023-11-14 15:00:00,561.0,33.5,59,2.8
2023-11-14 16:00:00,332.0,32.6,63,6.3
2023-11-14 17:00:00,114.0,30.4,78,7.6
2023-11-15 06:00:00,0.0,24.4,96,8.2
2023-11-15 07:00:00,32.0,24.7,94,6.5
2023-11-15 08:00:00,123.0,25.6,91,7.7
2023-11-15 09:00:00,250.0,27.0,86,5.1
2023-11-15 10:00:00,379.0,28.1,82,3.9
2023-11-15 11:00:00,490.0,29.5,77,4.0
2023-11-15 12:00:00,493.0,30.4,73,5.0
2023-11-15 13:00:00,699.0,31.4,69,3.1
2023-11-15 14:00:00,714.0,32.0,66,3.7
2023-11-15 15:00:00,558.0,31.9,65,6.9
2023-11-15 16:00:00,310.0,27.5,83,16.5
2023-11-15 17:00:00,28.0,26.4,87,1.1
2023-11-16 06:00:00,1.0,23.4,99,3.3
2023-11-16 07:00:00,72.0,24.6,96,3.6
2023-11-16 08:00:00,221.0,26.5,89,3.6
2023-11-16 09:00:00,420.0,28.2,82,3.1
2023-11-16 10:00:00,464.0,29.0,76,8.8
2023-11-16 11:00:00,732.0,30.6,71,7.0
2023-11-16 12:00:00,768.0,31.4,67,7.3
2023-11-16 13:00:00,798.0,31.8,65,5.8
2023-11-16 14:00:00,664.0,32.0,65,4.4
2023-11-16 15:00:00,555.0,32.2,64,1.8
2023-11-16 16:00:00,361.0,31.9,65,3.8
2023-11-16 17:00:00,144.0,30.1,76,8.1
2023-11-17 06:00:00,0.0,23.6,100,3.1
2023-11-17 07:00:00,87.0,24.9,96,1.9
2023-11-17 08:00:00,295.0,27.1,88,3.3
2023-11-17 09:00:00,523.0,28.6,83,2.7
2023-11-17 10:00:00,696.0,30.3,74,1.1
2023-11-17 11:00:00,741.0,31.2,70,1.3
2023-11-17 12:00:00,851.0,32.0,66,2.5
2023-11-17 13:00:00,776.0,32.3,64,3.2
2023-11-17 14:00:00,742.0,32.2,63,7.2
2023-11-17 15:00:00,516.0,30.4,72,15.3
2023-11-17 16:00:00,270.0,29.6,76,12.7
2023-11-17 17:00:00,122.0,29.0,79,11.5
2023-11-18 06:00:00,0.0,23.5,98,6.5
2023-11-18 07:00:00,71.0,24.2,95,6.8
2023-11-18 08:00:00,224.0,25.5,91,8.4
2023-11-18 09:00:00,312.0,26.1,89,8.2
2023-11-18 10:00:00,454.0,27.4,83,6.6
2023-11-18 11:00:00,706.0,28.9,80,5.8
2023-11-18 12:00:00,808.0,29.7,77,5.6
2023-11-18 13:00:00,815.0,30.2,74,6.1
2023-11-18 14:00:00,611.0,30.2,72,4.5
2023-11-18 15:00:00,519.0,30.5,67,3.3
2023-11-18 16:00:00,287.0,28.5,76,8.4
2023-11-18 17:00:00,112.0,26.9,89,11.3
2023-11-19 06:00:00,0.0,23.2,96,1.3
2023-11-19 07:00:00,66.0,23.9,94,2.0
2023-11-19 08:00:00,184.0,24.1,93,2.6
2023-11-19 09:00:00,297.0,25.0,88,1.0
2023-11-19 10:00:00,394.0,26.0,83,3.2
2023-11-19 11:00:00,487.0,27.1,82,3.9
2023-11-19 12:00:00,628.0,28.1,79,4.9
2023-11-19 13:00:00,387.0,28.0,78,5.3
2023-11-19 14:00:00,250.0,27.2,81,9.4
2023-11-19 15:00:00,180.0,25.3,90,6.2
2023-11-19 16:00:00,261.0,26.3,87,5.8
2023-11-19 17:00:00,91.0,25.8,88,3.1
2023-11-20 06:00:00,0.0,23.0,100,3.6
2023-11-20 07:00:00,63.0,23.7,99,4.1
2023-11-20 08:00:00,283.0,26.5,83,4.4
2023-11-20 09:00:00,478.0,27.9,74,3.6
2023-11-20 10:00:00,603.0,28.8,70,3.1
2023-11-20 11:00:00,749.0,29.8,66,2.9
2023-11-20 12:00:00,866.0,30.5,62,3.8
2023-11-20 13:00:00,830.0,31.0,60,5.0
2023-11-20 14:00:00,681.0,31.1,59,5.5
2023-11-20 15:00:00,521.0,30.3,64,8.0
2023-11-20 16:00:00,302.0,29.3,71,8.2
2023-11-20 17:00:00,145.0,28.2,78,9.2
2023-11-21 06:00:00,0.0,23.8,92,2.7
2023-11-21 07:00:00,85.0,24.5,91,0.0
2023-11-21 08:00:00,278.0,26.6,83,1.8
2023-11-21 09:00:00,496.0,28.1,78,0.0
2023-11-21 10:00:00,690.0,29.4,72,1.5
2023-11-21 11:00:00,768.0,30.2,69,2.2
2023-11-21 12:00:00,826.0,31.1,65,3.6
2023-11-21 13:00:00,801.0,31.4,65,5.8
2023-11-21 14:00:00,704.0,30.9,67,7.2
2023-11-21 15:00:00,467.0,29.8,72,4.0
2023-11-21 16:00:00,262.0,28.0,78,5.4
2023-11-21 17:00:00,115.0,27.4,84,4.3
2023-11-22 06:00:00,0.0,24.1,99,2.7
2023-11-22 07:00:00,44.0,24.5,98,3.8
2023-11-22 08:00:00,189.0,25.5,96,2.3
2023-11-22 09:00:00,286.0,25.9,95,2.8
2023-11-22 10:00:00,417.0,26.5,91,3.4
2023-11-22 11:00:00,592.0,28.0,84,3.3
2023-11-22 12:00:00,707.0,28.9,80,2.9
2023-11-22 13:00:00,739.0,29.6,76,1.8
2023-11-22 14:00:00,631.0,29.9,74,1.8
2023-11-22 15:00:00,500.0,29.9,74,2.3
2023-11-22 16:00:00,313.0,28.6,78,5.1
2023-11-22 17:00:00,110.0,27.4,85,3.5
2023-11-23 06:00:00,0.0,23.5,97,5.2
2023-11-23 07:00:00,86.0,25.4,92,5.2
2023-11-23 08:00:00,291.0,27.0,82,5.8
2023-11-23 09:00:00,503.0,28.3,78,6.1
2023-11-23 10:00:00,650.0,29.5,72,5.9
2023-11-23 11:00:00,753.0,30.4,68,4.1
2023-11-23 12:00:00,848.0,31.2,65,2.9
2023-11-23 13:00:00,747.0,31.6,65,0.7
2023-11-23 14:00:00,714.0,32.0,63,1.5
2023-11-23 15:00:00,573.0,32.0,63,4.5
2023-11-23 16:00:00,321.0,31.3,65,7.5
2023-11-23 17:00:00,126.0,28.8,76,14.0
2023-11-24 06:00:00,0.0,23.4,92,4.5
2023-11-24 07:00:00,89.0,25.1,83,2.2
2023-11-24 08:00:00,305.0,26.9,79,9.0
2023-11-24 09:00:00,517.0,28.6,75,11.0
2023-11-24 10:00:00,686.0,30.0,71,10.1
2023-11-24 11:00:00,800.0,31.0,67,7.6
2023-11-24 12:00:00,871.0,31.8,64,5.9
2023-11-24 13:00:00,839.0,32.2,62,6.6
2023-11-24 14:00:00,709.0,32.5,62,6.6
2023-11-24 15:00:00,537.0,32.4,61,5.5
2023-11-24 16:00:00,353.0,32.2,61,3.2
2023-11-24 17:00:00,145.0,30.7,77,3.1
2023-11-25 06:00:00,0.0,23.5,99,4.9
2023-11-25 07:00:00,84.0,24.5,92,9.4
2023-11-25 08:00:00,255.0,27.0,88,7.1
2023-11-25 09:00:00,485.0,28.6,79,5.5
2023-11-25 10:00:00,644.0,29.6,76,1.6
2023-11-25 11:00:00,792.0,30.5,76,2.6
2023-11-25 12:00:00,830.0,31.0,75,2.6
2023-11-25 13:00:00,804.0,31.4,74,0.4
2023-11-25 14:00:00,692.0,31.5,73,2.4
2023-11-25 15:00:00,502.0,31.1,71,6.6
2023-11-25 16:00:00,324.0,29.8,73,10.0
2023-11-25 17:00:00,116.0,28.7,76,10.0
2023-11-26 06:00:00,0.0,23.8,99,2.6
2023-11-26 07:00:00,61.0,24.0,99,3.8
2023-11-26 08:00:00,285.0,26.2,82,4.4
2023-11-26 09:00:00,495.0,28.0,77,4.2
2023-11-26 10:00:00,652.0,29.2,74,4.5
2023-11-26 11:00:00,796.0,30.5,70,5.7
2023-11-26 12:00:00,792.0,31.3,65,5.8
2023-11-26 13:00:00,752.0,32.0,63,3.1
2023-11-26 14:00:00,714.0,32.5,63,0.5
2023-11-26 15:00:00,561.0,32.4,61,4.2
2023-11-26 16:00:00,374.0,32.0,61,6.0
2023-11-26 17:00:00,156.0,30.5,76,3.9
2023-11-27 06:00:00,0.0,25.1,79,12.2
2023-11-27 07:00:00,83.0,25.9,80,13.9
2023-11-27 08:00:00,299.0,27.6,75,11.9
2023-11-27 09:00:00,518.0,29.2,71,10.1
2023-11-27 10:00:00,698.0,30.9,64,7.9
2023-11-27 11:00:00,818.0,32.2,59,8.6
2023-11-27 12:00:00,873.0,33.2,55,7.9
2023-11-27 13:00:00,847.0,33.7,54,7.3
2023-11-27 14:00:00,747.0,33.8,53,4.7
2023-11-27 15:00:00,585.0,33.8,51,3.3
2023-11-27 16:00:00,383.0,33.2,57,5.4
2023-11-27 17:00:00,163.0,31.8,70,3.6
2023-11-28 06:00:00,0.0,25.7,79,17.7
2023-11-28 07:00:00,82.0,26.3,79,16.0
2023-11-28 08:00:00,287.0,28.1,76,12.3
2023-11-28 09:00:00,511.0,30.0,71,11.0
2023-11-28 10:00:00,693.0,31.5,62,9.0
2023-11-28 11:00:00,819.0,32.7,58,6.8
2023-11-28 12:00:00,872.0,33.6,55,6.3
2023-11-28 13:00:00,851.0,34.1,52,5.4
2023-11-28 14:00:00,756.0,34.2,51,4.7
2023-11-28 15:00:00,598.0,34.2,50,4.7
2023-11-28 16:00:00,392.0,34.0,51,4.4
2023-11-28 17:00:00,167.0,32.8,56,3.3
2023-11-29 06:00:00,0.0,26.5,74,17.4
2023-11-29 07:00:00,78.0,26.8,75,13.7
2023-11-29 08:00:00,291.0,28.3,71,11.9
2023-11-29 09:00:00,493.0,29.5,67,10.7
2023-11-29 10:00:00,693.0,30.8,63,10.2
2023-11-29 11:00:00,817.0,32.0,60,8.4
2023-11-29 12:00:00,870.0,32.9,57,4.8
2023-11-29 13:00:00,848.0,33.4,54,4.7
2023-11-29 14:00:00,725.0,33.5,53,4.5
2023-11-29 15:00:00,578.0,33.5,52,2.9
2023-11-29 16:00:00,365.0,33.0,55,3.8
2023-11-29 17:00:00,163.0,31.1,70,4.6
2023-11-30 06:00:00,0.0,24.9,96,3.7
2023-11-30 07:00:00,48.0,25.2,94,3.1
2023-11-30 08:00:00,239.0,27.0,75,5.2
2023-11-30 09:00:00,493.0,28.5,71,5.4
2023-11-30 10:00:00,681.0,30.2,68,6.8
2023-11-30 11:00:00,807.0,31.5,62,8.3
2023-11-30 12:00:00,858.0,32.2,59,10.1
2023-11-30 13:00:00,843.0,32.8,55,8.3
2023-11-30 14:00:00,731.0,33.2,52,5.6
2023-11-30 15:00:00,578.0,33.4,50,5.0
2023-11-30 16:00:00,382.0,33.1,51,4.0
2023-11-30 17:00:00,163.0,32.0,59,4.0
2023-12-01 06:00:00,0.0,25.0,72,20.6
2023-12-01 07:00:00,79.0,25.5,72,20.5
2023-12-01 08:00:00,294.0,27.1,71,15.8
2023-12-01 09:00:00,514.0,29.0,63,17.4
2023-12-01 10:00:00,697.0,30.6,56,16.9
2023-12-01 11:00:00,823.0,32.0,50,13.9
2023-12-01 12:00:00,881.0,33.0,46,11.3
2023-12-01 13:00:00,862.0,33.7,43,9.4
2023-12-01 14:00:00,764.0,34.0,41,8.1
2023-12-01 15:00:00,601.0,34.0,41,7.3
2023-12-01 16:00:00,401.0,33.2,48,5.4
2023-12-01 17:00:00,174.0,30.6,69,7.1
2023-12-02 06:00:00,0.0,25.0,74,19.1
2023-12-02 07:00:00,78.0,25.4,74,15.3
2023-12-02 08:00:00,293.0,27.2,71,15.3
2023-12-02 09:00:00,515.0,29.4,61,15.7
2023-12-02 10:00:00,698.0,31.3,51,15.3
2023-12-02 11:00:00,825.0,32.7,46,15.3
2023-12-02 12:00:00,881.0,33.6,41,13.8
2023-12-02 13:00:00,862.0,34.2,39,13.4
2023-12-02 14:00:00,764.0,34.3,39,11.6
2023-12-02 15:00:00,566.0,34.0,42,9.7
2023-12-02 16:00:00,400.0,33.2,48,8.5
2023-12-02 17:00:00,172.0,30.9,61,6.0
2023-12-03 06:00:00,0.0,25.1,72,16.5
2023-12-03 07:00:00,76.0,25.9,71,15.4
2023-12-03 08:00:00,291.0,27.5,68,14.0
2023-12-03 09:00:00,511.0,29.5,60,13.4
2023-12-03 10:00:00,694.0,31.5,52,11.6
2023-12-03 11:00:00,820.0,33.0,45,10.7
2023-12-03 12:00:00,861.0,33.8,42,10.6
2023-12-03 13:00:00,856.0,34.3,41,9.0
2023-12-03 14:00:00,763.0,34.4,41,7.0
2023-12-03 15:00:00,600.0,34.3,39,4.7
2023-12-03 16:00:00,389.0,33.6,44,4.3
2023-12-03 17:00:00,174.0,31.1,64,7.6
2023-12-04 06:00:00,0.0,25.2,73,17.3
2023-12-04 07:00:00,74.0,25.8,73,16.6
2023-12-04 08:00:00,288.0,27.9,69,14.9
2023-12-04 09:00:00,508.0,30.0,60,15.7
2023-12-04 10:00:00,692.0,31.9,51,14.0
2023-12-04 11:00:00,818.0,33.2,47,13.5
2023-12-04 12:00:00,872.0,34.3,43,13.0
2023-12-04 13:00:00,854.0,35.0,40,11.4
2023-12-04 14:00:00,765.0,35.1,39,9.7
2023-12-04 15:00:00,605.0,34.8,40,9.0
2023-12-04 16:00:00,402.0,34.2,46,5.4
2023-12-04 17:00:00,175.0,31.8,62,5.7
2023-12-05 06:00:00,0.0,25.0,74,13.5
2023-12-05 07:00:00,73.0,25.7,73,13.1
2023-12-05 08:00:00,287.0,28.0,67,13.1
2023-12-05 09:00:00,508.0,30.1,60,9.2
2023-12-05 10:00:00,691.0,31.8,54,5.4
2023-12-05 11:00:00,816.0,33.0,49,7.6
2023-12-05 12:00:00,872.0,34.1,45,7.9
2023-12-05 13:00:00,856.0,34.7,43,6.4
2023-12-05 14:00:00,763.0,35.2,41,4.5
2023-12-05 15:00:00,605.0,35.3,39,5.4
2023-12-05 16:00:00,401.0,34.7,44,4.8
2023-12-05 17:00:00,175.0,32.1,69,7.5
2023-12-06 06:00:00,0.0,25.1,76,11.0
2023-12-06 07:00:00,71.0,25.9,74,11.1
2023-12-06 08:00:00,284.0,27.8,70,11.1
2023-12-06 09:00:00,504.0,29.9,61,11.3
2023-12-06 10:00:00,685.0,31.5,55,7.9
2023-12-06 11:00:00,808.0,33.0,50,7.9
2023-12-06 12:00:00,869.0,34.1,46,9.7
2023-12-06 13:00:00,843.0,34.7,43,9.5
2023-12-06 14:00:00,722.0,34.8,41,7.6
2023-12-06 15:00:00,591.0,35.0,38,4.8
2023-12-06 16:00:00,383.0,34.8,37,1.8
2023-12-06 17:00:00,177.0,33.8,38,0.7
2023-12-07 06:00:00,0.0,25.0,74,13.5
2023-12-07 07:00:00,69.0,25.9,75,12.5
2023-12-07 08:00:00,277.0,28.5,69,15.5
2023-12-07 09:00:00,495.0,30.6,60,15.3
2023-12-07 10:00:00,677.0,32.2,52,15.3
2023-12-07 11:00:00,802.0,33.5,47,14.5
2023-12-07 12:00:00,856.0,34.5,40,11.9
2023-12-07 13:00:00,841.0,35.0,37,8.7
2023-12-07 14:00:00,709.0,35.1,36,6.2
2023-12-07 15:00:00,575.0,35.1,36,5.7
2023-12-07 16:00:00,391.0,34.3,43,5.6
2023-12-07 17:00:00,173.0,32.2,49,8.8
2023-12-08 06:00:00,0.0,25.6,74,14.3
2023-12-08 07:00:00,66.0,26.3,73,12.4
2023-12-08 08:00:00,274.0,28.5,67,15.0
2023-12-08 09:00:00,492.0,30.5,57,15.4
2023-12-08 10:00:00,674.0,32.2,50,13.2
2023-12-08 11:00:00,801.0,33.2,49,13.2
2023-12-08 12:00:00,858.0,34.1,45,13.0
2023-12-08 13:00:00,843.0,34.8,42,10.5
2023-12-08 14:00:00,731.0,35.4,41,11.2
2023-12-08 15:00:00,580.0,35.0,43,13.5
2023-12-08 16:00:00,387.0,34.0,47,10.3
2023-12-08 17:00:00,172.0,32.2,55,6.9
2023-12-09 06:00:00,0.0,26.0,74,14.0
2023-12-09 07:00:00,65.0,26.8,73,15.1
2023-12-09 08:00:00,271.0,28.8,67,13.9
2023-12-09 09:00:00,486.0,30.8,59,12.5
2023-12-09 10:00:00,669.0,32.7,53,10.1
2023-12-09 11:00:00,792.0,34.0,47,8.3
2023-12-09 12:00:00,854.0,35.1,44,7.3
2023-12-09 13:00:00,838.0,35.7,43,6.1
2023-12-09 14:00:00,751.0,36.0,42,4.8
2023-12-09 15:00:00,592.0,36.2,41,4.8
2023-12-09 16:00:00,386.0,35.6,44,6.0
2023-12-09 17:00:00,166.0,33.5,51,7.8
2023-12-10 06:00:00,0.0,26.6,75,15.6
2023-12-10 07:00:00,64.0,27.2,76,11.7
2023-12-10 08:00:00,269.0,29.0,69,11.7
2023-12-10 09:00:00,485.0,31.1,60,12.1
2023-12-10 10:00:00,666.0,32.8,53,7.3
2023-12-10 11:00:00,792.0,34.0,49,8.6
2023-12-10 12:00:00,851.0,35.0,45,9.8
2023-12-10 13:00:00,838.0,35.8,42,8.4
2023-12-10 14:00:00,757.0,36.2,41,7.3
2023-12-10 15:00:00,603.0,36.0,42,6.5
2023-12-10 16:00:00,393.0,35.5,44,4.7
2023-12-10 17:00:00,177.0,33.3,66,4.5
2023-12-11 06:00:00,0.0,26.4,70,10.7
2023-12-11 07:00:00,58.0,26.9,71,11.0
2023-12-11 08:00:00,261.0,29.0,66,9.4
2023-12-11 09:00:00,482.0,30.9,58,6.2
2023-12-11 10:00:00,665.0,32.2,54,3.8
2023-12-11 11:00:00,792.0,33.6,50,3.5
2023-12-11 12:00:00,851.0,34.7,46,8.2
2023-12-11 13:00:00,837.0,35.3,44,8.6
2023-12-11 14:00:00,747.0,35.9,41,7.1
2023-12-11 15:00:00,601.0,36.2,38,5.2
2023-12-11 16:00:00,390.0,35.9,41,5.2
2023-12-11 17:00:00,169.0,33.5,56,5.6
2023-12-12 06:00:00,0.0,26.5,70,17.1
2023-12-12 07:00:00,61.0,26.9,70,14.9
2023-12-12 08:00:00,266.0,28.9,66,16.1
2023-12-12 09:00:00,484.0,31.1,56,17.1
2023-12-12 10:00:00,668.0,32.9,49,13.2
2023-12-12 11:00:00,796.0,34.1,45,11.9
2023-12-12 12:00:00,857.0,35.1,42,10.9
2023-12-12 13:00:00,844.0,35.8,40,9.4
2023-12-12 14:00:00,753.0,36.1,40,9.0
2023-12-12 15:00:00,598.0,36.2,40,9.4
2023-12-12 16:00:00,398.0,35.5,42,10.2
2023-12-12 17:00:00,180.0,33.7,45,10.0
2023-12-13 06:00:00,0.0,26.6,60,21.7
2023-12-13 07:00:00,60.0,26.9,63,21.4
2023-12-13 08:00:00,262.0,28.5,61,21.3
2023-12-13 09:00:00,480.0,31.0,54,23.5
2023-12-13 10:00:00,644.0,32.6,49,21.2
2023-12-13 11:00:00,783.0,33.8,46,19.4
2023-12-13 12:00:00,850.0,34.6,43,16.2
2023-12-13 13:00:00,836.0,35.4,40,10.5
2023-12-13 14:00:00,753.0,36.2,39,10.0
2023-12-13 15:00:00,597.0,35.8,40,12.0
2023-12-13 16:00:00,366.0,34.7,44,13.9
2023-12-13 17:00:00,168.0,33.0,48,15.3
2023-12-14 06:00:00,0.0,26.9,68,20.1
2023-12-14 07:00:00,55.0,27.5,68,18.6
2023-12-14 08:00:00,253.0,28.9,64,19.1
2023-12-14 09:00:00,464.0,30.8,58,19.4
2023-12-14 10:00:00,635.0,32.5,52,19.1
2023-12-14 11:00:00,778.0,34.0,45,19.4
2023-12-14 12:00:00,841.0,34.7,42,20.3
2023-12-14 13:00:00,808.0,35.0,42,16.3
2023-12-14 14:00:00,730.0,35.3,40,12.9
2023-12-14 15:00:00,567.0,35.2,40,11.7
2023-12-14 16:00:00,358.0,34.5,42,10.0
2023-12-14 17:00:00,156.0,33.0,47,9.8
2023-12-15 06:00:00,0.0,26.3,70,17.1
2023-12-15 07:00:00,41.0,26.9,70,15.3
2023-12-15 08:00:00,171.0,28.3,68,15.8
2023-12-15 09:00:00,371.0,30.1,61,17.2
2023-12-15 10:00:00,590.0,32.1,52,16.7
2023-12-15 11:00:00,688.0,33.5,47,13.2
2023-12-15 12:00:00,791.0,34.5,44,13.7
2023-12-15 13:00:00,753.0,35.0,42,11.3
2023-12-15 14:00:00,475.0,34.5,43,8.1
2023-12-15 15:00:00,508.0,34.7,43,7.4
2023-12-15 16:00:00,356.0,34.5,45,5.4
2023-12-15 17:00:00,130.0,32.5,61,4.0
2023-12-16 06:00:00,0.0,25.5,83,3.6
2023-12-16 07:00:00,51.0,26.1,83,4.9
2023-12-16 08:00:00,235.0,27.6,84,5.4
2023-12-16 09:00:00,454.0,29.4,75,5.4
2023-12-16 10:00:00,609.0,30.9,69,5.3
2023-12-16 11:00:00,725.0,32.4,62,5.8
2023-12-16 12:00:00,801.0,33.1,59,7.4
2023-12-16 13:00:00,752.0,33.8,55,7.3
2023-12-16 14:00:00,586.0,33.3,54,7.9
2023-12-16 15:00:00,400.0,31.0,63,9.0
2023-12-16 16:00:00,209.0,30.7,66,4.7
2023-12-16 17:00:00,141.0,30.5,68,4.0
2023-12-17 06:00:00,0.0,24.1,99,3.6
2023-12-17 07:00:00,47.0,25.0,95,3.1
2023-12-17 08:00:00,197.0,26.6,89,3.2
2023-12-17 09:00:00,397.0,28.3,78,1.5
2023-12-17 10:00:00,621.0,30.0,70,2.5
2023-12-17 11:00:00,765.0,31.6,62,4.1
2023-12-17 12:00:00,830.0,32.7,58,4.9
2023-12-17 13:00:00,826.0,33.4,55,5.6
2023-12-17 14:00:00,746.0,33.8,53,6.4
2023-12-17 15:00:00,591.0,33.8,54,6.6
2023-12-17 16:00:00,395.0,33.2,55,7.2
2023-12-17 17:00:00,176.0,31.9,61,5.6
2023-12-18 06:00:00,0.0,24.3,98,5.5
2023-12-18 07:00:00,46.0,24.8,96,3.7
2023-12-18 08:00:00,227.0,26.9,84,7.0
2023-12-18 09:00:00,416.0,28.5,77,4.1
2023-12-18 10:00:00,555.0,30.0,72,2.9
2023-12-18 11:00:00,666.0,31.0,68,1.9
2023-12-18 12:00:00,775.0,31.9,65,2.5
2023-12-18 13:00:00,746.0,32.3,62,4.1
2023-12-18 14:00:00,664.0,32.8,60,4.8
2023-12-18 15:00:00,565.0,32.0,61,7.6
2023-12-18 16:00:00,329.0,31.1,62,6.8
2023-12-18 17:00:00,150.0,30.8,67,3.8
2023-12-19 06:00:00,0.0,24.3,98,3.1
2023-12-19 07:00:00,48.0,25.4,93,4.9
2023-12-19 08:00:00,230.0,27.3,86,2.1
2023-12-19 09:00:00,401.0,28.6,79,2.8
2023-12-19 10:00:00,598.0,30.0,72,3.6
2023-12-19 11:00:00,733.0,31.1,67,3.7
2023-12-19 12:00:00,779.0,32.0,63,3.3
2023-12-19 13:00:00,759.0,32.8,59,4.3
2023-12-19 14:00:00,682.0,33.1,58,5.9
2023-12-19 15:00:00,382.0,32.9,57,7.3
2023-12-19 16:00:00,333.0,28.0,78,11.7
2023-12-19 17:00:00,90.0,25.7,91,5.8
2023-12-20 06:00:00,0.0,24.0,100,3.1
2023-12-20 07:00:00,42.0,24.8,96,5.7
2023-12-20 08:00:00,213.0,26.6,88,0.5
2023-12-20 09:00:00,419.0,28.3,80,4.7
2023-12-20 10:00:00,619.0,30.0,71,5.6
2023-12-20 11:00:00,758.0,31.6,61,5.2
2023-12-20 12:00:00,819.0,32.8,55,5.9
2023-12-20 13:00:00,829.0,33.5,52,6.7
2023-12-20 14:00:00,724.0,33.9,49,5.5
2023-12-20 15:00:00,555.0,33.8,48,3.3
2023-12-20 16:00:00,371.0,33.8,48,1.6
2023-12-20 17:00:00,177.0,32.4,60,2.5
2023-12-21 06:00:00,0.0,25.1,79,8.9
2023-12-21 07:00:00,48.0,25.5,84,7.1
2023-12-21 08:00:00,236.0,28.2,70,10.7
2023-12-21 09:00:00,457.0,30.1,61,15.3
2023-12-21 10:00:00,640.0,31.9,52,15.7
2023-12-21 11:00:00,775.0,33.2,48,13.1
2023-12-21 12:00:00,834.0,34.2,45,11.3
2023-12-21 13:00:00,809.0,34.7,44,10.6
2023-12-21 14:00:00,740.0,34.8,42,10.0
2023-12-21 15:00:00,583.0,34.8,43,11.1
2023-12-21 16:00:00,393.0,34.0,45,9.8
2023-12-21 17:00:00,184.0,32.8,50,8.2
2023-12-22 06:00:00,0.0,25.9,74,20.1
2023-12-22 07:00:00,46.0,26.4,73,18.9
2023-12-22 08:00:00,228.0,27.9,70,18.3
2023-12-22 09:00:00,447.0,30.1,62,20.9
2023-12-22 10:00:00,632.0,31.9,54,18.5
2023-12-22 11:00:00,765.0,33.5,48,17.1
2023-12-22 12:00:00,834.0,34.8,43,16.6
2023-12-22 13:00:00,827.0,35.5,41,14.2
2023-12-22 14:00:00,760.0,35.8,40,12.0
2023-12-22 15:00:00,591.0,35.7,40,10.8
2023-12-22 16:00:00,404.0,35.0,42,8.7
2023-12-22 17:00:00,196.0,33.3,57,4.7
2023-12-23 06:00:00,0.0,25.5,77,19.6
2023-12-23 07:00:00,48.0,26.1,76,19.4
2023-12-23 08:00:00,245.0,28.2,71,17.8
2023-12-23 09:00:00,464.0,30.6,62,18.7
2023-12-23 10:00:00,651.0,32.6,53,17.7
2023-12-23 11:00:00,785.0,34.1,46,15.5
2023-12-23 12:00:00,852.0,35.0,43,12.3
2023-12-23 13:00:00,845.0,35.7,41,10.1
2023-12-23 14:00:00,768.0,36.2,39,9.2
2023-12-23 15:00:00,566.0,36.0,39,9.0
2023-12-23 16:00:00,379.0,35.7,40,7.1
2023-12-23 17:00:00,177.0,33.8,55,4.7
2023-12-24 06:00:00,0.0,26.1,79,11.0
2023-12-24 07:00:00,46.0,27.0,76,13.4
2023-12-24 08:00:00,240.0,29.2,69,14.7
2023-12-24 09:00:00,456.0,31.1,60,14.2
2023-12-24 10:00:00,642.0,32.7,55,9.4
2023-12-24 11:00:00,779.0,33.8,51,8.6
2023-12-24 12:00:00,817.0,34.5,49,8.1
2023-12-24 13:00:00,815.0,35.1,48,7.7
2023-12-24 14:00:00,740.0,35.7,46,5.9
2023-12-24 15:00:00,577.0,35.8,45,3.6
2023-12-24 16:00:00,390.0,35.5,46,3.4
2023-12-24 17:00:00,158.0,32.5,58,9.2
2023-12-25 06:00:00,0.0,26.5,76,13.7
2023-12-25 07:00:00,40.0,27.1,73,13.6
2023-12-25 08:00:00,235.0,29.4,66,14.7
2023-12-25 09:00:00,442.0,31.2,59,16.1
2023-12-25 10:00:00,643.0,32.8,54,14.5
2023-12-25 11:00:00,748.0,34.0,50,11.9
2023-12-25 12:00:00,837.0,34.8,47,10.8
2023-12-25 13:00:00,819.0,35.5,45,9.0
2023-12-25 14:00:00,740.0,36.0,44,8.3
2023-12-25 15:00:00,590.0,36.0,43,11.6
2023-12-25 16:00:00,384.0,33.9,47,13.8
2023-12-25 17:00:00,127.0,33.5,50,4.6
2023-12-26 06:00:00,0.0,26.0,80,5.6
2023-12-26 07:00:00,43.0,26.5,81,6.3
2023-12-26 08:00:00,233.0,28.2,76,8.7
2023-12-26 09:00:00,449.0,30.2,68,7.6
2023-12-26 10:00:00,601.0,31.6,62,5.6
2023-12-26 11:00:00,738.0,33.0,56,4.0
2023-12-26 12:00:00,831.0,34.3,51,5.2
2023-12-26 13:00:00,818.0,34.8,49,5.4
2023-12-26 14:00:00,684.0,35.3,47,5.2
2023-12-26 15:00:00,529.0,32.8,55,8.4
2023-12-26 16:00:00,328.0,32.2,56,5.1
2023-12-26 17:00:00,183.0,31.5,58,6.9
2023-12-27 06:00:00,0.0,23.5,97,4.7
2023-12-27 07:00:00,40.0,24.2,92,5.5
2023-12-27 08:00:00,213.0,27.0,84,5.4
2023-12-27 09:00:00,418.0,28.8,74,2.8
2023-12-27 10:00:00,610.0,30.8,67,4.8
2023-12-27 11:00:00,761.0,32.5,59,6.0
2023-12-27 12:00:00,794.0,33.7,54,5.5
2023-12-27 13:00:00,771.0,34.2,51,4.9
2023-12-27 14:00:00,587.0,33.8,51,3.1
2023-12-27 15:00:00,343.0,34.1,48,1.9
2023-12-27 16:00:00,184.0,31.0,57,4.5
2023-12-27 17:00:00,143.0,27.5,76,15.4
2023-12-28 06:00:00,0.0,24.7,84,2.3
2023-12-28 07:00:00,40.0,25.0,85,4.7
2023-12-28 08:00:00,207.0,27.0,82,5.9
2023-12-28 09:00:00,391.0,28.7,74,6.2
2023-12-28 10:00:00,551.0,30.3,67,7.4
2023-12-28 11:00:00,749.0,31.9,60,5.9
2023-12-28 12:00:00,823.0,33.2,53,5.5
2023-12-28 13:00:00,806.0,34.0,49,5.4
2023-12-28 14:00:00,688.0,34.0,47,5.7
2023-12-28 15:00:00,556.0,33.6,49,6.9
2023-12-28 16:00:00,372.0,33.3,50,7.1
2023-12-28 17:00:00,180.0,32.7,52,6.4
2023-12-29 06:00:00,0.0,23.0,98,3.4
2023-12-29 07:00:00,39.0,23.5,95,3.9
2023-12-29 08:00:00,214.0,26.2,85,5.4
2023-12-29 09:00:00,411.0,28.2,74,6.7
2023-12-29 10:00:00,485.0,29.5,68,7.4
2023-12-29 11:00:00,704.0,31.0,63,7.4
2023-12-29 12:00:00,814.0,32.0,59,8.3
2023-12-29 13:00:00,786.0,32.7,57,8.3
2023-12-29 14:00:00,652.0,33.0,55,6.5
2023-12-29 15:00:00,297.0,31.2,61,11.4
2023-12-29 16:00:00,205.0,28.5,76,11.3
2023-12-29 17:00:00,145.0,27.0,82,13.1
2023-12-30 06:00:00,0.0,22.8,98,3.6
2023-12-30 07:00:00,35.0,23.8,96,4.6
2023-12-30 08:00:00,209.0,26.1,89,3.7
2023-12-30 09:00:00,425.0,28.0,77,8.0
2023-12-30 10:00:00,610.0,30.0,67,10.9
2023-12-30 11:00:00,766.0,31.7,58,12.1
2023-12-30 12:00:00,796.0,33.0,51,11.3
2023-12-30 13:00:00,798.0,34.0,46,9.9
2023-12-30 14:00:00,679.0,34.2,46,10.2
2023-12-30 15:00:00,558.0,34.1,45,10.5
2023-12-30 16:00:00,405.0,33.7,45,9.1
2023-12-30 17:00:00,196.0,32.5,51,5.9
2023-12-31 06:00:00,0.0,24.0,98,2.4
2023-12-31 07:00:00,37.0,24.6,94,1.1
2023-12-31 08:00:00,217.0,27.0,76,4.8
2023-12-31 09:00:00,434.0,29.0,69,9.5
2023-12-31 10:00:00,592.0,30.5,63,10.5
2023-12-31 11:00:00,727.0,31.8,57,9.0
2023-12-31 12:00:00,819.0,33.0,50,7.9
2023-12-31 13:00:00,792.0,34.1,44,6.1
2023-12-31 14:00:00,771.0,34.8,40,5.4
2023-12-31 15:00:00,608.0,35.0,38,4.6
2023-12-31 16:00:00,426.0,34.9,36,6.0
2023-12-31 17:00:00,209.0,33.6,40,7.6
